ISO-10303-21;
HEADER;
/* Generated by software containing ST-Developer
 * from STEP Tools, Inc. (www.steptools.com) 
 */
/* OPTION: using custom schema-name function */

FILE_DESCRIPTION(
/* description */ (''),
/* implementation_level */ '2;1');

FILE_NAME(
/* name */ 'coilformer',
/* time_stamp */ '2023-11-09T14:11:57+01:00',
/* author */ (''),
/* organization */ (''),
/* preprocessor_version */ 'ST-DEVELOPER v16.5',
/* originating_system */ 'Rhino 7.34',
/* authorisation */ '');

FILE_SCHEMA (('CONFIG_CONTROL_DESIGN'));
ENDSEC;

DATA;
#10=SHAPE_REPRESENTATION_RELATIONSHIP('','',#476,#13);
#11=SHELL_BASED_SURFACE_MODEL('shell_1',(#14));
#12=SHELL_BASED_SURFACE_MODEL('shell_2',(#15));
#13=MANIFOLD_SURFACE_SHAPE_REPRESENTATION('shell_rep_0',(#11,#12,#482),
#475);
#14=OPEN_SHELL('',(#24,#25,#26,#27,#28,#29,#30,#31,#32,#33,#34,#35,#36));
#15=OPEN_SHELL('',(#37,#38,#39,#40,#41,#42,#43,#44,#45,#46,#47,#48,#49));
#16=FACE_BOUND('',#79,.T.);
#17=FACE_BOUND('',#82,.T.);
#18=FACE_BOUND('',#87,.T.);
#19=FACE_BOUND('',#90,.T.);
#20=FACE_BOUND('',#94,.T.);
#21=FACE_BOUND('',#97,.T.);
#22=FACE_BOUND('',#100,.T.);
#23=FACE_BOUND('',#105,.T.);
#24=ADVANCED_FACE('',(#50),#372,.T.);
#25=ADVANCED_FACE('',(#51),#373,.T.);
#26=ADVANCED_FACE('',(#52,#16),#374,.T.);
#27=ADVANCED_FACE('',(#53),#375,.T.);
#28=ADVANCED_FACE('',(#54,#17),#368,.T.);
#29=ADVANCED_FACE('',(#55),#376,.T.);
#30=ADVANCED_FACE('',(#56),#377,.T.);
#31=ADVANCED_FACE('',(#57),#378,.T.);
#32=ADVANCED_FACE('',(#58,#18),#379,.T.);
#33=ADVANCED_FACE('',(#59),#380,.T.);
#34=ADVANCED_FACE('',(#60,#19),#369,.T.);
#35=ADVANCED_FACE('',(#61),#364,.T.);
#36=ADVANCED_FACE('',(#62),#365,.T.);
#37=ADVANCED_FACE('',(#63,#20),#370,.T.);
#38=ADVANCED_FACE('',(#64),#381,.T.);
#39=ADVANCED_FACE('',(#65,#21),#382,.T.);
#40=ADVANCED_FACE('',(#66),#383,.T.);
#41=ADVANCED_FACE('',(#67,#22),#371,.T.);
#42=ADVANCED_FACE('',(#68),#384,.T.);
#43=ADVANCED_FACE('',(#69),#385,.T.);
#44=ADVANCED_FACE('',(#70),#386,.T.);
#45=ADVANCED_FACE('',(#71,#23),#387,.T.);
#46=ADVANCED_FACE('',(#72),#366,.T.);
#47=ADVANCED_FACE('',(#73),#367,.T.);
#48=ADVANCED_FACE('',(#74),#388,.T.);
#49=ADVANCED_FACE('',(#75),#389,.T.);
#50=FACE_OUTER_BOUND('',#76,.T.);
#51=FACE_OUTER_BOUND('',#77,.T.);
#52=FACE_OUTER_BOUND('',#78,.T.);
#53=FACE_OUTER_BOUND('',#80,.T.);
#54=FACE_OUTER_BOUND('',#81,.T.);
#55=FACE_OUTER_BOUND('',#83,.T.);
#56=FACE_OUTER_BOUND('',#84,.T.);
#57=FACE_OUTER_BOUND('',#85,.T.);
#58=FACE_OUTER_BOUND('',#86,.T.);
#59=FACE_OUTER_BOUND('',#88,.T.);
#60=FACE_OUTER_BOUND('',#89,.T.);
#61=FACE_OUTER_BOUND('',#91,.T.);
#62=FACE_OUTER_BOUND('',#92,.T.);
#63=FACE_OUTER_BOUND('',#93,.T.);
#64=FACE_OUTER_BOUND('',#95,.T.);
#65=FACE_OUTER_BOUND('',#96,.T.);
#66=FACE_OUTER_BOUND('',#98,.T.);
#67=FACE_OUTER_BOUND('',#99,.T.);
#68=FACE_OUTER_BOUND('',#101,.T.);
#69=FACE_OUTER_BOUND('',#102,.T.);
#70=FACE_OUTER_BOUND('',#103,.T.);
#71=FACE_OUTER_BOUND('',#104,.T.);
#72=FACE_OUTER_BOUND('',#106,.T.);
#73=FACE_OUTER_BOUND('',#107,.T.);
#74=FACE_OUTER_BOUND('',#108,.T.);
#75=FACE_OUTER_BOUND('',#109,.T.);
#76=EDGE_LOOP('',(#110,#111,#112,#113));
#77=EDGE_LOOP('',(#114,#115,#116,#117));
#78=EDGE_LOOP('',(#118,#119,#120));
#79=EDGE_LOOP('',(#121,#122));
#80=EDGE_LOOP('',(#123,#124,#125));
#81=EDGE_LOOP('',(#126,#127));
#82=EDGE_LOOP('',(#128,#129));
#83=EDGE_LOOP('',(#130,#131,#132,#133));
#84=EDGE_LOOP('',(#134,#135,#136,#137));
#85=EDGE_LOOP('',(#138,#139));
#86=EDGE_LOOP('',(#140,#141,#142,#143));
#87=EDGE_LOOP('',(#144,#145));
#88=EDGE_LOOP('',(#146,#147,#148,#149));
#89=EDGE_LOOP('',(#150,#151));
#90=EDGE_LOOP('',(#152,#153));
#91=EDGE_LOOP('',(#154,#155,#156,#157));
#92=EDGE_LOOP('',(#158,#159,#160,#161));
#93=EDGE_LOOP('',(#162,#163));
#94=EDGE_LOOP('',(#164,#165));
#95=EDGE_LOOP('',(#166,#167,#168));
#96=EDGE_LOOP('',(#169,#170,#171));
#97=EDGE_LOOP('',(#172,#173));
#98=EDGE_LOOP('',(#174,#175,#176,#177));
#99=EDGE_LOOP('',(#178,#179));
#100=EDGE_LOOP('',(#180,#181));
#101=EDGE_LOOP('',(#182,#183,#184,#185));
#102=EDGE_LOOP('',(#186,#187));
#103=EDGE_LOOP('',(#188,#189,#190,#191));
#104=EDGE_LOOP('',(#192,#193,#194,#195));
#105=EDGE_LOOP('',(#196,#197));
#106=EDGE_LOOP('',(#198,#199,#200,#201));
#107=EDGE_LOOP('',(#202,#203,#204,#205));
#108=EDGE_LOOP('',(#206,#207,#208,#209));
#109=EDGE_LOOP('',(#210,#211,#212,#213));
#110=ORIENTED_EDGE('',*,*,#214,.T.);
#111=ORIENTED_EDGE('',*,*,#217,.F.);
#112=ORIENTED_EDGE('',*,*,#215,.T.);
#113=ORIENTED_EDGE('',*,*,#216,.T.);
#114=ORIENTED_EDGE('',*,*,#218,.F.);
#115=ORIENTED_EDGE('',*,*,#215,.F.);
#116=ORIENTED_EDGE('',*,*,#219,.T.);
#117=ORIENTED_EDGE('',*,*,#214,.F.);
#118=ORIENTED_EDGE('',*,*,#221,.T.);
#119=ORIENTED_EDGE('',*,*,#223,.F.);
#120=ORIENTED_EDGE('',*,*,#222,.T.);
#121=ORIENTED_EDGE('',*,*,#236,.F.);
#122=ORIENTED_EDGE('',*,*,#237,.F.);
#123=ORIENTED_EDGE('',*,*,#222,.F.);
#124=ORIENTED_EDGE('',*,*,#223,.T.);
#125=ORIENTED_EDGE('',*,*,#220,.F.);
#126=ORIENTED_EDGE('',*,*,#218,.T.);
#127=ORIENTED_EDGE('',*,*,#216,.F.);
#128=ORIENTED_EDGE('',*,*,#220,.T.);
#129=ORIENTED_EDGE('',*,*,#221,.F.);
#130=ORIENTED_EDGE('',*,*,#226,.F.);
#131=ORIENTED_EDGE('',*,*,#225,.F.);
#132=ORIENTED_EDGE('',*,*,#227,.T.);
#133=ORIENTED_EDGE('',*,*,#224,.F.);
#134=ORIENTED_EDGE('',*,*,#224,.T.);
#135=ORIENTED_EDGE('',*,*,#228,.F.);
#136=ORIENTED_EDGE('',*,*,#225,.T.);
#137=ORIENTED_EDGE('',*,*,#229,.T.);
#138=ORIENTED_EDGE('',*,*,#235,.T.);
#139=ORIENTED_EDGE('',*,*,#232,.F.);
#140=ORIENTED_EDGE('',*,*,#234,.F.);
#141=ORIENTED_EDGE('',*,*,#232,.T.);
#142=ORIENTED_EDGE('',*,*,#233,.T.);
#143=ORIENTED_EDGE('',*,*,#231,.F.);
#144=ORIENTED_EDGE('',*,*,#239,.T.);
#145=ORIENTED_EDGE('',*,*,#238,.T.);
#146=ORIENTED_EDGE('',*,*,#230,.T.);
#147=ORIENTED_EDGE('',*,*,#233,.F.);
#148=ORIENTED_EDGE('',*,*,#235,.F.);
#149=ORIENTED_EDGE('',*,*,#234,.T.);
#150=ORIENTED_EDGE('',*,*,#226,.T.);
#151=ORIENTED_EDGE('',*,*,#229,.F.);
#152=ORIENTED_EDGE('',*,*,#231,.T.);
#153=ORIENTED_EDGE('',*,*,#230,.F.);
#154=ORIENTED_EDGE('',*,*,#241,.F.);
#155=ORIENTED_EDGE('',*,*,#236,.T.);
#156=ORIENTED_EDGE('',*,*,#240,.F.);
#157=ORIENTED_EDGE('',*,*,#238,.F.);
#158=ORIENTED_EDGE('',*,*,#237,.T.);
#159=ORIENTED_EDGE('',*,*,#241,.T.);
#160=ORIENTED_EDGE('',*,*,#239,.F.);
#161=ORIENTED_EDGE('',*,*,#240,.T.);
#162=ORIENTED_EDGE('',*,*,#246,.T.);
#163=ORIENTED_EDGE('',*,*,#265,.T.);
#164=ORIENTED_EDGE('',*,*,#243,.T.);
#165=ORIENTED_EDGE('',*,*,#242,.F.);
#166=ORIENTED_EDGE('',*,*,#244,.T.);
#167=ORIENTED_EDGE('',*,*,#245,.F.);
#168=ORIENTED_EDGE('',*,*,#243,.F.);
#169=ORIENTED_EDGE('',*,*,#242,.T.);
#170=ORIENTED_EDGE('',*,*,#245,.T.);
#171=ORIENTED_EDGE('',*,*,#244,.F.);
#172=ORIENTED_EDGE('',*,*,#259,.T.);
#173=ORIENTED_EDGE('',*,*,#258,.T.);
#174=ORIENTED_EDGE('',*,*,#246,.F.);
#175=ORIENTED_EDGE('',*,*,#247,.T.);
#176=ORIENTED_EDGE('',*,*,#248,.T.);
#177=ORIENTED_EDGE('',*,*,#264,.F.);
#178=ORIENTED_EDGE('',*,*,#268,.F.);
#179=ORIENTED_EDGE('',*,*,#251,.F.);
#180=ORIENTED_EDGE('',*,*,#249,.T.);
#181=ORIENTED_EDGE('',*,*,#250,.F.);
#182=ORIENTED_EDGE('',*,*,#267,.T.);
#183=ORIENTED_EDGE('',*,*,#253,.F.);
#184=ORIENTED_EDGE('',*,*,#252,.F.);
#185=ORIENTED_EDGE('',*,*,#251,.T.);
#186=ORIENTED_EDGE('',*,*,#255,.T.);
#187=ORIENTED_EDGE('',*,*,#254,.T.);
#188=ORIENTED_EDGE('',*,*,#250,.T.);
#189=ORIENTED_EDGE('',*,*,#256,.T.);
#190=ORIENTED_EDGE('',*,*,#254,.F.);
#191=ORIENTED_EDGE('',*,*,#257,.F.);
#192=ORIENTED_EDGE('',*,*,#257,.T.);
#193=ORIENTED_EDGE('',*,*,#255,.F.);
#194=ORIENTED_EDGE('',*,*,#256,.F.);
#195=ORIENTED_EDGE('',*,*,#249,.F.);
#196=ORIENTED_EDGE('',*,*,#260,.F.);
#197=ORIENTED_EDGE('',*,*,#261,.F.);
#198=ORIENTED_EDGE('',*,*,#260,.T.);
#199=ORIENTED_EDGE('',*,*,#262,.F.);
#200=ORIENTED_EDGE('',*,*,#258,.F.);
#201=ORIENTED_EDGE('',*,*,#263,.F.);
#202=ORIENTED_EDGE('',*,*,#262,.T.);
#203=ORIENTED_EDGE('',*,*,#261,.T.);
#204=ORIENTED_EDGE('',*,*,#263,.T.);
#205=ORIENTED_EDGE('',*,*,#259,.F.);
#206=ORIENTED_EDGE('',*,*,#264,.T.);
#207=ORIENTED_EDGE('',*,*,#266,.T.);
#208=ORIENTED_EDGE('',*,*,#247,.F.);
#209=ORIENTED_EDGE('',*,*,#265,.F.);
#210=ORIENTED_EDGE('',*,*,#268,.T.);
#211=ORIENTED_EDGE('',*,*,#252,.T.);
#212=ORIENTED_EDGE('',*,*,#269,.F.);
#213=ORIENTED_EDGE('',*,*,#267,.F.);
#214=EDGE_CURVE('',#328,#327,#274,.T.);
#215=EDGE_CURVE('',#326,#329,#275,.T.);
#216=EDGE_CURVE('',#329,#328,#276,.T.);
#217=EDGE_CURVE('',#326,#327,#277,.T.);
#218=EDGE_CURVE('',#329,#328,#278,.T.);
#219=EDGE_CURVE('',#326,#327,#279,.T.);
#220=EDGE_CURVE('',#330,#332,#280,.T.);
#221=EDGE_CURVE('',#330,#332,#281,.T.);
#222=EDGE_CURVE('',#331,#330,#282,.T.);
#223=EDGE_CURVE('',#331,#332,#283,.T.);
#224=EDGE_CURVE('',#335,#334,#284,.T.);
#225=EDGE_CURVE('',#333,#336,#285,.T.);
#226=EDGE_CURVE('',#336,#335,#286,.T.);
#227=EDGE_CURVE('',#333,#334,#287,.T.);
#228=EDGE_CURVE('',#333,#334,#288,.T.);
#229=EDGE_CURVE('',#336,#335,#289,.T.);
#230=EDGE_CURVE('',#337,#340,#290,.T.);
#231=EDGE_CURVE('',#337,#340,#291,.T.);
#232=EDGE_CURVE('',#338,#339,#292,.T.);
#233=EDGE_CURVE('',#339,#340,#293,.T.);
#234=EDGE_CURVE('',#338,#337,#294,.T.);
#235=EDGE_CURVE('',#338,#339,#295,.T.);
#236=EDGE_CURVE('',#341,#342,#296,.T.);
#237=EDGE_CURVE('',#342,#341,#297,.T.);
#238=EDGE_CURVE('',#343,#344,#298,.T.);
#239=EDGE_CURVE('',#344,#343,#299,.T.);
#240=EDGE_CURVE('',#344,#342,#270,.T.);
#241=EDGE_CURVE('',#341,#343,#271,.T.);
#242=EDGE_CURVE('',#346,#347,#300,.T.);
#243=EDGE_CURVE('',#346,#347,#301,.T.);
#244=EDGE_CURVE('',#346,#348,#302,.T.);
#245=EDGE_CURVE('',#347,#348,#303,.T.);
#246=EDGE_CURVE('',#345,#360,#304,.T.);
#247=EDGE_CURVE('',#345,#349,#305,.T.);
#248=EDGE_CURVE('',#349,#361,#306,.T.);
#249=EDGE_CURVE('',#352,#353,#307,.T.);
#250=EDGE_CURVE('',#352,#353,#308,.T.);
#251=EDGE_CURVE('',#351,#362,#309,.T.);
#252=EDGE_CURVE('',#351,#350,#310,.T.);
#253=EDGE_CURVE('',#350,#363,#311,.T.);
#254=EDGE_CURVE('',#355,#354,#312,.T.);
#255=EDGE_CURVE('',#354,#355,#313,.T.);
#256=EDGE_CURVE('',#353,#354,#314,.T.);
#257=EDGE_CURVE('',#352,#355,#315,.T.);
#258=EDGE_CURVE('',#356,#357,#316,.T.);
#259=EDGE_CURVE('',#357,#356,#317,.T.);
#260=EDGE_CURVE('',#358,#359,#318,.T.);
#261=EDGE_CURVE('',#359,#358,#319,.T.);
#262=EDGE_CURVE('',#357,#359,#272,.T.);
#263=EDGE_CURVE('',#358,#356,#273,.T.);
#264=EDGE_CURVE('',#360,#361,#320,.T.);
#265=EDGE_CURVE('',#360,#345,#321,.T.);
#266=EDGE_CURVE('',#361,#349,#322,.T.);
#267=EDGE_CURVE('',#362,#363,#323,.T.);
#268=EDGE_CURVE('',#362,#351,#324,.T.);
#269=EDGE_CURVE('',#363,#350,#325,.T.);
#270=(
BOUNDED_CURVE()
B_SPLINE_CURVE(1,(#2373,#2374),.UNSPECIFIED.,.F.,.F.)
B_SPLINE_CURVE_WITH_KNOTS((2,2),(0.684457724496804,6.90128571083634),
 .UNSPECIFIED.)
CURVE()
GEOMETRIC_REPRESENTATION_ITEM()
RATIONAL_B_SPLINE_CURVE((1.,1.))
REPRESENTATION_ITEM('')
);
#271=(
BOUNDED_CURVE()
B_SPLINE_CURVE(1,(#2375,#2376),.UNSPECIFIED.,.F.,.F.)
B_SPLINE_CURVE_WITH_KNOTS((2,2),(-11.2998143146716,-3.81904816325094),
 .UNSPECIFIED.)
CURVE()
GEOMETRIC_REPRESENTATION_ITEM()
RATIONAL_B_SPLINE_CURVE((1.,1.))
REPRESENTATION_ITEM('')
);
#272=(
BOUNDED_CURVE()
B_SPLINE_CURVE(1,(#4192,#4193),.UNSPECIFIED.,.F.,.F.)
B_SPLINE_CURVE_WITH_KNOTS((2,2),(3.26031309493361,10.3876122047355),
 .UNSPECIFIED.)
CURVE()
GEOMETRIC_REPRESENTATION_ITEM()
RATIONAL_B_SPLINE_CURVE((1.,1.))
REPRESENTATION_ITEM('')
);
#273=(
BOUNDED_CURVE()
B_SPLINE_CURVE(1,(#4194,#4195),.UNSPECIFIED.,.F.,.F.)
B_SPLINE_CURVE_WITH_KNOTS((2,2),(-11.2461023822831,-4.53168285960355),
 .UNSPECIFIED.)
CURVE()
GEOMETRIC_REPRESENTATION_ITEM()
RATIONAL_B_SPLINE_CURVE((1.,1.))
REPRESENTATION_ITEM('')
);
#274=B_SPLINE_CURVE_WITH_KNOTS('',1,(#1521,#1522),.UNSPECIFIED.,.F.,.F.,
(2,2),(0.,22.7),.UNSPECIFIED.);
#275=B_SPLINE_CURVE_WITH_KNOTS('',1,(#1523,#1524),.UNSPECIFIED.,.F.,.F.,
(2,2),(-22.7,0.),.UNSPECIFIED.);
#276=B_SPLINE_CURVE_WITH_KNOTS('',3,(#1525,#1526,#1527,#1528,#1529,#1530,
#1531,#1532,#1533,#1534,#1535,#1536,#1537,#1538,#1539,#1540,#1541,#1542,
#1543,#1544,#1545,#1546,#1547,#1548,#1549,#1550,#1551,#1552,#1553,#1554,
#1555,#1556,#1557,#1558,#1559,#1560,#1561,#1562,#1563,#1564,#1565,#1566,
#1567,#1568,#1569,#1570,#1571,#1572,#1573,#1574,#1575,#1576,#1577,#1578),
 .UNSPECIFIED.,.F.,.F.,(4,1,1,1,1,1,1,1,1,1,1,1,1,1,1,1,1,1,1,1,1,1,1,1,
1,1,1,1,1,1,1,1,1,1,1,1,1,1,1,1,1,1,1,1,1,1,1,1,1,1,1,4),(159.566949601616,
164.072152446193,174.170660169824,182.942557493249,191.595442641858,200.343668173087,
209.107835800161,217.879364913235,226.658325399308,232.569812569776,236.965768191303,
245.753501320689,254.54076478203,263.346029039139,267.765170040294,270.165885781919,
272.675432150776,277.747100356605,280.31712324531,282.915208066559,288.214133941418,
293.681862442828,299.36095852495,305.299198538591,311.545409813638,318.151723078148,
324.758036342658,331.004247617706,336.942487631347,342.621583713469,348.089312214879,
353.388238089738,355.986322910987,358.556345799692,363.628014005521,366.137560374378,
368.538276116003,372.957417117158,381.762681374267,390.549944835608,399.337677964993,
403.73363358652,409.645120756988,418.424081243061,427.195610356135,435.959777983209,
444.708003514439,453.360888663048,462.132785986472,467.780801532925,472.231293710104,
476.735797408027),.UNSPECIFIED.);
#277=B_SPLINE_CURVE_WITH_KNOTS('',3,(#1579,#1580,#1581,#1582,#1583,#1584,
#1585,#1586,#1587,#1588,#1589,#1590,#1591,#1592,#1593,#1594,#1595,#1596,
#1597,#1598,#1599,#1600,#1601,#1602,#1603,#1604,#1605,#1606,#1607,#1608,
#1609,#1610,#1611,#1612,#1613,#1614,#1615,#1616,#1617,#1618,#1619,#1620,
#1621,#1622,#1623,#1624,#1625,#1626,#1627,#1628,#1629,#1630,#1631,#1632),
 .UNSPECIFIED.,.F.,.F.,(4,1,1,1,1,1,1,1,1,1,1,1,1,1,1,1,1,1,1,1,1,1,1,1,
1,1,1,1,1,1,1,1,1,1,1,1,1,1,1,1,1,1,1,1,1,1,1,1,1,1,1,4),(159.566949601629,
164.072152446193,174.170660169824,182.942557493249,191.595442641858,200.343668173087,
209.107835800161,217.879364913235,226.658325399308,232.569812569776,236.965768191303,
245.753501320689,254.54076478203,263.346029039139,267.765170040294,270.165885781919,
272.675432150776,277.747100356605,280.31712324531,282.915208066559,288.214133941418,
293.681862442828,299.36095852495,305.299198538591,311.545409813638,318.151723078148,
324.758036342658,331.004247617706,336.942487631347,342.621583713469,348.089312214879,
353.388238089738,355.986322910987,358.556345799692,363.628014005521,366.137560374378,
368.538276116003,372.957417117158,381.762681374267,390.549944835608,399.337677964993,
403.73363358652,409.645120756988,418.424081243061,427.195610356135,435.959777983209,
444.708003514439,453.360888663048,462.132785986472,467.780801532925,472.231293710104,
476.735797408006),.UNSPECIFIED.);
#278=B_SPLINE_CURVE_WITH_KNOTS('',3,(#1633,#1634,#1635,#1636,#1637,#1638,
#1639,#1640,#1641,#1642,#1643,#1644,#1645,#1646,#1647,#1648,#1649,#1650,
#1651,#1652,#1653,#1654,#1655,#1656,#1657,#1658,#1659,#1660,#1661,#1662,
#1663,#1664,#1665,#1666,#1667,#1668,#1669,#1670,#1671,#1672,#1673,#1674,
#1675,#1676,#1677,#1678,#1679,#1680,#1681,#1682,#1683,#1684,#1685,#1686,
#1687,#1688,#1689,#1690,#1691,#1692,#1693,#1694,#1695,#1696,#1697,#1698,
#1699,#1700,#1701,#1702,#1703),.UNSPECIFIED.,.F.,.F.,(4,1,1,1,1,1,1,1,1,
1,1,1,1,1,1,1,1,1,1,1,1,1,1,1,1,1,1,1,1,1,1,1,1,1,3,1,1,1,1,1,1,1,1,1,1,
1,1,1,1,1,1,1,1,1,1,1,1,1,1,1,1,1,1,1,1,1,4),(-795.812757221411,-791.417471928082,
-789.165983481095,-786.914095946442,-782.447151357389,-773.640310687194,
-764.987386867517,-756.496327910022,-752.312539876647,-750.238613621171,
-748.12227006169,-743.830807579619,-739.474736078563,-735.064067003253,
-730.604943969753,-726.06637407784,-721.449152637809,-716.756043034072,
-711.98654019504,-709.579342789815,-707.191950141404,-702.457213929371,
-697.770430932236,-693.126685199766,-688.522959885209,-683.958958797913,
-674.95853226956,-670.53177775464,-666.771811596054,-663.101924805551,-659.390069466934,
-651.850925311565,-644.160868762769,-640.254847621542,-636.3034461563,-632.352044691058,
-628.446023549831,-620.755967001033,-613.216822845665,-605.835080716545,
-604.017154193075,-602.075114557959,-597.648360043039,-588.647933514685,
-584.083932427388,-579.480207112832,-574.836461380361,-570.149678383227,
-565.414942171193,-563.027549522783,-560.620352117557,-555.850849278525,
-551.157739674788,-546.540518234758,-542.001948342844,-533.132156234034,
-524.484622250906,-522.368278691426,-520.29435243595,-516.110564402573,
-507.619505445079,-498.966581625402,-490.159740955207,-485.692796366155,
-483.440908831501,-481.189420384515,-476.793302903861),.UNSPECIFIED.);
#279=B_SPLINE_CURVE_WITH_KNOTS('',3,(#1704,#1705,#1706,#1707,#1708,#1709,
#1710,#1711,#1712,#1713,#1714,#1715,#1716,#1717,#1718,#1719,#1720,#1721,
#1722,#1723,#1724,#1725,#1726,#1727,#1728,#1729,#1730,#1731,#1732,#1733,
#1734,#1735,#1736,#1737,#1738,#1739,#1740,#1741,#1742,#1743,#1744,#1745,
#1746,#1747,#1748,#1749,#1750,#1751,#1752,#1753,#1754,#1755,#1756,#1757,
#1758,#1759,#1760,#1761,#1762,#1763,#1764,#1765,#1766,#1767,#1768,#1769,
#1770,#1771,#1772,#1773,#1774),.UNSPECIFIED.,.F.,.F.,(4,1,1,1,1,1,1,1,1,
1,1,1,1,1,1,1,1,1,1,1,1,1,1,1,1,1,1,1,1,1,1,1,1,1,3,1,1,1,1,1,1,1,1,1,1,
1,1,1,1,1,1,1,1,1,1,1,1,1,1,1,1,1,1,1,1,1,4),(-795.812757221424,-791.417471928082,
-789.165983481095,-786.914095946442,-782.447151357389,-773.640310687194,
-764.987386867517,-756.496327910022,-752.312539876647,-750.238613621171,
-748.12227006169,-743.830807579619,-739.474736078563,-735.064067003253,
-730.604943969753,-726.06637407784,-721.449152637809,-716.756043034072,
-711.98654019504,-709.579342789815,-707.191950141404,-702.457213929371,
-697.770430932236,-693.126685199766,-688.522959885209,-683.958958797913,
-674.95853226956,-670.53177775464,-666.771811596054,-663.101924805551,-659.390069466934,
-651.850925311565,-644.160868762769,-640.254847621542,-636.3034461563,-632.352044691058,
-628.446023549831,-620.755967001033,-613.216822845665,-605.835080716545,
-604.017154193075,-602.075114557959,-597.648360043039,-588.647933514685,
-584.083932427388,-579.480207112832,-574.836461380361,-570.149678383227,
-565.414942171193,-563.027549522783,-560.620352117557,-555.850849278525,
-551.157739674788,-546.540518234758,-542.001948342844,-533.132156234034,
-524.484622250906,-522.368278691426,-520.29435243595,-516.110564402573,
-507.619505445079,-498.966581625402,-490.159740955207,-485.692796366155,
-483.440908831501,-481.189420384515,-476.79330290384),.UNSPECIFIED.);
#280=B_SPLINE_CURVE_WITH_KNOTS('',3,(#1775,#1776,#1777,#1778,#1779,#1780,
#1781,#1782,#1783,#1784,#1785,#1786,#1787,#1788,#1789,#1790,#1791,#1792,
#1793,#1794,#1795,#1796,#1797,#1798,#1799,#1800,#1801,#1802,#1803),
 .UNSPECIFIED.,.F.,.F.,(4,3,3,2,3,2,3,3,3,3,4),(0.,29.763841589672,66.1244943674473,
84.3752574926996,102.567717208503,120.318764634863,138.167764000647,174.219487474111,
210.109520923551,244.826050299485,289.024171771894),.UNSPECIFIED.);
#281=B_SPLINE_CURVE_WITH_KNOTS('',3,(#1804,#1805,#1806,#1807,#1808,#1809,
#1810,#1811,#1812,#1813,#1814,#1815,#1816,#1817,#1818,#1819,#1820,#1821,
#1822,#1823,#1824,#1825,#1826,#1827,#1828,#1829,#1830,#1831,#1832),
 .UNSPECIFIED.,.F.,.F.,(4,3,3,2,3,2,3,3,3,3,4),(-578.048343543789,-548.284501954117,
-511.923849176341,-493.67308605109,-475.480626335285,-457.729578908924,
-439.880579543142,-403.828856069677,-367.938822620238,-333.222293244304,
-289.024171771894),.UNSPECIFIED.);
#282=B_SPLINE_CURVE_WITH_KNOTS('',3,(#1833,#1834,#1835,#1836,#1837,#1838),
 .UNSPECIFIED.,.F.,.F.,(4,1,1,4),(0.,70.2281994643178,119.980423970863,
126.254982724045),.UNSPECIFIED.);
#283=B_SPLINE_CURVE_WITH_KNOTS('',3,(#1839,#1840,#1841,#1842,#1843,#1844),
 .UNSPECIFIED.,.F.,.F.,(4,1,1,4),(0.,70.2281994643178,119.980423970863,
126.202071028147),.UNSPECIFIED.);
#284=B_SPLINE_CURVE_WITH_KNOTS('',1,(#1845,#1846),.UNSPECIFIED.,.F.,.F.,
(2,2),(0.,23.4),.UNSPECIFIED.);
#285=B_SPLINE_CURVE_WITH_KNOTS('',1,(#1847,#1848),.UNSPECIFIED.,.F.,.F.,
(2,2),(-23.4,0.),.UNSPECIFIED.);
#286=B_SPLINE_CURVE_WITH_KNOTS('',3,(#1849,#1850,#1851,#1852,#1853,#1854,
#1855,#1856,#1857,#1858,#1859,#1860,#1861,#1862,#1863,#1864,#1865,#1866,
#1867,#1868,#1869,#1870,#1871,#1872,#1873,#1874,#1875,#1876,#1877,#1878,
#1879,#1880,#1881,#1882,#1883,#1884,#1885,#1886,#1887,#1888,#1889,#1890,
#1891,#1892,#1893,#1894,#1895,#1896,#1897,#1898,#1899,#1900,#1901,#1902,
#1903,#1904,#1905,#1906,#1907,#1908,#1909,#1910,#1911,#1912,#1913,#1914,
#1915,#1916,#1917,#1918,#1919,#1920,#1921,#1922,#1923,#1924,#1925,#1926,
#1927,#1928,#1929,#1930,#1931,#1932,#1933,#1934,#1935,#1936,#1937,#1938,
#1939,#1940,#1941,#1942,#1943,#1944,#1945,#1946),.UNSPECIFIED.,.F.,.F.,
(4,1,1,1,1,1,1,1,1,1,1,1,1,1,1,1,1,1,1,1,1,1,1,1,1,1,1,1,1,1,1,1,1,1,1,
1,1,1,1,1,1,1,1,1,1,1,1,1,1,1,1,1,1,1,1,1,1,1,1,1,1,1,1,1,1,1,1,1,1,1,1,
1,1,1,1,1,1,1,1,1,1,1,1,1,1,1,1,1,1,1,1,1,1,1,1,4),(55.3953721408001,61.9676985261357,
69.1183359114153,70.9171380387922,72.717855404816,76.2996496150123,83.399218686062,
90.4255251885614,97.3665590376458,104.245279836769,107.657745824002,111.602420066644,
118.206849397473,124.861610705476,130.248936513819,133.617694014314,140.372249927359,
147.181991109144,150.031377032943,153.479515849188,160.351532736943,167.183322925661,
173.981042645898,180.76511229418,184.143049888313,187.500551677372,194.223819249247,
200.979720376325,207.759330288947,214.558556294226,221.378451028851,228.094829802536,
234.787114749756,241.504610804419,248.245548789874,255.014805532662,258.414275965325,
261.457761425849,265.430491424879,269.363776656472,273.277830567048,277.192223819723,
281.126281974425,285.526412243142,290.242734839747,294.930222665603,299.584917546114,
308.834207200684,318.083496839128,322.738191718531,327.425679544387,332.142002140992,
336.542132409709,340.476190564411,344.390583817086,348.304637727662,352.237922959254,
356.210652958284,357.549457191621,359.254138418809,362.653608851472,369.42286559426,
376.163803579714,382.881299634377,389.573584581597,396.289963355283,403.109858089908,
409.909084095187,416.688694007809,423.444595134887,430.167862706762,433.525364495821,
436.903302089955,443.687371738237,450.485091458474,457.316881647192,464.188898534947,
467.637037351192,470.486423274991,477.296164456776,484.050720369821,487.419477870316,
492.806803678659,499.461564986663,506.065994317492,508.31243169746,510.010668560133,
513.423134547365,520.30185534649,527.242889195574,534.269195698073,541.368764769123,
544.950558979319,548.55007847272,555.700715857999,562.272055447701),
 .UNSPECIFIED.);
#287=B_SPLINE_CURVE_WITH_KNOTS('',3,(#1947,#1948,#1949,#1950,#1951,#1952,
#1953,#1954,#1955,#1956,#1957,#1958,#1959,#1960,#1961,#1962,#1963,#1964,
#1965,#1966,#1967,#1968,#1969,#1970,#1971,#1972,#1973,#1974,#1975,#1976,
#1977,#1978,#1979,#1980,#1981,#1982,#1983,#1984,#1985,#1986,#1987,#1988,
#1989,#1990,#1991,#1992,#1993,#1994,#1995,#1996,#1997,#1998,#1999,#2000,
#2001,#2002,#2003,#2004,#2005,#2006,#2007,#2008,#2009,#2010,#2011,#2012,
#2013,#2014,#2015,#2016,#2017,#2018,#2019,#2020,#2021,#2022,#2023,#2024,
#2025,#2026,#2027,#2028,#2029,#2030,#2031,#2032,#2033,#2034,#2035,#2036,
#2037,#2038,#2039,#2040,#2041,#2042,#2043,#2044),.UNSPECIFIED.,.F.,.F.,
(4,1,1,1,1,1,1,1,1,1,1,1,1,1,1,1,1,1,1,1,1,1,1,1,1,1,1,1,1,1,1,1,1,1,1,
1,1,1,1,1,1,1,1,1,1,1,1,1,1,1,1,1,1,1,1,1,1,1,1,1,1,1,1,1,1,1,1,1,1,1,1,
1,1,1,1,1,1,1,1,1,1,1,1,1,1,1,1,1,1,1,1,1,1,1,1,4),(55.3953721407995,61.9676985261357,
69.1183359114153,70.9171380387922,72.717855404816,76.2996496150123,83.399218686062,
90.4255251885614,97.3665590376458,104.245279836769,107.657745824002,111.602420066644,
118.206849397473,124.861610705476,130.248936513819,133.617694014314,140.372249927359,
147.181991109144,150.031377032943,153.479515849188,160.351532736943,167.183322925661,
173.981042645898,180.76511229418,184.143049888313,187.500551677372,194.223819249247,
200.979720376325,207.759330288947,214.558556294226,221.378451028851,228.094829802536,
234.787114749756,241.504610804419,248.245548789874,255.014805532662,258.414275965325,
261.457761425849,265.430491424879,269.363776656472,273.277830567048,277.192223819723,
281.126281974425,285.526412243142,290.242734839747,294.930222665603,299.584917546114,
308.834207200684,318.083496839128,322.738191718531,327.425679544387,332.142002140992,
336.542132409709,340.476190564411,344.390583817086,348.304637727662,352.237922959254,
356.210652958284,357.549457191621,359.254138418809,362.653608851472,369.42286559426,
376.163803579714,382.881299634377,389.573584581597,396.289963355283,403.109858089908,
409.909084095187,416.688694007809,423.444595134887,430.167862706762,433.525364495821,
436.903302089955,443.687371738237,450.485091458474,457.316881647192,464.188898534947,
467.637037351192,470.486423274991,477.296164456776,484.050720369821,487.419477870316,
492.806803678659,499.461564986663,506.065994317492,508.31243169746,510.010668560133,
513.423134547365,520.30185534649,527.242889195574,534.269195698073,541.368764769123,
544.950558979319,548.55007847272,555.700715857999,562.272055447701),
 .UNSPECIFIED.);
#288=B_SPLINE_CURVE_WITH_KNOTS('',3,(#2045,#2046,#2047,#2048,#2049,#2050,
#2051,#2052,#2053,#2054,#2055,#2056,#2057,#2058,#2059,#2060,#2061,#2062,
#2063,#2064,#2065,#2066,#2067,#2068,#2069,#2070,#2071),.UNSPECIFIED.,.F.,
 .F.,(4,1,1,1,1,1,1,1,1,1,1,3,1,1,1,1,1,1,1,1,1,1,4),(-691.391285832376,
-688.522959885209,-683.958958797913,-674.95853226956,-670.53177775464,-666.771811596054,
-663.101924805551,-659.390069466934,-651.850925311565,-644.160868762769,
-640.254847621542,-636.3034461563,-632.352044691058,-628.446023549831,-620.755967001033,
-613.216822845665,-605.835080716545,-604.017154193075,-602.075114557959,
-597.648360043039,-588.647933514685,-584.083932427388,-581.214602740678),
 .UNSPECIFIED.);
#289=B_SPLINE_CURVE_WITH_KNOTS('',3,(#2072,#2073,#2074,#2075,#2076,#2077,
#2078,#2079,#2080,#2081,#2082,#2083,#2084,#2085,#2086,#2087,#2088,#2089,
#2090,#2091,#2092,#2093,#2094,#2095,#2096,#2097,#2098),.UNSPECIFIED.,.F.,
 .F.,(4,1,1,1,1,1,1,1,1,1,1,3,1,1,1,1,1,1,1,1,1,1,4),(-691.391285832377,
-688.522959885209,-683.958958797913,-674.95853226956,-670.53177775464,-666.771811596054,
-663.101924805551,-659.390069466934,-651.850925311565,-644.160868762769,
-640.254847621542,-636.3034461563,-632.352044691058,-628.446023549831,-620.755967001033,
-613.216822845665,-605.835080716545,-604.017154193075,-602.075114557959,
-597.648360043039,-588.647933514685,-584.083932427388,-581.214602740678),
 .UNSPECIFIED.);
#290=B_SPLINE_CURVE_WITH_KNOTS('',3,(#2099,#2100,#2101,#2102,#2103,#2104,
#2105,#2106,#2107,#2108,#2109,#2110,#2111,#2112,#2113,#2114,#2115,#2116,
#2117,#2118,#2119,#2120,#2121,#2122,#2123,#2124,#2125,#2126,#2127,#2128,
#2129,#2130,#2131,#2132,#2133,#2134,#2135,#2136,#2137),.UNSPECIFIED.,.F.,
 .F.,(4,3,3,3,2,3,2,3,2,3,3,3,3,2,4),(3.40335752718378E-9,30.7589860836534,
49.4673717733863,68.1911467209789,86.902456719896,105.561242477582,123.591157598489,
141.730735665405,160.072572711137,178.376104602658,214.940327335853,250.770505908545,
271.386097217362,283.879632282035,296.335943641147),.UNSPECIFIED.);
#291=B_SPLINE_CURVE_WITH_KNOTS('',3,(#2138,#2139,#2140,#2141,#2142,#2143,
#2144,#2145,#2146,#2147,#2148,#2149,#2150,#2151,#2152,#2153,#2154,#2155,
#2156,#2157,#2158,#2159,#2160,#2161,#2162,#2163,#2164,#2165,#2166,#2167,
#2168,#2169,#2170,#2171,#2172,#2173,#2174,#2175,#2176),.UNSPECIFIED.,.F.,
 .F.,(4,3,3,3,2,3,2,3,2,3,3,3,3,2,4),(-592.671887276583,-561.9129011962,
-543.204515506467,-524.480740558875,-505.769430559955,-487.110644802272,
-469.080729681366,-450.941151614449,-432.599314568717,-414.295782677195,
-377.731559944001,-341.901381371309,-321.285790062491,-308.792254997821,
-296.335943641147),.UNSPECIFIED.);
#292=B_SPLINE_CURVE_WITH_KNOTS('',3,(#2177,#2178,#2179,#2180,#2181,#2182,
#2183,#2184,#2185,#2186,#2187,#2188,#2189,#2190,#2191,#2192,#2193,#2194,
#2195,#2196,#2197,#2198,#2199,#2200,#2201,#2202,#2203,#2204,#2205,#2206,
#2207,#2208,#2209,#2210,#2211,#2212,#2213,#2214,#2215,#2216,#2217,#2218,
#2219,#2220,#2221,#2222,#2223,#2224,#2225,#2226,#2227,#2228,#2229,#2230),
 .UNSPECIFIED.,.F.,.F.,(4,3,3,3,3,2,3,3,3,3,2,3,3,3,3,3,2,3,2,4),(0.,2.03268814087005,
2.054541469981,3.29570804119561,4.58471393013573,5.95184221424074,7.31889471345601,
7.78615287372574,8.32848510004099,10.4455056630455,11.9837117396462,13.5219145060548,
13.6406925209079,16.6805962917996,19.2800201314966,19.4716709546067,20.2582254213055,
21.0447690444091,22.0006852467646,22.956606763526),.UNSPECIFIED.);
#293=B_SPLINE_CURVE_WITH_KNOTS('',3,(#2231,#2232,#2233,#2234,#2235,#2236,
#2237,#2238),.UNSPECIFIED.,.F.,.F.,(4,2,2,4),(7.02767458771902,70.2281994727101,
119.980423976886,124.809791030875),.UNSPECIFIED.);
#294=B_SPLINE_CURVE_WITH_KNOTS('',3,(#2239,#2240,#2241,#2242,#2243,#2244,
#2245,#2246),.UNSPECIFIED.,.F.,.F.,(4,2,2,4),(6.06705022898504,70.2281994643178,
119.980423970863,124.619121576968),.UNSPECIFIED.);
#295=B_SPLINE_CURVE_WITH_KNOTS('',3,(#2247,#2248,#2249,#2250,#2251,#2252,
#2253,#2254,#2255,#2256,#2257,#2258,#2259,#2260,#2261,#2262,#2263,#2264,
#2265,#2266,#2267,#2268,#2269,#2270,#2271,#2272,#2273,#2274,#2275,#2276,
#2277,#2278,#2279,#2280,#2281,#2282,#2283,#2284,#2285,#2286,#2287,#2288,
#2289,#2290,#2291,#2292,#2293,#2294,#2295,#2296,#2297,#2298),
 .UNSPECIFIED.,.F.,.F.,(4,3,3,3,3,2,3,3,3,3,2,3,3,3,3,3,3,2,4),(0.,2.03268814086772,
3.29578859436733,3.682854364871,4.58373534208891,5.95086362618949,7.3179161254091,
8.32811303918877,9.41353886098401,10.4395872373985,12.037525053742,13.6354588381244,
15.1460008870216,16.6591359044706,19.4534633779867,20.8906579592777,21.028123536616,
21.9840397389716,22.93996125578),.UNSPECIFIED.);
#296=B_SPLINE_CURVE_WITH_KNOTS('',3,(#2299,#2300,#2301,#2302,#2303,#2304,
#2305,#2306,#2307,#2308,#2309,#2310,#2311,#2312,#2313,#2314,#2315,#2316,
#2317,#2318,#2319),.UNSPECIFIED.,.F.,.F.,(4,2,2,2,2,3,2,2,2,4),(0.,0.765880520890194,
1.1782800432255,1.66356518732641,2.28769233473448,2.9870495211707,4.21754117715786,
5.46332449731721,6.70850296572917,7.92519653704164),.UNSPECIFIED.);
#297=B_SPLINE_CURVE_WITH_KNOTS('',3,(#2320,#2321,#2322,#2323,#2324,#2325,
#2326,#2327,#2328,#2329,#2330,#2331,#2332,#2333,#2334,#2335,#2336,#2337,
#2338),.UNSPECIFIED.,.F.,.F.,(4,2,2,2,3,2,2,2,4),(0.,0.67841911856188,1.38255602196018,
1.96252280794736,2.56792830703302,3.80259222849834,5.0605256873049,6.3180876259007,
7.55366788492209),.UNSPECIFIED.);
#298=B_SPLINE_CURVE_WITH_KNOTS('',3,(#2339,#2340,#2341,#2342,#2343,#2344,
#2345,#2346,#2347,#2348,#2349,#2350,#2351,#2352,#2353,#2354,#2355),
 .UNSPECIFIED.,.F.,.F.,(4,2,2,2,2,3,2,4),(0.,0.582055066229272,0.887940101362541,
1.20802129013292,1.79065583639497,2.38738395925466,4.28064298533873,6.14932285526314),
 .UNSPECIFIED.);
#299=B_SPLINE_CURVE_WITH_KNOTS('',3,(#2356,#2357,#2358,#2359,#2360,#2361,
#2362,#2363,#2364,#2365,#2366,#2367,#2368,#2369,#2370,#2371,#2372),
 .UNSPECIFIED.,.F.,.F.,(4,2,2,2,3,2,2,4),(0.,0.559611300162546,1.14662308848011,
1.69778807963032,2.24328406777498,3.19977321129103,4.16855797155644,6.01486330769445),
 .UNSPECIFIED.);
#300=B_SPLINE_CURVE_WITH_KNOTS('',3,(#3612,#3613,#3614,#3615,#3616,#3617,
#3618,#3619,#3620,#3621,#3622,#3623,#3624,#3625,#3626,#3627,#3628,#3629,
#3630,#3631,#3632,#3633,#3634,#3635,#3636,#3637,#3638,#3639,#3640),
 .UNSPECIFIED.,.F.,.F.,(4,3,3,2,3,2,3,3,3,3,4),(0.,29.763841589672,66.1244943674473,
84.3752574926996,102.567717208503,120.318764634863,138.167764000647,174.219487474111,
210.109520923551,244.826050299485,289.024171771894),.UNSPECIFIED.);
#301=B_SPLINE_CURVE_WITH_KNOTS('',3,(#3641,#3642,#3643,#3644,#3645,#3646,
#3647,#3648,#3649,#3650,#3651,#3652,#3653,#3654,#3655,#3656,#3657,#3658,
#3659,#3660,#3661,#3662,#3663,#3664,#3665,#3666,#3667,#3668,#3669),
 .UNSPECIFIED.,.F.,.F.,(4,3,3,2,3,2,3,3,3,3,4),(-578.048343543789,-548.284501954117,
-511.923849176341,-493.67308605109,-475.480626335285,-457.729578908924,
-439.880579543142,-403.828856069677,-367.938822620238,-333.222293244304,
-289.024171771894),.UNSPECIFIED.);
#302=B_SPLINE_CURVE_WITH_KNOTS('',3,(#3670,#3671,#3672,#3673,#3674,#3675,
#3676),.UNSPECIFIED.,.F.,.F.,(4,1,1,1,4),(126.254982724045,135.333641166017,
161.322292535413,195.804171834546,253.044155847334),.UNSPECIFIED.);
#303=B_SPLINE_CURVE_WITH_KNOTS('',3,(#3677,#3678,#3679,#3680,#3681,#3682,
#3683),.UNSPECIFIED.,.F.,.F.,(4,1,1,1,4),(126.202071028147,135.333641166017,
161.322292535413,195.804171834546,253.044155847334),.UNSPECIFIED.);
#304=B_SPLINE_CURVE_WITH_KNOTS('',3,(#3684,#3685,#3686,#3687,#3688,#3689,
#3690,#3691,#3692,#3693,#3694,#3695,#3696,#3697,#3698,#3699,#3700,#3701,
#3702,#3703,#3704,#3705,#3706,#3707,#3708,#3709,#3710,#3711,#3712,#3713,
#3714,#3715,#3716,#3717,#3718,#3719,#3720,#3721,#3722,#3723,#3724,#3725,
#3726,#3727,#3728,#3729,#3730,#3731,#3732,#3733,#3734,#3735,#3736,#3737,
#3738,#3739,#3740,#3741,#3742,#3743),.UNSPECIFIED.,.F.,.F.,(4,1,1,1,1,1,
1,1,1,1,1,1,1,1,1,1,1,1,1,1,1,1,1,1,1,1,1,1,1,1,1,1,1,1,1,1,1,1,1,1,1,1,
1,1,1,1,1,1,1,1,1,1,1,1,1,1,1,4),(0.,4.11872932559503,8.18682838809568,
12.2082814240077,16.1863855510209,24.0159173058192,31.6668458440449,35.8075093730985,
40.4251397971276,45.0967705143007,49.8169599584129,54.5824727698875,59.3928364585546,
64.2495710796417,69.1575911718005,74.123032556741,79.1226311143889,84.037617794988,
88.8672339004616,93.6100866628429,98.2605416085038,102.850893181491,107.381397419592,
111.841692317333,114.041472314,116.196528902434,124.909078529909,133.79751856969,
138.318318745692,142.876285578303,147.477867581217,152.130126917484,161.473935776827,
170.73124240055,178.06795916049,187.129812011338,191.603475385502,196.132859961462,
205.222667479637,214.327759382321,223.443715241434,231.662330264672,236.233186638613,
245.373453002216,254.515906815822,259.093070546831,263.679150401983,268.278858521824,
273.293707944607,278.568837099694,282.49898847067,285.216631354506,287.970497521327,
294.374021177399,300.253292150869,306.401446593245,312.871949248229,319.722550556562),
 .UNSPECIFIED.);
#305=B_SPLINE_CURVE_WITH_KNOTS('',1,(#3744,#3745),.UNSPECIFIED.,.F.,.F.,
(2,2),(0.,22.7),.UNSPECIFIED.);
#306=B_SPLINE_CURVE_WITH_KNOTS('',3,(#3746,#3747,#3748,#3749,#3750,#3751,
#3752,#3753,#3754,#3755,#3756,#3757,#3758,#3759,#3760,#3761,#3762,#3763,
#3764,#3765,#3766,#3767,#3768,#3769,#3770,#3771,#3772,#3773,#3774,#3775,
#3776,#3777,#3778,#3779,#3780,#3781,#3782,#3783,#3784,#3785,#3786,#3787,
#3788,#3789,#3790,#3791,#3792,#3793,#3794,#3795,#3796,#3797,#3798,#3799,
#3800,#3801,#3802,#3803,#3804,#3805),.UNSPECIFIED.,.F.,.F.,(4,1,1,1,1,1,
1,1,1,1,1,1,1,1,1,1,1,1,1,1,1,1,1,1,1,1,1,1,1,1,1,1,1,1,1,1,1,1,1,1,1,1,
1,1,1,1,1,1,1,1,1,1,1,1,1,1,1,4),(0.,4.11872932559503,8.18682838809568,
12.2082814240077,16.1863855510209,24.0159173058192,31.6668458440449,35.8075093730985,
40.4251397971276,45.0967705143007,49.8169599584129,54.5824727698875,59.3928364585546,
64.2495710796417,69.1575911718005,74.123032556741,79.1226311143889,84.037617794988,
88.8672339004616,93.6100866628429,98.2605416085038,102.850893181491,107.381397419592,
111.841692317333,114.041472314,116.196528902434,124.909078529909,133.79751856969,
138.318318745692,142.876285578303,147.477867581217,152.130126917484,161.473935776827,
170.73124240055,178.06795916049,187.129812011338,191.603475385502,196.132859961462,
205.222667479637,214.327759382321,223.443715241434,231.662330264672,236.233186638613,
245.373453002216,254.515906815822,259.093070546831,263.679150401983,268.278858521824,
273.293707944607,278.568837099694,282.49898847067,285.216631354506,287.970497521327,
294.374021177399,300.253292150869,306.401446593245,312.871949248229,319.722550556562),
 .UNSPECIFIED.);
#307=B_SPLINE_CURVE_WITH_KNOTS('',3,(#3806,#3807,#3808,#3809,#3810,#3811,
#3812,#3813,#3814,#3815,#3816,#3817,#3818,#3819,#3820,#3821,#3822,#3823,
#3824,#3825,#3826,#3827,#3828,#3829,#3830,#3831,#3832,#3833,#3834,#3835,
#3836,#3837,#3838,#3839,#3840,#3841,#3842),.UNSPECIFIED.,.F.,.F.,(4,3,3,
3,2,3,2,3,3,3,3,3,2,4),(2.062702383276E-9,30.9629423364308,49.5576470185566,
68.1408122557368,86.908350512245,105.628730598282,123.794208428336,142.059639119802,
179.110605816151,215.995510188506,252.032926375194,272.801281822358,285.411530312078,
297.984397758545),.UNSPECIFIED.);
#308=B_SPLINE_CURVE_WITH_KNOTS('',3,(#3843,#3844,#3845,#3846,#3847,#3848,
#3849,#3850,#3851,#3852,#3853,#3854,#3855,#3856,#3857,#3858,#3859,#3860,
#3861,#3862,#3863,#3864,#3865,#3866,#3867,#3868,#3869,#3870,#3871,#3872,
#3873,#3874,#3875,#3876,#3877,#3878,#3879),.UNSPECIFIED.,.F.,.F.,(4,3,3,
3,2,3,2,3,3,3,3,3,2,4),(-595.968795511631,-565.00585317714,-546.411148495014,
-527.827983257834,-509.060445001326,-490.340064915288,-472.174587085235,
-453.909156393768,-416.85818969742,-379.973285325064,-343.935869138377,
-323.167513691212,-310.55726520149,-297.984397758545),.UNSPECIFIED.);
#309=B_SPLINE_CURVE_WITH_KNOTS('',3,(#3880,#3881,#3882,#3883,#3884,#3885,
#3886,#3887,#3888,#3889,#3890,#3891,#3892,#3893,#3894,#3895,#3896,#3897,
#3898,#3899,#3900,#3901,#3902,#3903,#3904,#3905,#3906,#3907,#3908,#3909,
#3910,#3911,#3912,#3913,#3914,#3915,#3916,#3917,#3918,#3919,#3920,#3921,
#3922,#3923,#3924,#3925,#3926,#3927,#3928,#3929,#3930,#3931,#3932,#3933,
#3934,#3935,#3936,#3937,#3938,#3939),.UNSPECIFIED.,.F.,.F.,(4,1,1,1,1,1,
1,1,1,1,1,1,1,1,1,1,1,1,1,1,1,1,1,1,1,1,1,1,1,1,1,1,1,1,1,1,1,1,1,1,1,1,
1,1,1,1,1,1,1,1,1,1,1,1,1,1,1,4),(0.,4.11404943376593,8.17756356622771,
16.1760283160065,24.0210842498172,31.7131747015371,35.6354361361752,40.2333786614379,
49.5516076681258,54.268686358025,59.0272226525621,63.8222787560494,68.6584076747937,
73.5431355595869,76.0064686749564,78.4863368132126,83.3963233258453,88.2290673714693,
92.9870697299109,97.6702443167633,102.273382414175,106.817808017277,111.301175465086,
115.717907917724,117.897179434843,120.023096010356,124.30863459462,133.001967929648,
141.861921670043,150.860105708826,155.419827682336,157.72013784459,160.025170065858,
169.21869539008,179.614475884424,188.661441220962,197.584119523265,206.506981916933,
215.509472529703,224.580372655939,233.717179066904,239.815769402936,244.309983405234,
253.367047026172,262.515875103831,271.771976368153,276.449972054692,279.067924445111,
281.810468701409,287.250560867674,289.955382614843,292.654613248056,298.051528990552,
303.903711094881,310.302052121151,316.588491704323,322.781758903588,328.887266295493),
 .UNSPECIFIED.);
#310=B_SPLINE_CURVE_WITH_KNOTS('',1,(#3940,#3941),.UNSPECIFIED.,.F.,.F.,
(2,2),(0.,22.),.UNSPECIFIED.);
#311=B_SPLINE_CURVE_WITH_KNOTS('',3,(#3942,#3943,#3944,#3945,#3946,#3947,
#3948,#3949,#3950,#3951,#3952,#3953,#3954,#3955,#3956,#3957,#3958,#3959,
#3960,#3961,#3962,#3963,#3964,#3965,#3966,#3967,#3968,#3969,#3970,#3971,
#3972,#3973,#3974,#3975,#3976,#3977,#3978,#3979,#3980,#3981,#3982,#3983,
#3984,#3985,#3986,#3987,#3988,#3989,#3990,#3991,#3992,#3993,#3994,#3995,
#3996,#3997,#3998,#3999,#4000,#4001),.UNSPECIFIED.,.F.,.F.,(4,1,1,1,1,1,
1,1,1,1,1,1,1,1,1,1,1,1,1,1,1,1,1,1,1,1,1,1,1,1,1,1,1,1,1,1,1,1,1,1,1,1,
1,1,1,1,1,1,1,1,1,1,1,1,1,1,1,4),(0.,4.11404943376593,8.17756356622771,
16.1760283160065,24.0210842498172,31.7131747015371,35.6354361361752,40.2333786614379,
49.5516076681258,54.268686358025,59.0272226525621,63.8222787560494,68.6584076747937,
73.5431355595869,76.0064686749564,78.4863368132126,83.3963233258453,88.2290673714693,
92.9870697299109,97.6702443167633,102.273382414175,106.817808017277,111.301175465086,
115.717907917724,117.897179434843,120.023096010356,124.30863459462,133.001967929648,
141.861921670043,150.860105708826,155.419827682336,157.72013784459,160.025170065858,
169.21869539008,179.614475884424,188.661441220962,197.584119523265,206.506981916933,
215.509472529703,224.580372655939,233.717179066904,239.815769402936,244.309983405234,
253.367047026172,262.515875103831,271.771976368153,276.449972054692,279.067924445111,
281.810468701409,287.250560867674,289.955382614843,292.654613248056,298.051528990552,
303.903711094881,310.302052121151,316.588491704323,322.781758903588,328.887266295493),
 .UNSPECIFIED.);
#312=B_SPLINE_CURVE_WITH_KNOTS('',3,(#4002,#4003,#4004,#4005,#4006,#4007,
#4008,#4009,#4010,#4011,#4012,#4013,#4014,#4015,#4016,#4017,#4018,#4019,
#4020,#4021,#4022,#4023,#4024,#4025,#4026,#4027,#4028,#4029,#4030,#4031,
#4032,#4033,#4034,#4035,#4036,#4037,#4038),.UNSPECIFIED.,.F.,.F.,(4,2,2,
2,2,2,2,2,2,1,1,1,2,2,2,2,2,2,2,4),(0.,1.43076854334323,2.14615281501484,
2.86153708668645,4.29230563002968,5.72307417337291,7.15384271671613,8.58461126005936,
10.0153798034026,10.7307648359492,11.4461483467458,12.1615318575424,12.876915368339,
14.3076823899323,15.7384494115255,17.1692164331187,18.5999834547119,20.0307504763052,
21.4615174978984,22.8922845194916),.UNSPECIFIED.);
#313=B_SPLINE_CURVE_WITH_KNOTS('',3,(#4039,#4040,#4041,#4042,#4043,#4044,
#4045,#4046,#4047,#4048,#4049,#4050,#4051,#4052,#4053,#4054,#4055,#4056,
#4057,#4058,#4059,#4060,#4061,#4062,#4063,#4064,#4065,#4066,#4067,#4068,
#4069,#4070,#4071,#4072,#4073,#4074,#4075),.UNSPECIFIED.,.F.,.F.,(4,2,2,
2,2,2,2,2,1,1,1,2,2,2,2,2,2,2,2,4),(-22.8922845194916,-21.4615174978984,
-20.0307504763052,-18.5999834547119,-17.1692164331187,-15.7384494115255,
-14.3076823899323,-12.876915368339,-12.1615318575424,-11.4461483467458,
-10.7307648359492,-10.0153798034026,-8.58461126005936,-7.15384271671613,
-5.72307417337291,-4.29230563002968,-2.86153708668645,-2.14615281501484,
-1.43076854334323,0.),.UNSPECIFIED.);
#314=B_SPLINE_CURVE_WITH_KNOTS('',3,(#4076,#4077,#4078,#4079,#4080,#4081,
#4082,#4083,#4084,#4085,#4086,#4087),.UNSPECIFIED.,.F.,.F.,(4,2,1,2,1,2,
4),(128.600471872953,135.33364117131,148.327966855389,161.322292539468,
178.563232188214,195.80417183696,246.489143722868),.UNSPECIFIED.);
#315=B_SPLINE_CURVE_WITH_KNOTS('',3,(#4088,#4089,#4090,#4091,#4092,#4093,
#4094,#4095,#4096,#4097,#4098,#4099),.UNSPECIFIED.,.F.,.F.,(4,2,1,2,1,2,
4),(128.572138703894,135.333641166017,148.327966850715,161.322292535413,
178.56323218498,195.804171834546,247.485817877184),.UNSPECIFIED.);
#316=B_SPLINE_CURVE_WITH_KNOTS('',3,(#4100,#4101,#4102,#4103,#4104,#4105,
#4106,#4107,#4108,#4109,#4110,#4111,#4112,#4113,#4114,#4115,#4116,#4117,
#4118,#4119,#4120,#4121,#4122),.UNSPECIFIED.,.F.,.F.,(4,2,2,2,2,3,2,2,2,
2,4),(0.,2.08549222239004,3.16804850744154,3.75115146919019,4.07739328622377,
4.48013714047599,5.16829976016711,5.94659081280447,7.49093010938786,9.05000909823251,
10.613940956109),.UNSPECIFIED.);
#317=B_SPLINE_CURVE_WITH_KNOTS('',3,(#4123,#4124,#4125,#4126,#4127,#4128,
#4129,#4130,#4131,#4132,#4133,#4134,#4135,#4136,#4137,#4138,#4139,#4140,
#4141,#4142,#4143,#4144,#4145,#4146,#4147,#4148,#4149),.UNSPECIFIED.,.F.,
 .F.,(4,2,2,2,3,2,2,3,3,2,2,4),(0.,1.12451093660686,2.24584366300054,3.3575004719798,
4.40039597409031,4.82008908456868,5.08384629675464,5.32916671654753,6.3101717399096,
7.76348508564399,9.26577895063804,12.2458630596528),.UNSPECIFIED.);
#318=B_SPLINE_CURVE_WITH_KNOTS('',3,(#4150,#4151,#4152,#4153,#4154,#4155,
#4156,#4157,#4158,#4159,#4160,#4161,#4162,#4163,#4164,#4165,#4166,#4167,
#4168),.UNSPECIFIED.,.F.,.F.,(4,2,2,2,3,2,2,2,4),(0.,1.7293641456449,2.63484025299021,
3.12326614980211,3.72232102675343,4.73183194827511,5.97603855038663,7.2268576428192,
8.48105540300576),.UNSPECIFIED.);
#319=B_SPLINE_CURVE_WITH_KNOTS('',3,(#4169,#4170,#4171,#4172,#4173,#4174,
#4175,#4176,#4177,#4178,#4179,#4180,#4181,#4182,#4183,#4184,#4185,#4186,
#4187,#4188,#4189,#4190,#4191),.UNSPECIFIED.,.F.,.F.,(4,2,2,2,2,2,3,2,2,
2,4),(0.,0.933587004234575,1.86232292467209,2.81505570371396,3.32997484111681,
3.6188579391545,3.93840696038952,4.97758491935363,6.28249591936042,7.59746734211722,
8.91482426973629),.UNSPECIFIED.);
#320=B_SPLINE_CURVE_WITH_KNOTS('',1,(#4196,#4197),.UNSPECIFIED.,.F.,.F.,
(2,2),(0.,22.7),.UNSPECIFIED.);
#321=B_SPLINE_CURVE_WITH_KNOTS('',3,(#4198,#4199,#4200,#4201,#4202,#4203,
#4204,#4205,#4206,#4207,#4208,#4209,#4210,#4211,#4212,#4213,#4214,#4215,
#4216,#4217,#4218,#4219,#4220,#4221,#4222,#4223,#4224,#4225,#4226,#4227,
#4228,#4229,#4230,#4231,#4232,#4233,#4234,#4235,#4236,#4237,#4238,#4239,
#4240,#4241,#4242,#4243,#4244,#4245,#4246,#4247,#4248,#4249,#4250,#4251,
#4252,#4253,#4254,#4255,#4256,#4257,#4258,#4259,#4260),.UNSPECIFIED.,.F.,
 .F.,(4,1,1,1,1,1,1,1,1,1,1,1,1,1,1,1,1,1,1,1,1,1,1,1,1,1,1,1,1,1,1,1,1,
1,1,1,1,1,1,1,1,1,1,1,1,1,1,1,1,1,1,1,1,1,1,1,1,1,1,1,4),(319.722550556562,
326.573151864895,333.043654519878,339.191808962255,345.071079935725,351.474603591797,
356.946112642454,360.876264013429,366.151393168517,371.1662425913,375.76595071114,
380.352030566293,384.929194297302,394.071648110908,403.211914474511,407.782770848452,
411.437944674065,416.00138587169,425.117341730803,434.222433633487,443.312241151663,
447.841625727623,452.315289101787,461.377141952635,468.713858712574,477.971165336298,
482.632563813089,487.314974195641,491.967233531908,496.568815534822,501.126782367433,
505.647582543435,514.536022583216,523.248572210691,525.403628799125,527.603408795793,
532.063703693533,536.594207931634,541.184559504622,545.835014450284,550.577867212665,
555.407483318139,560.322469998739,565.322068556387,570.287509941327,575.195530033486,
580.052264654573,584.86262834324,589.628141154715,594.348330598827,599.019961316001,
603.63759174003,607.778255269084,611.579843386566,615.42918380731,619.322786627335,
623.258715562108,627.236819689121,631.258272725032,635.326371787533,639.445101113128),
 .UNSPECIFIED.);
#322=B_SPLINE_CURVE_WITH_KNOTS('',3,(#4261,#4262,#4263,#4264,#4265,#4266,
#4267,#4268,#4269,#4270,#4271,#4272,#4273,#4274,#4275,#4276,#4277,#4278,
#4279,#4280,#4281,#4282,#4283,#4284,#4285,#4286,#4287,#4288,#4289,#4290,
#4291,#4292,#4293,#4294,#4295,#4296,#4297,#4298,#4299,#4300,#4301,#4302,
#4303,#4304,#4305,#4306,#4307,#4308,#4309,#4310,#4311,#4312,#4313,#4314,
#4315,#4316,#4317,#4318,#4319,#4320,#4321,#4322,#4323),.UNSPECIFIED.,.F.,
 .F.,(4,1,1,1,1,1,1,1,1,1,1,1,1,1,1,1,1,1,1,1,1,1,1,1,1,1,1,1,1,1,1,1,1,
1,1,1,1,1,1,1,1,1,1,1,1,1,1,1,1,1,1,1,1,1,1,1,1,1,1,1,4),(319.722550556562,
326.573151864895,333.043654519878,339.191808962255,345.071079935725,351.474603591797,
356.946112642454,360.876264013429,366.151393168517,371.1662425913,375.76595071114,
380.352030566293,384.929194297302,394.071648110908,403.211914474511,407.782770848452,
411.437944674065,416.00138587169,425.117341730803,434.222433633487,443.312241151663,
447.841625727623,452.315289101787,461.377141952635,468.713858712574,477.971165336298,
482.632563813089,487.314974195641,491.967233531908,496.568815534822,501.126782367433,
505.647582543435,514.536022583216,523.248572210691,525.403628799125,527.603408795793,
532.063703693533,536.594207931634,541.184559504622,545.835014450284,550.577867212665,
555.407483318139,560.322469998739,565.322068556387,570.287509941327,575.195530033486,
580.052264654573,584.86262834324,589.628141154715,594.348330598827,599.019961316001,
603.63759174003,607.778255269084,611.579843386566,615.42918380731,619.322786627335,
623.258715562108,627.236819689121,631.258272725032,635.326371787533,639.445101113128),
 .UNSPECIFIED.);
#323=B_SPLINE_CURVE_WITH_KNOTS('',1,(#4324,#4325),.UNSPECIFIED.,.F.,.F.,
(2,2),(0.,22.),.UNSPECIFIED.);
#324=B_SPLINE_CURVE_WITH_KNOTS('',3,(#4326,#4327,#4328,#4329,#4330,#4331,
#4332,#4333,#4334,#4335,#4336,#4337,#4338,#4339,#4340,#4341,#4342,#4343,
#4344,#4345,#4346,#4347,#4348,#4349,#4350,#4351,#4352,#4353,#4354,#4355,
#4356,#4357,#4358,#4359,#4360,#4361,#4362,#4363,#4364,#4365,#4366,#4367,
#4368,#4369,#4370,#4371,#4372,#4373,#4374,#4375,#4376,#4377,#4378,#4379,
#4380,#4381,#4382,#4383,#4384),.UNSPECIFIED.,.F.,.F.,(4,1,1,1,1,1,1,1,1,
1,1,1,1,1,1,1,1,1,1,1,1,1,1,1,1,1,1,1,1,1,1,1,1,1,1,1,1,1,1,1,1,1,1,1,1,
1,1,1,1,1,1,1,1,1,1,1,4),(328.887266295493,334.992773673922,341.186040868738,
347.472480451515,353.870821477784,359.723003582113,365.119919324609,370.523971704991,
375.964063871256,378.706608127555,381.324560517974,386.002556204512,395.258657468835,
404.407485546494,413.464549167432,424.057353505762,433.194159916726,442.265060042963,
451.267550655733,460.190413049401,469.113091351704,478.160056688242,483.977649001092,
488.555837182586,497.749362506808,500.054394728076,502.35470489033,506.91442686384,
515.912610902623,524.772564643018,533.465897978046,537.75143656231,539.877353137823,
542.056624654942,550.956724555389,555.501150158491,560.104288255903,564.787462842756,
569.545465201197,574.378209246821,579.288195759454,581.76806389771,584.231397013079,
589.116124897873,593.952253816617,598.747309920104,603.505846214641,608.22292490454,
617.541153911229,622.139096436491,624.164216603878,626.061357871142,633.753448322901,
641.598504256764,649.596969006615,653.660483139121,657.774532572936),
 .UNSPECIFIED.);
#325=B_SPLINE_CURVE_WITH_KNOTS('',3,(#4385,#4386,#4387,#4388,#4389,#4390,
#4391,#4392,#4393,#4394,#4395,#4396,#4397,#4398,#4399,#4400,#4401,#4402,
#4403,#4404,#4405,#4406,#4407,#4408,#4409,#4410,#4411,#4412,#4413,#4414,
#4415,#4416,#4417,#4418,#4419,#4420,#4421,#4422,#4423,#4424,#4425,#4426,
#4427,#4428,#4429,#4430,#4431,#4432,#4433,#4434,#4435,#4436,#4437,#4438,
#4439,#4440,#4441,#4442,#4443),.UNSPECIFIED.,.F.,.F.,(4,1,1,1,1,1,1,1,1,
1,1,1,1,1,1,1,1,1,1,1,1,1,1,1,1,1,1,1,1,1,1,1,1,1,1,1,1,1,1,1,1,1,1,1,1,
1,1,1,1,1,1,1,1,1,1,1,4),(328.887266295493,334.992773673922,341.186040868738,
347.472480451515,353.870821477784,359.723003582113,365.119919324609,370.523971704991,
375.964063871256,378.706608127555,381.324560517974,386.002556204512,395.258657468835,
404.407485546494,413.464549167432,424.057353505762,433.194159916726,442.265060042963,
451.267550655733,460.190413049401,469.113091351704,478.160056688242,483.977649001092,
488.555837182586,497.749362506808,500.054394728076,502.35470489033,506.91442686384,
515.912610902623,524.772564643018,533.465897978046,537.75143656231,539.877353137823,
542.056624654942,550.956724555389,555.501150158491,560.104288255903,564.787462842756,
569.545465201197,574.378209246821,579.288195759454,581.76806389771,584.231397013079,
589.116124897873,593.952253816617,598.747309920104,603.505846214641,608.22292490454,
617.541153911229,622.139096436491,624.164216603878,626.061357871142,633.753448322901,
641.598504256764,649.596969006615,653.660483139121,657.774532572936),
 .UNSPECIFIED.);
#326=VERTEX_POINT('',#1502);
#327=VERTEX_POINT('',#1503);
#328=VERTEX_POINT('',#1504);
#329=VERTEX_POINT('',#1505);
#330=VERTEX_POINT('',#1506);
#331=VERTEX_POINT('',#1507);
#332=VERTEX_POINT('',#1508);
#333=VERTEX_POINT('',#1509);
#334=VERTEX_POINT('',#1510);
#335=VERTEX_POINT('',#1511);
#336=VERTEX_POINT('',#1512);
#337=VERTEX_POINT('',#1513);
#338=VERTEX_POINT('',#1514);
#339=VERTEX_POINT('',#1515);
#340=VERTEX_POINT('',#1516);
#341=VERTEX_POINT('',#1517);
#342=VERTEX_POINT('',#1518);
#343=VERTEX_POINT('',#1519);
#344=VERTEX_POINT('',#1520);
#345=VERTEX_POINT('',#3593);
#346=VERTEX_POINT('',#3594);
#347=VERTEX_POINT('',#3595);
#348=VERTEX_POINT('',#3596);
#349=VERTEX_POINT('',#3597);
#350=VERTEX_POINT('',#3598);
#351=VERTEX_POINT('',#3599);
#352=VERTEX_POINT('',#3600);
#353=VERTEX_POINT('',#3601);
#354=VERTEX_POINT('',#3602);
#355=VERTEX_POINT('',#3603);
#356=VERTEX_POINT('',#3604);
#357=VERTEX_POINT('',#3605);
#358=VERTEX_POINT('',#3606);
#359=VERTEX_POINT('',#3607);
#360=VERTEX_POINT('',#3608);
#361=VERTEX_POINT('',#3609);
#362=VERTEX_POINT('',#3610);
#363=VERTEX_POINT('',#3611);
#364=(
BOUNDED_SURFACE()
B_SPLINE_SURFACE(1,2,((#1482,#1483,#1484,#1485,#1486),(#1487,#1488,#1489,
#1490,#1491)),.UNSPECIFIED.,.F.,.F.,.F.)
B_SPLINE_SURFACE_WITH_KNOTS((2,2),(3,2,3),(-0.300000000000012,13.3),(-3.66820320927784E-30,
1.21736715326604,2.43473430653209),.UNSPECIFIED.)
GEOMETRIC_REPRESENTATION_ITEM()
RATIONAL_B_SPLINE_SURFACE(((1.,0.707106781186547,1.,0.707106781186547,1.),
(1.,0.707106781186547,1.,0.707106781186547,1.)))
REPRESENTATION_ITEM('')
SURFACE()
);
#365=(
BOUNDED_SURFACE()
B_SPLINE_SURFACE(1,2,((#1492,#1493,#1494,#1495,#1496),(#1497,#1498,#1499,
#1500,#1501)),.UNSPECIFIED.,.F.,.F.,.F.)
B_SPLINE_SURFACE_WITH_KNOTS((2,2),(3,2,3),(-0.300000000000011,13.3),(2.43473430653209,
3.65210145979813,4.86946861306418),.UNSPECIFIED.)
GEOMETRIC_REPRESENTATION_ITEM()
RATIONAL_B_SPLINE_SURFACE(((1.,0.707106781186547,1.,0.707106781186547,1.),
(1.,0.707106781186547,1.,0.707106781186547,1.)))
REPRESENTATION_ITEM('')
SURFACE()
);
#366=(
BOUNDED_SURFACE()
B_SPLINE_SURFACE(1,2,((#3329,#3330,#3331,#3332,#3333),(#3334,#3335,#3336,
#3337,#3338)),.UNSPECIFIED.,.F.,.F.,.F.)
B_SPLINE_SURFACE_WITH_KNOTS((2,2),(3,2,3),(-0.300000000000012,13.3),(-3.66820320927784E-30,
1.21736715326604,2.43473430653209),.UNSPECIFIED.)
GEOMETRIC_REPRESENTATION_ITEM()
RATIONAL_B_SPLINE_SURFACE(((1.,0.707106781186547,1.,0.707106781186547,1.),
(1.,0.707106781186547,1.,0.707106781186547,1.)))
REPRESENTATION_ITEM('')
SURFACE()
);
#367=(
BOUNDED_SURFACE()
B_SPLINE_SURFACE(1,2,((#3339,#3340,#3341,#3342,#3343),(#3344,#3345,#3346,
#3347,#3348)),.UNSPECIFIED.,.F.,.F.,.F.)
B_SPLINE_SURFACE_WITH_KNOTS((2,2),(3,2,3),(-0.300000000000011,13.3),(2.43473430653209,
3.65210145979813,4.86946861306418),.UNSPECIFIED.)
GEOMETRIC_REPRESENTATION_ITEM()
RATIONAL_B_SPLINE_SURFACE(((1.,0.707106781186547,1.,0.707106781186547,1.),
(1.,0.707106781186547,1.,0.707106781186547,1.)))
REPRESENTATION_ITEM('')
SURFACE()
);
#368=PLANE('',#478);
#369=PLANE('',#479);
#370=PLANE('',#480);
#371=PLANE('',#481);
#372=B_SPLINE_SURFACE_WITH_KNOTS('',3,1,((#492,#493),(#494,#495),(#496,
#497),(#498,#499),(#500,#501),(#502,#503),(#504,#505),(#506,#507),(#508,
#509),(#510,#511),(#512,#513),(#514,#515),(#516,#517),(#518,#519),(#520,
#521),(#522,#523),(#524,#525),(#526,#527),(#528,#529),(#530,#531),(#532,
#533),(#534,#535),(#536,#537),(#538,#539),(#540,#541),(#542,#543),(#544,
#545),(#546,#547),(#548,#549),(#550,#551),(#552,#553),(#554,#555),(#556,
#557),(#558,#559),(#560,#561),(#562,#563),(#564,#565),(#566,#567),(#568,
#569),(#570,#571),(#572,#573),(#574,#575),(#576,#577),(#578,#579),(#580,
#581),(#582,#583),(#584,#585),(#586,#587),(#588,#589),(#590,#591),(#592,
#593),(#594,#595),(#596,#597),(#598,#599)),.UNSPECIFIED.,.F.,.F.,.F.,(4,
1,1,1,1,1,1,1,1,1,1,1,1,1,1,1,1,1,1,1,1,1,1,1,1,1,1,1,1,1,1,1,1,1,1,1,1,
1,1,1,1,1,1,1,1,1,1,1,1,1,1,4),(2,2),(159.566949601616,164.072152446193,
174.170660169824,182.942557493249,191.595442641858,200.343668173087,209.107835800161,
217.879364913235,226.658325399308,232.569812569776,236.965768191303,245.753501320689,
254.54076478203,263.346029039139,267.765170040294,270.165885781919,272.675432150776,
277.747100356605,280.31712324531,282.915208066559,288.214133941418,293.681862442828,
299.36095852495,305.299198538591,311.545409813638,318.151723078148,324.758036342658,
331.004247617706,336.942487631347,342.621583713469,348.089312214879,353.388238089738,
355.986322910987,358.556345799692,363.628014005521,366.137560374378,368.538276116003,
372.957417117158,381.762681374267,390.549944835608,399.337677964993,403.73363358652,
409.645120756988,418.424081243061,427.195610356135,435.959777983209,444.708003514439,
453.360888663048,462.132785986472,467.780801532925,472.231293710104,476.735797408027),
(0.,22.7),.UNSPECIFIED.);
#373=B_SPLINE_SURFACE_WITH_KNOTS('',3,1,((#600,#601),(#602,#603),(#604,
#605),(#606,#607),(#608,#609),(#610,#611),(#612,#613),(#614,#615),(#616,
#617),(#618,#619),(#620,#621),(#622,#623),(#624,#625),(#626,#627),(#628,
#629),(#630,#631),(#632,#633),(#634,#635),(#636,#637),(#638,#639),(#640,
#641),(#642,#643),(#644,#645),(#646,#647),(#648,#649),(#650,#651),(#652,
#653),(#654,#655),(#656,#657),(#658,#659),(#660,#661),(#662,#663),(#664,
#665),(#666,#667),(#668,#669),(#670,#671),(#672,#673),(#674,#675),(#676,
#677),(#678,#679),(#680,#681),(#682,#683),(#684,#685),(#686,#687),(#688,
#689),(#690,#691),(#692,#693),(#694,#695),(#696,#697),(#698,#699),(#700,
#701),(#702,#703),(#704,#705),(#706,#707),(#708,#709),(#710,#711),(#712,
#713),(#714,#715),(#716,#717),(#718,#719),(#720,#721),(#722,#723),(#724,
#725),(#726,#727),(#728,#729),(#730,#731),(#732,#733),(#734,#735),(#736,
#737),(#738,#739),(#740,#741)),.UNSPECIFIED.,.F.,.F.,.F.,(4,1,1,1,1,1,1,
1,1,1,1,1,1,1,1,1,1,1,1,1,1,1,1,1,1,1,1,1,1,1,1,1,3,1,1,1,1,1,1,1,1,1,1,
1,1,1,1,1,1,1,1,1,1,1,1,1,1,1,1,1,1,1,1,1,1,1,4),(2,2),(476.79330290384,
481.189420384515,483.440908831501,485.692796366155,490.159740955207,498.966581625402,
507.619505445079,516.110564402573,520.29435243595,522.368278691426,524.484622250906,
533.132156234034,542.001948342844,546.540518234758,551.157739674788,555.850849278525,
560.620352117557,563.027549522783,565.414942171193,570.149678383227,574.836461380361,
579.480207112832,584.083932427388,588.647933514685,597.648360043039,602.075114557959,
604.017154193075,605.835080716545,613.216822845665,620.755967001033,628.446023549831,
632.352044691058,636.3034461563,640.254847621542,644.160868762769,651.850925311565,
659.390069466934,663.101924805551,666.771811596054,670.53177775464,674.95853226956,
683.958958797913,688.522959885209,693.126685199766,697.770430932236,702.457213929371,
707.191950141404,709.579342789815,711.98654019504,716.756043034072,721.449152637809,
726.06637407784,730.604943969753,735.064067003253,739.474736078563,743.830807579619,
748.12227006169,750.238613621171,752.312539876647,756.496327910022,764.987386867517,
773.640310687194,782.447151357389,786.914095946442,789.165983481095,791.417471928082,
795.812757221424),(10.0716835275909,32.7716835275909),.UNSPECIFIED.);
#374=B_SPLINE_SURFACE_WITH_KNOTS('',3,3,((#742,#743,#744,#745,#746,#747,
#748,#749,#750,#751,#752),(#753,#754,#755,#756,#757,#758,#759,#760,#761,
#762,#763),(#764,#765,#766,#767,#768,#769,#770,#771,#772,#773,#774),(#775,
#776,#777,#778,#779,#780,#781,#782,#783,#784,#785),(#786,#787,#788,#789,
#790,#791,#792,#793,#794,#795,#796),(#797,#798,#799,#800,#801,#802,#803,
#804,#805,#806,#807)),.UNSPECIFIED.,.F.,.F.,.F.,(4,1,1,4),(4,1,1,1,1,1,
1,1,4),(0.,70.2281994643178,119.980423970863,126.254982724045),(-8.17442935766677,
-7.34885871533355,-6.34885871533355,-5.34885871533355,-4.34885871533355,
-3.34885871533355,-2.34885871533355,-1.34885871533355,-0.222519161109414),
 .UNSPECIFIED.);
#375=B_SPLINE_SURFACE_WITH_KNOTS('',3,3,((#808,#809,#810,#811,#812,#813),
(#814,#815,#816,#817,#818,#819),(#820,#821,#822,#823,#824,#825),(#826,#827,
#828,#829,#830,#831),(#832,#833,#834,#835,#836,#837),(#838,#839,#840,#841,
#842,#843),(#844,#845,#846,#847,#848,#849),(#850,#851,#852,#853,#854,#855),
(#856,#857,#858,#859,#860,#861),(#862,#863,#864,#865,#866,#867),(#868,#869,
#870,#871,#872,#873)),.UNSPECIFIED.,.F.,.F.,.F.,(4,1,1,1,1,1,1,1,4),(4,
1,1,4),(-8.17442935766677,-7.34885871533355,-6.34885871533355,-5.34885871533355,
-4.34885871533355,-3.34885871533355,-2.34885871533355,-1.34885871533355,
-0.222519161109414),(0.,70.2281994643178,119.980423970863,126.254982724045),
 .UNSPECIFIED.);
#376=B_SPLINE_SURFACE_WITH_KNOTS('',1,3,((#875,#876,#877,#878,#879,#880,
#881,#882,#883,#884,#885,#886,#887,#888,#889,#890,#891,#892,#893,#894,#895,
#896,#897,#898,#899,#900,#901,#902,#903,#904,#905,#906,#907,#908,#909,#910,
#911,#912,#913,#914,#915,#916,#917,#918,#919,#920,#921,#922,#923,#924,#925,
#926,#927,#928,#929,#930,#931,#932,#933,#934,#935,#936,#937,#938,#939,#940,
#941,#942,#943,#944,#945,#946,#947,#948,#949,#950,#951,#952,#953,#954,#955,
#956,#957,#958,#959,#960,#961,#962,#963,#964,#965,#966,#967,#968,#969,#970,
#971,#972),(#973,#974,#975,#976,#977,#978,#979,#980,#981,#982,#983,#984,
#985,#986,#987,#988,#989,#990,#991,#992,#993,#994,#995,#996,#997,#998,#999,
#1000,#1001,#1002,#1003,#1004,#1005,#1006,#1007,#1008,#1009,#1010,#1011,
#1012,#1013,#1014,#1015,#1016,#1017,#1018,#1019,#1020,#1021,#1022,#1023,
#1024,#1025,#1026,#1027,#1028,#1029,#1030,#1031,#1032,#1033,#1034,#1035,
#1036,#1037,#1038,#1039,#1040,#1041,#1042,#1043,#1044,#1045,#1046,#1047,
#1048,#1049,#1050,#1051,#1052,#1053,#1054,#1055,#1056,#1057,#1058,#1059,
#1060,#1061,#1062,#1063,#1064,#1065,#1066,#1067,#1068,#1069,#1070)),
 .UNSPECIFIED.,.F.,.F.,.F.,(2,2),(4,1,1,1,1,1,1,1,1,1,1,1,1,1,1,1,1,1,1,
1,1,1,1,1,1,1,1,1,1,1,1,1,1,1,1,1,1,1,1,1,1,1,1,1,1,1,1,1,1,1,1,1,1,1,1,
1,1,1,1,1,1,1,1,1,1,1,1,1,1,1,1,1,1,1,1,1,1,1,1,1,1,1,1,1,1,1,1,1,1,1,1,
1,1,1,1,4),(0.,23.4),(55.3953721407995,61.9676985261357,69.1183359114153,
70.9171380387922,72.717855404816,76.2996496150123,83.399218686062,90.4255251885614,
97.3665590376458,104.245279836769,107.657745824002,111.602420066644,118.206849397473,
124.861610705476,130.248936513819,133.617694014314,140.372249927359,147.181991109144,
150.031377032943,153.479515849188,160.351532736943,167.183322925661,173.981042645898,
180.76511229418,184.143049888313,187.500551677372,194.223819249247,200.979720376325,
207.759330288947,214.558556294226,221.378451028851,228.094829802536,234.787114749756,
241.504610804419,248.245548789874,255.014805532662,258.414275965325,261.457761425849,
265.430491424879,269.363776656472,273.277830567048,277.192223819723,281.126281974425,
285.526412243142,290.242734839747,294.930222665603,299.584917546114,308.834207200684,
318.083496839128,322.738191718531,327.425679544387,332.142002140992,336.542132409709,
340.476190564411,344.390583817086,348.304637727662,352.237922959254,356.210652958284,
357.549457191621,359.254138418809,362.653608851472,369.42286559426,376.163803579714,
382.881299634377,389.573584581597,396.289963355283,403.109858089908,409.909084095187,
416.688694007809,423.444595134887,430.167862706762,433.525364495821,436.903302089955,
443.687371738237,450.485091458474,457.316881647192,464.188898534947,467.637037351192,
470.486423274991,477.296164456776,484.050720369821,487.419477870316,492.806803678659,
499.461564986663,506.065994317492,508.31243169746,510.010668560133,513.423134547365,
520.30185534649,527.242889195574,534.269195698073,541.368764769123,544.950558979319,
548.55007847272,555.700715857999,562.272055447701),.UNSPECIFIED.);
#377=B_SPLINE_SURFACE_WITH_KNOTS('',1,3,((#1071,#1072,#1073,#1074,#1075,
#1076,#1077,#1078,#1079,#1080,#1081,#1082,#1083,#1084,#1085,#1086,#1087,
#1088,#1089,#1090,#1091,#1092,#1093,#1094,#1095,#1096,#1097),(#1098,#1099,
#1100,#1101,#1102,#1103,#1104,#1105,#1106,#1107,#1108,#1109,#1110,#1111,
#1112,#1113,#1114,#1115,#1116,#1117,#1118,#1119,#1120,#1121,#1122,#1123,
#1124)),.UNSPECIFIED.,.F.,.F.,.F.,(2,2),(4,1,1,1,1,1,1,1,1,1,1,3,1,1,1,
1,1,1,1,1,1,1,4),(7.92105382156834,31.3210538215683),(581.214602740678,
584.083932427388,588.647933514685,597.648360043039,602.075114557959,604.017154193075,
605.835080716545,613.216822845665,620.755967001033,628.446023549831,632.352044691058,
636.3034461563,640.254847621542,644.160868762769,651.850925311565,659.390069466934,
663.101924805551,666.771811596054,670.53177775464,674.95853226956,683.958958797913,
688.522959885209,691.391285832377),.UNSPECIFIED.);
#378=B_SPLINE_SURFACE_WITH_KNOTS('',3,3,((#1125,#1126,#1127,#1128,#1129,
#1130),(#1131,#1132,#1133,#1134,#1135,#1136),(#1137,#1138,#1139,#1140,#1141,
#1142),(#1143,#1144,#1145,#1146,#1147,#1148),(#1149,#1150,#1151,#1152,#1153,
#1154),(#1155,#1156,#1157,#1158,#1159,#1160)),.UNSPECIFIED.,.F.,.F.,.F.,
(4,1,1,4),(4,1,1,4),(-7.53197816882605,-3.01873035361962,2.80988180765394,
7.32495359658678),(-5.67768564144831,-1.16258178516632,4.66624409655002,
9.18113265321476),.UNSPECIFIED.);
#379=B_SPLINE_SURFACE_WITH_KNOTS('',3,3,((#1161,#1162,#1163,#1164,#1165,
#1166,#1167,#1168),(#1169,#1170,#1171,#1172,#1173,#1174,#1175,#1176),(#1177,
#1178,#1179,#1180,#1181,#1182,#1183,#1184),(#1185,#1186,#1187,#1188,#1189,
#1190,#1191,#1192),(#1193,#1194,#1195,#1196,#1197,#1198,#1199,#1200),(#1201,
#1202,#1203,#1204,#1205,#1206,#1207,#1208),(#1209,#1210,#1211,#1212,#1213,
#1214,#1215,#1216),(#1217,#1218,#1219,#1220,#1221,#1222,#1223,#1224),(#1225,
#1226,#1227,#1228,#1229,#1230,#1231,#1232),(#1233,#1234,#1235,#1236,#1237,
#1238,#1239,#1240),(#1241,#1242,#1243,#1244,#1245,#1246,#1247,#1248),(#1249,
#1250,#1251,#1252,#1253,#1254,#1255,#1256),(#1257,#1258,#1259,#1260,#1261,
#1262,#1263,#1264),(#1265,#1266,#1267,#1268,#1269,#1270,#1271,#1272),(#1273,
#1274,#1275,#1276,#1277,#1278,#1279,#1280),(#1281,#1282,#1283,#1284,#1285,
#1286,#1287,#1288),(#1289,#1290,#1291,#1292,#1293,#1294,#1295,#1296),(#1297,
#1298,#1299,#1300,#1301,#1302,#1303,#1304),(#1305,#1306,#1307,#1308,#1309,
#1310,#1311,#1312),(#1313,#1314,#1315,#1316,#1317,#1318,#1319,#1320)),
 .UNSPECIFIED.,.F.,.F.,.F.,(4,2,1,2,2,2,2,2,2,1,4),(4,2,2,4),(0.,31.2257100818546,
50.1373019436998,69.0488938055449,106.872077529235,144.695261252926,182.518444976616,
220.341628700306,258.164812423996,279.465686371336,300.766560318675),(6.06705022898504,
70.2281994643178,119.980423970863,126.004623920361),.UNSPECIFIED.);
#380=B_SPLINE_SURFACE_WITH_KNOTS('',3,3,((#1321,#1322,#1323,#1324,#1325,
#1326,#1327,#1328,#1329,#1330,#1331,#1332,#1333,#1334,#1335,#1336,#1337,
#1338,#1339,#1340),(#1341,#1342,#1343,#1344,#1345,#1346,#1347,#1348,#1349,
#1350,#1351,#1352,#1353,#1354,#1355,#1356,#1357,#1358,#1359,#1360),(#1361,
#1362,#1363,#1364,#1365,#1366,#1367,#1368,#1369,#1370,#1371,#1372,#1373,
#1374,#1375,#1376,#1377,#1378,#1379,#1380),(#1381,#1382,#1383,#1384,#1385,
#1386,#1387,#1388,#1389,#1390,#1391,#1392,#1393,#1394,#1395,#1396,#1397,
#1398,#1399,#1400),(#1401,#1402,#1403,#1404,#1405,#1406,#1407,#1408,#1409,
#1410,#1411,#1412,#1413,#1414,#1415,#1416,#1417,#1418,#1419,#1420),(#1421,
#1422,#1423,#1424,#1425,#1426,#1427,#1428,#1429,#1430,#1431,#1432,#1433,
#1434,#1435,#1436,#1437,#1438,#1439,#1440),(#1441,#1442,#1443,#1444,#1445,
#1446,#1447,#1448,#1449,#1450,#1451,#1452,#1453,#1454,#1455,#1456,#1457,
#1458,#1459,#1460),(#1461,#1462,#1463,#1464,#1465,#1466,#1467,#1468,#1469,
#1470,#1471,#1472,#1473,#1474,#1475,#1476,#1477,#1478,#1479,#1480)),
 .UNSPECIFIED.,.F.,.F.,.F.,(4,2,2,4),(4,2,1,2,2,2,2,2,2,1,4),(6.06705022898504,
70.2281994643178,119.980423970863,126.004623920361),(0.,31.2257100818546,
50.1373019436998,69.0488938055449,106.872077529235,144.695261252926,182.518444976616,
220.341628700306,258.164812423996,279.465686371336,300.766560318675),
 .UNSPECIFIED.);
#381=B_SPLINE_SURFACE_WITH_KNOTS('',3,3,((#2378,#2379,#2380,#2381,#2382,
#2383,#2384,#2385,#2386,#2387,#2388),(#2389,#2390,#2391,#2392,#2393,#2394,
#2395,#2396,#2397,#2398,#2399),(#2400,#2401,#2402,#2403,#2404,#2405,#2406,
#2407,#2408,#2409,#2410),(#2411,#2412,#2413,#2414,#2415,#2416,#2417,#2418,
#2419,#2420,#2421),(#2422,#2423,#2424,#2425,#2426,#2427,#2428,#2429,#2430,
#2431,#2432),(#2433,#2434,#2435,#2436,#2437,#2438,#2439,#2440,#2441,#2442,
#2443),(#2444,#2445,#2446,#2447,#2448,#2449,#2450,#2451,#2452,#2453,#2454)),
 .UNSPECIFIED.,.F.,.F.,.F.,(4,1,1,1,4),(4,1,1,1,1,1,1,1,4),(126.202071028147,
135.333641166017,161.322292535413,195.804171834546,253.044155847334),(-8.17442935766677,
-7.34885871533355,-6.34885871533355,-5.34885871533355,-4.34885871533355,
-3.34885871533355,-2.34885871533355,-1.34885871533355,-0.222519161109414),
 .UNSPECIFIED.);
#382=B_SPLINE_SURFACE_WITH_KNOTS('',3,3,((#2455,#2456,#2457,#2458,#2459,
#2460,#2461),(#2462,#2463,#2464,#2465,#2466,#2467,#2468),(#2469,#2470,#2471,
#2472,#2473,#2474,#2475),(#2476,#2477,#2478,#2479,#2480,#2481,#2482),(#2483,
#2484,#2485,#2486,#2487,#2488,#2489),(#2490,#2491,#2492,#2493,#2494,#2495,
#2496),(#2497,#2498,#2499,#2500,#2501,#2502,#2503),(#2504,#2505,#2506,#2507,
#2508,#2509,#2510),(#2511,#2512,#2513,#2514,#2515,#2516,#2517),(#2518,#2519,
#2520,#2521,#2522,#2523,#2524),(#2525,#2526,#2527,#2528,#2529,#2530,#2531)),
 .UNSPECIFIED.,.F.,.F.,.F.,(4,1,1,1,1,1,1,1,4),(4,1,1,1,4),(-8.17442935766677,
-7.34885871533355,-6.34885871533355,-5.34885871533355,-4.34885871533355,
-3.34885871533355,-2.34885871533355,-1.34885871533355,-0.222519161109414),
(126.202071028147,135.333641166017,161.322292535413,195.804171834546,253.044155847334),
 .UNSPECIFIED.);
#383=B_SPLINE_SURFACE_WITH_KNOTS('',1,3,((#2532,#2533,#2534,#2535,#2536,
#2537,#2538,#2539,#2540,#2541,#2542,#2543,#2544,#2545,#2546,#2547,#2548,
#2549,#2550,#2551,#2552,#2553,#2554,#2555,#2556,#2557,#2558,#2559,#2560,
#2561,#2562,#2563,#2564,#2565,#2566,#2567,#2568,#2569,#2570,#2571,#2572,
#2573,#2574,#2575,#2576,#2577,#2578,#2579,#2580,#2581,#2582,#2583,#2584,
#2585,#2586,#2587,#2588,#2589,#2590,#2591),(#2592,#2593,#2594,#2595,#2596,
#2597,#2598,#2599,#2600,#2601,#2602,#2603,#2604,#2605,#2606,#2607,#2608,
#2609,#2610,#2611,#2612,#2613,#2614,#2615,#2616,#2617,#2618,#2619,#2620,
#2621,#2622,#2623,#2624,#2625,#2626,#2627,#2628,#2629,#2630,#2631,#2632,
#2633,#2634,#2635,#2636,#2637,#2638,#2639,#2640,#2641,#2642,#2643,#2644,
#2645,#2646,#2647,#2648,#2649,#2650,#2651)),.UNSPECIFIED.,.F.,.F.,.F.,(2,
2),(4,1,1,1,1,1,1,1,1,1,1,1,1,1,1,1,1,1,1,1,1,1,1,1,1,1,1,1,1,1,1,1,1,1,
1,1,1,1,1,1,1,1,1,1,1,1,1,1,1,1,1,1,1,1,1,1,1,4),(0.,22.7),(0.,4.11872932559503,
8.18682838809568,12.2082814240077,16.1863855510209,24.0159173058192,31.6668458440449,
35.8075093730985,40.4251397971276,45.0967705143007,49.8169599584129,54.5824727698875,
59.3928364585546,64.2495710796417,69.1575911718005,74.123032556741,79.1226311143889,
84.037617794988,88.8672339004616,93.6100866628429,98.2605416085038,102.850893181491,
107.381397419592,111.841692317333,114.041472314,116.196528902434,124.909078529909,
133.79751856969,138.318318745692,142.876285578303,147.477867581217,152.130126917484,
161.473935776827,170.73124240055,178.06795916049,187.129812011338,191.603475385502,
196.132859961462,205.222667479637,214.327759382321,223.443715241434,231.662330264672,
236.233186638613,245.373453002216,254.515906815822,259.093070546831,263.679150401983,
268.278858521824,273.293707944607,278.568837099694,282.49898847067,285.216631354506,
287.970497521327,294.374021177399,300.253292150869,306.401446593245,312.871949248229,
319.722550556562),.UNSPECIFIED.);
#384=B_SPLINE_SURFACE_WITH_KNOTS('',3,1,((#2653,#2654),(#2655,#2656),(#2657,
#2658),(#2659,#2660),(#2661,#2662),(#2663,#2664),(#2665,#2666),(#2667,#2668),
(#2669,#2670),(#2671,#2672),(#2673,#2674),(#2675,#2676),(#2677,#2678),(#2679,
#2680),(#2681,#2682),(#2683,#2684),(#2685,#2686),(#2687,#2688),(#2689,#2690),
(#2691,#2692),(#2693,#2694),(#2695,#2696),(#2697,#2698),(#2699,#2700),(#2701,
#2702),(#2703,#2704),(#2705,#2706),(#2707,#2708),(#2709,#2710),(#2711,#2712),
(#2713,#2714),(#2715,#2716),(#2717,#2718),(#2719,#2720),(#2721,#2722),(#2723,
#2724),(#2725,#2726),(#2727,#2728),(#2729,#2730),(#2731,#2732),(#2733,#2734),
(#2735,#2736),(#2737,#2738),(#2739,#2740),(#2741,#2742),(#2743,#2744),(#2745,
#2746),(#2747,#2748),(#2749,#2750),(#2751,#2752),(#2753,#2754),(#2755,#2756),
(#2757,#2758),(#2759,#2760),(#2761,#2762),(#2763,#2764),(#2765,#2766),(#2767,
#2768),(#2769,#2770),(#2771,#2772)),.UNSPECIFIED.,.F.,.F.,.F.,(4,1,1,1,
1,1,1,1,1,1,1,1,1,1,1,1,1,1,1,1,1,1,1,1,1,1,1,1,1,1,1,1,1,1,1,1,1,1,1,1,
1,1,1,1,1,1,1,1,1,1,1,1,1,1,1,1,1,4),(2,2),(0.,4.11404943376593,8.17756356622771,
16.1760283160065,24.0210842498172,31.7131747015371,35.6354361361752,40.2333786614379,
49.5516076681258,54.268686358025,59.0272226525621,63.8222787560494,68.6584076747937,
73.5431355595869,76.0064686749564,78.4863368132126,83.3963233258453,88.2290673714693,
92.9870697299109,97.6702443167633,102.273382414175,106.817808017277,111.301175465086,
115.717907917724,117.897179434843,120.023096010356,124.30863459462,133.001967929648,
141.861921670043,150.860105708826,155.419827682336,157.72013784459,160.025170065858,
169.21869539008,179.614475884424,188.661441220962,197.584119523265,206.506981916933,
215.509472529703,224.580372655939,233.717179066904,239.815769402936,244.309983405234,
253.367047026172,262.515875103831,271.771976368153,276.449972054692,279.067924445111,
281.810468701409,287.250560867674,289.955382614843,292.654613248056,298.051528990552,
303.903711094881,310.302052121151,316.588491704323,322.781758903588,328.887266295493),
(0.,22.),.UNSPECIFIED.);
#385=B_SPLINE_SURFACE_WITH_KNOTS('',3,3,((#2773,#2774,#2775,#2776,#2777,
#2778),(#2779,#2780,#2781,#2782,#2783,#2784),(#2785,#2786,#2787,#2788,#2789,
#2790),(#2791,#2792,#2793,#2794,#2795,#2796),(#2797,#2798,#2799,#2800,#2801,
#2802),(#2803,#2804,#2805,#2806,#2807,#2808)),.UNSPECIFIED.,.F.,.F.,.F.,
(4,1,1,4),(4,1,1,4),(-7.42764830692395,-2.9142789222124,2.91425083073799,
7.42764449515897),(-9.09960344699679,-4.58607035486203,1.2427135031287,
5.75620284200586),.UNSPECIFIED.);
#386=B_SPLINE_SURFACE_WITH_KNOTS('',3,3,((#2809,#2810,#2811,#2812,#2813,
#2814,#2815,#2816,#2817,#2818,#2819,#2820,#2821),(#2822,#2823,#2824,#2825,
#2826,#2827,#2828,#2829,#2830,#2831,#2832,#2833,#2834),(#2835,#2836,#2837,
#2838,#2839,#2840,#2841,#2842,#2843,#2844,#2845,#2846,#2847),(#2848,#2849,
#2850,#2851,#2852,#2853,#2854,#2855,#2856,#2857,#2858,#2859,#2860),(#2861,
#2862,#2863,#2864,#2865,#2866,#2867,#2868,#2869,#2870,#2871,#2872,#2873),
(#2874,#2875,#2876,#2877,#2878,#2879,#2880,#2881,#2882,#2883,#2884,#2885,
#2886),(#2887,#2888,#2889,#2890,#2891,#2892,#2893,#2894,#2895,#2896,#2897,
#2898,#2899),(#2900,#2901,#2902,#2903,#2904,#2905,#2906,#2907,#2908,#2909,
#2910,#2911,#2912),(#2913,#2914,#2915,#2916,#2917,#2918,#2919,#2920,#2921,
#2922,#2923,#2924,#2925),(#2926,#2927,#2928,#2929,#2930,#2931,#2932,#2933,
#2934,#2935,#2936,#2937,#2938),(#2939,#2940,#2941,#2942,#2943,#2944,#2945,
#2946,#2947,#2948,#2949,#2950,#2951),(#2952,#2953,#2954,#2955,#2956,#2957,
#2958,#2959,#2960,#2961,#2962,#2963,#2964),(#2965,#2966,#2967,#2968,#2969,
#2970,#2971,#2972,#2973,#2974,#2975,#2976,#2977),(#2978,#2979,#2980,#2981,
#2982,#2983,#2984,#2985,#2986,#2987,#2988,#2989,#2990),(#2991,#2992,#2993,
#2994,#2995,#2996,#2997,#2998,#2999,#3000,#3001,#3002,#3003),(#3004,#3005,
#3006,#3007,#3008,#3009,#3010,#3011,#3012,#3013,#3014,#3015,#3016),(#3017,
#3018,#3019,#3020,#3021,#3022,#3023,#3024,#3025,#3026,#3027,#3028,#3029),
(#3030,#3031,#3032,#3033,#3034,#3035,#3036,#3037,#3038,#3039,#3040,#3041,
#3042),(#3043,#3044,#3045,#3046,#3047,#3048,#3049,#3050,#3051,#3052,#3053,
#3054,#3055),(#3056,#3057,#3058,#3059,#3060,#3061,#3062,#3063,#3064,#3065,
#3066,#3067,#3068)),.UNSPECIFIED.,.F.,.F.,.F.,(4,2,1,2,2,2,2,2,2,1,4),(4,
1,2,1,2,1,2,4),(0.,31.2257100818546,50.1373019436998,69.0488938055449,106.872077529235,
144.695261252926,182.518444976616,220.341628700306,258.164812423996,279.465686371336,
300.766560318675),(126.804440637179,127.65703256844,135.333641166017,148.327966850715,
161.322292535413,178.56323218498,195.804171834546,248.680683012129),
 .UNSPECIFIED.);
#387=B_SPLINE_SURFACE_WITH_KNOTS('',3,3,((#3069,#3070,#3071,#3072,#3073,
#3074,#3075,#3076,#3077,#3078,#3079,#3080,#3081,#3082,#3083,#3084,#3085,
#3086,#3087,#3088),(#3089,#3090,#3091,#3092,#3093,#3094,#3095,#3096,#3097,
#3098,#3099,#3100,#3101,#3102,#3103,#3104,#3105,#3106,#3107,#3108),(#3109,
#3110,#3111,#3112,#3113,#3114,#3115,#3116,#3117,#3118,#3119,#3120,#3121,
#3122,#3123,#3124,#3125,#3126,#3127,#3128),(#3129,#3130,#3131,#3132,#3133,
#3134,#3135,#3136,#3137,#3138,#3139,#3140,#3141,#3142,#3143,#3144,#3145,
#3146,#3147,#3148),(#3149,#3150,#3151,#3152,#3153,#3154,#3155,#3156,#3157,
#3158,#3159,#3160,#3161,#3162,#3163,#3164,#3165,#3166,#3167,#3168),(#3169,
#3170,#3171,#3172,#3173,#3174,#3175,#3176,#3177,#3178,#3179,#3180,#3181,
#3182,#3183,#3184,#3185,#3186,#3187,#3188),(#3189,#3190,#3191,#3192,#3193,
#3194,#3195,#3196,#3197,#3198,#3199,#3200,#3201,#3202,#3203,#3204,#3205,
#3206,#3207,#3208),(#3209,#3210,#3211,#3212,#3213,#3214,#3215,#3216,#3217,
#3218,#3219,#3220,#3221,#3222,#3223,#3224,#3225,#3226,#3227,#3228),(#3229,
#3230,#3231,#3232,#3233,#3234,#3235,#3236,#3237,#3238,#3239,#3240,#3241,
#3242,#3243,#3244,#3245,#3246,#3247,#3248),(#3249,#3250,#3251,#3252,#3253,
#3254,#3255,#3256,#3257,#3258,#3259,#3260,#3261,#3262,#3263,#3264,#3265,
#3266,#3267,#3268),(#3269,#3270,#3271,#3272,#3273,#3274,#3275,#3276,#3277,
#3278,#3279,#3280,#3281,#3282,#3283,#3284,#3285,#3286,#3287,#3288),(#3289,
#3290,#3291,#3292,#3293,#3294,#3295,#3296,#3297,#3298,#3299,#3300,#3301,
#3302,#3303,#3304,#3305,#3306,#3307,#3308),(#3309,#3310,#3311,#3312,#3313,
#3314,#3315,#3316,#3317,#3318,#3319,#3320,#3321,#3322,#3323,#3324,#3325,
#3326,#3327,#3328)),.UNSPECIFIED.,.F.,.F.,.F.,(4,1,2,1,2,1,2,4),(4,2,1,
2,2,2,2,2,2,1,4),(126.804440637179,127.65703256844,135.333641166017,148.327966850715,
161.322292535413,178.56323218498,195.804171834546,248.680683012129),(0.,
31.2257100818546,50.1373019436998,69.0488938055449,106.872077529235,144.695261252926,
182.518444976616,220.341628700306,258.164812423996,279.465686371336,300.766560318675),
 .UNSPECIFIED.);
#388=B_SPLINE_SURFACE_WITH_KNOTS('',1,3,((#3349,#3350,#3351,#3352,#3353,
#3354,#3355,#3356,#3357,#3358,#3359,#3360,#3361,#3362,#3363,#3364,#3365,
#3366,#3367,#3368,#3369,#3370,#3371,#3372,#3373,#3374,#3375,#3376,#3377,
#3378,#3379,#3380,#3381,#3382,#3383,#3384,#3385,#3386,#3387,#3388,#3389,
#3390,#3391,#3392,#3393,#3394,#3395,#3396,#3397,#3398,#3399,#3400,#3401,
#3402,#3403,#3404,#3405,#3406,#3407,#3408,#3409,#3410,#3411),(#3412,#3413,
#3414,#3415,#3416,#3417,#3418,#3419,#3420,#3421,#3422,#3423,#3424,#3425,
#3426,#3427,#3428,#3429,#3430,#3431,#3432,#3433,#3434,#3435,#3436,#3437,
#3438,#3439,#3440,#3441,#3442,#3443,#3444,#3445,#3446,#3447,#3448,#3449,
#3450,#3451,#3452,#3453,#3454,#3455,#3456,#3457,#3458,#3459,#3460,#3461,
#3462,#3463,#3464,#3465,#3466,#3467,#3468,#3469,#3470,#3471,#3472,#3473,
#3474)),.UNSPECIFIED.,.F.,.F.,.F.,(2,2),(4,1,1,1,1,1,1,1,1,1,1,1,1,1,1,
1,1,1,1,1,1,1,1,1,1,1,1,1,1,1,1,1,1,1,1,1,1,1,1,1,1,1,1,1,1,1,1,1,1,1,1,
1,1,1,1,1,1,1,1,1,4),(0.,22.7),(319.722550556562,326.573151864895,333.043654519878,
339.191808962255,345.071079935725,351.474603591797,356.946112642454,360.876264013429,
366.151393168517,371.1662425913,375.76595071114,380.352030566293,384.929194297302,
394.071648110908,403.211914474511,407.782770848452,411.437944674065,416.00138587169,
425.117341730803,434.222433633487,443.312241151663,447.841625727623,452.315289101787,
461.377141952635,468.713858712574,477.971165336298,482.632563813089,487.314974195641,
491.967233531908,496.568815534822,501.126782367433,505.647582543435,514.536022583216,
523.248572210691,525.403628799125,527.603408795793,532.063703693533,536.594207931634,
541.184559504622,545.835014450284,550.577867212665,555.407483318139,560.322469998739,
565.322068556387,570.287509941327,575.195530033486,580.052264654573,584.86262834324,
589.628141154715,594.348330598827,599.019961316001,603.63759174003,607.778255269084,
611.579843386566,615.42918380731,619.322786627335,623.258715562108,627.236819689121,
631.258272725032,635.326371787533,639.445101113128),.UNSPECIFIED.);
#389=B_SPLINE_SURFACE_WITH_KNOTS('',3,1,((#3475,#3476),(#3477,#3478),(#3479,
#3480),(#3481,#3482),(#3483,#3484),(#3485,#3486),(#3487,#3488),(#3489,#3490),
(#3491,#3492),(#3493,#3494),(#3495,#3496),(#3497,#3498),(#3499,#3500),(#3501,
#3502),(#3503,#3504),(#3505,#3506),(#3507,#3508),(#3509,#3510),(#3511,#3512),
(#3513,#3514),(#3515,#3516),(#3517,#3518),(#3519,#3520),(#3521,#3522),(#3523,
#3524),(#3525,#3526),(#3527,#3528),(#3529,#3530),(#3531,#3532),(#3533,#3534),
(#3535,#3536),(#3537,#3538),(#3539,#3540),(#3541,#3542),(#3543,#3544),(#3545,
#3546),(#3547,#3548),(#3549,#3550),(#3551,#3552),(#3553,#3554),(#3555,#3556),
(#3557,#3558),(#3559,#3560),(#3561,#3562),(#3563,#3564),(#3565,#3566),(#3567,
#3568),(#3569,#3570),(#3571,#3572),(#3573,#3574),(#3575,#3576),(#3577,#3578),
(#3579,#3580),(#3581,#3582),(#3583,#3584),(#3585,#3586),(#3587,#3588),(#3589,
#3590),(#3591,#3592)),.UNSPECIFIED.,.F.,.F.,.F.,(4,1,1,1,1,1,1,1,1,1,1,
1,1,1,1,1,1,1,1,1,1,1,1,1,1,1,1,1,1,1,1,1,1,1,1,1,1,1,1,1,1,1,1,1,1,1,1,
1,1,1,1,1,1,1,1,1,4),(2,2),(328.887266295493,334.992773673922,341.186040868738,
347.472480451515,353.870821477784,359.723003582113,365.119919324609,370.523971704991,
375.964063871256,378.706608127555,381.324560517974,386.002556204512,395.258657468835,
404.407485546494,413.464549167432,424.057353505762,433.194159916726,442.265060042963,
451.267550655733,460.190413049401,469.113091351704,478.160056688242,483.977649001092,
488.555837182586,497.749362506808,500.054394728076,502.35470489033,506.91442686384,
515.912610902623,524.772564643018,533.465897978046,537.75143656231,539.877353137823,
542.056624654942,550.956724555389,555.501150158491,560.104288255903,564.787462842756,
569.545465201197,574.378209246821,579.288195759454,581.76806389771,584.231397013079,
589.116124897873,593.952253816617,598.747309920104,603.505846214641,608.22292490454,
617.541153911229,622.139096436491,624.164216603878,626.061357871142,633.753448322901,
641.598504256764,649.596969006615,653.660483139121,657.774532572936),(0.,
22.),.UNSPECIFIED.);
#390=SHAPE_DEFINITION_REPRESENTATION(#391,#476);
#391=PRODUCT_DEFINITION_SHAPE('Document','',#393);
#392=PRODUCT_DEFINITION_CONTEXT('3D Mechanical Parts',#465,'design');
#393=PRODUCT_DEFINITION('A','First version',#435,#392);
#394=DATE_TIME_ROLE('classification_date');
#395=DATE_TIME_ROLE('creation_date');
#396=APPLIED_DATE_AND_TIME_ASSIGNMENT(#420,#394,(#399));
#397=APPLIED_DATE_AND_TIME_ASSIGNMENT(#422,#395,(#393));
#398=SECURITY_CLASSIFICATION_LEVEL('unclassified');
#399=SECURITY_CLASSIFICATION('A','Security for version',#398);
#400=APPLIED_SECURITY_CLASSIFICATION_ASSIGNMENT(#399,(#435));
#401=APPROVAL_ROLE('Version approval');
#402=APPROVAL_ROLE('Version Security approval');
#403=APPROVAL_ROLE('Definition approval');
#404=APPROVAL_PERSON_ORGANIZATION(#453,#429,#401);
#405=APPROVAL_PERSON_ORGANIZATION(#454,#430,#402);
#406=APPROVAL_PERSON_ORGANIZATION(#457,#431,#403);
#407=COORDINATED_UNIVERSAL_TIME_OFFSET(5,0,.BEHIND.);
#408=LOCAL_TIME(0,0,0.,#407);
#409=LOCAL_TIME(0,0,0.,#407);
#410=LOCAL_TIME(0,0,0.,#407);
#411=LOCAL_TIME(0,0,0.,#407);
#412=LOCAL_TIME(0,0,0.,#407);
#413=CALENDAR_DATE(1999,1,1);
#414=CALENDAR_DATE(1999,1,1);
#415=CALENDAR_DATE(1999,1,1);
#416=CALENDAR_DATE(1999,1,1);
#417=CALENDAR_DATE(1999,1,1);
#418=DATE_AND_TIME(#413,#408);
#419=DATE_AND_TIME(#414,#409);
#420=DATE_AND_TIME(#415,#410);
#421=DATE_AND_TIME(#416,#411);
#422=DATE_AND_TIME(#417,#412);
#423=APPROVAL_DATE_TIME(#418,#429);
#424=APPROVAL_DATE_TIME(#419,#430);
#425=APPROVAL_DATE_TIME(#421,#431);
#426=APPROVAL_STATUS('not_yet_approved');
#427=APPROVAL_STATUS('not_yet_approved');
#428=APPROVAL_STATUS('approved');
#429=APPROVAL(#426,'Version approval');
#430=APPROVAL(#427,'Version Security approval');
#431=APPROVAL(#428,'Definition approval');
#432=APPLIED_APPROVAL_ASSIGNMENT(#429,(#435));
#433=APPLIED_APPROVAL_ASSIGNMENT(#430,(#399));
#434=APPLIED_APPROVAL_ASSIGNMENT(#431,(#393));
#435=PRODUCT_DEFINITION_FORMATION_WITH_SPECIFIED_SOURCE('A',
'First version',#467,.MADE.);
#436=PERSON_AND_ORGANIZATION_ROLE('design_owner');
#437=PERSON_AND_ORGANIZATION_ROLE('creator');
#438=PERSON_AND_ORGANIZATION_ROLE('design_supplier');
#439=PERSON_AND_ORGANIZATION_ROLE('classification_officer');
#440=PERSON_AND_ORGANIZATION_ROLE('creator');
#441=ORGANIZATION('STI','lab','lab');
#442=ORGANIZATION('STI','unknown','unknown');
#443=ORGANIZATION('STI','unknown','unknown');
#444=ORGANIZATION('STI','unknown','unknown');
#445=ORGANIZATION('STI','unknown','unknown');
#446=ORGANIZATION('STI','unknown','unknown');
#447=ORGANIZATION('STI','unknown','unknown');
#448=PERSON('1','Box','vc60',$,$,$);
#449=PERSON('2','last','first',$,$,$);
#450=PERSON('3','President','Mr.',$,$,$);
#451=PERSON_AND_ORGANIZATION(#448,#441);
#452=PERSON_AND_ORGANIZATION(#449,#442);
#453=PERSON_AND_ORGANIZATION(#450,#443);
#454=PERSON_AND_ORGANIZATION(#450,#444);
#455=PERSON_AND_ORGANIZATION(#450,#445);
#456=PERSON_AND_ORGANIZATION(#449,#446);
#457=PERSON_AND_ORGANIZATION(#450,#447);
#458=APPLIED_PERSON_AND_ORGANIZATION_ASSIGNMENT(#451,#436,(#467));
#459=APPLIED_PERSON_AND_ORGANIZATION_ASSIGNMENT(#452,#437,(#435));
#460=APPLIED_PERSON_AND_ORGANIZATION_ASSIGNMENT(#452,#438,(#435));
#461=APPLIED_PERSON_AND_ORGANIZATION_ASSIGNMENT(#455,#439,(#399));
#462=APPLIED_PERSON_AND_ORGANIZATION_ASSIGNMENT(#456,#440,(#393));
#463=PRODUCT_RELATED_PRODUCT_CATEGORY('detail','detail',(#467));
#464=APPLICATION_PROTOCOL_DEFINITION('International Standard',
'config_control_design',1994,#465);
#465=APPLICATION_CONTEXT(
'configuration controlled 3d designs of mechanical parts and assemblie
s');
#466=PRODUCT_CONTEXT('3D Mechanical Parts',#465,'mechanical');
#467=PRODUCT('Document','Document','',(#466));
#468=(
LENGTH_UNIT()
NAMED_UNIT(*)
SI_UNIT(.MILLI.,.METRE.)
);
#469=(
NAMED_UNIT(*)
PLANE_ANGLE_UNIT()
SI_UNIT($,.RADIAN.)
);
#470=DIMENSIONAL_EXPONENTS(0.,0.,0.,0.,0.,0.,0.);
#471=PLANE_ANGLE_MEASURE_WITH_UNIT(PLANE_ANGLE_MEASURE(0.01745329252),#469);
#472=(
CONVERSION_BASED_UNIT('DEGREES',#471)
NAMED_UNIT(#470)
PLANE_ANGLE_UNIT()
);
#473=(
NAMED_UNIT(*)
SI_UNIT($,.STERADIAN.)
SOLID_ANGLE_UNIT()
);
#474=UNCERTAINTY_MEASURE_WITH_UNIT(LENGTH_MEASURE(0.001),#468,
'DISTANCE_ACCURACY_VALUE',
'Maximum model space distance between geometric entities at asserted c
onnectivities');
#475=(
GEOMETRIC_REPRESENTATION_CONTEXT(3)
GLOBAL_UNCERTAINTY_ASSIGNED_CONTEXT((#474))
GLOBAL_UNIT_ASSIGNED_CONTEXT((#473,#472,#468))
REPRESENTATION_CONTEXT('ID1','3D')
);
#476=SHAPE_REPRESENTATION('Document',(#477,#482),#475);
#477=AXIS2_PLACEMENT_3D('',#491,#483,#484);
#478=AXIS2_PLACEMENT_3D('',#874,#485,$);
#479=AXIS2_PLACEMENT_3D('',#1481,#486,$);
#480=AXIS2_PLACEMENT_3D('',#2377,#487,$);
#481=AXIS2_PLACEMENT_3D('',#2652,#488,$);
#482=AXIS2_PLACEMENT_3D('',#4444,#489,#490);
#483=DIRECTION('',(0.,0.,1.));
#484=DIRECTION('',(1.,0.,0.));
#485=DIRECTION('',(0.,0.,1.));
#486=DIRECTION('',(0.,0.,-1.));
#487=DIRECTION('',(0.,0.,-1.));
#488=DIRECTION('',(0.,0.,1.));
#489=DIRECTION('',(0.,0.,1.));
#490=DIRECTION('',(1.,0.,0.));
#491=CARTESIAN_POINT('',(0.,0.,0.));
#492=CARTESIAN_POINT('',(-92.5494320715764,1.96633246447735,12.3242972255232));
#493=CARTESIAN_POINT('',(-92.5494320715764,1.96633246447735,-10.3757027744768));
#494=CARTESIAN_POINT('',(-92.5490187141276,3.46806872995979,12.3242972255232));
#495=CARTESIAN_POINT('',(-92.5490187141276,3.46806872995979,-10.3757027744768));
#496=CARTESIAN_POINT('',(-92.4429751608324,8.33606861823945,12.3242972255232));
#497=CARTESIAN_POINT('',(-92.4429751608324,8.33606861823945,-10.3757027744768));
#498=CARTESIAN_POINT('',(-91.763483897304,16.1052520897647,12.3242972255232));
#499=CARTESIAN_POINT('',(-91.763483897304,16.1052520897647,-10.3757027744768));
#500=CARTESIAN_POINT('',(-90.2970100786322,25.1662798351763,12.3242972255232));
#501=CARTESIAN_POINT('',(-90.2970100786322,25.1662798351763,-10.3757027744768));
#502=CARTESIAN_POINT('',(-88.388909479894,33.6829173008079,12.3242972255232));
#503=CARTESIAN_POINT('',(-88.388909479894,33.6829173008079,-10.3757027744768));
#504=CARTESIAN_POINT('',(-86.0282117981891,42.0824790029855,12.3242972255232));
#505=CARTESIAN_POINT('',(-86.0282117981891,42.0824790029855,-10.3757027744768));
#506=CARTESIAN_POINT('',(-83.1491163908696,50.3621377182128,12.3242972255232));
#507=CARTESIAN_POINT('',(-83.1491163908696,50.3621377182128,-10.3757027744768));
#508=CARTESIAN_POINT('',(-79.7178914190443,58.4405302938663,12.3242972255232));
#509=CARTESIAN_POINT('',(-79.7178914190443,58.4405302938663,-10.3757027744768));
#510=CARTESIAN_POINT('',(-76.1272495040438,65.3951789335427,12.3242972255232));
#511=CARTESIAN_POINT('',(-76.1272495040438,65.3951789335427,-10.3757027744768));
#512=CARTESIAN_POINT('',(-72.8219508726533,70.834568396301,12.3242972255232));
#513=CARTESIAN_POINT('',(-72.8219508726533,70.834568396301,-10.3757027744768));
#514=CARTESIAN_POINT('',(-69.2393059630872,76.0973815667983,12.3242972255232));
#515=CARTESIAN_POINT('',(-69.2393059630872,76.0973815667983,-10.3757027744768));
#516=CARTESIAN_POINT('',(-64.7089671414575,81.8621328945469,12.3242972255232));
#517=CARTESIAN_POINT('',(-64.7089671414575,81.8621328945469,-10.3757027744768));
#518=CARTESIAN_POINT('',(-58.6095345325304,88.2126397741595,12.3242972255232));
#519=CARTESIAN_POINT('',(-58.6095345325304,88.2126397741595,-10.3757027744768));
#520=CARTESIAN_POINT('',(-52.9750283111368,92.9307029228498,12.3242972255232));
#521=CARTESIAN_POINT('',(-52.9750283111368,92.9307029228498,-10.3757027744768));
#522=CARTESIAN_POINT('',(-48.6987540476381,95.9087098591039,12.3242972255232));
#523=CARTESIAN_POINT('',(-48.6987540476381,95.9087098591039,-10.3757027744768));
#524=CARTESIAN_POINT('',(-46.0650007403629,97.5628741321797,12.3242972255232));
#525=CARTESIAN_POINT('',(-46.0650007403629,97.5628741321797,-10.3757027744768));
#526=CARTESIAN_POINT('',(-43.1862631886235,99.2325991628322,12.3242972255232));
#527=CARTESIAN_POINT('',(-43.1862631886235,99.2325991628322,-10.3757027744768));
#528=CARTESIAN_POINT('',(-40.168346876051,100.767937186458,12.3242972255232));
#529=CARTESIAN_POINT('',(-40.168346876051,100.767937186458,-10.3757027744768));
#530=CARTESIAN_POINT('',(-37.0434650196221,102.142632538044,12.3242972255232));
#531=CARTESIAN_POINT('',(-37.0434650196221,102.142632538044,-10.3757027744768));
#532=CARTESIAN_POINT('',(-33.798694784079,103.426787264233,12.3242972255232));
#533=CARTESIAN_POINT('',(-33.798694784079,103.426787264233,-10.3757027744768));
#534=CARTESIAN_POINT('',(-29.5683774501381,104.832939005604,12.3242972255232));
#535=CARTESIAN_POINT('',(-29.5683774501381,104.832939005604,-10.3757027744768));
#536=CARTESIAN_POINT('',(-24.2530650421212,106.187488390402,12.3242972255232));
#537=CARTESIAN_POINT('',(-24.2530650421212,106.187488390402,-10.3757027744768));
#538=CARTESIAN_POINT('',(-18.6501295224773,107.223590591884,12.3242972255232));
#539=CARTESIAN_POINT('',(-18.6501295224773,107.223590591884,-10.3757027744768));
#540=CARTESIAN_POINT('',(-12.7376455329582,107.949930826342,12.3242972255232));
#541=CARTESIAN_POINT('',(-12.7376455329582,107.949930826342,-10.3757027744768));
#542=CARTESIAN_POINT('',(-6.48642012143571,108.375418924673,12.3242972255232));
#543=CARTESIAN_POINT('',(-6.48642012143571,108.375418924673,-10.3757027744768));
#544=CARTESIAN_POINT('',(1.06228160527056E-5,108.506056015648,12.3242972255232));
#545=CARTESIAN_POINT('',(1.062281605005E-5,108.506056015648,-10.3757027744768));
#546=CARTESIAN_POINT('',(6.48640872462339,108.375436831885,12.3242972255232));
#547=CARTESIAN_POINT('',(6.48640872462339,108.375436831885,-10.3757027744768));
#548=CARTESIAN_POINT('',(12.7376499717734,107.949888764933,12.3242972255232));
#549=CARTESIAN_POINT('',(12.7376499717734,107.949888764933,-10.3757027744768));
#550=CARTESIAN_POINT('',(18.6501309604513,107.223671665212,12.3242972255232));
#551=CARTESIAN_POINT('',(18.6501309604513,107.223671665212,-10.3757027744768));
#552=CARTESIAN_POINT('',(24.2530589699284,106.187420770398,12.3242972255232));
#553=CARTESIAN_POINT('',(24.2530589699284,106.187420770398,-10.3757027744768));
#554=CARTESIAN_POINT('',(29.5683904574748,104.833014415916,12.3242972255232));
#555=CARTESIAN_POINT('',(29.5683904574748,104.833014415916,-10.3757027744768));
#556=CARTESIAN_POINT('',(33.7986725105094,103.426696655941,12.3242972255232));
#557=CARTESIAN_POINT('',(33.7986725105094,103.426696655941,-10.3757027744768));
#558=CARTESIAN_POINT('',(37.043484881591,102.142675307262,12.3242972255232));
#559=CARTESIAN_POINT('',(37.043484881591,102.142675307262,-10.3757027744768));
#560=CARTESIAN_POINT('',(40.1683082232421,100.767899207079,12.3242972255232));
#561=CARTESIAN_POINT('',(40.1683082232421,100.767899207079,-10.3757027744768));
#562=CARTESIAN_POINT('',(43.1863258566792,99.2326354341708,12.3242972255232));
#563=CARTESIAN_POINT('',(43.1863258566792,99.2326354341708,-10.3757027744768));
#564=CARTESIAN_POINT('',(46.0649659849192,97.5628510400915,12.3242972255232));
#565=CARTESIAN_POINT('',(46.0649659849192,97.5628510400915,-10.3757027744768));
#566=CARTESIAN_POINT('',(48.6987857038728,95.9087374192649,12.3242972255232));
#567=CARTESIAN_POINT('',(48.6987857038728,95.9087374192649,-10.3757027744768));
#568=CARTESIAN_POINT('',(52.9749830674728,92.9306544027534,12.3242972255232));
#569=CARTESIAN_POINT('',(52.9749830674728,92.9306544027534,-10.3757027744768));
#570=CARTESIAN_POINT('',(58.6095704299989,88.2126776726195,12.3242972255232));
#571=CARTESIAN_POINT('',(58.6095704299989,88.2126776726195,-10.3757027744768));
#572=CARTESIAN_POINT('',(64.7089310790448,81.8620996247027,12.3242972255232));
#573=CARTESIAN_POINT('',(64.7089310790448,81.8620996247027,-10.3757027744768));
#574=CARTESIAN_POINT('',(69.2393510106051,76.0974146559549,12.3242972255232));
#575=CARTESIAN_POINT('',(69.2393510106051,76.0974146559549,-10.3757027744768));
#576=CARTESIAN_POINT('',(72.8219079281673,70.8345523226368,12.3242972255232));
#577=CARTESIAN_POINT('',(72.8219079281673,70.8345523226368,-10.3757027744768));
#578=CARTESIAN_POINT('',(76.1273367815009,65.3951900532948,12.3242972255232));
#579=CARTESIAN_POINT('',(76.1273367815009,65.3951900532948,-10.3757027744768));
#580=CARTESIAN_POINT('',(79.7177462006411,58.4405247177542,12.3242972255232));
#581=CARTESIAN_POINT('',(79.7177462006411,58.4405247177542,-10.3757027744768));
#582=CARTESIAN_POINT('',(83.1492564457838,50.3621345026313,12.3242972255232));
#583=CARTESIAN_POINT('',(83.1492564457838,50.3621345026313,-10.3757027744768));
#584=CARTESIAN_POINT('',(86.028028474705,42.0824917520042,12.3242972255232));
#585=CARTESIAN_POINT('',(86.028028474705,42.0824917520042,-10.3757027744768));
#586=CARTESIAN_POINT('',(88.3891944832959,33.6828911293131,12.3242972255232));
#587=CARTESIAN_POINT('',(88.3891944832959,33.6828911293131,-10.3757027744768));
#588=CARTESIAN_POINT('',(90.2967403528669,25.1663437653401,12.3242972255232));
#589=CARTESIAN_POINT('',(90.2967403528669,25.1663437653401,-10.3757027744768));
#590=CARTESIAN_POINT('',(91.526628474136,17.5703048026504,12.3242972255232));
#591=CARTESIAN_POINT('',(91.526628474136,17.5703048026504,-10.3757027744768));
#592=CARTESIAN_POINT('',(92.1824792672086,11.3127039756782,12.3242972255232));
#593=CARTESIAN_POINT('',(92.1824792672086,11.3127039756782,-10.3757027744768));
#594=CARTESIAN_POINT('',(92.4840001028544,6.45355291116256,12.3242972255232));
#595=CARTESIAN_POINT('',(92.4840001028544,6.45355291116256,-10.3757027744768));
#596=CARTESIAN_POINT('',(92.5490322216367,3.46851592964816,12.3242972255232));
#597=CARTESIAN_POINT('',(92.5490322216367,3.46851592964816,-10.3757027744768));
#598=CARTESIAN_POINT('',(92.5494446741265,1.96702551470968,12.3242972255232));
#599=CARTESIAN_POINT('',(92.5494446741265,1.96702551470968,-10.3757027744768));
#600=CARTESIAN_POINT('',(92.5494446741265,1.96702551473098,12.3242972255232));
#601=CARTESIAN_POINT('',(92.5494446741265,1.96702551473097,-10.3757027744768));
#602=CARTESIAN_POINT('',(92.5490420415273,0.504647560074989,12.3242972255232));
#603=CARTESIAN_POINT('',(92.5490420415273,0.504647560074985,-10.3757027744768));
#604=CARTESIAN_POINT('',(92.5018770036143,-1.70637232890283,12.3242972255232));
#605=CARTESIAN_POINT('',(92.5018770036143,-1.70637232890283,-10.3757027744768));
#606=CARTESIAN_POINT('',(92.3388813327562,-4.66182636095236,12.3242972255232));
#607=CARTESIAN_POINT('',(92.3388813327562,-4.66182636095236,-10.3757027744768));
#608=CARTESIAN_POINT('',(92.1039413311499,-7.63502777611347,12.3242972255232));
#609=CARTESIAN_POINT('',(92.1039413311499,-7.63502777611347,-10.3757027744768));
#610=CARTESIAN_POINT('',(91.5176735685314,-12.7635894708634,12.3242972255232));
#611=CARTESIAN_POINT('',(91.5176735685314,-12.7635894708634,-10.3757027744768));
#612=CARTESIAN_POINT('',(90.2249058076049,-19.9381431391717,12.3242972255232));
#613=CARTESIAN_POINT('',(90.2249058076049,-19.9381431391717,-10.3757027744768));
#614=CARTESIAN_POINT('',(88.1055048295523,-28.2935146326851,12.3242972255232));
#615=CARTESIAN_POINT('',(88.1055048295523,-28.2935146326851,-10.3757027744768));
#616=CARTESIAN_POINT('',(86.0041319469014,-35.0525403657257,12.3242972255232));
#617=CARTESIAN_POINT('',(86.0041319469014,-35.0525403657257,-10.3757027744768));
#618=CARTESIAN_POINT('',(84.4243299956561,-39.6814051875451,12.3242972255232));
#619=CARTESIAN_POINT('',(84.4243299956561,-39.6814051875451,-10.3757027744768));
#620=CARTESIAN_POINT('',(83.4992168146892,-42.2988528488733,12.3242972255232));
#621=CARTESIAN_POINT('',(83.4992168146892,-42.2988528488733,-10.3757027744768));
#622=CARTESIAN_POINT('',(82.0566251357225,-46.3011489819578,12.3242972255232));
#623=CARTESIAN_POINT('',(82.0566251357225,-46.3011489819578,-10.3757027744768));
#624=CARTESIAN_POINT('',(79.7323362739258,-52.3766893806077,12.3242972255232));
#625=CARTESIAN_POINT('',(79.7323362739258,-52.3766893806077,-10.3757027744768));
#626=CARTESIAN_POINT('',(76.7586173258085,-59.0505611306108,12.3242972255232));
#627=CARTESIAN_POINT('',(76.7586173258085,-59.0505611306108,-10.3757027744768));
#628=CARTESIAN_POINT('',(74.0114183093991,-64.3487002593465,12.3242972255232));
#629=CARTESIAN_POINT('',(74.0114183093991,-64.3487002593465,-10.3757027744768));
#630=CARTESIAN_POINT('',(71.7114308555948,-68.3142304324981,12.3242972255232));
#631=CARTESIAN_POINT('',(71.7114308555948,-68.3142304324981,-10.3757027744768));
#632=CARTESIAN_POINT('',(69.1554798052266,-72.2125840676132,12.3242972255232));
#633=CARTESIAN_POINT('',(69.1554798052266,-72.2125840676132,-10.3757027744768));
#634=CARTESIAN_POINT('',(66.7978038550845,-75.3576950490542,12.3242972255232));
#635=CARTESIAN_POINT('',(66.7978038550845,-75.3576950490542,-10.3757027744768));
#636=CARTESIAN_POINT('',(64.7664063141108,-77.7869488717986,12.3242972255232));
#637=CARTESIAN_POINT('',(64.7664063141108,-77.7869488717986,-10.3757027744768));
#638=CARTESIAN_POINT('',(62.6551046235855,-80.1320755763907,12.3242972255232));
#639=CARTESIAN_POINT('',(62.6551046235855,-80.1320755763907,-10.3757027744768));
#640=CARTESIAN_POINT('',(59.8879145566765,-82.898969840653,12.3242972255232));
#641=CARTESIAN_POINT('',(59.8879145566765,-82.898969840653,-10.3757027744768));
#642=CARTESIAN_POINT('',(56.3820513266745,-85.9727722456461,12.3242972255232));
#643=CARTESIAN_POINT('',(56.3820513266745,-85.9727722456461,-10.3757027744768));
#644=CARTESIAN_POINT('',(52.7292390279924,-88.8031962390022,12.3242972255232));
#645=CARTESIAN_POINT('',(52.7292390279924,-88.8031962390022,-10.3757027744768));
#646=CARTESIAN_POINT('',(48.955922915584,-91.4032155626776,12.3242972255232));
#647=CARTESIAN_POINT('',(48.955922915584,-91.4032155626776,-10.3757027744768));
#648=CARTESIAN_POINT('',(43.8209498011703,-94.5665311732086,12.3242972255232));
#649=CARTESIAN_POINT('',(43.8209498011703,-94.5665311732086,-10.3757027744768));
#650=CARTESIAN_POINT('',(38.5216783168265,-97.3392163396176,12.3242972255232));
#651=CARTESIAN_POINT('',(38.5216783168265,-97.3392163396176,-10.3757027744768));
#652=CARTESIAN_POINT('',(33.863073450871,-99.4350907676719,12.3242972255232));
#653=CARTESIAN_POINT('',(33.863073450871,-99.4350907676719,-10.3757027744768));
#654=CARTESIAN_POINT('',(31.3525446209331,-100.487148645619,12.3242972255232));
#655=CARTESIAN_POINT('',(31.3525446209331,-100.487148645619,-10.3757027744768));
#656=CARTESIAN_POINT('',(27.913829998837,-101.867075144731,12.3242972255232));
#657=CARTESIAN_POINT('',(27.913829998837,-101.867075144731,-10.3757027744768));
#658=CARTESIAN_POINT('',(22.6630169852867,-103.73459013025,12.3242972255232));
#659=CARTESIAN_POINT('',(22.6630169852867,-103.73459013025,-10.3757027744768));
#660=CARTESIAN_POINT('',(15.389445782624,-105.704467927561,12.3242972255232));
#661=CARTESIAN_POINT('',(15.389445782624,-105.704467927561,-10.3757027744768));
#662=CARTESIAN_POINT('',(9.09938446208446,-106.794802047259,12.3242972255232));
#663=CARTESIAN_POINT('',(9.09938446208446,-106.794802047259,-10.3757027744768));
#664=CARTESIAN_POINT('',(3.93612223144234,-107.260757625157,12.3242972255232));
#665=CARTESIAN_POINT('',(3.93612223144234,-107.260757625157,-10.3757027744768));
#666=CARTESIAN_POINT('',(1.31713381823683,-107.342356620721,12.3242972255232));
#667=CARTESIAN_POINT('',(1.31713381823683,-107.342356620721,-10.3757027744768));
#668=CARTESIAN_POINT('',(-3.5103653317492E-9,-107.342161474643,12.3242972255232));
#669=CARTESIAN_POINT('',(-3.5103653317492E-9,-107.342161474643,-10.3757027744768));
#670=CARTESIAN_POINT('',(-1.31713382525767,-107.342356620766,12.3242972255232));
#671=CARTESIAN_POINT('',(-1.31713382525767,-107.342356620766,-10.3757027744768));
#672=CARTESIAN_POINT('',(-3.93612342545883,-107.260754776889,12.3242972255232));
#673=CARTESIAN_POINT('',(-3.93612342545883,-107.260754776889,-10.3757027744768));
#674=CARTESIAN_POINT('',(-9.09938207391906,-106.794807440732,12.3242972255232));
#675=CARTESIAN_POINT('',(-9.09938207391906,-106.794807440732,-10.3757027744768));
#676=CARTESIAN_POINT('',(-15.3894509937805,-105.704458752441,12.3242972255232));
#677=CARTESIAN_POINT('',(-15.3894509937805,-105.704458752441,-10.3757027744768));
#678=CARTESIAN_POINT('',(-21.4824643205721,-104.053566449542,12.3242972255232));
#679=CARTESIAN_POINT('',(-21.4824643205721,-104.053566449542,-10.3757027744768));
#680=CARTESIAN_POINT('',(-26.192380283044,-102.478745871166,12.3242972255232));
#681=CARTESIAN_POINT('',(-26.192380283044,-102.478745871166,-10.3757027744768));
#682=CARTESIAN_POINT('',(-29.6645675030832,-101.180967016039,12.3242972255232));
#683=CARTESIAN_POINT('',(-29.6645675030832,-101.180967016039,-10.3757027744768));
#684=CARTESIAN_POINT('',(-33.3117861279756,-99.6829821099698,12.3242972255232));
#685=CARTESIAN_POINT('',(-33.3117861279756,-99.6829821099698,-10.3757027744768));
#686=CARTESIAN_POINT('',(-38.5218815094174,-97.3394063853536,12.3242972255232));
#687=CARTESIAN_POINT('',(-38.5218815094174,-97.3394063853536,-10.3757027744768));
#688=CARTESIAN_POINT('',(-43.8207942230843,-94.5663963014886,12.3242972255232));
#689=CARTESIAN_POINT('',(-43.8207942230843,-94.5663963014886,-10.3757027744768));
#690=CARTESIAN_POINT('',(-48.9560217961778,-91.4032991312021,12.3242972255232));
#691=CARTESIAN_POINT('',(-48.9560217961778,-91.4032991312021,-10.3757027744768));
#692=CARTESIAN_POINT('',(-52.7291601758308,-88.8031300924609,12.3242972255232));
#693=CARTESIAN_POINT('',(-52.7291601758308,-88.8031300924609,-10.3757027744768));
#694=CARTESIAN_POINT('',(-56.3821281685843,-85.9728377760487,12.3242972255232));
#695=CARTESIAN_POINT('',(-56.3821281685843,-85.9728377760487,-10.3757027744768));
#696=CARTESIAN_POINT('',(-59.8878501667977,-82.8989017418053,12.3242972255232));
#697=CARTESIAN_POINT('',(-59.8878501667977,-82.8989017418053,-10.3757027744768));
#698=CARTESIAN_POINT('',(-62.6551412956196,-80.132128238863,12.3242972255232));
#699=CARTESIAN_POINT('',(-62.6551412956196,-80.132128238863,-10.3757027744768));
#700=CARTESIAN_POINT('',(-64.766390796842,-77.7869021288823,12.3242972255232));
#701=CARTESIAN_POINT('',(-64.766390796842,-77.7869021288823,-10.3757027744768));
#702=CARTESIAN_POINT('',(-66.7977948458378,-75.35774062301,12.3242972255232));
#703=CARTESIAN_POINT('',(-66.7977948458378,-75.35774062301,-10.3757027744768));
#704=CARTESIAN_POINT('',(-69.1555226643212,-72.2125292499758,12.3242972255232));
#705=CARTESIAN_POINT('',(-69.1555226643212,-72.2125292499758,-10.3757027744768));
#706=CARTESIAN_POINT('',(-71.711352267296,-68.3143003903443,12.3242972255232));
#707=CARTESIAN_POINT('',(-71.711352267296,-68.3143003903443,-10.3757027744768));
#708=CARTESIAN_POINT('',(-74.0115466736359,-64.3486063305149,12.3242972255232));
#709=CARTESIAN_POINT('',(-74.0115466736359,-64.3486063305149,-10.3757027744768));
#710=CARTESIAN_POINT('',(-76.0862217432674,-60.3473565281758,12.3242972255232));
#711=CARTESIAN_POINT('',(-76.0862217432674,-60.3473565281758,-10.3757027744768));
#712=CARTESIAN_POINT('',(-77.9719207075553,-56.3284197182673,12.3242972255232));
#713=CARTESIAN_POINT('',(-77.9719207075553,-56.3284197182673,-10.3757027744768));
#714=CARTESIAN_POINT('',(-79.6994979562163,-52.3036712946548,12.3242972255232));
#715=CARTESIAN_POINT('',(-79.6994979562163,-52.3036712946548,-10.3757027744768));
#716=CARTESIAN_POINT('',(-81.2980938854253,-48.2844056704262,12.3242972255232));
#717=CARTESIAN_POINT('',(-81.2980938854253,-48.2844056704262,-10.3757027744768));
#718=CARTESIAN_POINT('',(-82.5461102136055,-44.9433516902964,12.3242972255232));
#719=CARTESIAN_POINT('',(-82.5461102136055,-44.9433516902964,-10.3757027744768));
#720=CARTESIAN_POINT('',(-83.4992237268414,-42.2988294515731,12.3242972255232));
#721=CARTESIAN_POINT('',(-83.4992237268414,-42.2988294515731,-10.3757027744768));
#722=CARTESIAN_POINT('',(-84.4243340031308,-39.6814232767737,12.3242972255232));
#723=CARTESIAN_POINT('',(-84.4243340031308,-39.6814232767737,-10.3757027744768));
#724=CARTESIAN_POINT('',(-86.0041147016304,-35.0525133533347,12.3242972255232));
#725=CARTESIAN_POINT('',(-86.0041147016304,-35.0525133533347,-10.3757027744768));
#726=CARTESIAN_POINT('',(-88.1055388810349,-28.2935563302055,12.3242972255232));
#727=CARTESIAN_POINT('',(-88.1055388810349,-28.2935563302055,-10.3757027744768));
#728=CARTESIAN_POINT('',(-90.2248765308515,-19.9381091580912,12.3242972255232));
#729=CARTESIAN_POINT('',(-90.2248765308515,-19.9381091580912,-10.3757027744768));
#730=CARTESIAN_POINT('',(-91.5177097283242,-12.7636122023843,12.3242972255232));
#731=CARTESIAN_POINT('',(-91.5177097283242,-12.7636122023843,-10.3757027744768));
#732=CARTESIAN_POINT('',(-92.1038893702371,-7.63501299501023,12.3242972255232));
#733=CARTESIAN_POINT('',(-92.1038893702371,-7.63501299501024,-10.3757027744768));
#734=CARTESIAN_POINT('',(-92.3389127194519,-4.66182558280153,12.3242972255232));
#735=CARTESIAN_POINT('',(-92.3389127194519,-4.66182558280153,-10.3757027744768));
#736=CARTESIAN_POINT('',(-92.5018895662105,-1.70667792649413,12.3242972255232));
#737=CARTESIAN_POINT('',(-92.5018895662105,-1.70667792649414,-10.3757027744768));
#738=CARTESIAN_POINT('',(-92.5490286931273,0.504159127214518,12.3242972255232));
#739=CARTESIAN_POINT('',(-92.5490286931273,0.504159127214514,-10.3757027744768));
#740=CARTESIAN_POINT('',(-92.5494320715764,1.96633246449007,12.3242972255232));
#741=CARTESIAN_POINT('',(-92.5494320715764,1.96633246449007,-10.3757027744768));
#742=CARTESIAN_POINT('',(-3.51037080732545E-9,6.05611398980212,-60.6757027744768));
#743=CARTESIAN_POINT('',(-3.51037080732545E-9,6.05611398980212,-60.6757027744768));
#744=CARTESIAN_POINT('',(-3.51037080732545E-9,6.05611398980212,-60.6757027744768));
#745=CARTESIAN_POINT('',(-3.51037080732545E-9,6.05611398980212,-60.6757027744768));
#746=CARTESIAN_POINT('',(-3.51037080732545E-9,6.05611398980212,-60.6757027744768));
#747=CARTESIAN_POINT('',(-3.51037080732545E-9,6.05611398980212,-60.6757027744768));
#748=CARTESIAN_POINT('',(-3.51037080732545E-9,6.05611398980212,-60.6757027744768));
#749=CARTESIAN_POINT('',(-3.51037080732545E-9,6.05611398980212,-60.6757027744768));
#750=CARTESIAN_POINT('',(-3.51037080732545E-9,6.05611398980212,-60.6757027744768));
#751=CARTESIAN_POINT('',(-3.51037080732545E-9,6.05611398980212,-60.6757027744768));
#752=CARTESIAN_POINT('',(-3.51037080732545E-9,6.05611398980212,-60.6757027744768));
#753=CARTESIAN_POINT('',(-3.51037080732545E-9,-21.0932697729447,-59.973330276467));
#754=CARTESIAN_POINT('',(2.45080431363851,-21.0932697729447,-59.973330276467));
#755=CARTESIAN_POINT('',(7.8381046454022,-19.592428326432,-59.973330276467));
#756=CARTESIAN_POINT('',(14.7884091370479,-14.1447468169947,-59.973330276467));
#757=CARTESIAN_POINT('',(17.6290710772041,-5.35710262859164,-59.973330276467));
#758=CARTESIAN_POINT('',(20.4257810979299,3.2022946999161,-59.973330276467));
#759=CARTESIAN_POINT('',(20.3002414825003,12.3754998361567,-59.973330276467));
#760=CARTESIAN_POINT('',(17.0590777490885,20.9379621661565,-59.973330276467));
#761=CARTESIAN_POINT('',(10.8182359559589,27.8062815447325,-59.973330276467));
#762=CARTESIAN_POINT('',(4.74749332946256,29.454974493554,-59.973330276467));
#763=CARTESIAN_POINT('',(-3.51036032535472E-9,29.454974493554,-59.973330276467));
#764=CARTESIAN_POINT('',(-3.51037080732545E-9,-71.7923250701553,-47.5262884011577));
#765=CARTESIAN_POINT('',(7.0274630210184,-71.7923250701553,-47.5262884011577));
#766=CARTESIAN_POINT('',(22.4750667397616,-67.4887959400462,-47.5262884011577));
#767=CARTESIAN_POINT('',(42.4044456308015,-51.8680545739966,-47.5262884011577));
#768=CARTESIAN_POINT('',(50.5497906548617,-26.6702678006489,-47.5262884011577));
#769=CARTESIAN_POINT('',(58.5691074658603,-2.12695856235173,-47.5262884011577));
#770=CARTESIAN_POINT('',(58.2091338035928,24.1763898772912,-47.5262884011577));
#771=CARTESIAN_POINT('',(48.9153855701588,48.7284877342901,-47.5262884011577));
#772=CARTESIAN_POINT('',(31.0203277573943,68.4227816180826,-47.5262884011577));
#773=CARTESIAN_POINT('',(13.6130141499316,73.1502617582037,-47.5262884011577));
#774=CARTESIAN_POINT('',(-3.51031379184031E-9,73.1502617582037,-47.5262884011577));
#775=CARTESIAN_POINT('',(-3.51037080732545E-9,-94.6687557870283,-7.62619562709452));
#776=CARTESIAN_POINT('',(9.09254323248182,-94.6687557870283,-7.62619562709452));
#777=CARTESIAN_POINT('',(29.0795576379488,-89.1005977552765,-7.62619562709452));
#778=CARTESIAN_POINT('',(59.5299375914264,-68.8895677216351,-7.62619562709452));
#779=CARTESIAN_POINT('',(74.7334443766042,-36.2871954447161,-7.62619562709452));
#780=CARTESIAN_POINT('',(85.1093061310688,-4.53162453319159,-7.62619562709452));
#781=CARTESIAN_POINT('',(75.3143864291694,29.501188176606,-7.62619562709452));
#782=CARTESIAN_POINT('',(63.2895906611989,61.2681303177265,-7.62619562709452));
#783=CARTESIAN_POINT('',(40.1359168097383,86.7497611730839,-7.62619562709452));
#784=CARTESIAN_POINT('',(17.6133149766336,92.8664518509729,-7.62619562709452));
#785=CARTESIAN_POINT('',(-3.51046433328642E-9,92.8664518509729,-7.62619562709452));
#786=CARTESIAN_POINT('',(-3.51037080732545E-9,-98.3862731076192,10.3465678201628));
#787=CARTESIAN_POINT('',(9.6670200639116,-98.3862731076192,10.3465678201628));
#788=CARTESIAN_POINT('',(30.9168359108878,-92.4663127583026,10.3465678201629));
#789=CARTESIAN_POINT('',(60.6386457835965,-73.6247179036556,10.3465678201629));
#790=CARTESIAN_POINT('',(75.2088244261088,-38.9624920701867,10.3465678201629));
#791=CARTESIAN_POINT('',(85.181688411098,-5.20056943901518,10.3465678201629));
#792=CARTESIAN_POINT('',(80.0728317789438,30.9824736191825,10.3465678201629));
#793=CARTESIAN_POINT('',(67.2882962558704,64.7564859266793,10.3465678201629));
#794=CARTESIAN_POINT('',(42.6717479538936,91.8480741034938,10.3465678201629));
#795=CARTESIAN_POINT('',(18.7261434909613,98.3512239917785,10.3465678201629));
#796=CARTESIAN_POINT('',(-3.5104045165765E-9,98.3512239917785,10.3465678201629));
#797=CARTESIAN_POINT('',(-3.51037080732545E-9,-98.6421614746433,12.3242972255232));
#798=CARTESIAN_POINT('',(9.72135028221627,-98.6421614746433,12.3242972255232));
#799=CARTESIAN_POINT('',(31.1008591470343,-92.6889299894553,12.3345628370032));
#800=CARTESIAN_POINT('',(60.6036974406648,-74.0417402483708,12.3396956427432));
#801=CARTESIAN_POINT('',(75.099711096869,-39.189839898083,12.3602268657032));
#802=CARTESIAN_POINT('',(85.0064518990344,-5.26383382284897,12.3756252829231));
#803=CARTESIAN_POINT('',(80.4458619748576,31.1225637969994,12.3756252829231));
#804=CARTESIAN_POINT('',(67.5689440687927,65.0709931059775,12.3756252829231));
#805=CARTESIAN_POINT('',(42.8859060591913,92.2327155038536,12.3756252829231));
#806=CARTESIAN_POINT('',(18.831387450006,98.7724141476631,12.3756252829231));
#807=CARTESIAN_POINT('',(-3.5103976303819E-9,98.7724141476631,12.3756252829231));
#808=CARTESIAN_POINT('',(-3.51037080732545E-9,6.05611398980212,-60.6757027744768));
#809=CARTESIAN_POINT('',(-3.51037080732545E-9,-21.0932697729447,-59.973330276467));
#810=CARTESIAN_POINT('',(-3.51037080732545E-9,-71.7923250701553,-47.5262884011577));
#811=CARTESIAN_POINT('',(-3.51037080732545E-9,-94.6687557870283,-7.62619562709452));
#812=CARTESIAN_POINT('',(-3.51037080732545E-9,-98.3862731076192,10.3465678201628));
#813=CARTESIAN_POINT('',(-3.51037080732545E-9,-98.6421614746433,12.3242972255232));
#814=CARTESIAN_POINT('',(-3.51037080732545E-9,6.05611398980212,-60.6757027744768));
#815=CARTESIAN_POINT('',(-2.45080432065925,-21.0932697729447,-59.973330276467));
#816=CARTESIAN_POINT('',(-7.02746302803914,-71.7923250701553,-47.5262884011577));
#817=CARTESIAN_POINT('',(-9.09254323950256,-94.6687557870283,-7.62619562709452));
#818=CARTESIAN_POINT('',(-9.66702007093234,-98.3862731076192,10.3465678201628));
#819=CARTESIAN_POINT('',(-9.72135028923701,-98.6421614746433,12.3242972255232));
#820=CARTESIAN_POINT('',(-3.51037080732545E-9,6.05611398980212,-60.6757027744768));
#821=CARTESIAN_POINT('',(-7.83810465242294,-19.592428326432,-59.973330276467));
#822=CARTESIAN_POINT('',(-22.4750667467824,-67.4887959400462,-47.5262884011577));
#823=CARTESIAN_POINT('',(-29.0795576449696,-89.1005977552765,-7.62619562709452));
#824=CARTESIAN_POINT('',(-30.9168359179086,-92.4663127583026,10.3465678201629));
#825=CARTESIAN_POINT('',(-31.1008591540551,-92.6889299894553,12.3345628370032));
#826=CARTESIAN_POINT('',(-3.51037080732545E-9,6.05611398980212,-60.6757027744768));
#827=CARTESIAN_POINT('',(-14.7884091440686,-14.1447468169947,-59.973330276467));
#828=CARTESIAN_POINT('',(-42.4044456378222,-51.8680545739966,-47.5262884011577));
#829=CARTESIAN_POINT('',(-59.5299375984471,-68.8895677216351,-7.62619562709452));
#830=CARTESIAN_POINT('',(-60.6386457906172,-73.6247179036556,10.3465678201629));
#831=CARTESIAN_POINT('',(-60.6036974476855,-74.0417402483708,12.3396956427432));
#832=CARTESIAN_POINT('',(-3.51037080732545E-9,6.05611398980212,-60.6757027744768));
#833=CARTESIAN_POINT('',(-17.6290710842248,-5.35710262859164,-59.973330276467));
#834=CARTESIAN_POINT('',(-50.5497906618825,-26.6702678006489,-47.5262884011577));
#835=CARTESIAN_POINT('',(-74.7334443836249,-36.2871954447161,-7.62619562709452));
#836=CARTESIAN_POINT('',(-75.2088244331295,-38.9624920701867,10.3465678201629));
#837=CARTESIAN_POINT('',(-75.0997111038898,-39.189839898083,12.3602268657032));
#838=CARTESIAN_POINT('',(-3.51037080732545E-9,6.05611398980212,-60.6757027744768));
#839=CARTESIAN_POINT('',(-20.4257811049506,3.2022946999161,-59.973330276467));
#840=CARTESIAN_POINT('',(-58.5691074728811,-2.12695856235173,-47.5262884011577));
#841=CARTESIAN_POINT('',(-85.1093061380895,-4.53162453319159,-7.62619562709452));
#842=CARTESIAN_POINT('',(-85.1816884181188,-5.20056943901518,10.3465678201629));
#843=CARTESIAN_POINT('',(-85.0064519060551,-5.26383382284897,12.3756252829231));
#844=CARTESIAN_POINT('',(-3.51037080732545E-9,6.05611398980212,-60.6757027744768));
#845=CARTESIAN_POINT('',(-20.300241489521,12.3754998361567,-59.973330276467));
#846=CARTESIAN_POINT('',(-58.2091338106135,24.1763898772912,-47.5262884011577));
#847=CARTESIAN_POINT('',(-75.3143864361902,29.501188176606,-7.62619562709452));
#848=CARTESIAN_POINT('',(-80.0728317859646,30.9824736191825,10.3465678201629));
#849=CARTESIAN_POINT('',(-80.4458619818784,31.1225637969994,12.3756252829231));
#850=CARTESIAN_POINT('',(-3.51037080732545E-9,6.05611398980212,-60.6757027744768));
#851=CARTESIAN_POINT('',(-17.0590777561093,20.9379621661565,-59.973330276467));
#852=CARTESIAN_POINT('',(-48.9153855771795,48.7284877342901,-47.5262884011577));
#853=CARTESIAN_POINT('',(-63.2895906682196,61.2681303177265,-7.62619562709452));
#854=CARTESIAN_POINT('',(-67.2882962628912,64.7564859266793,10.3465678201629));
#855=CARTESIAN_POINT('',(-67.5689440758135,65.0709931059775,12.3756252829231));
#856=CARTESIAN_POINT('',(-3.51037080732545E-9,6.05611398980212,-60.6757027744768));
#857=CARTESIAN_POINT('',(-10.8182359629797,27.8062815447325,-59.973330276467));
#858=CARTESIAN_POINT('',(-31.020327764415,68.4227816180826,-47.5262884011577));
#859=CARTESIAN_POINT('',(-40.135916816759,86.7497611730839,-7.62619562709452));
#860=CARTESIAN_POINT('',(-42.6717479609144,91.8480741034938,10.3465678201629));
#861=CARTESIAN_POINT('',(-42.8859060662121,92.2327155038536,12.3756252829231));
#862=CARTESIAN_POINT('',(-3.51037080732545E-9,6.05611398980212,-60.6757027744768));
#863=CARTESIAN_POINT('',(-4.7474933364833,29.454974493554,-59.973330276467));
#864=CARTESIAN_POINT('',(-13.6130141569523,73.1502617582037,-47.5262884011577));
#865=CARTESIAN_POINT('',(-17.6133149836544,92.8664518509729,-7.62619562709452));
#866=CARTESIAN_POINT('',(-18.7261434979821,98.3512239917785,10.3465678201629));
#867=CARTESIAN_POINT('',(-18.8313874570267,98.7724141476631,12.3756252829231));
#868=CARTESIAN_POINT('',(-3.51037080732545E-9,6.05611398980212,-60.6757027744768));
#869=CARTESIAN_POINT('',(-3.51038128929619E-9,29.454974493554,-59.973330276467));
#870=CARTESIAN_POINT('',(-3.51042782281059E-9,73.1502617582037,-47.5262884011577));
#871=CARTESIAN_POINT('',(-3.51027728136448E-9,92.8664518509729,-7.62619562709452));
#872=CARTESIAN_POINT('',(-3.51033709807441E-9,98.3512239917785,10.3465678201629));
#873=CARTESIAN_POINT('',(-3.510343984269E-9,98.7724141476631,12.3756252829231));
#874=CARTESIAN_POINT('',(94.4004334415835,-109.500200864171,12.3242972255232));
#875=CARTESIAN_POINT('',(-51.2886661015254,-86.7808029262306,10.3242972255232));
#876=CARTESIAN_POINT('',(-53.0422468719581,-85.4675215605333,10.3242972255232));
#877=CARTESIAN_POINT('',(-56.5922554924668,-82.5763030302104,10.3242972255232));
#878=CARTESIAN_POINT('',(-60.2823286686894,-78.9396076188028,10.3242972255232));
#879=CARTESIAN_POINT('',(-62.6576159830236,-76.2559439415991,10.3242972255232));
#880=CARTESIAN_POINT('',(-64.1934801116273,-74.4196632868817,10.3242972255232));
#881=CARTESIAN_POINT('',(-66.7314979112244,-71.1205650596022,10.3242972255232));
#882=CARTESIAN_POINT('',(-69.9737566461829,-66.1808506329089,10.3242972255232));
#883=CARTESIAN_POINT('',(-73.3333939329024,-60.0090646243799,10.3242972255232));
#884=CARTESIAN_POINT('',(-76.254588325723,-53.7011938482456,10.3242972255232));
#885=CARTESIAN_POINT('',(-78.4125700795635,-48.3766445953194,10.3242972255232));
#886=CARTESIAN_POINT('',(-80.0845086593116,-43.9356080961563,10.3242972255232));
#887=CARTESIAN_POINT('',(-81.6660191337301,-39.5586010487871,10.3242972255232));
#888=CARTESIAN_POINT('',(-83.5279141566468,-34.1342272448911,10.3242972255232));
#889=CARTESIAN_POINT('',(-85.3548590014251,-28.1920738396702,10.3242972255232));
#890=CARTESIAN_POINT('',(-86.6748291340413,-23.2266065927612,10.3242972255232));
#891=CARTESIAN_POINT('',(-87.8328290852762,-18.1872953365684,10.3242972255232));
#892=CARTESIAN_POINT('',(-88.8586825807566,-12.6341882715184,10.3242972255232));
#893=CARTESIAN_POINT('',(-89.4855834250267,-7.19530720676728,10.3242972255232));
#894=CARTESIAN_POINT('',(-89.7495510501769,-2.83356029403314,10.3242972255232));
#895=CARTESIAN_POINT('',(-89.8621386377048,1.55562084996119,10.3242972255232));
#896=CARTESIAN_POINT('',(-89.7028012561903,7.27399395945985,10.3242972255232));
#897=CARTESIAN_POINT('',(-89.0813148356337,14.0824806971733,10.3242972255232));
#898=CARTESIAN_POINT('',(-88.0883411696357,20.8164932397732,10.3242972255232));
#899=CARTESIAN_POINT('',(-86.9889637804326,26.3633655557738,10.3242972255232));
#900=CARTESIAN_POINT('',(-85.9673234559648,30.752762062716,10.3242972255232));
#901=CARTESIAN_POINT('',(-84.8604348979901,35.1005351856981,10.3242972255232));
#902=CARTESIAN_POINT('',(-83.3101086409833,40.4957049752595,10.3242972255232));
#903=CARTESIAN_POINT('',(-81.1504922692716,46.8960578968581,10.3242972255232));
#904=CARTESIAN_POINT('',(-78.6615521281059,53.2033509959135,10.3242972255232));
#905=CARTESIAN_POINT('',(-75.8156198833798,59.3819028509731,10.3242972255232));
#906=CARTESIAN_POINT('',(-72.6059424519634,65.3563009196406,10.3242972255232));
#907=CARTESIAN_POINT('',(-69.0253046737563,71.0745394264198,10.3242972255232));
#908=CARTESIAN_POINT('',(-65.0713283811863,76.4996724641843,10.3242972255232));
#909=CARTESIAN_POINT('',(-60.7164407688798,81.6201847611265,10.3242972255232));
#910=CARTESIAN_POINT('',(-55.9440341058553,86.3915970974975,10.3242972255232));
#911=CARTESIAN_POINT('',(-51.6217708714219,90.018434305721,10.3242972255232));
#912=CARTESIAN_POINT('',(-48.056343334992,92.6059946494284,10.3242972255232));
#913=CARTESIAN_POINT('',(-45.1555630834878,94.5152195808137,10.3242972255232));
#914=CARTESIAN_POINT('',(-42.0046233279881,96.3604982637012,10.3242972255232));
#915=CARTESIAN_POINT('',(-38.4888803512898,98.1430653164825,10.3242972255232));
#916=CARTESIAN_POINT('',(-34.8904718319157,99.7038209415867,10.3242972255232));
#917=CARTESIAN_POINT('',(-31.2064390770495,101.050542643528,10.3242972255232));
#918=CARTESIAN_POINT('',(-27.2976322918306,102.235237230007,10.3242972255232));
#919=CARTESIAN_POINT('',(-23.0684726486984,103.261677587031,10.3242972255232));
#920=CARTESIAN_POINT('',(-18.5415361754342,104.095300981284,10.3242972255232));
#921=CARTESIAN_POINT('',(-13.8941084267617,104.706694639392,10.3242972255232));
#922=CARTESIAN_POINT('',(-7.71834614705736,105.240639582726,10.3242972255232));
#923=CARTESIAN_POINT('',(0.000116690478062307,105.462265405438,10.3242972255232));
#924=CARTESIAN_POINT('',(7.71811271327417,105.24059824889,10.3242972255232));
#925=CARTESIAN_POINT('',(13.894348370255,104.706768064642,10.3242972255232));
#926=CARTESIAN_POINT('',(18.5413872251434,104.095257088158,10.3242972255232));
#927=CARTESIAN_POINT('',(23.0685694889569,103.261705046031,10.3242972255232));
#928=CARTESIAN_POINT('',(27.2975759914891,102.235217051155,10.3242972255232));
#929=CARTESIAN_POINT('',(31.206479390743,101.05057012289,10.3242972255232));
#930=CARTESIAN_POINT('',(34.8904300337031,99.7037737491659,10.3242972255232));
#931=CARTESIAN_POINT('',(38.4889326384586,98.1431417044103,10.3242972255232));
#932=CARTESIAN_POINT('',(42.0045516987241,96.3603786961314,10.3242972255232));
#933=CARTESIAN_POINT('',(44.6651025418455,94.8026724438005,10.3242972255232));
#934=CARTESIAN_POINT('',(46.6347320713126,93.5414109223002,10.3242972255232));
#935=CARTESIAN_POINT('',(48.41767660275,92.3438839853646,10.3242972255232));
#936=CARTESIAN_POINT('',(51.6217366756083,90.0183722937536,10.3242972255232));
#937=CARTESIAN_POINT('',(55.944070323446,86.3916364233504,10.3242972255232));
#938=CARTESIAN_POINT('',(60.7163955092511,81.6201556058862,10.3242972255232));
#939=CARTESIAN_POINT('',(65.0713929924711,76.4997153171115,10.3242972255232));
#940=CARTESIAN_POINT('',(69.0252513459682,71.0744999984377,10.3242972255232));
#941=CARTESIAN_POINT('',(72.6059944541797,65.3563446328477,10.3242972255232));
#942=CARTESIAN_POINT('',(75.8155858082042,59.3818700187697,10.3242972255232));
#943=CARTESIAN_POINT('',(78.6615594633648,53.2033696721724,10.3242972255232));
#944=CARTESIAN_POINT('',(81.1505134171945,46.8960486146818,10.3242972255232));
#945=CARTESIAN_POINT('',(83.3100357234169,40.4957033145175,10.3242972255232));
#946=CARTESIAN_POINT('',(84.8605096905362,35.100540908373,10.3242972255232));
#947=CARTESIAN_POINT('',(85.967239238954,30.7527524258103,10.3242972255232));
#948=CARTESIAN_POINT('',(86.9890481637877,26.3633791511381,10.3242972255232));
#949=CARTESIAN_POINT('',(88.0882633815356,20.8164790114849,10.3242972255232));
#950=CARTESIAN_POINT('',(89.0813948641801,14.0824972771499,10.3242972255232));
#951=CARTESIAN_POINT('',(89.7027102522805,7.27396888177883,10.3242972255232));
#952=CARTESIAN_POINT('',(89.8622161423021,1.55563830695529,10.3242972255232));
#953=CARTESIAN_POINT('',(89.7494772113914,-2.8335697172205,10.3242972255232));
#954=CARTESIAN_POINT('',(89.4856577962043,-7.19532184431405,10.3242972255232));
#955=CARTESIAN_POINT('',(88.8585936449295,-12.6341672936611,10.3242972255232));
#956=CARTESIAN_POINT('',(87.8329214627796,-18.187318735333,10.3242972255232));
#957=CARTESIAN_POINT('',(86.6747062619348,-23.2265638398425,10.3242972255232));
#958=CARTESIAN_POINT('',(85.3551579275762,-28.1921975261101,10.3242972255232));
#959=CARTESIAN_POINT('',(83.5273743474165,-34.1339968048363,10.3242972255232));
#960=CARTESIAN_POINT('',(81.8504930846912,-39.0234311361375,10.3242972255232));
#961=CARTESIAN_POINT('',(80.6628932559158,-42.3331565107369,10.3242972255232));
#962=CARTESIAN_POINT('',(79.8210050956127,-44.6365567582392,10.3242972255232));
#963=CARTESIAN_POINT('',(78.4125154124312,-48.3765997725922,10.3242972255232));
#964=CARTESIAN_POINT('',(76.2546170011319,-53.7012270738377,10.3242972255232));
#965=CARTESIAN_POINT('',(73.3333830415495,-60.0090371022534,10.3242972255232));
#966=CARTESIAN_POINT('',(69.973753373455,-66.1808832405001,10.3242972255232));
#967=CARTESIAN_POINT('',(66.7313877938273,-71.120493159311,10.3242972255232));
#968=CARTESIAN_POINT('',(63.8280281759872,-74.8952533425933,10.3242972255232));
#969=CARTESIAN_POINT('',(60.7107856889235,-78.5179318696053,10.3242972255232));
#970=CARTESIAN_POINT('',(56.5922832182639,-82.5759329807169,10.3242972255232));
#971=CARTESIAN_POINT('',(53.04277244919,-85.4671241694599,10.3242972255232));
#972=CARTESIAN_POINT('',(51.2894857039627,-86.780231300523,10.3242972255232));
#973=CARTESIAN_POINT('',(-51.2886661015254,-86.7808029262306,-13.0757027744768));
#974=CARTESIAN_POINT('',(-53.0422468719581,-85.4675215605333,-13.0757027744768));
#975=CARTESIAN_POINT('',(-56.5922554924668,-82.5763030302104,-13.0757027744768));
#976=CARTESIAN_POINT('',(-60.2823286686894,-78.9396076188028,-13.0757027744768));
#977=CARTESIAN_POINT('',(-62.6576159830236,-76.2559439415991,-13.0757027744768));
#978=CARTESIAN_POINT('',(-64.1934801116273,-74.4196632868817,-13.0757027744768));
#979=CARTESIAN_POINT('',(-66.7314979112244,-71.1205650596022,-13.0757027744768));
#980=CARTESIAN_POINT('',(-69.9737566461829,-66.1808506329089,-13.0757027744768));
#981=CARTESIAN_POINT('',(-73.3333939329024,-60.0090646243799,-13.0757027744768));
#982=CARTESIAN_POINT('',(-76.254588325723,-53.7011938482456,-13.0757027744768));
#983=CARTESIAN_POINT('',(-78.4125700795635,-48.3766445953194,-13.0757027744768));
#984=CARTESIAN_POINT('',(-80.0845086593116,-43.9356080961563,-13.0757027744768));
#985=CARTESIAN_POINT('',(-81.6660191337301,-39.5586010487871,-13.0757027744768));
#986=CARTESIAN_POINT('',(-83.5279141566468,-34.1342272448911,-13.0757027744768));
#987=CARTESIAN_POINT('',(-85.3548590014251,-28.1920738396702,-13.0757027744768));
#988=CARTESIAN_POINT('',(-86.6748291340413,-23.2266065927612,-13.0757027744768));
#989=CARTESIAN_POINT('',(-87.8328290852762,-18.1872953365684,-13.0757027744768));
#990=CARTESIAN_POINT('',(-88.8586825807566,-12.6341882715184,-13.0757027744768));
#991=CARTESIAN_POINT('',(-89.4855834250267,-7.19530720676728,-13.0757027744768));
#992=CARTESIAN_POINT('',(-89.7495510501769,-2.83356029403314,-13.0757027744768));
#993=CARTESIAN_POINT('',(-89.8621386377048,1.55562084996119,-13.0757027744768));
#994=CARTESIAN_POINT('',(-89.7028012561903,7.27399395945985,-13.0757027744768));
#995=CARTESIAN_POINT('',(-89.0813148356337,14.0824806971733,-13.0757027744768));
#996=CARTESIAN_POINT('',(-88.0883411696357,20.8164932397732,-13.0757027744768));
#997=CARTESIAN_POINT('',(-86.9889637804326,26.3633655557738,-13.0757027744768));
#998=CARTESIAN_POINT('',(-85.9673234559648,30.752762062716,-13.0757027744768));
#999=CARTESIAN_POINT('',(-84.8604348979901,35.1005351856981,-13.0757027744768));
#1000=CARTESIAN_POINT('',(-83.3101086409833,40.4957049752595,-13.0757027744768));
#1001=CARTESIAN_POINT('',(-81.1504922692716,46.8960578968581,-13.0757027744768));
#1002=CARTESIAN_POINT('',(-78.6615521281059,53.2033509959135,-13.0757027744768));
#1003=CARTESIAN_POINT('',(-75.8156198833798,59.3819028509731,-13.0757027744768));
#1004=CARTESIAN_POINT('',(-72.6059424519634,65.3563009196406,-13.0757027744768));
#1005=CARTESIAN_POINT('',(-69.0253046737563,71.0745394264198,-13.0757027744768));
#1006=CARTESIAN_POINT('',(-65.0713283811863,76.4996724641843,-13.0757027744768));
#1007=CARTESIAN_POINT('',(-60.7164407688798,81.6201847611265,-13.0757027744768));
#1008=CARTESIAN_POINT('',(-55.9440341058553,86.3915970974975,-13.0757027744768));
#1009=CARTESIAN_POINT('',(-51.6217708714219,90.018434305721,-13.0757027744768));
#1010=CARTESIAN_POINT('',(-48.056343334992,92.6059946494284,-13.0757027744768));
#1011=CARTESIAN_POINT('',(-45.1555630834878,94.5152195808137,-13.0757027744768));
#1012=CARTESIAN_POINT('',(-42.0046233279881,96.3604982637012,-13.0757027744768));
#1013=CARTESIAN_POINT('',(-38.4888803512898,98.1430653164825,-13.0757027744768));
#1014=CARTESIAN_POINT('',(-34.8904718319157,99.7038209415867,-13.0757027744768));
#1015=CARTESIAN_POINT('',(-31.2064390770495,101.050542643528,-13.0757027744768));
#1016=CARTESIAN_POINT('',(-27.2976322918306,102.235237230007,-13.0757027744768));
#1017=CARTESIAN_POINT('',(-23.0684726486984,103.261677587031,-13.0757027744768));
#1018=CARTESIAN_POINT('',(-18.5415361754342,104.095300981284,-13.0757027744768));
#1019=CARTESIAN_POINT('',(-13.8941084267617,104.706694639392,-13.0757027744768));
#1020=CARTESIAN_POINT('',(-7.71834614705736,105.240639582726,-13.0757027744768));
#1021=CARTESIAN_POINT('',(0.000116690478063439,105.462265405438,-13.0757027744768));
#1022=CARTESIAN_POINT('',(7.71811271327417,105.24059824889,-13.0757027744768));
#1023=CARTESIAN_POINT('',(13.894348370255,104.706768064642,-13.0757027744768));
#1024=CARTESIAN_POINT('',(18.5413872251434,104.095257088158,-13.0757027744768));
#1025=CARTESIAN_POINT('',(23.0685694889569,103.261705046031,-13.0757027744768));
#1026=CARTESIAN_POINT('',(27.2975759914891,102.235217051155,-13.0757027744768));
#1027=CARTESIAN_POINT('',(31.206479390743,101.05057012289,-13.0757027744768));
#1028=CARTESIAN_POINT('',(34.8904300337031,99.7037737491659,-13.0757027744768));
#1029=CARTESIAN_POINT('',(38.4889326384586,98.1431417044103,-13.0757027744768));
#1030=CARTESIAN_POINT('',(42.0045516987241,96.3603786961314,-13.0757027744768));
#1031=CARTESIAN_POINT('',(44.6651025418455,94.8026724438005,-13.0757027744768));
#1032=CARTESIAN_POINT('',(46.6347320713126,93.5414109223002,-13.0757027744768));
#1033=CARTESIAN_POINT('',(48.41767660275,92.3438839853646,-13.0757027744768));
#1034=CARTESIAN_POINT('',(51.6217366756083,90.0183722937536,-13.0757027744768));
#1035=CARTESIAN_POINT('',(55.944070323446,86.3916364233504,-13.0757027744768));
#1036=CARTESIAN_POINT('',(60.7163955092511,81.6201556058862,-13.0757027744768));
#1037=CARTESIAN_POINT('',(65.0713929924711,76.4997153171115,-13.0757027744768));
#1038=CARTESIAN_POINT('',(69.0252513459682,71.0744999984377,-13.0757027744768));
#1039=CARTESIAN_POINT('',(72.6059944541797,65.3563446328477,-13.0757027744768));
#1040=CARTESIAN_POINT('',(75.8155858082042,59.3818700187697,-13.0757027744768));
#1041=CARTESIAN_POINT('',(78.6615594633648,53.2033696721724,-13.0757027744768));
#1042=CARTESIAN_POINT('',(81.1505134171945,46.8960486146818,-13.0757027744768));
#1043=CARTESIAN_POINT('',(83.3100357234169,40.4957033145175,-13.0757027744768));
#1044=CARTESIAN_POINT('',(84.8605096905362,35.100540908373,-13.0757027744768));
#1045=CARTESIAN_POINT('',(85.967239238954,30.7527524258103,-13.0757027744768));
#1046=CARTESIAN_POINT('',(86.9890481637877,26.3633791511381,-13.0757027744768));
#1047=CARTESIAN_POINT('',(88.0882633815356,20.8164790114849,-13.0757027744768));
#1048=CARTESIAN_POINT('',(89.0813948641801,14.0824972771499,-13.0757027744768));
#1049=CARTESIAN_POINT('',(89.7027102522805,7.27396888177883,-13.0757027744768));
#1050=CARTESIAN_POINT('',(89.8622161423021,1.55563830695529,-13.0757027744768));
#1051=CARTESIAN_POINT('',(89.7494772113914,-2.8335697172205,-13.0757027744768));
#1052=CARTESIAN_POINT('',(89.4856577962043,-7.19532184431405,-13.0757027744768));
#1053=CARTESIAN_POINT('',(88.8585936449295,-12.6341672936611,-13.0757027744768));
#1054=CARTESIAN_POINT('',(87.8329214627796,-18.187318735333,-13.0757027744768));
#1055=CARTESIAN_POINT('',(86.6747062619348,-23.2265638398425,-13.0757027744768));
#1056=CARTESIAN_POINT('',(85.3551579275762,-28.1921975261101,-13.0757027744768));
#1057=CARTESIAN_POINT('',(83.5273743474165,-34.1339968048363,-13.0757027744768));
#1058=CARTESIAN_POINT('',(81.8504930846912,-39.0234311361375,-13.0757027744768));
#1059=CARTESIAN_POINT('',(80.6628932559158,-42.3331565107369,-13.0757027744768));
#1060=CARTESIAN_POINT('',(79.8210050956127,-44.6365567582392,-13.0757027744768));
#1061=CARTESIAN_POINT('',(78.4125154124312,-48.3765997725922,-13.0757027744768));
#1062=CARTESIAN_POINT('',(76.2546170011319,-53.7012270738377,-13.0757027744768));
#1063=CARTESIAN_POINT('',(73.3333830415495,-60.0090371022534,-13.0757027744768));
#1064=CARTESIAN_POINT('',(69.973753373455,-66.1808832405001,-13.0757027744768));
#1065=CARTESIAN_POINT('',(66.7313877938273,-71.120493159311,-13.0757027744768));
#1066=CARTESIAN_POINT('',(63.8280281759872,-74.8952533425933,-13.0757027744768));
#1067=CARTESIAN_POINT('',(60.7107856889235,-78.5179318696053,-13.0757027744768));
#1068=CARTESIAN_POINT('',(56.5922832182639,-82.5759329807169,-13.0757027744768));
#1069=CARTESIAN_POINT('',(53.04277244919,-85.4671241694599,-13.0757027744768));
#1070=CARTESIAN_POINT('',(51.2894857039627,-86.780231300523,-13.0757027744768));
#1071=CARTESIAN_POINT('',(51.2894857039628,-86.7802313005229,10.3242972255232));
#1072=CARTESIAN_POINT('',(50.5097854280485,-87.3257482094701,10.3242972255232));
#1073=CARTESIAN_POINT('',(48.4657203642867,-88.7051967704249,10.3242972255232));
#1074=CARTESIAN_POINT('',(43.8209498011703,-91.5665311732086,10.3242972255232));
#1075=CARTESIAN_POINT('',(38.5216783168265,-94.3392163396176,10.3242972255232));
#1076=CARTESIAN_POINT('',(33.863073450871,-96.4350907676719,10.3242972255232));
#1077=CARTESIAN_POINT('',(31.3525446209331,-97.4871486456186,10.3242972255232));
#1078=CARTESIAN_POINT('',(27.913829998837,-98.8670751447309,10.3242972255232));
#1079=CARTESIAN_POINT('',(22.6630169852867,-100.73459013025,10.3242972255232));
#1080=CARTESIAN_POINT('',(15.389445782624,-102.704467927561,10.3242972255232));
#1081=CARTESIAN_POINT('',(9.09938446208446,-103.794802047259,10.3242972255232));
#1082=CARTESIAN_POINT('',(3.93612223144234,-104.260757625157,10.3242972255232));
#1083=CARTESIAN_POINT('',(1.31713381823683,-104.342356620721,10.3242972255232));
#1084=CARTESIAN_POINT('',(-3.5103653317492E-9,-104.342161474643,10.3242972255232));
#1085=CARTESIAN_POINT('',(-1.31713382525767,-104.342356620766,10.3242972255232));
#1086=CARTESIAN_POINT('',(-3.93612342545883,-104.260754776889,10.3242972255232));
#1087=CARTESIAN_POINT('',(-9.09938207391906,-103.794807440732,10.3242972255232));
#1088=CARTESIAN_POINT('',(-15.3894509937805,-102.704458752441,10.3242972255232));
#1089=CARTESIAN_POINT('',(-21.4824643205721,-101.053566449542,10.3242972255232));
#1090=CARTESIAN_POINT('',(-26.192380283044,-99.4787458711661,10.3242972255232));
#1091=CARTESIAN_POINT('',(-29.6645675030832,-98.1809670160394,10.3242972255232));
#1092=CARTESIAN_POINT('',(-33.3117861279756,-96.6829821099698,10.3242972255232));
#1093=CARTESIAN_POINT('',(-38.5218815094174,-94.3394063853536,10.3242972255232));
#1094=CARTESIAN_POINT('',(-43.8207942230843,-91.5663963014886,10.3242972255232));
#1095=CARTESIAN_POINT('',(-48.4655112464274,-88.705434238133,10.3242972255232));
#1096=CARTESIAN_POINT('',(-50.5092501390382,-87.3261350518457,10.3242972255232));
#1097=CARTESIAN_POINT('',(-51.2886661015259,-86.7808029262302,10.3242972255232));
#1098=CARTESIAN_POINT('',(51.2894857039628,-86.7802313005229,-13.0757027744768));
#1099=CARTESIAN_POINT('',(50.5097854280485,-87.3257482094701,-13.0757027744768));
#1100=CARTESIAN_POINT('',(48.4657203642867,-88.7051967704249,-13.0757027744768));
#1101=CARTESIAN_POINT('',(43.8209498011703,-91.5665311732086,-13.0757027744768));
#1102=CARTESIAN_POINT('',(38.5216783168265,-94.3392163396176,-13.0757027744768));
#1103=CARTESIAN_POINT('',(33.863073450871,-96.4350907676719,-13.0757027744768));
#1104=CARTESIAN_POINT('',(31.3525446209331,-97.4871486456186,-13.0757027744768));
#1105=CARTESIAN_POINT('',(27.913829998837,-98.8670751447309,-13.0757027744768));
#1106=CARTESIAN_POINT('',(22.6630169852867,-100.73459013025,-13.0757027744768));
#1107=CARTESIAN_POINT('',(15.389445782624,-102.704467927561,-13.0757027744768));
#1108=CARTESIAN_POINT('',(9.09938446208446,-103.794802047259,-13.0757027744768));
#1109=CARTESIAN_POINT('',(3.93612223144234,-104.260757625157,-13.0757027744768));
#1110=CARTESIAN_POINT('',(1.31713381823683,-104.342356620721,-13.0757027744768));
#1111=CARTESIAN_POINT('',(-3.5103653317492E-9,-104.342161474643,-13.0757027744768));
#1112=CARTESIAN_POINT('',(-1.31713382525767,-104.342356620766,-13.0757027744768));
#1113=CARTESIAN_POINT('',(-3.93612342545883,-104.260754776889,-13.0757027744768));
#1114=CARTESIAN_POINT('',(-9.09938207391906,-103.794807440732,-13.0757027744768));
#1115=CARTESIAN_POINT('',(-15.3894509937805,-102.704458752441,-13.0757027744768));
#1116=CARTESIAN_POINT('',(-21.4824643205721,-101.053566449542,-13.0757027744768));
#1117=CARTESIAN_POINT('',(-26.192380283044,-99.4787458711661,-13.0757027744768));
#1118=CARTESIAN_POINT('',(-29.6645675030832,-98.1809670160394,-13.0757027744768));
#1119=CARTESIAN_POINT('',(-33.3117861279756,-96.6829821099698,-13.0757027744768));
#1120=CARTESIAN_POINT('',(-38.5218815094174,-94.3394063853536,-13.0757027744768));
#1121=CARTESIAN_POINT('',(-43.8207942230843,-91.5663963014886,-13.0757027744768));
#1122=CARTESIAN_POINT('',(-48.4655112464274,-88.705434238133,-13.0757027744768));
#1123=CARTESIAN_POINT('',(-50.5092501390382,-87.3261350518457,-13.0757027744768));
#1124=CARTESIAN_POINT('',(-51.2886661015259,-86.7808029262302,-13.0757027744768));
#1125=CARTESIAN_POINT('',(9.2352117124819,-3.19225379004884,-62.3935657466703));
#1126=CARTESIAN_POINT('',(8.4089107735028,-0.423310940431697,-62.5580922279377));
#1127=CARTESIAN_POINT('',(7.4128138077893,3.80113144591407,-62.8332981585456));
#1128=CARTESIAN_POINT('',(7.41163843563992,8.35274452643485,-62.8741172253365));
#1129=CARTESIAN_POINT('',(8.41110224730242,12.5758925374345,-62.5773491304208));
#1130=CARTESIAN_POINT('',(9.2412503464413,15.3382242836115,-62.3863349172973));
#1131=CARTESIAN_POINT('',(6.48743476976142,-2.35114785414368,-62.7034096513888));
#1132=CARTESIAN_POINT('',(6.00042980066033,0.0745170354922093,-62.8466897708406));
#1133=CARTESIAN_POINT('',(5.28844086018189,3.92601544645069,-63.0684860732199));
#1134=CARTESIAN_POINT('',(5.28682881496528,8.22559242946313,-63.104577015492));
#1135=CARTESIAN_POINT('',(6.00047195752559,12.0790650390802,-62.8320593119376));
#1136=CARTESIAN_POINT('',(6.49058536535518,14.4999143743978,-62.6546487378487));
#1137=CARTESIAN_POINT('',(2.2777530306598,-1.33731718734492,-63.0467418883431));
#1138=CARTESIAN_POINT('',(2.15646616803125,0.795797143487762,-63.1972908967415));
#1139=CARTESIAN_POINT('',(1.91476032368903,4.17099399808582,-63.3674726530047));
#1140=CARTESIAN_POINT('',(1.91329051525557,7.98856311276564,-63.3740834319777));
#1141=CARTESIAN_POINT('',(2.15356584282742,11.360989133595,-63.1515633706049));
#1142=CARTESIAN_POINT('',(2.27732761911966,13.4914588715556,-62.9597519597668));
#1143=CARTESIAN_POINT('',(-2.27866689147181,-1.33133510757672,-63.0470466888295));
#1144=CARTESIAN_POINT('',(-2.15794377631578,0.79433162489727,-63.2017649297567));
#1145=CARTESIAN_POINT('',(-1.92541233132799,4.16900696748466,-63.3669530276694));
#1146=CARTESIAN_POINT('',(-1.92254970374123,7.99029384142124,-63.3745094507477));
#1147=CARTESIAN_POINT('',(-2.15521727339285,11.3616257347377,-63.1550463256643));
#1148=CARTESIAN_POINT('',(-2.27819273108517,13.4874131211972,-62.9636071095365));
#1149=CARTESIAN_POINT('',(-6.49065458801231,-2.34986478902314,-62.7022539681656));
#1150=CARTESIAN_POINT('',(-6.00760976645333,0.0663308589803773,-62.8477850581574));
#1151=CARTESIAN_POINT('',(-5.29163050838602,3.9232311683228,-63.0642401745907));
#1152=CARTESIAN_POINT('',(-5.28936977121157,8.22819216288702,-63.1069447569819));
#1153=CARTESIAN_POINT('',(-6.00544507563676,12.0845713325975,-62.8296261145017));
#1154=CARTESIAN_POINT('',(-6.49363318618334,14.4991150558977,-62.6528974037854));
#1155=CARTESIAN_POINT('',(-9.23642434481976,-3.18836622919207,-62.3831426177967));
#1156=CARTESIAN_POINT('',(-8.41216644502897,-0.423631065168947,-62.5508129499806));
#1157=CARTESIAN_POINT('',(-7.41140696182709,3.80281242633372,-62.8334929475639));
#1158=CARTESIAN_POINT('',(-7.41174913736316,8.35118507166811,-62.8769479482703));
#1159=CARTESIAN_POINT('',(-8.41542088699861,12.5762675702354,-62.5702300389394));
#1160=CARTESIAN_POINT('',(-9.24533269460839,15.3358287759436,-62.3772058666515));
#1161=CARTESIAN_POINT('',(-3.51036964317921E-9,-1.20874435484844,-63.0345342986782));
#1162=CARTESIAN_POINT('',(-3.51034473623644E-9,-26.719788944719,-61.3057569973165));
#1163=CARTESIAN_POINT('',(-3.51037451905494E-9,-53.4991084863763,-53.9134328143955));
#1164=CARTESIAN_POINT('',(-3.51037003207538E-9,-86.7322680025801,-27.0167574850092));
#1165=CARTESIAN_POINT('',(-3.51037087909204E-9,-96.0191467292961,-10.7771182766409));
#1166=CARTESIAN_POINT('',(-3.51037102092209E-9,-100.586695677549,7.66959317521794));
#1167=CARTESIAN_POINT('',(-3.51037099730374E-9,-101.011106253493,9.69285556770718));
#1168=CARTESIAN_POINT('',(-3.51037095888864E-9,-101.286309597338,11.7242420083542));
#1169=CARTESIAN_POINT('',(0.672896200144412,-1.20869342517931,-63.0345328905919));
#1170=CARTESIAN_POINT('',(3.01313583065603,-26.7196272727032,-61.305733879519));
#1171=CARTESIAN_POINT('',(5.4729818449182,-53.4988722364098,-53.9131837116055));
#1172=CARTESIAN_POINT('',(8.58850409674457,-86.7311767275556,-27.0165090208263));
#1173=CARTESIAN_POINT('',(9.45551644190902,-96.018021015949,-10.7764023327476));
#1174=CARTESIAN_POINT('',(10.0927367311448,-100.583735394236,7.67131381845417));
#1175=CARTESIAN_POINT('',(10.1587212098134,-101.007937810336,9.6948062014811));
#1176=CARTESIAN_POINT('',(10.2147357605959,-101.282848538483,11.726542882688));
#1177=CARTESIAN_POINT('',(1.33526006677397,-1.02703656117274,-63.0342951498483));
#1178=CARTESIAN_POINT('',(5.98760722064722,-25.9001601886802,-61.3043546468318));
#1179=CARTESIAN_POINT('',(10.8781277849165,-52.0128707669358,-53.9057948151355));
#1180=CARTESIAN_POINT('',(17.0336671363309,-84.3822432459658,-26.9854496846314));
#1181=CARTESIAN_POINT('',(18.7369940338434,-93.4112321728538,-10.7524352659853));
#1182=CARTESIAN_POINT('',(19.9748350038887,-97.8025144713972,7.66902386648525));
#1183=CARTESIAN_POINT('',(20.1021081739865,-98.2085311665239,9.68877553204911));
#1184=CARTESIAN_POINT('',(20.2138920919619,-98.4688159291795,11.7183753542382));
#1185=CARTESIAN_POINT('',(2.31456102372743,-0.559616778191315,-63.0341872132562));
#1186=CARTESIAN_POINT('',(10.3923657451138,-23.7891984343173,-61.3028753146649));
#1187=CARTESIAN_POINT('',(18.9063436069323,-48.1768678911844,-53.8906958547107));
#1188=CARTESIAN_POINT('',(29.9980121720687,-78.3868046424849,-26.9658617534694));
#1189=CARTESIAN_POINT('',(33.293966338796,-86.8178080378,-10.7551518620207));
#1190=CARTESIAN_POINT('',(35.0349644076551,-91.2780531705949,7.63504079402972));
#1191=CARTESIAN_POINT('',(35.2006385287059,-91.7014354423436,9.6524593688509));
#1192=CARTESIAN_POINT('',(35.3212527526203,-91.9896375731456,11.685011082723));
#1193=CARTESIAN_POINT('',(3.01946344580649,-0.125318246886652,-63.0341799857403));
#1194=CARTESIAN_POINT('',(13.5603496634954,-21.8289889935513,-61.3017417275496));
#1195=CARTESIAN_POINT('',(24.6906541053386,-44.6137332037654,-53.875439548932));
#1196=CARTESIAN_POINT('',(39.5781397840917,-72.8183884642987,-26.9577516994257));
#1197=CARTESIAN_POINT('',(44.2095117195125,-80.7029563907314,-10.7661448652895));
#1198=CARTESIAN_POINT('',(46.1499290864767,-85.3555238517825,7.60300854366408));
#1199=CARTESIAN_POINT('',(46.3213930253232,-85.8108938581614,9.62009874393592));
#1200=CARTESIAN_POINT('',(46.4155212689594,-86.1415856920054,11.6575631709619));
#1201=CARTESIAN_POINT('',(3.59589990699692,0.461943395134419,-63.034187927952));
#1202=CARTESIAN_POINT('',(16.1375760166883,-19.1851255360191,-61.2997868409624));
#1203=CARTESIAN_POINT('',(29.4054736001409,-39.8065074743934,-53.8483870480708));
#1204=CARTESIAN_POINT('',(47.6970309673157,-65.2968094536502,-26.9590134082146));
#1205=CARTESIAN_POINT('',(53.6838251339762,-72.4658519234922,-10.7890106530789));
#1206=CARTESIAN_POINT('',(55.6447060766661,-77.1569765146514,7.64041728900902));
#1207=CARTESIAN_POINT('',(55.8009397730611,-77.626684188458,9.6678501498178));
#1208=CARTESIAN_POINT('',(55.8447119299716,-77.9819101055839,11.7230135905722));
#1209=CARTESIAN_POINT('',(4.32072822851342,1.45326170143799,-63.0337069642859));
#1210=CARTESIAN_POINT('',(19.3558365608225,-14.7343239453761,-61.2932527285971));
#1211=CARTESIAN_POINT('',(35.2867575050589,-31.7147297698753,-53.7832204462992));
#1212=CARTESIAN_POINT('',(57.95896935535,-52.6227269065362,-26.9430330631229));
#1213=CARTESIAN_POINT('',(65.8151420299187,-58.5824394510318,-10.8081937156226));
#1214=CARTESIAN_POINT('',(67.7700452620894,-62.8958444520201,7.79695784563633));
#1215=CARTESIAN_POINT('',(67.8976420633071,-63.3325844470981,9.84713194092));
#1216=CARTESIAN_POINT('',(67.8691358985418,-63.6726414762848,11.9281218545851));
#1217=CARTESIAN_POINT('',(4.58400199254651,2.23959160890097,-63.0332869355115));
#1218=CARTESIAN_POINT('',(20.5320786647394,-11.1901322795224,-61.289408829553));
#1219=CARTESIAN_POINT('',(37.4423163117572,-25.2756482655879,-53.7521381598077));
#1220=CARTESIAN_POINT('',(62.0299064079626,-42.6039050458355,-26.9530390486246));
#1221=CARTESIAN_POINT('',(70.8835454268506,-47.5627530748696,-10.8262882234845));
#1222=CARTESIAN_POINT('',(72.7516046149614,-51.1287245163222,7.92169294494181));
#1223=CARTESIAN_POINT('',(72.8479215913211,-51.4872115628053,9.98040748986575));
#1224=CARTESIAN_POINT('',(72.7842256949951,-51.7648405514771,12.0626715090689));
#1225=CARTESIAN_POINT('',(5.07345631929052,3.74765520273374,-63.03362927369));
#1226=CARTESIAN_POINT('',(22.7610152550078,-4.33400208134779,-61.290596336734));
#1227=CARTESIAN_POINT('',(41.5354224005236,-12.8115197954458,-53.7515501716855));
#1228=CARTESIAN_POINT('',(69.1712965219909,-23.2054811165671,-26.9795613135465));
#1229=CARTESIAN_POINT('',(79.3375081636638,-26.1887608626731,-10.8567940502156));
#1230=CARTESIAN_POINT('',(81.054633888664,-28.3035248939393,8.04876873383581));
#1231=CARTESIAN_POINT('',(81.1079533092918,-28.5137665579566,10.1153447322348));
#1232=CARTESIAN_POINT('',(80.9933543713605,-28.6736416850404,12.2033158279412));
#1233=CARTESIAN_POINT('',(5.32453080194851,4.50410985866765,-63.0336445751729));
#1234=CARTESIAN_POINT('',(23.891459331837,-0.911768028091047,-61.289950738046));
#1235=CARTESIAN_POINT('',(43.5877670680831,-6.59115174161054,-53.7420734786046));
#1236=CARTESIAN_POINT('',(72.3576017129982,-13.4960169231631,-26.985897950302));
#1237=CARTESIAN_POINT('',(82.9130584636409,-15.4384591709342,-10.8564522455352));
#1238=CARTESIAN_POINT('',(84.4949366593171,-16.8798226070435,8.12919488797691));
#1239=CARTESIAN_POINT('',(84.5241732777329,-17.0244485655484,10.1990576185077));
#1240=CARTESIAN_POINT('',(84.3790640873674,-17.1377390309901,12.2899106502826));
#1241=CARTESIAN_POINT('',(5.56322449685676,6.10051010345243,-63.0331432950426));
#1242=CARTESIAN_POINT('',(24.9629763360451,6.27088286723206,-61.2889179335751));
#1243=CARTESIAN_POINT('',(45.4734190541847,6.45393714716573,-53.7516358635294));
#1244=CARTESIAN_POINT('',(73.7463534483346,6.96438474385194,-26.8955051418765));
#1245=CARTESIAN_POINT('',(83.2306934112361,7.28661011314204,-10.7346007655908));
#1246=CARTESIAN_POINT('',(85.9933819379218,7.09675688914124,7.96690369148626));
#1247=CARTESIAN_POINT('',(86.1878623578227,7.06831072576666,10.021576063921));
#1248=CARTESIAN_POINT('',(86.2093976660393,7.03775310338565,12.1156462076812));
#1249=CARTESIAN_POINT('',(5.54880331411908,6.92544617919982,-63.0325745786142));
#1250=CARTESIAN_POINT('',(24.8975402567527,9.9833346027444,-61.2879018844001));
#1251=CARTESIAN_POINT('',(45.2983848755312,13.1935254877419,-53.7646197451419));
#1252=CARTESIAN_POINT('',(71.8957903749792,17.4270228113238,-26.7935566691711));
#1253=CARTESIAN_POINT('',(79.9909094052373,18.7317409284783,-10.65106868705));
#1254=CARTESIAN_POINT('',(84.0113646069843,19.3367573289956,7.73336989308569));
#1255=CARTESIAN_POINT('',(84.3875600960897,19.391728313996,9.7640708091863));
#1256=CARTESIAN_POINT('',(84.6044080117915,19.4314741722564,11.8509769144407));
#1257=CARTESIAN_POINT('',(5.23795825535327,8.52052368000719,-63.0322300414881));
#1258=CARTESIAN_POINT('',(23.5050387826167,17.1615295729546,-61.2886149443845));
#1259=CARTESIAN_POINT('',(42.7195360917685,26.2378763942456,-53.7900680764065));
#1260=CARTESIAN_POINT('',(66.4086966339456,37.44337283225,-26.7029696331767));
#1261=CARTESIAN_POINT('',(72.8651871059613,40.5557995215675,-10.5996718056634));
#1262=CARTESIAN_POINT('',(77.7523846877077,42.8261117459543,7.52288530152682));
#1263=CARTESIAN_POINT('',(78.2653849776827,43.0608668638799,9.53183424979944));
#1264=CARTESIAN_POINT('',(78.6330957231239,43.2580327302168,11.612083329584));
#1265=CARTESIAN_POINT('',(4.94248650074582,9.28902573902681,-63.0323151574613));
#1266=CARTESIAN_POINT('',(22.1806711636452,20.6223770856778,-61.2898525076965));
#1267=CARTESIAN_POINT('',(40.3139809219118,32.5313112069023,-53.8029161787058));
#1268=CARTESIAN_POINT('',(62.7305050039926,47.1752480915403,-26.7169798475355));
#1269=CARTESIAN_POINT('',(68.8443669375235,51.2079796466513,-10.6071593528246));
#1270=CARTESIAN_POINT('',(73.4410136343272,54.2383617803447,7.51614278443991));
#1271=CARTESIAN_POINT('',(73.9242653482534,54.5533623358518,9.52696014185195));
#1272=CARTESIAN_POINT('',(74.2596085515701,54.8155842093875,11.611346527088));
#1273=CARTESIAN_POINT('',(4.10220224392379,10.6503115928715,-63.0327215582489));
#1274=CARTESIAN_POINT('',(18.4123993756852,26.7511132807897,-61.2931251431109));
#1275=CARTESIAN_POINT('',(33.4642095624575,43.6696474089441,-53.8280474385057));
#1276=CARTESIAN_POINT('',(52.1264425603551,64.5284849152841,-26.7706057740656));
#1277=CARTESIAN_POINT('',(57.2193027105897,70.2707089972973,-10.6459498032501));
#1278=CARTESIAN_POINT('',(61.0417735781229,74.5795219943629,7.48504705083403));
#1279=CARTESIAN_POINT('',(61.4442677431085,75.0284787693597,9.49557820968814));
#1280=CARTESIAN_POINT('',(61.7257912102983,75.3775456039163,11.5790512236857));
#1281=CARTESIAN_POINT('',(3.55592369826597,11.2443813686121,-63.0329595113724));
#1282=CARTESIAN_POINT('',(15.9639438685137,29.423122425977,-61.2950582767731));
#1283=CARTESIAN_POINT('',(29.0130990274497,48.5251667846179,-53.8430430939432));
#1284=CARTESIAN_POINT('',(45.2221422512266,72.1180418888489,-26.8046766754025));
#1285=CARTESIAN_POINT('',(49.648783729626,78.610632194975,-10.6710673908065));
#1286=CARTESIAN_POINT('',(52.9681777936414,83.479869361409,7.4650138664292));
#1287=CARTESIAN_POINT('',(53.3184267871313,83.9880733989495,9.47611790329199));
#1288=CARTESIAN_POINT('',(53.5748996769088,84.3661391623284,11.560613327621));
#1289=CARTESIAN_POINT('',(2.52360553763992,11.8955974186966,-63.0332018389685));
#1290=CARTESIAN_POINT('',(11.3442416726055,32.3453469264964,-61.2969176047657));
#1291=CARTESIAN_POINT('',(20.6165846016238,53.8341436938963,-53.8568172379879));
#1292=CARTESIAN_POINT('',(32.1281978426071,80.4375237371097,-26.8390989189643));
#1293=CARTESIAN_POINT('',(35.2831771498936,87.7542576072989,-10.6971119454733));
#1294=CARTESIAN_POINT('',(37.6465764717881,93.2362404161505,7.44435897011785));
#1295=CARTESIAN_POINT('',(37.8961933079552,93.8118574845872,9.45895172953953));
#1296=CARTESIAN_POINT('',(38.0902988802635,94.2286566760053,11.5521198890774));
#1297=CARTESIAN_POINT('',(1.70574873216604,12.251685855399,-63.0332447160788));
#1298=CARTESIAN_POINT('',(7.68880680281155,33.9400388041576,-61.2972460923685));
#1299=CARTESIAN_POINT('',(13.9737931518614,56.7317437061034,-53.8592493846705));
#1300=CARTESIAN_POINT('',(21.7382571353909,84.9725328012495,-26.8452841456189));
#1301=CARTESIAN_POINT('',(23.8801276919624,92.7347984862725,-10.7018744661746));
#1302=CARTESIAN_POINT('',(25.484814133973,98.5491644200848,7.44067660324011));
#1303=CARTESIAN_POINT('',(25.6530057655103,99.161774506337,9.45725802349778));
#1304=CARTESIAN_POINT('',(25.7914966280855,99.603229819101,11.5555092671984));
#1305=CARTESIAN_POINT('',(0.63200227338574,12.3697149419594,-63.0331531770529));
#1306=CARTESIAN_POINT('',(2.855549114614,34.4709557956025,-61.2965472938548));
#1307=CARTESIAN_POINT('',(5.18993094529479,57.6974355151495,-53.8540939808836));
#1308=CARTESIAN_POINT('',(8.06038841297864,86.4593584944262,-26.8322334169191));
#1309=CARTESIAN_POINT('',(8.85658848985747,94.3635613557225,-10.6920098635457));
#1310=CARTESIAN_POINT('',(9.45333196208554,100.286117476061,7.44858857838828));
#1311=CARTESIAN_POINT('',(9.51525955946924,100.909955028875,9.46539455243074));
#1312=CARTESIAN_POINT('',(9.56841874251313,101.360719237958,11.5642521013221));
#1313=CARTESIAN_POINT('',(-3.51036465032107E-9,12.3696782331577,-63.0331569992737));
#1314=CARTESIAN_POINT('',(-3.51035942142039E-9,34.4708391397664,-61.2965759561764));
#1315=CARTESIAN_POINT('',(-3.51033501435336E-9,57.6971870905817,-53.8543022590479));
#1316=CARTESIAN_POINT('',(-3.51039785666866E-9,86.4595952944562,-26.8327814503828));
#1317=CARTESIAN_POINT('',(-3.5104567283518E-9,94.3640178225386,-10.6924283828961));
#1318=CARTESIAN_POINT('',(-3.51041142227209E-9,100.286661619876,7.44825289115427));
#1319=CARTESIAN_POINT('',(-3.5104050512363E-9,100.910510760302,9.46505206795985));
#1320=CARTESIAN_POINT('',(-3.51039845487495E-9,101.361302384697,11.5638908844909));
#1321=CARTESIAN_POINT('',(-3.5103719714717E-9,-1.20874435484844,-63.0345342986782));
#1322=CARTESIAN_POINT('',(-0.672896207165153,-1.20869342517931,-63.0345328905919));
#1323=CARTESIAN_POINT('',(-1.33526007379471,-1.02703656117274,-63.0342951498483));
#1324=CARTESIAN_POINT('',(-2.31456103074818,-0.559616778191315,-63.0341872132562));
#1325=CARTESIAN_POINT('',(-3.01946345282723,-0.125318246886652,-63.0341799857403));
#1326=CARTESIAN_POINT('',(-3.59589991401766,0.461943395134419,-63.034187927952));
#1327=CARTESIAN_POINT('',(-4.32072823553416,1.45326170143799,-63.0337069642859));
#1328=CARTESIAN_POINT('',(-4.58400199956725,2.23959160890097,-63.0332869355115));
#1329=CARTESIAN_POINT('',(-5.07345632631126,3.74765520273374,-63.03362927369));
#1330=CARTESIAN_POINT('',(-5.32453080896925,4.50410985866765,-63.0336445751729));
#1331=CARTESIAN_POINT('',(-5.5632245038775,6.10051010345243,-63.0331432950426));
#1332=CARTESIAN_POINT('',(-5.54880332113982,6.92544617919982,-63.0325745786142));
#1333=CARTESIAN_POINT('',(-5.23795826237401,8.52052368000719,-63.0322300414881));
#1334=CARTESIAN_POINT('',(-4.94248650776656,9.28902573902681,-63.0323151574613));
#1335=CARTESIAN_POINT('',(-4.10220225094453,10.6503115928715,-63.0327215582489));
#1336=CARTESIAN_POINT('',(-3.55592370528671,11.2443813686121,-63.0329595113724));
#1337=CARTESIAN_POINT('',(-2.52360554466066,11.8955974186966,-63.0332018389685));
#1338=CARTESIAN_POINT('',(-1.70574873918679,12.251685855399,-63.0332447160788));
#1339=CARTESIAN_POINT('',(-0.632002280406482,12.3697149419594,-63.0331531770529));
#1340=CARTESIAN_POINT('',(-3.51037696432984E-9,12.3696782331577,-63.0331569992737));
#1341=CARTESIAN_POINT('',(-3.51039687841446E-9,-26.719788944719,-61.3057569973165));
#1342=CARTESIAN_POINT('',(-3.01313583767677,-26.7196272727032,-61.305733879519));
#1343=CARTESIAN_POINT('',(-5.98760722766797,-25.9001601886802,-61.3043546468318));
#1344=CARTESIAN_POINT('',(-10.3923657521346,-23.7891984343173,-61.3028753146649));
#1345=CARTESIAN_POINT('',(-13.5603496705161,-21.8289889935513,-61.3017417275496));
#1346=CARTESIAN_POINT('',(-16.137576023709,-19.1851255360191,-61.2997868409624));
#1347=CARTESIAN_POINT('',(-19.3558365678433,-14.7343239453761,-61.2932527285971));
#1348=CARTESIAN_POINT('',(-20.5320786717602,-11.1901322795224,-61.289408829553));
#1349=CARTESIAN_POINT('',(-22.7610152620286,-4.33400208134779,-61.290596336734));
#1350=CARTESIAN_POINT('',(-23.8914593388577,-0.911768028091047,-61.289950738046));
#1351=CARTESIAN_POINT('',(-24.9629763430658,6.27088286723206,-61.2889179335751));
#1352=CARTESIAN_POINT('',(-24.8975402637734,9.9833346027444,-61.2879018844001));
#1353=CARTESIAN_POINT('',(-23.5050387896375,17.1615295729546,-61.2886149443845));
#1354=CARTESIAN_POINT('',(-22.1806711706659,20.6223770856778,-61.2898525076965));
#1355=CARTESIAN_POINT('',(-18.412399382706,26.7511132807897,-61.2931251431109));
#1356=CARTESIAN_POINT('',(-15.9639438755345,29.423122425977,-61.2950582767731));
#1357=CARTESIAN_POINT('',(-11.3442416796263,32.3453469264964,-61.2969176047657));
#1358=CARTESIAN_POINT('',(-7.68880680983229,33.9400388041576,-61.2972460923685));
#1359=CARTESIAN_POINT('',(-2.85554912163474,34.4709557956025,-61.2965472938548));
#1360=CARTESIAN_POINT('',(-3.51038219323051E-9,34.4708391397664,-61.2965759561764));
#1361=CARTESIAN_POINT('',(-3.51036709559596E-9,-53.4991084863763,-53.9134328143955));
#1362=CARTESIAN_POINT('',(-5.47298185193894,-53.4988722364098,-53.9131837116055));
#1363=CARTESIAN_POINT('',(-10.8781277919372,-52.0128707669358,-53.9057948151355));
#1364=CARTESIAN_POINT('',(-18.906343613953,-48.1768678911844,-53.8906958547107));
#1365=CARTESIAN_POINT('',(-24.6906541123594,-44.6137332037654,-53.875439548932));
#1366=CARTESIAN_POINT('',(-29.4054736071616,-39.8065074743934,-53.8483870480708));
#1367=CARTESIAN_POINT('',(-35.2867575120796,-31.7147297698753,-53.7832204462992));
#1368=CARTESIAN_POINT('',(-37.442316318778,-25.2756482655879,-53.7521381598077));
#1369=CARTESIAN_POINT('',(-41.5354224075443,-12.8115197954458,-53.7515501716855));
#1370=CARTESIAN_POINT('',(-43.5877670751039,-6.59115174161054,-53.7420734786046));
#1371=CARTESIAN_POINT('',(-45.4734190612055,6.45393714716573,-53.7516358635294));
#1372=CARTESIAN_POINT('',(-45.2983848825519,13.1935254877419,-53.7646197451419));
#1373=CARTESIAN_POINT('',(-42.7195360987892,26.2378763942456,-53.7900680764065));
#1374=CARTESIAN_POINT('',(-40.3139809289325,32.5313112069023,-53.8029161787058));
#1375=CARTESIAN_POINT('',(-33.4642095694783,43.6696474089441,-53.8280474385057));
#1376=CARTESIAN_POINT('',(-29.0130990344705,48.5251667846179,-53.8430430939432));
#1377=CARTESIAN_POINT('',(-20.6165846086445,53.8341436938963,-53.8568172379879));
#1378=CARTESIAN_POINT('',(-13.9737931588821,56.7317437061034,-53.8592493846705));
#1379=CARTESIAN_POINT('',(-5.18993095231554,57.6974355151495,-53.8540939808836));
#1380=CARTESIAN_POINT('',(-3.51040660029754E-9,57.6971870905817,-53.8543022590479));
#1381=CARTESIAN_POINT('',(-3.51037158257552E-9,-86.7322680025801,-27.0167574850092));
#1382=CARTESIAN_POINT('',(-8.58850410376531,-86.7311767275556,-27.0165090208263));
#1383=CARTESIAN_POINT('',(-17.0336671433516,-84.3822432459658,-26.9854496846314));
#1384=CARTESIAN_POINT('',(-29.9980121790895,-78.3868046424849,-26.9658617534694));
#1385=CARTESIAN_POINT('',(-39.5781397911125,-72.8183884642987,-26.9577516994257));
#1386=CARTESIAN_POINT('',(-47.6970309743365,-65.2968094536502,-26.9590134082146));
#1387=CARTESIAN_POINT('',(-57.9589693623708,-52.6227269065362,-26.9430330631229));
#1388=CARTESIAN_POINT('',(-62.0299064149833,-42.6039050458355,-26.9530390486246));
#1389=CARTESIAN_POINT('',(-69.1712965290116,-23.2054811165671,-26.9795613135465));
#1390=CARTESIAN_POINT('',(-72.3576017200189,-13.4960169231631,-26.985897950302));
#1391=CARTESIAN_POINT('',(-73.7463534553553,6.96438474385194,-26.8955051418765));
#1392=CARTESIAN_POINT('',(-71.8957903819999,17.4270228113238,-26.7935566691711));
#1393=CARTESIAN_POINT('',(-66.4086966409664,37.44337283225,-26.7029696331767));
#1394=CARTESIAN_POINT('',(-62.7305050110133,47.1752480915403,-26.7169798475355));
#1395=CARTESIAN_POINT('',(-52.1264425673758,64.5284849152841,-26.7706057740656));
#1396=CARTESIAN_POINT('',(-45.2221422582474,72.1180418888489,-26.8046766754025));
#1397=CARTESIAN_POINT('',(-32.1281978496278,80.4375237371097,-26.8390989189643));
#1398=CARTESIAN_POINT('',(-21.7382571424117,84.9725328012495,-26.8452841456189));
#1399=CARTESIAN_POINT('',(-8.06038841999938,86.4593584944262,-26.8322334169191));
#1400=CARTESIAN_POINT('',(-3.51034375798224E-9,86.4595952944562,-26.8327814503828));
#1401=CARTESIAN_POINT('',(-3.51037073555886E-9,-96.0191467292961,-10.7771182766409));
#1402=CARTESIAN_POINT('',(-9.45551644892976,-96.018021015949,-10.7764023327476));
#1403=CARTESIAN_POINT('',(-18.7369940408642,-93.4112321728538,-10.7524352659853));
#1404=CARTESIAN_POINT('',(-33.2939663458168,-86.8178080378,-10.7551518620207));
#1405=CARTESIAN_POINT('',(-44.2095117265333,-80.7029563907314,-10.7661448652895));
#1406=CARTESIAN_POINT('',(-53.6838251409969,-72.4658519234922,-10.7890106530789));
#1407=CARTESIAN_POINT('',(-65.8151420369394,-58.5824394510318,-10.8081937156226));
#1408=CARTESIAN_POINT('',(-70.8835454338713,-47.5627530748696,-10.8262882234845));
#1409=CARTESIAN_POINT('',(-79.3375081706845,-26.1887608626731,-10.8567940502156));
#1410=CARTESIAN_POINT('',(-82.9130584706616,-15.4384591709342,-10.8564522455352));
#1411=CARTESIAN_POINT('',(-83.2306934182569,7.28661011314204,-10.7346007655908));
#1412=CARTESIAN_POINT('',(-79.990909412258,18.7317409284783,-10.65106868705));
#1413=CARTESIAN_POINT('',(-72.8651871129821,40.5557995215675,-10.5996718056634));
#1414=CARTESIAN_POINT('',(-68.8443669445442,51.2079796466513,-10.6071593528246));
#1415=CARTESIAN_POINT('',(-57.2193027176104,70.2707089972973,-10.6459498032501));
#1416=CARTESIAN_POINT('',(-49.6487837366467,78.610632194975,-10.6710673908065));
#1417=CARTESIAN_POINT('',(-35.2831771569144,87.7542576072989,-10.6971119454733));
#1418=CARTESIAN_POINT('',(-23.8801276989831,92.7347984862725,-10.7018744661746));
#1419=CARTESIAN_POINT('',(-8.85658849687821,94.3635613557225,-10.6920098635457));
#1420=CARTESIAN_POINT('',(-3.5102848862991E-9,94.3640178225386,-10.6924283828961));
#1421=CARTESIAN_POINT('',(-3.51037059372881E-9,-100.586695677549,7.66959317521794));
#1422=CARTESIAN_POINT('',(-10.0927367381655,-100.583735394236,7.67131381845417));
#1423=CARTESIAN_POINT('',(-19.9748350109095,-97.8025144713972,7.66902386648525));
#1424=CARTESIAN_POINT('',(-35.0349644146759,-91.2780531705949,7.63504079402972));
#1425=CARTESIAN_POINT('',(-46.1499290934974,-85.3555238517825,7.60300854366408));
#1426=CARTESIAN_POINT('',(-55.6447060836868,-77.1569765146514,7.64041728900902));
#1427=CARTESIAN_POINT('',(-67.7700452691101,-62.8958444520201,7.79695784563633));
#1428=CARTESIAN_POINT('',(-72.7516046219821,-51.1287245163222,7.92169294494181));
#1429=CARTESIAN_POINT('',(-81.0546338956847,-28.3035248939393,8.04876873383581));
#1430=CARTESIAN_POINT('',(-84.4949366663378,-16.8798226070435,8.12919488797691));
#1431=CARTESIAN_POINT('',(-85.9933819449426,7.09675688914124,7.96690369148626));
#1432=CARTESIAN_POINT('',(-84.011364614005,19.3367573289956,7.73336989308569));
#1433=CARTESIAN_POINT('',(-77.7523846947284,42.8261117459543,7.52288530152682));
#1434=CARTESIAN_POINT('',(-73.4410136413479,54.2383617803447,7.51614278443991));
#1435=CARTESIAN_POINT('',(-61.0417735851436,74.5795219943629,7.48504705083403));
#1436=CARTESIAN_POINT('',(-52.9681778006622,83.479869361409,7.4650138664292));
#1437=CARTESIAN_POINT('',(-37.6465764788088,93.2362404161505,7.44435897011785));
#1438=CARTESIAN_POINT('',(-25.4848141409938,98.5491644200848,7.44067660324011));
#1439=CARTESIAN_POINT('',(-9.45333196910629,100.286117476061,7.44858857838828));
#1440=CARTESIAN_POINT('',(-3.51033019237881E-9,100.286661619876,7.44825289115427));
#1441=CARTESIAN_POINT('',(-3.51037061734716E-9,-101.011106253493,9.69285556770718));
#1442=CARTESIAN_POINT('',(-10.1587212168341,-101.007937810336,9.6948062014811));
#1443=CARTESIAN_POINT('',(-20.1021081810073,-98.2085311665239,9.68877553204911));
#1444=CARTESIAN_POINT('',(-35.2006385357266,-91.7014354423436,9.6524593688509));
#1445=CARTESIAN_POINT('',(-46.3213930323439,-85.8108938581614,9.62009874393592));
#1446=CARTESIAN_POINT('',(-55.8009397800818,-77.626684188458,9.6678501498178));
#1447=CARTESIAN_POINT('',(-67.8976420703278,-63.3325844470981,9.84713194092));
#1448=CARTESIAN_POINT('',(-72.8479215983419,-51.4872115628053,9.98040748986575));
#1449=CARTESIAN_POINT('',(-81.1079533163125,-28.5137665579566,10.1153447322348));
#1450=CARTESIAN_POINT('',(-84.5241732847536,-17.0244485655484,10.1990576185077));
#1451=CARTESIAN_POINT('',(-86.1878623648434,7.06831072576666,10.021576063921));
#1452=CARTESIAN_POINT('',(-84.3875601031104,19.391728313996,9.7640708091863));
#1453=CARTESIAN_POINT('',(-78.2653849847035,43.0608668638799,9.53183424979944));
#1454=CARTESIAN_POINT('',(-73.9242653552741,54.5533623358518,9.52696014185195));
#1455=CARTESIAN_POINT('',(-61.4442677501292,75.0284787693597,9.49557820968814));
#1456=CARTESIAN_POINT('',(-53.3184267941521,83.9880733989495,9.47611790329199));
#1457=CARTESIAN_POINT('',(-37.8961933149759,93.8118574845872,9.45895172953953));
#1458=CARTESIAN_POINT('',(-25.653005772531,99.161774506337,9.45725802349778));
#1459=CARTESIAN_POINT('',(-9.51525956648998,100.909955028875,9.46539455243074));
#1460=CARTESIAN_POINT('',(-3.5103365634146E-9,100.910510760302,9.46505206795985));
#1461=CARTESIAN_POINT('',(-3.51037065576226E-9,-101.286309597338,11.7242420083542));
#1462=CARTESIAN_POINT('',(-10.2147357676166,-101.282848538483,11.726542882688));
#1463=CARTESIAN_POINT('',(-20.2138920989827,-98.4688159291795,11.7183753542382));
#1464=CARTESIAN_POINT('',(-35.321252759641,-91.9896375731456,11.685011082723));
#1465=CARTESIAN_POINT('',(-46.4155212759802,-86.1415856920054,11.6575631709619));
#1466=CARTESIAN_POINT('',(-55.8447119369924,-77.9819101055839,11.7230135905722));
#1467=CARTESIAN_POINT('',(-67.8691359055625,-63.6726414762848,11.9281218545851));
#1468=CARTESIAN_POINT('',(-72.7842257020158,-51.7648405514771,12.0626715090689));
#1469=CARTESIAN_POINT('',(-80.9933543783812,-28.6736416850404,12.2033158279412));
#1470=CARTESIAN_POINT('',(-84.3790640943881,-17.1377390309901,12.2899106502826));
#1471=CARTESIAN_POINT('',(-86.20939767306,7.03775310338565,12.1156462076812));
#1472=CARTESIAN_POINT('',(-84.6044080188123,19.4314741722564,11.8509769144407));
#1473=CARTESIAN_POINT('',(-78.6330957301446,43.2580327302168,11.612083329584));
#1474=CARTESIAN_POINT('',(-74.2596085585908,54.8155842093875,11.611346527088));
#1475=CARTESIAN_POINT('',(-61.725791217319,75.3775456039163,11.5790512236857));
#1476=CARTESIAN_POINT('',(-53.5748996839296,84.3661391623284,11.560613327621));
#1477=CARTESIAN_POINT('',(-38.0902988872842,94.2286566760053,11.5521198890774));
#1478=CARTESIAN_POINT('',(-25.7914966351063,99.603229819101,11.5555092671984));
#1479=CARTESIAN_POINT('',(-9.56841874953387,101.360719237958,11.5642521013221));
#1480=CARTESIAN_POINT('',(-3.51034315977595E-9,101.361302384697,11.5638908844909));
#1481=CARTESIAN_POINT('',(91.6115608221124,-106.439321007858,10.3242972255232));
#1482=CARTESIAN_POINT('',(33.0501919306547,76.2055935126663,-30.8573397184065));
#1483=CARTESIAN_POINT('',(33.0501919306547,76.2055935126663,-31.9323397184065));
#1484=CARTESIAN_POINT('',(33.1434254879877,75.134644149371,-31.9323397184065));
#1485=CARTESIAN_POINT('',(33.2366590453207,74.0636947860757,-31.9323397184065));
#1486=CARTESIAN_POINT('',(33.2366590453206,74.0636947860757,-30.8573397184065));
#1487=CARTESIAN_POINT('',(18.225334602772,74.913932538502,-30.8573397184066));
#1488=CARTESIAN_POINT('',(18.225334602772,74.913932538502,-31.9323397184065));
#1489=CARTESIAN_POINT('',(18.318568160105,73.8429831752067,-31.9323397184065));
#1490=CARTESIAN_POINT('',(18.411801717438,72.7720338119115,-31.9323397184065));
#1491=CARTESIAN_POINT('',(18.411801717438,72.7720338119114,-30.8573397184065));
#1492=CARTESIAN_POINT('',(33.2366590453206,74.0636947860757,-30.8573397184065));
#1493=CARTESIAN_POINT('',(33.2366590453207,74.0636947860757,-29.7823397184066));
#1494=CARTESIAN_POINT('',(33.1434254879877,75.134644149371,-29.7823397184065));
#1495=CARTESIAN_POINT('',(33.0501919306547,76.2055935126663,-29.7823397184065));
#1496=CARTESIAN_POINT('',(33.0501919306547,76.2055935126663,-30.8573397184065));
#1497=CARTESIAN_POINT('',(18.411801717438,72.7720338119114,-30.8573397184065));
#1498=CARTESIAN_POINT('',(18.411801717438,72.7720338119114,-29.7823397184066));
#1499=CARTESIAN_POINT('',(18.318568160105,73.8429831752067,-29.7823397184065));
#1500=CARTESIAN_POINT('',(18.2253346027721,74.913932538502,-29.7823397184065));
#1501=CARTESIAN_POINT('',(18.2253346027721,74.913932538502,-30.8573397184066));
#1502=CARTESIAN_POINT('',(-92.5494320715764,1.96633246449005,-10.3757027744768));
#1503=CARTESIAN_POINT('',(92.5494446741265,1.96702551473099,-10.3757027744768));
#1504=CARTESIAN_POINT('',(92.5494446741265,1.96702551470995,12.3242972255232));
#1505=CARTESIAN_POINT('',(-92.5494320715764,1.96633246447738,12.3242972255232));
#1506=CARTESIAN_POINT('',(-3.51037080732545E-9,-98.6421614746433,12.3242972255232));
#1507=CARTESIAN_POINT('',(-3.51037080732545E-9,6.05611398980212,-60.6757027744768));
#1508=CARTESIAN_POINT('',(-3.51041272764691E-9,98.7617176966959,12.3242972255232));
#1509=CARTESIAN_POINT('',(-51.2886661015253,-86.7808029262306,-13.0757027744765));
#1510=CARTESIAN_POINT('',(51.2894857039629,-86.7802313005229,-13.0757027744765));
#1511=CARTESIAN_POINT('',(51.2894857039632,-86.7802313005226,10.3242972255232));
#1512=CARTESIAN_POINT('',(-51.2886661015259,-86.7808029262303,10.3242972255232));
#1513=CARTESIAN_POINT('',(-3.64329792383489E-9,-101.073722146706,10.3242972255232));
#1514=CARTESIAN_POINT('',(-3.82835006473205E-9,-1.20873082043012,-63.0343400773909));
#1515=CARTESIAN_POINT('',(-3.4135315125149E-9,13.363107035453,-62.9513137240782));
#1516=CARTESIAN_POINT('',(5.07503106574861E-9,101.073875004804,10.3242972255232));
#1517=CARTESIAN_POINT('',(20.4056630891152,75.1039003172388,-30.8573397184065));
#1518=CARTESIAN_POINT('',(25.3868036599921,73.3797521598628,-30.8573397184066));
#1519=CARTESIAN_POINT('',(28.5601697727964,75.8143866183153,-30.8573397184066));
#1520=CARTESIAN_POINT('',(32.1635380665709,73.9701958431751,-30.8573397184065));
#1521=CARTESIAN_POINT('',(92.5494446741265,1.96702551470995,12.3242972255232));
#1522=CARTESIAN_POINT('',(92.5494446741265,1.96702551473099,-10.3757027744768));
#1523=CARTESIAN_POINT('',(-92.5494320715764,1.96633246449005,-10.3757027744768));
#1524=CARTESIAN_POINT('',(-92.5494320715764,1.96633246447738,12.3242972255232));
#1525=CARTESIAN_POINT('',(-92.5494320715764,1.96633246447738,12.3242972255232));
#1526=CARTESIAN_POINT('',(-92.5490187141276,3.46806872995983,12.3242972255232));
#1527=CARTESIAN_POINT('',(-92.4429751608324,8.33606861823949,12.3242972255232));
#1528=CARTESIAN_POINT('',(-91.763483897304,16.1052520897647,12.3242972255232));
#1529=CARTESIAN_POINT('',(-90.2970100786322,25.1662798351764,12.3242972255232));
#1530=CARTESIAN_POINT('',(-88.388909479894,33.682917300808,12.3242972255232));
#1531=CARTESIAN_POINT('',(-86.0282117981891,42.0824790029855,12.3242972255232));
#1532=CARTESIAN_POINT('',(-83.1491163908696,50.3621377182129,12.3242972255232));
#1533=CARTESIAN_POINT('',(-79.7178914190443,58.4405302938664,12.3242972255232));
#1534=CARTESIAN_POINT('',(-76.1272495040438,65.3951789335428,12.3242972255232));
#1535=CARTESIAN_POINT('',(-72.8219508726533,70.834568396301,12.3242972255232));
#1536=CARTESIAN_POINT('',(-69.2393059630872,76.0973815667983,12.3242972255232));
#1537=CARTESIAN_POINT('',(-64.7089671414575,81.8621328945469,12.3242972255232));
#1538=CARTESIAN_POINT('',(-58.6095345325304,88.2126397741596,12.3242972255232));
#1539=CARTESIAN_POINT('',(-52.9750283111368,92.9307029228499,12.3242972255232));
#1540=CARTESIAN_POINT('',(-48.6987540476381,95.908709859104,12.3242972255232));
#1541=CARTESIAN_POINT('',(-46.0650007403629,97.5628741321798,12.3242972255232));
#1542=CARTESIAN_POINT('',(-43.1862631886235,99.2325991628323,12.3242972255232));
#1543=CARTESIAN_POINT('',(-40.168346876051,100.767937186458,12.3242972255232));
#1544=CARTESIAN_POINT('',(-37.0434650196221,102.142632538044,12.3242972255232));
#1545=CARTESIAN_POINT('',(-33.798694784079,103.426787264233,12.3242972255232));
#1546=CARTESIAN_POINT('',(-29.5683774501381,104.832939005605,12.3242972255232));
#1547=CARTESIAN_POINT('',(-24.2530650421212,106.187488390402,12.3242972255232));
#1548=CARTESIAN_POINT('',(-18.6501295224773,107.223590591884,12.3242972255232));
#1549=CARTESIAN_POINT('',(-12.7376455329582,107.949930826342,12.3242972255232));
#1550=CARTESIAN_POINT('',(-6.48642012143571,108.375418924673,12.3242972255232));
#1551=CARTESIAN_POINT('',(1.06228160527056E-5,108.506056015649,12.3242972255232));
#1552=CARTESIAN_POINT('',(6.48640872462339,108.375436831886,12.3242972255232));
#1553=CARTESIAN_POINT('',(12.7376499717734,107.949888764934,12.3242972255232));
#1554=CARTESIAN_POINT('',(18.6501309604513,107.223671665213,12.3242972255232));
#1555=CARTESIAN_POINT('',(24.2530589699284,106.187420770398,12.3242972255232));
#1556=CARTESIAN_POINT('',(29.5683904574748,104.833014415916,12.3242972255232));
#1557=CARTESIAN_POINT('',(33.7986725105094,103.426696655942,12.3242972255232));
#1558=CARTESIAN_POINT('',(37.043484881591,102.142675307262,12.3242972255232));
#1559=CARTESIAN_POINT('',(40.1683082232421,100.767899207079,12.3242972255232));
#1560=CARTESIAN_POINT('',(43.1863258566792,99.2326354341711,12.3242972255232));
#1561=CARTESIAN_POINT('',(46.0649659849192,97.5628510400917,12.3242972255232));
#1562=CARTESIAN_POINT('',(48.6987857038728,95.9087374192652,12.3242972255232));
#1563=CARTESIAN_POINT('',(52.9749830674728,92.9306544027537,12.3242972255232));
#1564=CARTESIAN_POINT('',(58.6095704299989,88.2126776726198,12.3242972255232));
#1565=CARTESIAN_POINT('',(64.7089310790448,81.862099624703,12.3242972255232));
#1566=CARTESIAN_POINT('',(69.2393510106052,76.0974146559552,12.3242972255232));
#1567=CARTESIAN_POINT('',(72.8219079281673,70.8345523226371,12.3242972255232));
#1568=CARTESIAN_POINT('',(76.1273367815009,65.3951900532951,12.3242972255232));
#1569=CARTESIAN_POINT('',(79.7177462006411,58.4405247177545,12.3242972255232));
#1570=CARTESIAN_POINT('',(83.1492564457839,50.3621345026316,12.3242972255232));
#1571=CARTESIAN_POINT('',(86.028028474705,42.0824917520046,12.3242972255232));
#1572=CARTESIAN_POINT('',(88.3891944832959,33.6828911293134,12.3242972255232));
#1573=CARTESIAN_POINT('',(90.2967403528669,25.1663437653404,12.3242972255232));
#1574=CARTESIAN_POINT('',(91.526628474136,17.5703048026507,12.3242972255232));
#1575=CARTESIAN_POINT('',(92.1824792672086,11.3127039756785,12.3242972255232));
#1576=CARTESIAN_POINT('',(92.4840001028544,6.45355291116287,12.3242972255232));
#1577=CARTESIAN_POINT('',(92.5490322216367,3.46851592964846,12.3242972255232));
#1578=CARTESIAN_POINT('',(92.5494446741265,1.96702551470995,12.3242972255232));
#1579=CARTESIAN_POINT('',(-92.5494320715764,1.96633246449005,-10.3757027744768));
#1580=CARTESIAN_POINT('',(-92.5490187141274,3.46806872996826,-10.3757027744768));
#1581=CARTESIAN_POINT('',(-92.4429751608321,8.33606861824368,-10.3757027744768));
#1582=CARTESIAN_POINT('',(-91.7634838973041,16.1052520897647,-10.3757027744768));
#1583=CARTESIAN_POINT('',(-90.2970100786322,25.1662798351763,-10.3757027744768));
#1584=CARTESIAN_POINT('',(-88.388909479894,33.682917300808,-10.3757027744768));
#1585=CARTESIAN_POINT('',(-86.0282117981891,42.0824790029855,-10.3757027744768));
#1586=CARTESIAN_POINT('',(-83.1491163908696,50.3621377182128,-10.3757027744768));
#1587=CARTESIAN_POINT('',(-79.7178914190443,58.4405302938663,-10.3757027744768));
#1588=CARTESIAN_POINT('',(-76.1272495040438,65.3951789335427,-10.3757027744768));
#1589=CARTESIAN_POINT('',(-72.8219508726533,70.834568396301,-10.3757027744768));
#1590=CARTESIAN_POINT('',(-69.2393059630873,76.0973815667983,-10.3757027744768));
#1591=CARTESIAN_POINT('',(-64.7089671414576,81.8621328945469,-10.3757027744768));
#1592=CARTESIAN_POINT('',(-58.6095345325304,88.2126397741595,-10.3757027744768));
#1593=CARTESIAN_POINT('',(-52.9750283111368,92.9307029228498,-10.3757027744768));
#1594=CARTESIAN_POINT('',(-48.6987540476382,95.9087098591039,-10.3757027744768));
#1595=CARTESIAN_POINT('',(-46.0650007403629,97.5628741321797,-10.3757027744768));
#1596=CARTESIAN_POINT('',(-43.1862631886235,99.2325991628322,-10.3757027744768));
#1597=CARTESIAN_POINT('',(-40.168346876051,100.767937186458,-10.3757027744768));
#1598=CARTESIAN_POINT('',(-37.0434650196221,102.142632538044,-10.3757027744768));
#1599=CARTESIAN_POINT('',(-33.798694784079,103.426787264233,-10.3757027744768));
#1600=CARTESIAN_POINT('',(-29.5683774501381,104.832939005604,-10.3757027744768));
#1601=CARTESIAN_POINT('',(-24.2530650421212,106.187488390402,-10.3757027744768));
#1602=CARTESIAN_POINT('',(-18.6501295224773,107.223590591884,-10.3757027744768));
#1603=CARTESIAN_POINT('',(-12.7376455329582,107.949930826342,-10.3757027744768));
#1604=CARTESIAN_POINT('',(-6.48642012143571,108.375418924673,-10.3757027744768));
#1605=CARTESIAN_POINT('',(1.06228160500501E-5,108.506056015648,-10.3757027744768));
#1606=CARTESIAN_POINT('',(6.48640872462339,108.375436831885,-10.3757027744768));
#1607=CARTESIAN_POINT('',(12.7376499717734,107.949888764933,-10.3757027744768));
#1608=CARTESIAN_POINT('',(18.6501309604513,107.223671665212,-10.3757027744768));
#1609=CARTESIAN_POINT('',(24.2530589699284,106.187420770398,-10.3757027744768));
#1610=CARTESIAN_POINT('',(29.5683904574748,104.833014415916,-10.3757027744768));
#1611=CARTESIAN_POINT('',(33.7986725105094,103.426696655941,-10.3757027744768));
#1612=CARTESIAN_POINT('',(37.043484881591,102.142675307262,-10.3757027744768));
#1613=CARTESIAN_POINT('',(40.1683082232421,100.767899207079,-10.3757027744768));
#1614=CARTESIAN_POINT('',(43.1863258566792,99.2326354341708,-10.3757027744768));
#1615=CARTESIAN_POINT('',(46.0649659849192,97.5628510400915,-10.3757027744768));
#1616=CARTESIAN_POINT('',(48.6987857038728,95.9087374192649,-10.3757027744768));
#1617=CARTESIAN_POINT('',(52.9749830674728,92.9306544027534,-10.3757027744768));
#1618=CARTESIAN_POINT('',(58.6095704299989,88.2126776726195,-10.3757027744768));
#1619=CARTESIAN_POINT('',(64.7089310790449,81.8620996247027,-10.3757027744768));
#1620=CARTESIAN_POINT('',(69.2393510106052,76.0974146559549,-10.3757027744768));
#1621=CARTESIAN_POINT('',(72.8219079281673,70.8345523226368,-10.3757027744768));
#1622=CARTESIAN_POINT('',(76.127336781501,65.3951900532948,-10.3757027744768));
#1623=CARTESIAN_POINT('',(79.7177462006411,58.4405247177542,-10.3757027744768));
#1624=CARTESIAN_POINT('',(83.1492564457839,50.3621345026313,-10.3757027744768));
#1625=CARTESIAN_POINT('',(86.028028474705,42.0824917520042,-10.3757027744768));
#1626=CARTESIAN_POINT('',(88.3891944832959,33.6828911293131,-10.3757027744768));
#1627=CARTESIAN_POINT('',(90.2967403528669,25.1663437653401,-10.3757027744768));
#1628=CARTESIAN_POINT('',(91.526628474136,17.5703048026504,-10.3757027744768));
#1629=CARTESIAN_POINT('',(92.1824792672086,11.3127039756782,-10.3757027744768));
#1630=CARTESIAN_POINT('',(92.484000102854,6.45355291116965,-10.3757027744768));
#1631=CARTESIAN_POINT('',(92.5490322216364,3.46851592966237,-10.3757027744768));
#1632=CARTESIAN_POINT('',(92.5494446741265,1.96702551473099,-10.3757027744768));
#1633=CARTESIAN_POINT('',(-92.5494320715764,1.96633246447738,12.3242972255232));
#1634=CARTESIAN_POINT('',(-92.5490286931271,0.504159127206069,12.3242972255232));
#1635=CARTESIAN_POINT('',(-92.5018895662103,-1.70667792649834,12.3242972255232));
#1636=CARTESIAN_POINT('',(-92.338912719452,-4.66182558280151,12.3242972255232));
#1637=CARTESIAN_POINT('',(-92.1038893702371,-7.63501299501021,12.3242972255232));
#1638=CARTESIAN_POINT('',(-91.5177097283242,-12.7636122023842,12.3242972255232));
#1639=CARTESIAN_POINT('',(-90.2248765308516,-19.9381091580912,12.3242972255232));
#1640=CARTESIAN_POINT('',(-88.1055388810349,-28.2935563302055,12.3242972255232));
#1641=CARTESIAN_POINT('',(-86.0041147016305,-35.0525133533347,12.3242972255232));
#1642=CARTESIAN_POINT('',(-84.4243340031308,-39.6814232767737,12.3242972255232));
#1643=CARTESIAN_POINT('',(-83.4992237268414,-42.2988294515731,12.3242972255232));
#1644=CARTESIAN_POINT('',(-82.5461102136055,-44.9433516902963,12.3242972255232));
#1645=CARTESIAN_POINT('',(-81.2980938854254,-48.2844056704262,12.3242972255232));
#1646=CARTESIAN_POINT('',(-79.6994979562163,-52.3036712946548,12.3242972255232));
#1647=CARTESIAN_POINT('',(-77.9719207075553,-56.3284197182672,12.3242972255232));
#1648=CARTESIAN_POINT('',(-76.0862217432674,-60.3473565281757,12.3242972255232));
#1649=CARTESIAN_POINT('',(-74.0115466736359,-64.3486063305149,12.3242972255232));
#1650=CARTESIAN_POINT('',(-71.7113522672961,-68.3143003903442,12.3242972255232));
#1651=CARTESIAN_POINT('',(-69.1555226643212,-72.2125292499757,12.3242972255232));
#1652=CARTESIAN_POINT('',(-66.7977948458378,-75.3577406230099,12.3242972255232));
#1653=CARTESIAN_POINT('',(-64.766390796842,-77.7869021288822,12.3242972255232));
#1654=CARTESIAN_POINT('',(-62.6551412956196,-80.1321282388629,12.3242972255232));
#1655=CARTESIAN_POINT('',(-59.8878501667977,-82.8989017418052,12.3242972255232));
#1656=CARTESIAN_POINT('',(-56.3821281685843,-85.9728377760487,12.3242972255232));
#1657=CARTESIAN_POINT('',(-52.7291601758308,-88.8031300924609,12.3242972255232));
#1658=CARTESIAN_POINT('',(-48.9560217961778,-91.403299131202,12.3242972255232));
#1659=CARTESIAN_POINT('',(-43.8207942230843,-94.5663963014885,12.3242972255232));
#1660=CARTESIAN_POINT('',(-38.5218815094174,-97.3394063853535,12.3242972255232));
#1661=CARTESIAN_POINT('',(-33.3117861279756,-99.6829821099696,12.3242972255232));
#1662=CARTESIAN_POINT('',(-29.6645675030832,-101.180967016039,12.3242972255232));
#1663=CARTESIAN_POINT('',(-26.192380283044,-102.478745871166,12.3242972255232));
#1664=CARTESIAN_POINT('',(-21.4824643205721,-104.053566449542,12.3242972255232));
#1665=CARTESIAN_POINT('',(-15.3894509937805,-105.70445875244,12.3242972255232));
#1666=CARTESIAN_POINT('',(-9.09938207391907,-106.794807440732,12.3242972255232));
#1667=CARTESIAN_POINT('',(-3.93612342545884,-107.260754776889,12.3242972255232));
#1668=CARTESIAN_POINT('',(-1.31713382525768,-107.342356620766,12.3242972255232));
#1669=CARTESIAN_POINT('',(-3.51037243727227E-9,-107.342161474643,12.3242972255232));
#1670=CARTESIAN_POINT('',(1.31713381823682,-107.34235662072,12.3242972255232));
#1671=CARTESIAN_POINT('',(3.93612223144233,-107.260757625157,12.3242972255232));
#1672=CARTESIAN_POINT('',(9.09938446208445,-106.794802047258,12.3242972255232));
#1673=CARTESIAN_POINT('',(15.389445782624,-105.704467927561,12.3242972255232));
#1674=CARTESIAN_POINT('',(22.6630169852867,-103.73459013025,12.3242972255232));
#1675=CARTESIAN_POINT('',(27.913829998837,-101.867075144731,12.3242972255232));
#1676=CARTESIAN_POINT('',(31.3525446209331,-100.487148645618,12.3242972255232));
#1677=CARTESIAN_POINT('',(33.863073450871,-99.4350907676716,12.3242972255232));
#1678=CARTESIAN_POINT('',(38.5216783168265,-97.3392163396173,12.3242972255232));
#1679=CARTESIAN_POINT('',(43.8209498011703,-94.5665311732083,12.3242972255232));
#1680=CARTESIAN_POINT('',(48.955922915584,-91.4032155626773,12.3242972255232));
#1681=CARTESIAN_POINT('',(52.7292390279924,-88.8031962390019,12.3242972255232));
#1682=CARTESIAN_POINT('',(56.3820513266745,-85.9727722456458,12.3242972255232));
#1683=CARTESIAN_POINT('',(59.8879145566766,-82.8989698406527,12.3242972255232));
#1684=CARTESIAN_POINT('',(62.6551046235855,-80.1320755763904,12.3242972255232));
#1685=CARTESIAN_POINT('',(64.7664063141108,-77.7869488717983,12.3242972255232));
#1686=CARTESIAN_POINT('',(66.7978038550845,-75.3576950490539,12.3242972255232));
#1687=CARTESIAN_POINT('',(69.1554798052266,-72.2125840676129,12.3242972255232));
#1688=CARTESIAN_POINT('',(71.7114308555948,-68.3142304324978,12.3242972255232));
#1689=CARTESIAN_POINT('',(74.0114183093991,-64.3487002593462,12.3242972255232));
#1690=CARTESIAN_POINT('',(76.7586173258086,-59.0505611306105,12.3242972255232));
#1691=CARTESIAN_POINT('',(79.7323362739258,-52.3766893806074,12.3242972255232));
#1692=CARTESIAN_POINT('',(82.0566251357226,-46.3011489819574,12.3242972255232));
#1693=CARTESIAN_POINT('',(83.4992168146892,-42.2988528488729,12.3242972255232));
#1694=CARTESIAN_POINT('',(84.4243299956561,-39.6814051875447,12.3242972255232));
#1695=CARTESIAN_POINT('',(86.0041319469014,-35.0525403657253,12.3242972255232));
#1696=CARTESIAN_POINT('',(88.1055048295523,-28.2935146326848,12.3242972255232));
#1697=CARTESIAN_POINT('',(90.2249058076049,-19.9381431391713,12.3242972255232));
#1698=CARTESIAN_POINT('',(91.5176735685314,-12.7635894708631,12.3242972255232));
#1699=CARTESIAN_POINT('',(92.10394133115,-7.63502777611311,12.3242972255232));
#1700=CARTESIAN_POINT('',(92.3388813327562,-4.66182636095199,12.3242972255232));
#1701=CARTESIAN_POINT('',(92.5018770036139,-1.70637232890958,12.3242972255232));
#1702=CARTESIAN_POINT('',(92.549042041527,0.504647560061098,12.3242972255232));
#1703=CARTESIAN_POINT('',(92.5494446741265,1.96702551470995,12.3242972255232));
#1704=CARTESIAN_POINT('',(-92.5494320715764,1.96633246449005,-10.3757027744768));
#1705=CARTESIAN_POINT('',(-92.5490286931273,0.504159127214492,-10.3757027744768));
#1706=CARTESIAN_POINT('',(-92.5018895662105,-1.70667792649416,-10.3757027744768));
#1707=CARTESIAN_POINT('',(-92.338912719452,-4.66182558280156,-10.3757027744768));
#1708=CARTESIAN_POINT('',(-92.1038893702372,-7.63501299501026,-10.3757027744768));
#1709=CARTESIAN_POINT('',(-91.5177097283243,-12.7636122023843,-10.3757027744768));
#1710=CARTESIAN_POINT('',(-90.2248765308516,-19.9381091580912,-10.3757027744768));
#1711=CARTESIAN_POINT('',(-88.105538881035,-28.2935563302055,-10.3757027744768));
#1712=CARTESIAN_POINT('',(-86.0041147016305,-35.0525133533348,-10.3757027744768));
#1713=CARTESIAN_POINT('',(-84.4243340031308,-39.6814232767737,-10.3757027744768));
#1714=CARTESIAN_POINT('',(-83.4992237268414,-42.2988294515731,-10.3757027744768));
#1715=CARTESIAN_POINT('',(-82.5461102136055,-44.9433516902964,-10.3757027744768));
#1716=CARTESIAN_POINT('',(-81.2980938854254,-48.2844056704262,-10.3757027744768));
#1717=CARTESIAN_POINT('',(-79.6994979562164,-52.3036712946549,-10.3757027744768));
#1718=CARTESIAN_POINT('',(-77.9719207075553,-56.3284197182673,-10.3757027744768));
#1719=CARTESIAN_POINT('',(-76.0862217432675,-60.3473565281758,-10.3757027744768));
#1720=CARTESIAN_POINT('',(-74.011546673636,-64.348606330515,-10.3757027744768));
#1721=CARTESIAN_POINT('',(-71.7113522672961,-68.3143003903443,-10.3757027744768));
#1722=CARTESIAN_POINT('',(-69.1555226643212,-72.2125292499758,-10.3757027744768));
#1723=CARTESIAN_POINT('',(-66.7977948458378,-75.35774062301,-10.3757027744768));
#1724=CARTESIAN_POINT('',(-64.766390796842,-77.7869021288823,-10.3757027744768));
#1725=CARTESIAN_POINT('',(-62.6551412956196,-80.132128238863,-10.3757027744768));
#1726=CARTESIAN_POINT('',(-59.8878501667978,-82.8989017418053,-10.3757027744768));
#1727=CARTESIAN_POINT('',(-56.3821281685843,-85.9728377760488,-10.3757027744768));
#1728=CARTESIAN_POINT('',(-52.7291601758309,-88.803130092461,-10.3757027744768));
#1729=CARTESIAN_POINT('',(-48.9560217961778,-91.4032991312022,-10.3757027744768));
#1730=CARTESIAN_POINT('',(-43.8207942230843,-94.5663963014886,-10.3757027744768));
#1731=CARTESIAN_POINT('',(-38.5218815094174,-97.3394063853536,-10.3757027744768));
#1732=CARTESIAN_POINT('',(-33.3117861279756,-99.6829821099698,-10.3757027744768));
#1733=CARTESIAN_POINT('',(-29.6645675030832,-101.180967016039,-10.3757027744768));
#1734=CARTESIAN_POINT('',(-26.192380283044,-102.478745871166,-10.3757027744768));
#1735=CARTESIAN_POINT('',(-21.4824643205722,-104.053566449542,-10.3757027744768));
#1736=CARTESIAN_POINT('',(-15.3894509937805,-105.704458752441,-10.3757027744768));
#1737=CARTESIAN_POINT('',(-9.09938207391908,-106.794807440732,-10.3757027744768));
#1738=CARTESIAN_POINT('',(-3.93612342545885,-107.260754776889,-10.3757027744768));
#1739=CARTESIAN_POINT('',(-1.31713382525769,-107.342356620766,-10.3757027744768));
#1740=CARTESIAN_POINT('',(-3.510386648093E-9,-107.342161474643,-10.3757027744768));
#1741=CARTESIAN_POINT('',(1.3171338182368,-107.342356620721,-10.3757027744768));
#1742=CARTESIAN_POINT('',(3.93612223144232,-107.260757625157,-10.3757027744768));
#1743=CARTESIAN_POINT('',(9.09938446208444,-106.794802047259,-10.3757027744768));
#1744=CARTESIAN_POINT('',(15.389445782624,-105.704467927561,-10.3757027744768));
#1745=CARTESIAN_POINT('',(22.6630169852866,-103.73459013025,-10.3757027744768));
#1746=CARTESIAN_POINT('',(27.913829998837,-101.867075144731,-10.3757027744768));
#1747=CARTESIAN_POINT('',(31.3525446209331,-100.487148645619,-10.3757027744768));
#1748=CARTESIAN_POINT('',(33.863073450871,-99.4350907676719,-10.3757027744768));
#1749=CARTESIAN_POINT('',(38.5216783168265,-97.3392163396176,-10.3757027744768));
#1750=CARTESIAN_POINT('',(43.8209498011703,-94.5665311732086,-10.3757027744768));
#1751=CARTESIAN_POINT('',(48.955922915584,-91.4032155626776,-10.3757027744768));
#1752=CARTESIAN_POINT('',(52.7292390279924,-88.8031962390022,-10.3757027744768));
#1753=CARTESIAN_POINT('',(56.3820513266745,-85.9727722456461,-10.3757027744768));
#1754=CARTESIAN_POINT('',(59.8879145566765,-82.898969840653,-10.3757027744768));
#1755=CARTESIAN_POINT('',(62.6551046235855,-80.1320755763907,-10.3757027744768));
#1756=CARTESIAN_POINT('',(64.7664063141108,-77.7869488717986,-10.3757027744768));
#1757=CARTESIAN_POINT('',(66.7978038550845,-75.3576950490542,-10.3757027744768));
#1758=CARTESIAN_POINT('',(69.1554798052266,-72.2125840676132,-10.3757027744768));
#1759=CARTESIAN_POINT('',(71.7114308555948,-68.3142304324981,-10.3757027744768));
#1760=CARTESIAN_POINT('',(74.0114183093991,-64.3487002593465,-10.3757027744768));
#1761=CARTESIAN_POINT('',(76.7586173258085,-59.0505611306108,-10.3757027744768));
#1762=CARTESIAN_POINT('',(79.7323362739258,-52.3766893806077,-10.3757027744768));
#1763=CARTESIAN_POINT('',(82.0566251357225,-46.3011489819577,-10.3757027744768));
#1764=CARTESIAN_POINT('',(83.4992168146892,-42.2988528488733,-10.3757027744768));
#1765=CARTESIAN_POINT('',(84.4243299956561,-39.6814051875451,-10.3757027744768));
#1766=CARTESIAN_POINT('',(86.0041319469014,-35.0525403657256,-10.3757027744768));
#1767=CARTESIAN_POINT('',(88.1055048295523,-28.2935146326851,-10.3757027744768));
#1768=CARTESIAN_POINT('',(90.2249058076049,-19.9381431391717,-10.3757027744768));
#1769=CARTESIAN_POINT('',(91.5176735685314,-12.7635894708634,-10.3757027744768));
#1770=CARTESIAN_POINT('',(92.1039413311499,-7.63502777611346,-10.3757027744768));
#1771=CARTESIAN_POINT('',(92.3388813327562,-4.66182636095234,-10.3757027744768));
#1772=CARTESIAN_POINT('',(92.5018770036142,-1.70637232890281,-10.3757027744768));
#1773=CARTESIAN_POINT('',(92.5490420415273,0.504647560075004,-10.3757027744768));
#1774=CARTESIAN_POINT('',(92.5494446741265,1.96702551473099,-10.3757027744768));
#1775=CARTESIAN_POINT('',(-3.51037080732545E-9,-98.6421614746433,12.3242972255232));
#1776=CARTESIAN_POINT('',(-9.87817276789442,-98.6421614746433,12.3242972255232));
#1777=CARTESIAN_POINT('',(-19.5985412114743,-95.8598416154552,12.3242972255232));
#1778=CARTESIAN_POINT('',(-28.5835731631394,-92.0103449342884,12.3242972255232));
#1779=CARTESIAN_POINT('',(-39.5127435151746,-87.3279125039542,12.3242972255232));
#1780=CARTESIAN_POINT('',(-50.0591068728739,-80.7614420153207,12.3242972255232));
#1781=CARTESIAN_POINT('',(-57.7990862021741,-71.5296577466017,12.3242972255232));
#1782=CARTESIAN_POINT('',(-61.700458212479,-66.8763346279197,12.3242972255232));
#1783=CARTESIAN_POINT('',(-64.8371904147629,-61.606423860104,12.3242972255232));
#1784=CARTESIAN_POINT('',(-70.1188854749442,-50.7340290017347,12.3242972255232));
#1785=CARTESIAN_POINT('',(-72.3208253225407,-45.0205594745889,12.3242972255232));
#1786=CARTESIAN_POINT('',(-74.3366935731706,-39.3401126566657,12.3242972255232));
#1787=CARTESIAN_POINT('',(-76.3133617769374,-33.7701263221578,12.3242972255232));
#1788=CARTESIAN_POINT('',(-78.157657597908,-28.1028475356079,12.3242972255232));
#1789=CARTESIAN_POINT('',(-81.0772612158932,-16.6072978977427,12.3242972255232));
#1790=CARTESIAN_POINT('',(-82.1464783221677,-10.7885696483692,12.3242972255232));
#1791=CARTESIAN_POINT('',(-82.59694892209,-4.85240071945914,12.3242972255232));
#1792=CARTESIAN_POINT('',(-83.4986175131516,7.02952248564431,12.3242972255232));
#1793=CARTESIAN_POINT('',(-81.9082826137019,19.2052441733284,12.3242972255232));
#1794=CARTESIAN_POINT('',(-79.0530364012844,30.71280777319,12.3242972255232));
#1795=CARTESIAN_POINT('',(-76.1448635051221,42.4336829875369,12.3242972255232));
#1796=CARTESIAN_POINT('',(-71.8533360563162,53.7483517040327,12.3242972255232));
#1797=CARTESIAN_POINT('',(-65.7602507443274,63.7494120416654,12.3242972255232));
#1798=CARTESIAN_POINT('',(-59.6671654323385,73.7504723792981,12.3242972255232));
#1799=CARTESIAN_POINT('',(-51.7725222571669,82.4379243380677,12.3242972255232));
#1800=CARTESIAN_POINT('',(-42.2710340348347,88.4859479003453,12.3242972255232));
#1801=CARTESIAN_POINT('',(-31.5691320260273,95.2980760634181,12.3242972255232));
#1802=CARTESIAN_POINT('',(-18.8287208449172,98.7617176966959,12.3242972255232));
#1803=CARTESIAN_POINT('',(-3.51041272764691E-9,98.7617176966959,12.3242972255232));
#1804=CARTESIAN_POINT('',(-3.51037080732545E-9,-98.6421614746433,12.3242972255232));
#1805=CARTESIAN_POINT('',(9.87817276087351,-98.6421614746433,12.3242972255232));
#1806=CARTESIAN_POINT('',(19.5985412044537,-95.859841615455,12.3242972255232));
#1807=CARTESIAN_POINT('',(28.5835731561186,-92.0103449342884,12.3242972255232));
#1808=CARTESIAN_POINT('',(39.5127435081541,-87.3279125039541,12.3242972255232));
#1809=CARTESIAN_POINT('',(50.059106865853,-80.7614420153209,12.3242972255232));
#1810=CARTESIAN_POINT('',(57.7990861951534,-71.5296577466017,12.3242972255232));
#1811=CARTESIAN_POINT('',(61.7004582054583,-66.8763346279197,12.3242972255232));
#1812=CARTESIAN_POINT('',(64.8371904077421,-61.606423860104,12.3242972255232));
#1813=CARTESIAN_POINT('',(70.1188854679238,-50.7340290017339,12.3242972255232));
#1814=CARTESIAN_POINT('',(72.3208253155197,-45.0205594745897,12.3242972255232));
#1815=CARTESIAN_POINT('',(74.3366935661499,-39.3401126566657,12.3242972255232));
#1816=CARTESIAN_POINT('',(76.3133617699171,-33.7701263221567,12.3242972255232));
#1817=CARTESIAN_POINT('',(78.1576575908869,-28.1028475356091,12.3242972255232));
#1818=CARTESIAN_POINT('',(81.0772612088725,-16.6072978977428,12.3242972255232));
#1819=CARTESIAN_POINT('',(82.146478315147,-10.7885696483692,12.3242972255232));
#1820=CARTESIAN_POINT('',(82.5969489150693,-4.85240071945914,12.3242972255232));
#1821=CARTESIAN_POINT('',(83.4986175061308,7.02952248564403,12.3242972255232));
#1822=CARTESIAN_POINT('',(81.9082826066811,19.2052441733286,12.3242972255232));
#1823=CARTESIAN_POINT('',(79.0530363942637,30.71280777319,12.3242972255232));
#1824=CARTESIAN_POINT('',(76.1448634981014,42.4336829875369,12.3242972255232));
#1825=CARTESIAN_POINT('',(71.8533360492954,53.7483517040327,12.3242972255232));
#1826=CARTESIAN_POINT('',(65.7602507373066,63.7494120416654,12.3242972255232));
#1827=CARTESIAN_POINT('',(59.6671654253178,73.7504723792981,12.3242972255232));
#1828=CARTESIAN_POINT('',(51.7725222501461,82.4379243380677,12.3242972255232));
#1829=CARTESIAN_POINT('',(42.271034027814,88.4859479003453,12.3242972255232));
#1830=CARTESIAN_POINT('',(31.5691320190066,95.2980760634181,12.3242972255232));
#1831=CARTESIAN_POINT('',(18.8287208378965,98.7617176966959,12.3242972255232));
#1832=CARTESIAN_POINT('',(-3.51041272764691E-9,98.7617176966959,12.3242972255232));
#1833=CARTESIAN_POINT('',(-3.51037080732545E-9,6.05611398980212,-60.6757027744768));
#1834=CARTESIAN_POINT('',(-3.51037080732545E-9,-21.0932697729447,-59.973330276467));
#1835=CARTESIAN_POINT('',(-3.51037080732545E-9,-71.7923250701553,-47.5262884011577));
#1836=CARTESIAN_POINT('',(-3.51037080732545E-9,-94.6687557870283,-7.62619562709451));
#1837=CARTESIAN_POINT('',(-3.51037080732545E-9,-98.3862731076192,10.3465678201629));
#1838=CARTESIAN_POINT('',(-3.51037080732545E-9,-98.6421614746433,12.3242972255232));
#1839=CARTESIAN_POINT('',(-3.51037080732545E-9,6.05611398980212,-60.6757027744768));
#1840=CARTESIAN_POINT('',(-3.51036270527548E-9,29.454974493554,-59.973330276467));
#1841=CARTESIAN_POINT('',(-3.51032148730649E-9,73.1502617582037,-47.5262884011577));
#1842=CARTESIAN_POINT('',(-3.51047704443501E-9,92.8581890716992,-7.64291719744061));
#1843=CARTESIAN_POINT('',(-3.51041935332837E-9,98.3408614422611,10.3126211013188));
#1844=CARTESIAN_POINT('',(-3.51041272764691E-9,98.7617176966959,12.3242972255232));
#1845=CARTESIAN_POINT('',(51.2894857039632,-86.7802313005226,10.3242972255232));
#1846=CARTESIAN_POINT('',(51.2894857039629,-86.7802313005229,-13.0757027744765));
#1847=CARTESIAN_POINT('',(-51.2886661015253,-86.7808029262306,-13.0757027744765));
#1848=CARTESIAN_POINT('',(-51.2886661015259,-86.7808029262303,10.3242972255232));
#1849=CARTESIAN_POINT('',(-51.2886661015259,-86.7808029262303,10.3242972255232));
#1850=CARTESIAN_POINT('',(-53.0422468719585,-85.467521560533,10.3242972255232));
#1851=CARTESIAN_POINT('',(-56.592255492467,-82.5763030302102,10.3242972255232));
#1852=CARTESIAN_POINT('',(-60.2823286686895,-78.9396076188028,10.3242972255232));
#1853=CARTESIAN_POINT('',(-62.6576159830236,-76.2559439415992,10.3242972255232));
#1854=CARTESIAN_POINT('',(-64.1934801116274,-74.4196632868818,10.3242972255232));
#1855=CARTESIAN_POINT('',(-66.7314979112245,-71.1205650596022,10.3242972255232));
#1856=CARTESIAN_POINT('',(-69.973756646183,-66.180850632909,10.3242972255232));
#1857=CARTESIAN_POINT('',(-73.3333939329026,-60.0090646243799,10.3242972255232));
#1858=CARTESIAN_POINT('',(-76.2545883257231,-53.7011938482457,10.3242972255232));
#1859=CARTESIAN_POINT('',(-78.4125700795636,-48.3766445953195,10.3242972255232));
#1860=CARTESIAN_POINT('',(-80.0845086593118,-43.9356080961564,10.3242972255232));
#1861=CARTESIAN_POINT('',(-81.6660191337303,-39.5586010487872,10.3242972255232));
#1862=CARTESIAN_POINT('',(-83.5279141566469,-34.1342272448912,10.3242972255232));
#1863=CARTESIAN_POINT('',(-85.3548590014253,-28.1920738396703,10.3242972255232));
#1864=CARTESIAN_POINT('',(-86.6748291340415,-23.2266065927613,10.3242972255232));
#1865=CARTESIAN_POINT('',(-87.8328290852764,-18.1872953365685,10.3242972255232));
#1866=CARTESIAN_POINT('',(-88.8586825807568,-12.6341882715185,10.3242972255232));
#1867=CARTESIAN_POINT('',(-89.4855834250269,-7.1953072067674,10.3242972255232));
#1868=CARTESIAN_POINT('',(-89.7495510501771,-2.83356029403327,10.3242972255232));
#1869=CARTESIAN_POINT('',(-89.862138637705,1.55562084996107,10.3242972255232));
#1870=CARTESIAN_POINT('',(-89.7028012561905,7.27399395945973,10.3242972255232));
#1871=CARTESIAN_POINT('',(-89.0813148356339,14.0824806971732,10.3242972255232));
#1872=CARTESIAN_POINT('',(-88.0883411696358,20.8164932397731,10.3242972255232));
#1873=CARTESIAN_POINT('',(-86.9889637804328,26.3633655557737,10.3242972255232));
#1874=CARTESIAN_POINT('',(-85.967323455965,30.7527620627159,10.3242972255232));
#1875=CARTESIAN_POINT('',(-84.8604348979903,35.100535185698,10.3242972255232));
#1876=CARTESIAN_POINT('',(-83.3101086409835,40.4957049752594,10.3242972255232));
#1877=CARTESIAN_POINT('',(-81.1504922692718,46.896057896858,10.3242972255232));
#1878=CARTESIAN_POINT('',(-78.661552128106,53.2033509959134,10.3242972255232));
#1879=CARTESIAN_POINT('',(-75.8156198833799,59.381902850973,10.3242972255232));
#1880=CARTESIAN_POINT('',(-72.6059424519635,65.3563009196405,10.3242972255232));
#1881=CARTESIAN_POINT('',(-69.0253046737564,71.0745394264197,10.3242972255232));
#1882=CARTESIAN_POINT('',(-65.0713283811864,76.4996724641843,10.3242972255232));
#1883=CARTESIAN_POINT('',(-60.7164407688799,81.6201847611265,10.3242972255232));
#1884=CARTESIAN_POINT('',(-55.9440341058553,86.3915970974975,10.3242972255232));
#1885=CARTESIAN_POINT('',(-51.6217708714219,90.018434305721,10.3242972255232));
#1886=CARTESIAN_POINT('',(-48.056343334992,92.6059946494284,10.3242972255232));
#1887=CARTESIAN_POINT('',(-45.1555630834878,94.5152195808137,10.3242972255232));
#1888=CARTESIAN_POINT('',(-42.004623327988,96.3604982637013,10.3242972255232));
#1889=CARTESIAN_POINT('',(-38.4888803512897,98.1430653164826,10.3242972255232));
#1890=CARTESIAN_POINT('',(-34.8904718319156,99.7038209415867,10.3242972255232));
#1891=CARTESIAN_POINT('',(-31.2064390770494,101.050542643528,10.3242972255232));
#1892=CARTESIAN_POINT('',(-27.2976322918305,102.235237230007,10.3242972255232));
#1893=CARTESIAN_POINT('',(-23.0684726486982,103.261677587031,10.3242972255232));
#1894=CARTESIAN_POINT('',(-18.5415361754341,104.095300981284,10.3242972255232));
#1895=CARTESIAN_POINT('',(-13.8941084267615,104.706694639392,10.3242972255232));
#1896=CARTESIAN_POINT('',(-7.71834614705717,105.240639582726,10.3242972255232));
#1897=CARTESIAN_POINT('',(0.000116690478286131,105.462265405438,10.3242972255232));
#1898=CARTESIAN_POINT('',(7.71811271327443,105.24059824889,10.3242972255232));
#1899=CARTESIAN_POINT('',(13.8943483702553,104.706768064642,10.3242972255232));
#1900=CARTESIAN_POINT('',(18.5413872251437,104.095257088158,10.3242972255232));
#1901=CARTESIAN_POINT('',(23.0685694889573,103.261705046031,10.3242972255232));
#1902=CARTESIAN_POINT('',(27.2975759914895,102.235217051155,10.3242972255232));
#1903=CARTESIAN_POINT('',(31.2064793907433,101.05057012289,10.3242972255232));
#1904=CARTESIAN_POINT('',(34.8904300337035,99.7037737491662,10.3242972255232));
#1905=CARTESIAN_POINT('',(38.488932638459,98.1431417044106,10.3242972255232));
#1906=CARTESIAN_POINT('',(42.0045516987246,96.3603786961317,10.3242972255232));
#1907=CARTESIAN_POINT('',(44.6651025418459,94.8026724438008,10.3242972255232));
#1908=CARTESIAN_POINT('',(46.634732071313,93.5414109223005,10.3242972255232));
#1909=CARTESIAN_POINT('',(48.4176766027505,92.3438839853649,10.3242972255232));
#1910=CARTESIAN_POINT('',(51.6217366756088,90.018372293754,10.3242972255232));
#1911=CARTESIAN_POINT('',(55.9440703234465,86.3916364233508,10.3242972255232));
#1912=CARTESIAN_POINT('',(60.7163955092516,81.6201556058866,10.3242972255232));
#1913=CARTESIAN_POINT('',(65.0713929924717,76.4997153171119,10.3242972255232));
#1914=CARTESIAN_POINT('',(69.0252513459687,71.0744999984381,10.3242972255232));
#1915=CARTESIAN_POINT('',(72.6059944541803,65.3563446328481,10.3242972255232));
#1916=CARTESIAN_POINT('',(75.8155858082048,59.3818700187701,10.3242972255232));
#1917=CARTESIAN_POINT('',(78.6615594633654,53.2033696721728,10.3242972255232));
#1918=CARTESIAN_POINT('',(81.1505134171952,46.8960486146823,10.3242972255232));
#1919=CARTESIAN_POINT('',(83.3100357234175,40.4957033145179,10.3242972255232));
#1920=CARTESIAN_POINT('',(84.8605096905368,35.1005409083734,10.3242972255232));
#1921=CARTESIAN_POINT('',(85.9672392389546,30.7527524258107,10.3242972255232));
#1922=CARTESIAN_POINT('',(86.9890481637884,26.3633791511386,10.3242972255232));
#1923=CARTESIAN_POINT('',(88.0882633815363,20.8164790114853,10.3242972255232));
#1924=CARTESIAN_POINT('',(89.0813948641807,14.0824972771504,10.3242972255232));
#1925=CARTESIAN_POINT('',(89.7027102522811,7.27396888177928,10.3242972255232));
#1926=CARTESIAN_POINT('',(89.8622161423028,1.55563830695574,10.3242972255232));
#1927=CARTESIAN_POINT('',(89.749477211392,-2.83356971722005,10.3242972255232));
#1928=CARTESIAN_POINT('',(89.4856577962049,-7.1953218443136,10.3242972255232));
#1929=CARTESIAN_POINT('',(88.8585936449302,-12.6341672936606,10.3242972255232));
#1930=CARTESIAN_POINT('',(87.8329214627802,-18.1873187353326,10.3242972255232));
#1931=CARTESIAN_POINT('',(86.6747062619354,-23.226563839842,10.3242972255232));
#1932=CARTESIAN_POINT('',(85.3551579275768,-28.1921975261097,10.3242972255232));
#1933=CARTESIAN_POINT('',(83.5273743474171,-34.1339968048359,10.3242972255232));
#1934=CARTESIAN_POINT('',(81.8504930846918,-39.023431136137,10.3242972255232));
#1935=CARTESIAN_POINT('',(80.6628932559164,-42.3331565107365,10.3242972255232));
#1936=CARTESIAN_POINT('',(79.8210050956133,-44.6365567582388,10.3242972255232));
#1937=CARTESIAN_POINT('',(78.4125154124318,-48.3765997725918,10.3242972255232));
#1938=CARTESIAN_POINT('',(76.2546170011325,-53.7012270738373,10.3242972255232));
#1939=CARTESIAN_POINT('',(73.3333830415501,-60.009037102253,10.3242972255232));
#1940=CARTESIAN_POINT('',(69.9737533734556,-66.1808832404997,10.3242972255232));
#1941=CARTESIAN_POINT('',(66.7313877938278,-71.1204931593106,10.3242972255232));
#1942=CARTESIAN_POINT('',(63.8280281759878,-74.8952533425929,10.3242972255232));
#1943=CARTESIAN_POINT('',(60.710785688924,-78.5179318696049,10.3242972255232));
#1944=CARTESIAN_POINT('',(56.5922832182644,-82.5759329807166,10.3242972255232));
#1945=CARTESIAN_POINT('',(53.0427724491904,-85.4671241694596,10.3242972255232));
#1946=CARTESIAN_POINT('',(51.2894857039632,-86.7802313005226,10.3242972255232));
#1947=CARTESIAN_POINT('',(-51.2886661015253,-86.7808029262306,-13.0757027744765));
#1948=CARTESIAN_POINT('',(-53.0422468719581,-85.4675215605333,-13.0757027744765));
#1949=CARTESIAN_POINT('',(-56.5922554924667,-82.5763030302104,-13.0757027744765));
#1950=CARTESIAN_POINT('',(-60.2823286686894,-78.9396076188028,-13.0757027744765));
#1951=CARTESIAN_POINT('',(-62.6576159830235,-76.2559439415992,-13.0757027744765));
#1952=CARTESIAN_POINT('',(-64.1934801116272,-74.4196632868817,-13.0757027744765));
#1953=CARTESIAN_POINT('',(-66.7314979112243,-71.1205650596022,-13.0757027744765));
#1954=CARTESIAN_POINT('',(-69.9737566461828,-66.180850632909,-13.0757027744765));
#1955=CARTESIAN_POINT('',(-73.3333939329024,-60.0090646243799,-13.0757027744765));
#1956=CARTESIAN_POINT('',(-76.2545883257229,-53.7011938482456,-13.0757027744765));
#1957=CARTESIAN_POINT('',(-78.4125700795634,-48.3766445953195,-13.0757027744765));
#1958=CARTESIAN_POINT('',(-80.0845086593115,-43.9356080961563,-13.0757027744765));
#1959=CARTESIAN_POINT('',(-81.66601913373,-39.5586010487872,-13.0757027744765));
#1960=CARTESIAN_POINT('',(-83.5279141566467,-34.1342272448912,-13.0757027744765));
#1961=CARTESIAN_POINT('',(-85.354859001425,-28.1920738396703,-13.0757027744765));
#1962=CARTESIAN_POINT('',(-86.6748291340412,-23.2266065927612,-13.0757027744765));
#1963=CARTESIAN_POINT('',(-87.8328290852761,-18.1872953365685,-13.0757027744765));
#1964=CARTESIAN_POINT('',(-88.8586825807565,-12.6341882715184,-13.0757027744765));
#1965=CARTESIAN_POINT('',(-89.4855834250266,-7.19530720676731,-13.0757027744765));
#1966=CARTESIAN_POINT('',(-89.7495510501767,-2.83356029403318,-13.0757027744765));
#1967=CARTESIAN_POINT('',(-89.8621386377046,1.55562084996116,-13.0757027744765));
#1968=CARTESIAN_POINT('',(-89.7028012561902,7.27399395945981,-13.0757027744765));
#1969=CARTESIAN_POINT('',(-89.0813148356335,14.0824806971733,-13.0757027744765));
#1970=CARTESIAN_POINT('',(-88.0883411696355,20.8164932397732,-13.0757027744765));
#1971=CARTESIAN_POINT('',(-86.9889637804325,26.3633655557738,-13.0757027744765));
#1972=CARTESIAN_POINT('',(-85.9673234559647,30.752762062716,-13.0757027744765));
#1973=CARTESIAN_POINT('',(-84.86043489799,35.1005351856981,-13.0757027744765));
#1974=CARTESIAN_POINT('',(-83.3101086409832,40.4957049752595,-13.0757027744765));
#1975=CARTESIAN_POINT('',(-81.1504922692715,46.8960578968581,-13.0757027744765));
#1976=CARTESIAN_POINT('',(-78.6615521281058,53.2033509959135,-13.0757027744765));
#1977=CARTESIAN_POINT('',(-75.8156198833797,59.381902850973,-13.0757027744765));
#1978=CARTESIAN_POINT('',(-72.6059424519633,65.3563009196406,-13.0757027744765));
#1979=CARTESIAN_POINT('',(-69.0253046737562,71.0745394264197,-13.0757027744765));
#1980=CARTESIAN_POINT('',(-65.0713283811862,76.4996724641843,-13.0757027744765));
#1981=CARTESIAN_POINT('',(-60.7164407688797,81.6201847611265,-13.0757027744765));
#1982=CARTESIAN_POINT('',(-55.9440341058552,86.3915970974975,-13.0757027744765));
#1983=CARTESIAN_POINT('',(-51.6217708714218,90.018434305721,-13.0757027744765));
#1984=CARTESIAN_POINT('',(-48.0563433349919,92.6059946494284,-13.0757027744765));
#1985=CARTESIAN_POINT('',(-45.1555630834878,94.5152195808136,-13.0757027744765));
#1986=CARTESIAN_POINT('',(-42.004623327988,96.3604982637012,-13.0757027744765));
#1987=CARTESIAN_POINT('',(-38.4888803512897,98.1430653164825,-13.0757027744765));
#1988=CARTESIAN_POINT('',(-34.8904718319156,99.7038209415866,-13.0757027744765));
#1989=CARTESIAN_POINT('',(-31.2064390770494,101.050542643528,-13.0757027744765));
#1990=CARTESIAN_POINT('',(-27.2976322918305,102.235237230007,-13.0757027744765));
#1991=CARTESIAN_POINT('',(-23.0684726486983,103.261677587031,-13.0757027744765));
#1992=CARTESIAN_POINT('',(-18.5415361754342,104.095300981284,-13.0757027744765));
#1993=CARTESIAN_POINT('',(-13.8941084267617,104.706694639391,-13.0757027744765));
#1994=CARTESIAN_POINT('',(-7.71834614705733,105.240639582726,-13.0757027744765));
#1995=CARTESIAN_POINT('',(0.000116690478081202,105.462265405438,-13.0757027744765));
#1996=CARTESIAN_POINT('',(7.71811271327419,105.24059824889,-13.0757027744765));
#1997=CARTESIAN_POINT('',(13.894348370255,104.706768064642,-13.0757027744765));
#1998=CARTESIAN_POINT('',(18.5413872251434,104.095257088158,-13.0757027744765));
#1999=CARTESIAN_POINT('',(23.0685694889569,103.261705046031,-13.0757027744765));
#2000=CARTESIAN_POINT('',(27.2975759914891,102.235217051155,-13.0757027744765));
#2001=CARTESIAN_POINT('',(31.2064793907429,101.05057012289,-13.0757027744765));
#2002=CARTESIAN_POINT('',(34.8904300337031,99.7037737491659,-13.0757027744765));
#2003=CARTESIAN_POINT('',(38.4889326384586,98.1431417044103,-13.0757027744765));
#2004=CARTESIAN_POINT('',(42.0045516987241,96.3603786961314,-13.0757027744765));
#2005=CARTESIAN_POINT('',(44.6651025418454,94.8026724438005,-13.0757027744765));
#2006=CARTESIAN_POINT('',(46.6347320713126,93.5414109223002,-13.0757027744765));
#2007=CARTESIAN_POINT('',(48.41767660275,92.3438839853646,-13.0757027744765));
#2008=CARTESIAN_POINT('',(51.6217366756083,90.0183722937536,-13.0757027744765));
#2009=CARTESIAN_POINT('',(55.944070323446,86.3916364233504,-13.0757027744765));
#2010=CARTESIAN_POINT('',(60.7163955092511,81.6201556058862,-13.0757027744765));
#2011=CARTESIAN_POINT('',(65.0713929924711,76.4997153171115,-13.0757027744765));
#2012=CARTESIAN_POINT('',(69.0252513459681,71.0744999984377,-13.0757027744765));
#2013=CARTESIAN_POINT('',(72.6059944541797,65.3563446328477,-13.0757027744765));
#2014=CARTESIAN_POINT('',(75.8155858082042,59.3818700187697,-13.0757027744765));
#2015=CARTESIAN_POINT('',(78.6615594633647,53.2033696721724,-13.0757027744765));
#2016=CARTESIAN_POINT('',(81.1505134171945,46.8960486146818,-13.0757027744765));
#2017=CARTESIAN_POINT('',(83.3100357234168,40.4957033145174,-13.0757027744765));
#2018=CARTESIAN_POINT('',(84.8605096905362,35.100540908373,-13.0757027744765));
#2019=CARTESIAN_POINT('',(85.9672392389539,30.7527524258102,-13.0757027744765));
#2020=CARTESIAN_POINT('',(86.9890481637877,26.3633791511381,-13.0757027744765));
#2021=CARTESIAN_POINT('',(88.0882633815355,20.8164790114849,-13.0757027744765));
#2022=CARTESIAN_POINT('',(89.08139486418,14.0824972771499,-13.0757027744765));
#2023=CARTESIAN_POINT('',(89.7027102522804,7.27396888177882,-13.0757027744765));
#2024=CARTESIAN_POINT('',(89.8622161423021,1.55563830695528,-13.0757027744765));
#2025=CARTESIAN_POINT('',(89.7494772113913,-2.8335697172205,-13.0757027744765));
#2026=CARTESIAN_POINT('',(89.4856577962042,-7.19532184431406,-13.0757027744765));
#2027=CARTESIAN_POINT('',(88.8585936449295,-12.6341672936611,-13.0757027744765));
#2028=CARTESIAN_POINT('',(87.8329214627795,-18.187318735333,-13.0757027744765));
#2029=CARTESIAN_POINT('',(86.6747062619347,-23.2265638398425,-13.0757027744765));
#2030=CARTESIAN_POINT('',(85.3551579275761,-28.1921975261101,-13.0757027744765));
#2031=CARTESIAN_POINT('',(83.5273743474164,-34.1339968048364,-13.0757027744765));
#2032=CARTESIAN_POINT('',(81.8504930846911,-39.0234311361375,-13.0757027744765));
#2033=CARTESIAN_POINT('',(80.6628932559157,-42.3331565107369,-13.0757027744765));
#2034=CARTESIAN_POINT('',(79.8210050956126,-44.6365567582392,-13.0757027744765));
#2035=CARTESIAN_POINT('',(78.4125154124311,-48.3765997725922,-13.0757027744765));
#2036=CARTESIAN_POINT('',(76.2546170011319,-53.7012270738377,-13.0757027744765));
#2037=CARTESIAN_POINT('',(73.3333830415495,-60.0090371022534,-13.0757027744765));
#2038=CARTESIAN_POINT('',(69.973753373455,-66.1808832405001,-13.0757027744765));
#2039=CARTESIAN_POINT('',(66.7313877938273,-71.120493159311,-13.0757027744765));
#2040=CARTESIAN_POINT('',(63.8280281759872,-74.8952533425933,-13.0757027744765));
#2041=CARTESIAN_POINT('',(60.7107856889234,-78.5179318696053,-13.0757027744765));
#2042=CARTESIAN_POINT('',(56.5922832182639,-82.5759329807169,-13.0757027744765));
#2043=CARTESIAN_POINT('',(53.04277244919,-85.4671241694598,-13.0757027744765));
#2044=CARTESIAN_POINT('',(51.2894857039629,-86.7802313005229,-13.0757027744765));
#2045=CARTESIAN_POINT('',(-51.2886661015253,-86.7808029262306,-13.0757027744765));
#2046=CARTESIAN_POINT('',(-50.5092501390378,-87.3261350518459,-13.0757027744765));
#2047=CARTESIAN_POINT('',(-48.4655112464272,-88.7054342381331,-13.0757027744765));
#2048=CARTESIAN_POINT('',(-43.8207942230843,-91.5663963014885,-13.0757027744765));
#2049=CARTESIAN_POINT('',(-38.5218815094174,-94.3394063853535,-13.0757027744765));
#2050=CARTESIAN_POINT('',(-33.3117861279756,-96.6829821099697,-13.0757027744765));
#2051=CARTESIAN_POINT('',(-29.6645675030832,-98.1809670160394,-13.0757027744765));
#2052=CARTESIAN_POINT('',(-26.192380283044,-99.478745871166,-13.0757027744765));
#2053=CARTESIAN_POINT('',(-21.4824643205721,-101.053566449542,-13.0757027744765));
#2054=CARTESIAN_POINT('',(-15.3894509937805,-102.704458752441,-13.0757027744765));
#2055=CARTESIAN_POINT('',(-9.09938207391906,-103.794807440732,-13.0757027744765));
#2056=CARTESIAN_POINT('',(-3.93612342545883,-104.260754776889,-13.0757027744765));
#2057=CARTESIAN_POINT('',(-1.31713382525767,-104.342356620766,-13.0757027744765));
#2058=CARTESIAN_POINT('',(-3.51036533203052E-9,-104.342161474643,-13.0757027744765));
#2059=CARTESIAN_POINT('',(1.31713381823683,-104.342356620721,-13.0757027744765));
#2060=CARTESIAN_POINT('',(3.93612223144234,-104.260757625157,-13.0757027744765));
#2061=CARTESIAN_POINT('',(9.09938446208446,-103.794802047259,-13.0757027744765));
#2062=CARTESIAN_POINT('',(15.389445782624,-102.704467927561,-13.0757027744765));
#2063=CARTESIAN_POINT('',(22.6630169852867,-100.73459013025,-13.0757027744765));
#2064=CARTESIAN_POINT('',(27.913829998837,-98.8670751447309,-13.0757027744765));
#2065=CARTESIAN_POINT('',(31.3525446209332,-97.4871486456186,-13.0757027744765));
#2066=CARTESIAN_POINT('',(33.863073450871,-96.4350907676719,-13.0757027744765));
#2067=CARTESIAN_POINT('',(38.5216783168265,-94.3392163396176,-13.0757027744765));
#2068=CARTESIAN_POINT('',(43.8209498011703,-91.5665311732086,-13.0757027744765));
#2069=CARTESIAN_POINT('',(48.4657203642868,-88.7051967704249,-13.0757027744765));
#2070=CARTESIAN_POINT('',(50.5097854280485,-87.3257482094701,-13.0757027744765));
#2071=CARTESIAN_POINT('',(51.2894857039629,-86.7802313005229,-13.0757027744765));
#2072=CARTESIAN_POINT('',(-51.2886661015259,-86.7808029262303,10.3242972255232));
#2073=CARTESIAN_POINT('',(-50.5092501390382,-87.3261350518457,10.3242972255232));
#2074=CARTESIAN_POINT('',(-48.4655112464274,-88.705434238133,10.3242972255232));
#2075=CARTESIAN_POINT('',(-43.8207942230842,-91.5663963014886,10.3242972255232));
#2076=CARTESIAN_POINT('',(-38.5218815094173,-94.3394063853536,10.3242972255232));
#2077=CARTESIAN_POINT('',(-33.3117861279755,-96.6829821099697,10.3242972255232));
#2078=CARTESIAN_POINT('',(-29.6645675030831,-98.1809670160394,10.3242972255232));
#2079=CARTESIAN_POINT('',(-26.1923802830438,-99.478745871166,10.3242972255232));
#2080=CARTESIAN_POINT('',(-21.482464320572,-101.053566449542,10.3242972255232));
#2081=CARTESIAN_POINT('',(-15.3894509937803,-102.70445875244,10.3242972255232));
#2082=CARTESIAN_POINT('',(-9.09938207391884,-103.794807440732,10.3242972255232));
#2083=CARTESIAN_POINT('',(-3.93612342545858,-104.260754776889,10.3242972255232));
#2084=CARTESIAN_POINT('',(-1.31713382525741,-104.342356620766,10.3242972255232));
#2085=CARTESIAN_POINT('',(-3.51009888072212E-9,-104.342161474643,10.3242972255232));
#2086=CARTESIAN_POINT('',(1.3171338182371,-104.34235662072,10.3242972255232));
#2087=CARTESIAN_POINT('',(3.93612223144263,-104.260757625157,10.3242972255232));
#2088=CARTESIAN_POINT('',(9.09938446208477,-103.794802047258,10.3242972255232));
#2089=CARTESIAN_POINT('',(15.3894457826244,-102.704467927561,10.3242972255232));
#2090=CARTESIAN_POINT('',(22.663016985287,-100.73459013025,10.3242972255232));
#2091=CARTESIAN_POINT('',(27.9138299988374,-98.8670751447306,10.3242972255232));
#2092=CARTESIAN_POINT('',(31.3525446209336,-97.4871486456183,10.3242972255232));
#2093=CARTESIAN_POINT('',(33.8630734508715,-96.4350907676716,10.3242972255232));
#2094=CARTESIAN_POINT('',(38.521678316827,-94.3392163396172,10.3242972255232));
#2095=CARTESIAN_POINT('',(43.8209498011708,-91.5665311732082,10.3242972255232));
#2096=CARTESIAN_POINT('',(48.4657203642872,-88.7051967704246,10.3242972255232));
#2097=CARTESIAN_POINT('',(50.5097854280489,-87.3257482094698,10.3242972255232));
#2098=CARTESIAN_POINT('',(51.2894857039632,-86.7802313005226,10.3242972255232));
#2099=CARTESIAN_POINT('',(-3.64329792383489E-9,-101.073722146706,10.3242972255232));
#2100=CARTESIAN_POINT('',(-10.242419747689,-101.070097330347,10.3242972255232));
#2101=CARTESIAN_POINT('',(-20.2235416872019,-98.2293501405424,10.3242972255232));
#2102=CARTESIAN_POINT('',(-29.5384222809888,-94.2251620627339,10.3242972255232));
#2103=CARTESIAN_POINT('',(-35.2439613478507,-91.7725217654189,10.3242972255232));
#2104=CARTESIAN_POINT('',(-40.7966234253849,-88.8366339920275,10.3242972255232));
#2105=CARTESIAN_POINT('',(-45.9293914274361,-85.3287107989866,10.3242972255232));
#2106=CARTESIAN_POINT('',(-51.0732947226183,-81.813177335421,10.3242972255232));
#2107=CARTESIAN_POINT('',(-55.798353104971,-77.7212599768229,10.3242972255232));
#2108=CARTESIAN_POINT('',(-59.8181104231121,-72.9449651838161,10.3242972255232));
#2109=CARTESIAN_POINT('',(-63.8361673699651,-68.1706907800734,10.3242972255232));
#2110=CARTESIAN_POINT('',(-67.0776923696133,-62.8175917119692,10.3242972255232));
#2111=CARTESIAN_POINT('',(-72.5681229489434,-51.6678156068044,10.3242972255232));
#2112=CARTESIAN_POINT('',(-74.8329632258422,-45.8476475714264,10.3242972255232));
#2113=CARTESIAN_POINT('',(-76.9260809848066,-40.0133679011386,10.3242972255232));
#2114=CARTESIAN_POINT('',(-78.9549319435155,-34.3582231527154,10.3242972255232));
#2115=CARTESIAN_POINT('',(-80.8444141356311,-28.613751973352,10.3242972255232));
#2116=CARTESIAN_POINT('',(-83.8154928831057,-16.9246133315719,10.3242972255232));
#2117=CARTESIAN_POINT('',(-84.8817540395906,-11.0224270264895,10.3242972255232));
#2118=CARTESIAN_POINT('',(-85.3042678215582,-4.98154086550296,10.3242972255232));
#2119=CARTESIAN_POINT('',(-85.7298603483004,1.10336361511138,10.3242972255232));
#2120=CARTESIAN_POINT('',(-85.4887299948129,7.24106657395739,10.3242972255232));
#2121=CARTESIAN_POINT('',(-84.0752989613441,19.333384993216,10.3242972255232));
#2122=CARTESIAN_POINT('',(-82.8950337047569,25.369470354877,10.3242972255232));
#2123=CARTESIAN_POINT('',(-81.3978658833596,31.2603165295889,10.3242972255232));
#2124=CARTESIAN_POINT('',(-78.4188738198679,42.9816371129685,10.3242972255232));
#2125=CARTESIAN_POINT('',(-74.1044645391749,54.5290261052283,10.3242972255232));
#2126=CARTESIAN_POINT('',(-67.7874093108194,64.8997730330217,10.3242972255232));
#2127=CARTESIAN_POINT('',(-61.6489578233954,74.9773051430559,10.3242972255232));
#2128=CARTESIAN_POINT('',(-53.5553755033639,84.033947140446,10.3242972255232));
#2129=CARTESIAN_POINT('',(-43.5328984146062,90.4201029393377,10.3242972255232));
#2130=CARTESIAN_POINT('',(-37.664877979476,94.1591080174192,10.3242972255232));
#2131=CARTESIAN_POINT('',(-31.4712711274985,96.7358974971852,10.3242972255232));
#2132=CARTESIAN_POINT('',(-24.7294070601975,98.4212945702977,10.3242972255232));
#2133=CARTESIAN_POINT('',(-20.6960020540322,99.4296045753954,10.3242972255232));
#2134=CARTESIAN_POINT('',(-16.5799200080186,100.08911090431,10.3242972255232));
#2135=CARTESIAN_POINT('',(-8.32310231098674,100.908542673343,10.3242972255232));
#2136=CARTESIAN_POINT('',(-4.14111741456705,101.073532794026,10.3242972255232));
#2137=CARTESIAN_POINT('',(5.07503106574861E-9,101.073875004804,10.3242972255232));
#2138=CARTESIAN_POINT('',(-3.64329792383489E-9,-101.073722146706,10.3242972255232));
#2139=CARTESIAN_POINT('',(10.2424197405819,-101.070097330371,10.3242972255232));
#2140=CARTESIAN_POINT('',(20.2235416801409,-98.2293501405598,10.3242972255232));
#2141=CARTESIAN_POINT('',(29.538422273968,-94.2251620627339,10.3242972255232));
#2142=CARTESIAN_POINT('',(35.2439613408298,-91.772521765419,10.3242972255232));
#2143=CARTESIAN_POINT('',(40.7966234183644,-88.8366339920274,10.3242972255232));
#2144=CARTESIAN_POINT('',(45.9293914204153,-85.3287107989866,10.3242972255232));
#2145=CARTESIAN_POINT('',(51.0732947155975,-81.8131773354211,10.3242972255232));
#2146=CARTESIAN_POINT('',(55.7983530979504,-77.7212599768228,10.3242972255232));
#2147=CARTESIAN_POINT('',(59.8181104160914,-72.9449651838161,10.3242972255232));
#2148=CARTESIAN_POINT('',(63.8361673629442,-68.1706907800735,10.3242972255232));
#2149=CARTESIAN_POINT('',(67.0776923625927,-62.8175917119689,10.3242972255232));
#2150=CARTESIAN_POINT('',(72.5681229419219,-51.6678156068059,10.3242972255232));
#2151=CARTESIAN_POINT('',(74.8329632188221,-45.8476475714248,10.3242972255232));
#2152=CARTESIAN_POINT('',(76.9260809777859,-40.0133679011386,10.3242972255232));
#2153=CARTESIAN_POINT('',(78.9549319364944,-34.3582231527163,10.3242972255232));
#2154=CARTESIAN_POINT('',(80.8444141286106,-28.6137519733511,10.3242972255232));
#2155=CARTESIAN_POINT('',(83.8154928760849,-16.9246133315722,10.3242972255232));
#2156=CARTESIAN_POINT('',(84.8817540325698,-11.0224270264893,10.3242972255232));
#2157=CARTESIAN_POINT('',(85.3042678145375,-4.98154086550296,10.3242972255232));
#2158=CARTESIAN_POINT('',(85.7298603412796,1.10336361511127,10.3242972255232));
#2159=CARTESIAN_POINT('',(85.4887299877922,7.24106657395747,10.3242972255232));
#2160=CARTESIAN_POINT('',(84.0752989543234,19.333384993216,10.3242972255232));
#2161=CARTESIAN_POINT('',(82.8950336977361,25.369470354877,10.3242972255232));
#2162=CARTESIAN_POINT('',(81.3978658763388,31.2603165295889,10.3242972255232));
#2163=CARTESIAN_POINT('',(78.4188738128471,42.9816371129688,10.3242972255232));
#2164=CARTESIAN_POINT('',(74.1044645321544,54.5290261052281,10.3242972255232));
#2165=CARTESIAN_POINT('',(67.7874093037987,64.8997730330217,10.3242972255232));
#2166=CARTESIAN_POINT('',(61.6489578163746,74.9773051430558,10.3242972255232));
#2167=CARTESIAN_POINT('',(53.5553754963431,84.033947140446,10.3242972255232));
#2168=CARTESIAN_POINT('',(43.5328984075854,90.4201029393377,10.3242972255232));
#2169=CARTESIAN_POINT('',(37.6648779724552,94.1591080174192,10.3242972255232));
#2170=CARTESIAN_POINT('',(31.4712711204778,96.7358974971852,10.3242972255232));
#2171=CARTESIAN_POINT('',(24.7294070531768,98.4212945702977,10.3242972255232));
#2172=CARTESIAN_POINT('',(20.6960020470115,99.4296045753954,10.3242972255232));
#2173=CARTESIAN_POINT('',(16.5799200009979,100.08911090431,10.3242972255232));
#2174=CARTESIAN_POINT('',(8.32310230477239,100.908542673263,10.3242972255232));
#2175=CARTESIAN_POINT('',(4.14111740918602,101.073532793961,10.3242972255232));
#2176=CARTESIAN_POINT('',(5.07503106574861E-9,101.073875004804,10.3242972255232));
#2177=CARTESIAN_POINT('',(-3.82835006473205E-9,-1.20873082043012,-63.0343400773909));
#2178=CARTESIAN_POINT('',(0.67647036123822,-1.20873082043017,-63.0343351922022));
#2179=CARTESIAN_POINT('',(1.34963770352238,-1.11451736379309,-63.0280991359986));
#2180=CARTESIAN_POINT('',(2.00006411563197,-0.928835413322712,-63.0199147833167));
#2181=CARTESIAN_POINT('',(2.00706819974068,-0.926835906577036,-63.0198266505264));
#2182=CARTESIAN_POINT('',(2.01406930825374,-0.92482589003772,-63.0197382814297));
#2183=CARTESIAN_POINT('',(2.02106734667803,-0.922805390918096,-63.019649675247));
#2184=CARTESIAN_POINT('',(2.41828250888555,-0.808119983825247,-63.0146203059994));
#2185=CARTESIAN_POINT('',(2.80501251047955,-0.659832190499923,-63.0088821312935));
#2186=CARTESIAN_POINT('',(3.17704987443968,-0.479563180105696,-63.0018532449951));
#2187=CARTESIAN_POINT('',(3.5634073740805,-0.292355413183383,-62.9945538089744));
#2188=CARTESIAN_POINT('',(3.93244604917547,-0.0713687863128705,-62.9858980900379));
#2189=CARTESIAN_POINT('',(4.27981991652155,0.18076630246576,-62.9743645375663));
#2190=CARTESIAN_POINT('',(4.64821669562392,0.448160494534354,-62.9621329796354));
#2191=CARTESIAN_POINT('',(4.99063843816061,0.749403570293045,-62.9462559261773));
#2192=CARTESIAN_POINT('',(5.61479799684681,1.41180571344022,-62.9139690068897));
#2193=CARTESIAN_POINT('',(5.89519627456443,1.77154766751544,-62.8978118299005));
#2194=CARTESIAN_POINT('',(6.1402272799376,2.15516139025481,-62.885815191744));
#2195=CARTESIAN_POINT('',(6.22403320361592,2.28636561202625,-62.8817120810368));
#2196=CARTESIAN_POINT('',(6.30361834226567,2.42023186113965,-62.8781060212235));
#2197=CARTESIAN_POINT('',(6.37885789333304,2.556554337235,-62.8749441196998));
#2198=CARTESIAN_POINT('',(6.4661836724487,2.7147751967048,-62.8712743009659));
#2199=CARTESIAN_POINT('',(6.54759702134876,2.87619857036554,-62.8682055220474));
#2200=CARTESIAN_POINT('',(6.62292724095262,3.04049075324086,-62.8656535097398));
#2201=CARTESIAN_POINT('',(6.91651004786507,3.68078306163919,-62.8557076083408));
#2202=CARTESIAN_POINT('',(7.1157036762793,4.36029669433014,-62.8536759620993));
#2203=CARTESIAN_POINT('',(7.21426299690038,5.057815425503,-62.8541197225802));
#2204=CARTESIAN_POINT('',(7.28593375975613,5.5650398995994,-62.8544424181102));
#2205=CARTESIAN_POINT('',(7.3039110429273,6.07840013984533,-62.8560984021396));
#2206=CARTESIAN_POINT('',(7.2318882979536,7.10037262816836,-62.8621408736919));
#2207=CARTESIAN_POINT('',(7.14209004605617,7.60612281386874,-62.8665058318619));
#2208=CARTESIAN_POINT('',(6.99999999637475,8.09825358025272,-62.8719587286341));
#2209=CARTESIAN_POINT('',(6.98901820769235,8.13628915060163,-62.8723801695457));
#2210=CARTESIAN_POINT('',(6.97772518140843,8.17423923852319,-62.8728079673717));
#2211=CARTESIAN_POINT('',(6.96612546832264,8.21208873173361,-62.8732418201605));
#2212=CARTESIAN_POINT('',(6.6702822611051,9.17741566526302,-62.8843069559567));
#2213=CARTESIAN_POINT('',(6.17705318329106,10.0706760309593,-62.8994522544022));
#2214=CARTESIAN_POINT('',(5.51774978347816,10.8352453229681,-62.9151179485123));
#2215=CARTESIAN_POINT('',(4.95345687225015,11.4896345339833,-62.9285261004168));
#2216=CARTESIAN_POINT('',(4.27722203244001,12.038463966471,-62.9419148966283));
#2217=CARTESIAN_POINT('',(3.52063703600229,12.4560400798336,-62.949394102422));
#2218=CARTESIAN_POINT('',(3.46470956589091,12.4869076964389,-62.949946972305));
#2219=CARTESIAN_POINT('',(3.40837833802785,12.5170385748267,-62.9504668913755));
#2220=CARTESIAN_POINT('',(3.35165791562966,12.5464249005816,-62.9509516839227));
#2221=CARTESIAN_POINT('',(3.11892050225802,12.6670039998819,-62.9529409033022));
#2222=CARTESIAN_POINT('',(2.87985962821737,12.7749301130738,-62.9542775120595));
#2223=CARTESIAN_POINT('',(2.39111199740311,12.9645617862677,-62.9556159955896));
#2224=CARTESIAN_POINT('',(2.1418088162966,13.0461181458929,-62.9556271500502));
#2225=CARTESIAN_POINT('',(1.88864659704133,13.1140649196348,-62.9552479105089));
#2226=CARTESIAN_POINT('',(1.5810092914175,13.1966323835372,-62.9547870667423));
#2227=CARTESIAN_POINT('',(1.26828881952412,13.2589370832082,-62.9537702813383));
#2228=CARTESIAN_POINT('',(0.636706545321693,13.3422193223266,-62.9520256292794));
#2229=CARTESIAN_POINT('',(0.318527108112092,13.3631070354509,-62.9513117903967));
#2230=CARTESIAN_POINT('',(-3.4135315125149E-9,13.363107035453,-62.9513137240782));
#2231=CARTESIAN_POINT('',(-3.4135315125149E-9,13.363107035453,-62.9513137240782));
#2232=CARTESIAN_POINT('',(-3.19581547452705E-9,35.1647564871239,-61.0719876378098));
#2233=CARTESIAN_POINT('',(-2.33326671732548E-9,57.9397383914752,-53.6264631268756));
#2234=CARTESIAN_POINT('',(7.70566591809329E-10,86.4595941853494,-26.832900483769));
#2235=CARTESIAN_POINT('',(2.64027796419895E-9,94.3640162178034,-10.6926000491399));
#2236=CARTESIAN_POINT('',(4.69680152742708E-9,100.159785621345,7.05941680693307));
#2237=CARTESIAN_POINT('',(4.88304350249114E-9,100.662418668987,8.66705968650713));
#2238=CARTESIAN_POINT('',(5.07503106574861E-9,101.073875004804,10.3242972255232));
#2239=CARTESIAN_POINT('',(-3.82835006473205E-9,-1.20873082043012,-63.0343400773909));
#2240=CARTESIAN_POINT('',(-3.8239643612262E-9,-26.7197755959145,-61.3055654396211));
#2241=CARTESIAN_POINT('',(-3.80534653288726E-9,-53.4990959312646,-53.9132526463308));
#2242=CARTESIAN_POINT('',(-3.73749294328787E-9,-86.7322583352876,-27.016618757659));
#2243=CARTESIAN_POINT('',(-3.69652786174492E-9,-96.0191388056073,-10.7770045703106));
#2244=CARTESIAN_POINT('',(-3.65115039385464E-9,-100.473230462397,7.21145757518955));
#2245=CARTESIAN_POINT('',(-3.647234158609E-9,-100.812235365001,8.76391584030734));
#2246=CARTESIAN_POINT('',(-3.64329792383489E-9,-101.073722146706,10.3242972255232));
#2247=CARTESIAN_POINT('',(-3.82835006473205E-9,-1.20873082043012,-63.0343400773909));
#2248=CARTESIAN_POINT('',(-0.676470368754806,-1.208731655465,-63.0343471750996));
#2249=CARTESIAN_POINT('',(-1.3496377112521,-1.11451902988211,-63.0281230451438));
#2250=CARTESIAN_POINT('',(-2.00006412321845,-0.928837882479296,-63.0199502161489));
#2251=CARTESIAN_POINT('',(-2.4046386681393,-0.813341549106621,-63.0148665994468));
#2252=CARTESIAN_POINT('',(-2.79844604609439,-0.663017399442378,-63.0090557693669));
#2253=CARTESIAN_POINT('',(-3.17704988197241,-0.479567102446321,-63.0019095312746));
#2254=CARTESIAN_POINT('',(-3.29313574493404,-0.423318369551293,-62.9997183828041));
#2255=CARTESIAN_POINT('',(-3.4077054707518,-0.363997522692511,-62.9973987656331));
#2256=CARTESIAN_POINT('',(-3.52063704323889,-0.301668211614935,-62.9949160526911));
#2257=CARTESIAN_POINT('',(-3.78341199273963,-0.156637187871024,-62.9891391494427));
#2258=CARTESIAN_POINT('',(-4.03696071312607,0.00448631765259577,-62.9824995042198));
#2259=CARTESIAN_POINT('',(-4.27981992399346,0.180761018381067,-62.9744403651132));
#2260=CARTESIAN_POINT('',(-4.64821670307328,0.448154755475334,-62.962215336141));
#2261=CARTESIAN_POINT('',(-4.9906384455863,0.749397408240317,-62.9463443527157));
#2262=CARTESIAN_POINT('',(-5.61479800422713,1.41179878031681,-62.9140684984526));
#2263=CARTESIAN_POINT('',(-5.89519628191859,1.77154038796924,-62.8979162926393));
#2264=CARTESIAN_POINT('',(-6.14022728726933,2.1551538080668,-62.8859239974777));
#2265=CARTESIAN_POINT('',(-6.32135791153151,2.43872664881063,-62.8770591115592));
#2266=CARTESIAN_POINT('',(-6.48264931526517,2.7345422114186,-62.8705206734206));
#2267=CARTESIAN_POINT('',(-6.6229272482317,3.04048257499476,-62.8657708690118));
#2268=CARTESIAN_POINT('',(-6.77364234401618,3.36918595852494,-62.8606676627464));
#2269=CARTESIAN_POINT('',(-6.89968333396639,3.70866600179791,-62.8576460633583));
#2270=CARTESIAN_POINT('',(-7.00000000351037,4.05611398980215,-62.8559782182224));
#2271=CARTESIAN_POINT('',(-7.0948328886299,4.38456924671003,-62.8543954888271));
#2272=CARTESIAN_POINT('',(-7.16643134233097,4.71929572972373,-62.8540195600039));
#2273=CARTESIAN_POINT('',(-7.21426300410235,5.05780771226036,-62.8542304089707));
#2274=CARTESIAN_POINT('',(-7.28871149012683,5.58469102903617,-62.8545585887952));
#2275=CARTESIAN_POINT('',(-7.30521555033515,6.11813513386794,-62.8563271892841));
#2276=CARTESIAN_POINT('',(-7.22175121859332,7.17907033533918,-62.862803518676));
#2277=CARTESIAN_POINT('',(-7.12203516162836,7.70335515060969,-62.8674859090825));
#2278=CARTESIAN_POINT('',(-6.96612547545577,8.21208394800393,-62.8733104675245));
#2279=CARTESIAN_POINT('',(-6.81872719228745,8.69304028352746,-62.8788170523663));
#2280=CARTESIAN_POINT('',(-6.62192023278553,9.15742646785949,-62.8852966777287));
#2281=CARTESIAN_POINT('',(-6.37885790058959,9.59781837983475,-62.8924310013514));
#2282=CARTESIAN_POINT('',(-6.13537961788564,10.0389639307546,-62.8995775338816));
#2283=CARTESIAN_POINT('',(-5.84679860382804,10.4536571198754,-62.9073382006981));
#2284=CARTESIAN_POINT('',(-5.51774979055406,10.835242975342,-62.9151516373604));
#2285=CARTESIAN_POINT('',(-4.91139071908199,11.538415379173,-62.9295499515572));
#2286=CARTESIAN_POINT('',(-4.17617317599246,12.1192500255682,-62.94392108471));
#2287=CARTESIAN_POINT('',(-3.35165792266822,12.5464241420685,-62.9509625687194));
#2288=CARTESIAN_POINT('',(-2.92661886287599,12.7666331486489,-62.9545924660813));
#2289=CARTESIAN_POINT('',(-2.48099013096401,12.9443906391234,-62.9558496857899));
#2290=CARTESIAN_POINT('',(-2.02106735401052,13.0771813403023,-62.9554143142252));
#2291=CARTESIAN_POINT('',(-1.97704404649993,13.0898919216553,-62.955372640933));
#2292=CARTESIAN_POINT('',(-1.93290184417884,13.1021869144913,-62.9553176831738));
#2293=CARTESIAN_POINT('',(-1.88864660406751,13.1140646883095,-62.9552512300675));
#2294=CARTESIAN_POINT('',(-1.58100929844184,13.1966322289011,-62.9547892857981));
#2295=CARTESIAN_POINT('',(-1.26828882654717,13.2589369864446,-62.9537716699132));
#2296=CARTESIAN_POINT('',(-0.636706552327329,13.3422193029249,-62.9520259077271));
#2297=CARTESIAN_POINT('',(-0.318527115101479,13.363107035453,-62.9513117903965));
#2298=CARTESIAN_POINT('',(-3.4135315125149E-9,13.363107035453,-62.9513137240782));
#2299=CARTESIAN_POINT('',(20.4056630891152,75.1039003172388,-30.8573397184065));
#2300=CARTESIAN_POINT('',(20.1927611492554,75.0853505854634,-30.9470647162973));
#2301=CARTESIAN_POINT('',(19.9561742581086,75.0532712634747,-31.0575785771898));
#2302=CARTESIAN_POINT('',(19.6603915730393,74.9700067272325,-31.2414314687149));
#2303=CARTESIAN_POINT('',(19.5464162889069,74.9278890978557,-31.3228772666779));
#2304=CARTESIAN_POINT('',(19.3876050526763,74.8004829236382,-31.5117957198361));
#2305=CARTESIAN_POINT('',(19.3645385910955,74.7135866139308,-31.6146316029007));
#2306=CARTESIAN_POINT('',(19.5754250475243,74.4710109782765,-31.81822186302));
#2307=CARTESIAN_POINT('',(19.8447694063706,74.3482096868895,-31.8707200368716));
#2308=CARTESIAN_POINT('',(20.2362604155574,74.1890790720473,-31.9226675287541));
#2309=CARTESIAN_POINT('',(20.4657912458471,74.1132059684985,-31.9323397184066));
#2310=CARTESIAN_POINT('',(20.6810098794812,74.0488181255989,-31.9323397184066));
#2311=CARTESIAN_POINT('',(21.0670171948951,73.9333347310466,-31.9323397184065));
#2312=CARTESIAN_POINT('',(21.4812569764212,73.8323941617308,-31.9015401274877));
#2313=CARTESIAN_POINT('',(22.2679562493251,73.6640404979471,-31.8062881431707));
#2314=CARTESIAN_POINT('',(22.6725673880885,73.5900919360471,-31.7377160721206));
#2315=CARTESIAN_POINT('',(23.4602154791052,73.4700726100816,-31.5665533056327));
#2316=CARTESIAN_POINT('',(23.8630883909824,73.4209457002897,-31.4596307927993));
#2317=CARTESIAN_POINT('',(24.6261803077963,73.362855070498,-31.2075143520037));
#2318=CARTESIAN_POINT('',(25.0360310817299,73.3491900276193,-31.0465793367253));
#2319=CARTESIAN_POINT('',(25.3868036599921,73.3797521598628,-30.8573397184066));
#2320=CARTESIAN_POINT('',(25.3868036599921,73.3797521598628,-30.8573397184066));
#2321=CARTESIAN_POINT('',(25.5618033681419,73.394999543936,-30.7629284672756));
#2322=CARTESIAN_POINT('',(25.7494288763943,73.4237852527823,-30.6465393470147));
#2323=CARTESIAN_POINT('',(26.0458749429549,73.5357788960717,-30.387357869506));
#2324=CARTESIAN_POINT('',(26.1933759156533,73.6383990126741,-30.2053836962795));
#2325=CARTESIAN_POINT('',(26.0547612599551,73.9545860728572,-29.9191489164562));
#2326=CARTESIAN_POINT('',(25.8633978396773,74.0901794427518,-29.8568149776169));
#2327=CARTESIAN_POINT('',(25.5367163788181,74.2809589151925,-29.7929364155062));
#2328=CARTESIAN_POINT('',(25.3450026286564,74.3675651768053,-29.7823397184065));
#2329=CARTESIAN_POINT('',(25.1634011621281,74.4393601566402,-29.7823397184065));
#2330=CARTESIAN_POINT('',(24.7866526027119,74.5883052931703,-29.7823397184065));
#2331=CARTESIAN_POINT('',(24.3658051030811,74.7085281757622,-29.8274693086563));
#2332=CARTESIAN_POINT('',(23.5798791932923,74.89125772187,-29.9463756341075));
#2333=CARTESIAN_POINT('',(23.1710046599156,74.9635264117793,-30.0275372772121));
#2334=CARTESIAN_POINT('',(22.3762480200826,75.0692325546192,-30.2124553261695));
#2335=CARTESIAN_POINT('',(21.9701649979018,75.1053759986301,-30.3209178760243));
#2336=CARTESIAN_POINT('',(21.1908584250663,75.1379105070868,-30.559160464041));
#2337=CARTESIAN_POINT('',(20.7774227718101,75.136291015057,-30.7006660085868));
#2338=CARTESIAN_POINT('',(20.4056630891152,75.1039003172388,-30.8573397184065));
#2339=CARTESIAN_POINT('',(28.5601697727964,75.8143866183153,-30.8573397184066));
#2340=CARTESIAN_POINT('',(28.3998671684929,75.800419764304,-30.9563791466492));
#2341=CARTESIAN_POINT('',(28.2301470955238,75.7717467508758,-31.0754639112354));
#2342=CARTESIAN_POINT('',(28.0308665586922,75.688345223483,-31.269441352049));
#2343=CARTESIAN_POINT('',(27.9669928427753,75.6498629369799,-31.3444336341234));
#2344=CARTESIAN_POINT('',(27.8846098385563,75.5450328877853,-31.502214137984));
#2345=CARTESIAN_POINT('',(27.8707249367272,75.4804018814997,-31.5808093646031));
#2346=CARTESIAN_POINT('',(27.9445010732454,75.2655709979638,-31.7816198010086));
#2347=CARTESIAN_POINT('',(28.110017838631,75.1290825068108,-31.8490553195507));
#2348=CARTESIAN_POINT('',(28.4100746876268,74.9260881467703,-31.9198873110732));
#2349=CARTESIAN_POINT('',(28.5867500622122,74.8320648195964,-31.9323397184066));
#2350=CARTESIAN_POINT('',(28.7548196286097,74.7522734597802,-31.9323397184066));
#2351=CARTESIAN_POINT('',(29.2945312943522,74.4960442765834,-31.9323397184065));
#2352=CARTESIAN_POINT('',(29.9362043189615,74.2920972393884,-31.8069862551963));
#2353=CARTESIAN_POINT('',(31.0357183324821,74.0308483109287,-31.4694279895726));
#2354=CARTESIAN_POINT('',(31.6797333369014,73.9280428784209,-31.2008677827998));
#2355=CARTESIAN_POINT('',(32.1635380665709,73.9701958431751,-30.8573397184065));
#2356=CARTESIAN_POINT('',(32.1635380665709,73.9701958431751,-30.8573397184065));
#2357=CARTESIAN_POINT('',(32.3081182747711,73.9827928354051,-30.7546797896651));
#2358=CARTESIAN_POINT('',(32.4553877688372,74.0104106305837,-30.6327777485852));
#2359=CARTESIAN_POINT('',(32.6814440447558,74.1235578814211,-30.3663369978624));
#2360=CARTESIAN_POINT('',(32.7644313665871,74.2168414761712,-30.2106751616643));
#2361=CARTESIAN_POINT('',(32.6980548489731,74.4927177714485,-29.9466124891859));
#2362=CARTESIAN_POINT('',(32.5721169145014,74.6290453766602,-29.8745404076996));
#2363=CARTESIAN_POINT('',(32.3052833165323,74.8496400767658,-29.7956575279893));
#2364=CARTESIAN_POINT('',(32.1466619565529,74.9497670775348,-29.7823397184065));
#2365=CARTESIAN_POINT('',(31.992699104971,75.034383598594,-29.7823397184065));
#2366=CARTESIAN_POINT('',(31.7229298567163,75.1826462154624,-29.7823397184065));
#2367=CARTESIAN_POINT('',(31.4224720419741,75.3083961535283,-29.8228282134687));
#2368=CARTESIAN_POINT('',(30.8496471246545,75.5090085521509,-29.9367729245619));
#2369=CARTESIAN_POINT('',(30.5523541622463,75.5923360872285,-30.0156164640236));
#2370=CARTESIAN_POINT('',(29.7109232136288,75.7799857615717,-30.2827120713356));
#2371=CARTESIAN_POINT('',(29.0667954606665,75.8585279287547,-30.5443322118995));
#2372=CARTESIAN_POINT('',(28.5601697727964,75.8143866183153,-30.8573397184066));
#2373=CARTESIAN_POINT('',(32.1635380665709,73.9701958431751,-30.8573397184065));
#2374=CARTESIAN_POINT('',(25.3868036599921,73.3797521598628,-30.8573397184066));
#2375=CARTESIAN_POINT('',(20.4056630891152,75.1039003172388,-30.8573397184065));
#2376=CARTESIAN_POINT('',(28.5601697727964,75.8143866183153,-30.8573397184066));
#2377=CARTESIAN_POINT('',(94.9104669224233,-111.020200140853,12.3242972255232));
#2378=CARTESIAN_POINT('',(-3.51037080732545E-9,-98.6356537774418,12.2742567567627));
#2379=CARTESIAN_POINT('',(9.71997369377016,-98.6356537774418,12.2742567567627));
#2380=CARTESIAN_POINT('',(31.0961990565577,-92.6832652975401,12.2842648505148));
#2381=CARTESIAN_POINT('',(60.6045476732019,-74.0311662116233,12.2892688973908));
#2382=CARTESIAN_POINT('',(75.1024368536149,-39.1840730206,12.309285084895));
#2383=CARTESIAN_POINT('',(85.0108459774634,-5.26223086555277,12.3242972255232));
#2384=CARTESIAN_POINT('',(80.4363909469073,31.1190142710411,12.3242972255232));
#2385=CARTESIAN_POINT('',(67.5618086004894,65.0630204205285,12.3242972255232));
#2386=CARTESIAN_POINT('',(42.8804733754647,92.2229451046517,12.3242972255232));
#2387=CARTESIAN_POINT('',(18.8287208378965,98.7617176966959,12.3242972255232));
#2388=CARTESIAN_POINT('',(-3.51039780454951E-9,98.7617176966959,12.3242972255232));
#2389=CARTESIAN_POINT('',(-3.51037080732545E-9,-99.0119863014994,15.1533679322605));
#2390=CARTESIAN_POINT('',(9.79928725418835,-99.0119863014994,15.1533679322605));
#2391=CARTESIAN_POINT('',(31.364546791304,-93.0110272042239,15.1780649997205));
#2392=CARTESIAN_POINT('',(60.5575836229848,-74.6408447498533,15.1904135334504));
#2393=CARTESIAN_POINT('',(74.9476220879374,-39.5167080415524,15.2398076683702));
#2394=CARTESIAN_POINT('',(84.7603149055611,-5.35458690029909,15.2768532695601));
#2395=CARTESIAN_POINT('',(80.9831852865844,31.3235238631059,15.2768532695601));
#2396=CARTESIAN_POINT('',(67.9743336173781,65.5225971628748,15.2768532695601));
#2397=CARTESIAN_POINT('',(43.1938534791195,92.787284377726,15.2768532695601));
#2398=CARTESIAN_POINT('',(18.9823604396652,99.3794123955349,15.2768532695601));
#2399=CARTESIAN_POINT('',(-3.5103877875854E-9,99.3794123955349,15.2768532695601));
#2400=CARTESIAN_POINT('',(-3.51037080732545E-9,-99.1578923995889,25.943387563776));
#2401=CARTESIAN_POINT('',(10.0232089841697,-99.1578923995889,25.943387563776));
#2402=CARTESIAN_POINT('',(32.2200990656349,-93.0198064779565,26.1074957022571));
#2403=CARTESIAN_POINT('',(59.0861703841402,-76.0682961013711,26.1895497714977));
#2404=CARTESIAN_POINT('',(73.0320209578534,-40.2109674979867,26.5177660484599));
#2405=CARTESIAN_POINT('',(82.3057941791884,-5.61533074997088,26.7639282561815));
#2406=CARTESIAN_POINT('',(81.7923668962024,31.9009048482927,26.7639282561815));
#2407=CARTESIAN_POINT('',(68.2085588790279,66.673184864701,26.7639282561815));
#2408=CARTESIAN_POINT('',(43.83375155814,93.450118703219,26.7639282561815));
#2409=CARTESIAN_POINT('',(19.4161229039941,100.192882238815,26.7639282561815));
#2410=CARTESIAN_POINT('',(-3.51034764103471E-9,100.192882238815,26.7639282561815));
#2411=CARTESIAN_POINT('',(-3.51037080732545E-9,-82.3211533899617,41.6974363248414));
#2412=CARTESIAN_POINT('',(9.33197804075845,-82.3211533899617,41.6974363248414));
#2413=CARTESIAN_POINT('',(31.8453124029185,-76.606368521671,43.6974363248414));
#2414=CARTESIAN_POINT('',(39.3101298765853,-64.8631195064334,44.6974363248414));
#2415=CARTESIAN_POINT('',(56.1265768165706,-32.4022258507441,48.6974363248415));
#2416=CARTESIAN_POINT('',(62.7756671282613,-4.8104324615722,51.6974363248414));
#2417=CARTESIAN_POINT('',(62.297647350559,30.1185695513494,51.6974363248414));
#2418=CARTESIAN_POINT('',(45.95620148871,59.722033609791,51.6974363248414));
#2419=CARTESIAN_POINT('',(36.1928197353303,69.8746746808909,51.6974363248414));
#2420=CARTESIAN_POINT('',(18.0771280799572,76.1524367578084,51.6974363248414));
#2421=CARTESIAN_POINT('',(-3.51038230792835E-9,76.1524367578084,51.6974363248414));
#2422=CARTESIAN_POINT('',(-3.51037080732545E-9,-54.1484265415679,48.225991153601));
#2423=CARTESIAN_POINT('',(5.4347291651387,-54.1484265415679,48.225991153601));
#2424=CARTESIAN_POINT('',(17.3812228319075,-50.8202674022172,48.225991153601));
#2425=CARTESIAN_POINT('',(32.7937232455195,-38.7398767346782,54.225991153601));
#2426=CARTESIAN_POINT('',(39.0929729230286,-19.2530226189721,59.225991153601));
#2427=CARTESIAN_POINT('',(45.2947579531667,-0.272312489730108,59.225991153601));
#2428=CARTESIAN_POINT('',(45.0163702397853,20.0695341338815,59.225991153601));
#2429=CARTESIAN_POINT('',(37.8289962992855,39.0570409922196,59.225991153601));
#2430=CARTESIAN_POINT('',(23.9897498556924,54.28773705602,59.225991153601));
#2431=CARTESIAN_POINT('',(10.5447870987507,57.9437611606004,59.825991153601));
#2432=CARTESIAN_POINT('',(-3.51036541591886E-9,57.9437611606004,59.825991153601));
#2433=CARTESIAN_POINT('',(-3.51037080732545E-9,-18.8753895391989,61.1566321614043));
#2434=CARTESIAN_POINT('',(2.25059385953452,-18.8753895391989,61.1566321614043));
#2435=CARTESIAN_POINT('',(7.19779628618605,-17.4971544327526,61.1566321614043));
#2436=CARTESIAN_POINT('',(13.5803183528145,-12.4945034715261,61.1566321614043));
#2437=CARTESIAN_POINT('',(16.1889216936712,-4.42473717372162,60.1566321614043));
#2438=CARTESIAN_POINT('',(18.7571636236039,3.43542814592845,60.1566321614043));
#2439=CARTESIAN_POINT('',(18.6418795570311,11.8592582492197,60.1566321614043));
#2440=CARTESIAN_POINT('',(15.6654921088377,19.7222381850755,60.1566321614043));
#2441=CARTESIAN_POINT('',(9.93447550275014,26.0294726446745,60.1566321614043));
#2442=CARTESIAN_POINT('',(4.35966236743945,27.5434810078472,60.1566321614043));
#2443=CARTESIAN_POINT('',(-3.51037104300622E-9,27.5434810078472,60.1566321614043));
#2444=CARTESIAN_POINT('',(-3.51037080732545E-9,6.05611398980215,60.3242972255232));
#2445=CARTESIAN_POINT('',(-3.51037080732545E-9,6.05611398980215,60.3242972255232));
#2446=CARTESIAN_POINT('',(-3.51037080732545E-9,6.05611398980215,60.3242972255232));
#2447=CARTESIAN_POINT('',(-3.51037080732545E-9,6.05611398980215,60.3242972255232));
#2448=CARTESIAN_POINT('',(-3.51037080732545E-9,6.05611398980215,60.3242972255232));
#2449=CARTESIAN_POINT('',(-3.51037080732545E-9,6.05611398980215,60.3242972255232));
#2450=CARTESIAN_POINT('',(-3.51037080732545E-9,6.05611398980215,60.3242972255232));
#2451=CARTESIAN_POINT('',(-3.51037080732545E-9,6.05611398980215,60.3242972255232));
#2452=CARTESIAN_POINT('',(-3.51037080732545E-9,6.05611398980215,60.3242972255232));
#2453=CARTESIAN_POINT('',(-3.51037080732545E-9,6.05611398980215,60.3242972255232));
#2454=CARTESIAN_POINT('',(-3.51037080732545E-9,6.05611398980215,60.3242972255232));
#2455=CARTESIAN_POINT('',(-3.51037080732545E-9,-98.6356537774418,12.2742567567627));
#2456=CARTESIAN_POINT('',(-3.51037080732545E-9,-99.0119863014994,15.1533679322605));
#2457=CARTESIAN_POINT('',(-3.51037080732545E-9,-99.1578923995889,25.943387563776));
#2458=CARTESIAN_POINT('',(-3.51037080732545E-9,-82.3211533899617,41.6974363248414));
#2459=CARTESIAN_POINT('',(-3.51037080732545E-9,-54.1484265415679,48.225991153601));
#2460=CARTESIAN_POINT('',(-3.51037080732545E-9,-18.8753895391989,61.1566321614043));
#2461=CARTESIAN_POINT('',(-3.51037080732545E-9,6.05611398980215,60.3242972255232));
#2462=CARTESIAN_POINT('',(-9.7199737007909,-98.6356537774418,12.2742567567627));
#2463=CARTESIAN_POINT('',(-9.79928726120909,-99.0119863014994,15.1533679322605));
#2464=CARTESIAN_POINT('',(-10.0232089911904,-99.1578923995889,25.943387563776));
#2465=CARTESIAN_POINT('',(-9.33197804777919,-82.3211533899617,41.6974363248414));
#2466=CARTESIAN_POINT('',(-5.43472917215944,-54.1484265415679,48.225991153601));
#2467=CARTESIAN_POINT('',(-2.25059386655527,-18.8753895391989,61.1566321614043));
#2468=CARTESIAN_POINT('',(-3.51037080732545E-9,6.05611398980215,60.3242972255232));
#2469=CARTESIAN_POINT('',(-31.0961990635785,-92.6832652975401,12.2842648505148));
#2470=CARTESIAN_POINT('',(-31.3645467983248,-93.0110272042239,15.1780649997205));
#2471=CARTESIAN_POINT('',(-32.2200990726556,-93.0198064779565,26.1074957022571));
#2472=CARTESIAN_POINT('',(-31.8453124099393,-76.606368521671,43.6974363248414));
#2473=CARTESIAN_POINT('',(-17.3812228389282,-50.8202674022172,48.225991153601));
#2474=CARTESIAN_POINT('',(-7.1977962932068,-17.4971544327526,61.1566321614043));
#2475=CARTESIAN_POINT('',(-3.51037080732545E-9,6.05611398980215,60.3242972255232));
#2476=CARTESIAN_POINT('',(-60.6045476802227,-74.0311662116233,12.2892688973908));
#2477=CARTESIAN_POINT('',(-60.5575836300056,-74.6408447498533,15.1904135334504));
#2478=CARTESIAN_POINT('',(-59.0861703911609,-76.0682961013711,26.1895497714977));
#2479=CARTESIAN_POINT('',(-39.3101298836061,-64.8631195064334,44.6974363248414));
#2480=CARTESIAN_POINT('',(-32.7937232525402,-38.7398767346782,54.225991153601));
#2481=CARTESIAN_POINT('',(-13.5803183598352,-12.4945034715261,61.1566321614043));
#2482=CARTESIAN_POINT('',(-3.51037080732545E-9,6.05611398980215,60.3242972255232));
#2483=CARTESIAN_POINT('',(-75.1024368606357,-39.1840730206,12.309285084895));
#2484=CARTESIAN_POINT('',(-74.9476220949581,-39.5167080415524,15.2398076683702));
#2485=CARTESIAN_POINT('',(-73.0320209648741,-40.2109674979867,26.5177660484599));
#2486=CARTESIAN_POINT('',(-56.1265768235913,-32.4022258507441,48.6974363248415));
#2487=CARTESIAN_POINT('',(-39.0929729300494,-19.2530226189721,59.225991153601));
#2488=CARTESIAN_POINT('',(-16.188921700692,-4.42473717372162,60.1566321614043));
#2489=CARTESIAN_POINT('',(-3.51037080732545E-9,6.05611398980215,60.3242972255232));
#2490=CARTESIAN_POINT('',(-85.0108459844841,-5.26223086555277,12.3242972255232));
#2491=CARTESIAN_POINT('',(-84.7603149125818,-5.35458690029909,15.2768532695601));
#2492=CARTESIAN_POINT('',(-82.3057941862092,-5.61533074997088,26.7639282561815));
#2493=CARTESIAN_POINT('',(-62.775667135282,-4.8104324615722,51.6974363248414));
#2494=CARTESIAN_POINT('',(-45.2947579601875,-0.272312489730108,59.225991153601));
#2495=CARTESIAN_POINT('',(-18.7571636306246,3.43542814592845,60.1566321614043));
#2496=CARTESIAN_POINT('',(-3.51037080732545E-9,6.05611398980215,60.3242972255232));
#2497=CARTESIAN_POINT('',(-80.4363909539281,31.1190142710411,12.3242972255232));
#2498=CARTESIAN_POINT('',(-80.9831852936051,31.3235238631059,15.2768532695601));
#2499=CARTESIAN_POINT('',(-81.7923669032231,31.9009048482927,26.7639282561815));
#2500=CARTESIAN_POINT('',(-62.2976473575797,30.1185695513494,51.6974363248414));
#2501=CARTESIAN_POINT('',(-45.016370246806,20.0695341338815,59.225991153601));
#2502=CARTESIAN_POINT('',(-18.6418795640519,11.8592582492197,60.1566321614043));
#2503=CARTESIAN_POINT('',(-3.51037080732545E-9,6.05611398980215,60.3242972255232));
#2504=CARTESIAN_POINT('',(-67.5618086075102,65.0630204205285,12.3242972255232));
#2505=CARTESIAN_POINT('',(-67.9743336243988,65.5225971628748,15.2768532695601));
#2506=CARTESIAN_POINT('',(-68.2085588860486,66.673184864701,26.7639282561815));
#2507=CARTESIAN_POINT('',(-45.9562014957307,59.722033609791,51.6974363248414));
#2508=CARTESIAN_POINT('',(-37.8289963063062,39.0570409922196,59.225991153601));
#2509=CARTESIAN_POINT('',(-15.6654921158585,19.7222381850755,60.1566321614043));
#2510=CARTESIAN_POINT('',(-3.51037080732545E-9,6.05611398980215,60.3242972255232));
#2511=CARTESIAN_POINT('',(-42.8804733824854,92.2229451046517,12.3242972255232));
#2512=CARTESIAN_POINT('',(-43.1938534861403,92.787284377726,15.2768532695601));
#2513=CARTESIAN_POINT('',(-43.8337515651607,93.450118703219,26.7639282561815));
#2514=CARTESIAN_POINT('',(-36.192819742351,69.8746746808909,51.6974363248414));
#2515=CARTESIAN_POINT('',(-23.9897498627131,54.28773705602,59.225991153601));
#2516=CARTESIAN_POINT('',(-9.93447550977088,26.0294726446745,60.1566321614043));
#2517=CARTESIAN_POINT('',(-3.51037080732545E-9,6.05611398980215,60.3242972255232));
#2518=CARTESIAN_POINT('',(-18.8287208449172,98.7617176966959,12.3242972255232));
#2519=CARTESIAN_POINT('',(-18.9823604466859,99.3794123955349,15.2768532695601));
#2520=CARTESIAN_POINT('',(-19.4161229110149,100.192882238815,26.7639282561815));
#2521=CARTESIAN_POINT('',(-18.0771280869779,76.1524367578084,51.6974363248414));
#2522=CARTESIAN_POINT('',(-10.5447871057714,57.9437611606004,59.825991153601));
#2523=CARTESIAN_POINT('',(-4.35966237446019,27.5434810078472,60.1566321614043));
#2524=CARTESIAN_POINT('',(-3.51037080732545E-9,6.05611398980215,60.3242972255232));
#2525=CARTESIAN_POINT('',(-3.5103438101014E-9,98.7617176966959,12.3242972255232));
#2526=CARTESIAN_POINT('',(-3.5103538270655E-9,99.3794123955349,15.2768532695601));
#2527=CARTESIAN_POINT('',(-3.51039397361619E-9,100.192882238815,26.7639282561815));
#2528=CARTESIAN_POINT('',(-3.51035930672255E-9,76.1524367578084,51.6974363248414));
#2529=CARTESIAN_POINT('',(-3.51037619873204E-9,57.9437611606004,59.825991153601));
#2530=CARTESIAN_POINT('',(-3.51037057164468E-9,27.5434810078472,60.1566321614043));
#2531=CARTESIAN_POINT('',(-3.51037080732545E-9,6.05611398980215,60.3242972255232));
#2532=CARTESIAN_POINT('',(-3.51037080732545E-9,-108.842161474643,12.3242972255232));
#2533=CARTESIAN_POINT('',(-1.37290977870871,-108.842161474643,12.3242972255232));
#2534=CARTESIAN_POINT('',(-4.10176790304556,-108.752645437924,12.3242972255232));
#2535=CARTESIAN_POINT('',(-8.15486812995023,-108.368498337907,12.3242972255232));
#2536=CARTESIAN_POINT('',(-12.1327264089263,-107.761044591129,12.3242972255232));
#2537=CARTESIAN_POINT('',(-17.3013280164473,-106.6908134052,12.3242972255232));
#2538=CARTESIAN_POINT('',(-23.5484124022608,-104.922531187141,12.3242972255232));
#2539=CARTESIAN_POINT('',(-29.6837465657082,-102.644972440496,12.3242972255232));
#2540=CARTESIAN_POINT('',(-34.7105341510242,-100.487035606658,12.3242972255232));
#2541=CARTESIAN_POINT('',(-38.7584705923688,-98.573181516044,12.3242972255232));
#2542=CARTESIAN_POINT('',(-42.8922594409837,-96.398377039188,12.3242972255232));
#2543=CARTESIAN_POINT('',(-46.96448664348,-94.0109815939179,12.3242972255232));
#2544=CARTESIAN_POINT('',(-50.9495182096866,-91.394834516392,12.3242972255232));
#2545=CARTESIAN_POINT('',(-54.821715365077,-88.536620509887,12.3242972255232));
#2546=CARTESIAN_POINT('',(-58.5522019688788,-85.4204566598532,12.3242972255232));
#2547=CARTESIAN_POINT('',(-62.1103898087585,-82.0329809915878,12.3242972255232));
#2548=CARTESIAN_POINT('',(-65.4554821070837,-78.3692979296108,12.3242972255232));
#2549=CARTESIAN_POINT('',(-68.5184752059606,-74.4637825168973,12.3242972255232));
#2550=CARTESIAN_POINT('',(-71.2831665103975,-70.397497537924,12.3242972255232));
#2551=CARTESIAN_POINT('',(-73.7600024641319,-66.2497718845205,12.3242972255232));
#2552=CARTESIAN_POINT('',(-75.9814955121611,-62.0600331855444,12.3242972255232));
#2553=CARTESIAN_POINT('',(-77.98795999244,-57.8517954082483,12.3242972255232));
#2554=CARTESIAN_POINT('',(-79.8155003360466,-53.6401937125761,12.3242972255232));
#2555=CARTESIAN_POINT('',(-81.4971168111971,-49.4366585658199,12.3242972255232));
#2556=CARTESIAN_POINT('',(-82.8045943509906,-45.9429439389055,12.3242972255232));
#2557=CARTESIAN_POINT('',(-83.7999689835044,-43.1782452558529,12.3242972255232));
#2558=CARTESIAN_POINT('',(-85.249372018089,-39.0707585276873,12.3242972255232));
#2559=CARTESIAN_POINT('',(-87.3297382487714,-32.8214654023823,12.3242972255232));
#2560=CARTESIAN_POINT('',(-89.3395911606137,-25.7239347389306,12.3242972255232));
#2561=CARTESIAN_POINT('',(-90.6966571302248,-19.8894826421761,12.3242972255232));
#2562=CARTESIAN_POINT('',(-91.5680139617085,-15.4126106357529,12.3242972255232));
#2563=CARTESIAN_POINT('',(-92.2625488488059,-10.860390314002,12.3242972255232));
#2564=CARTESIAN_POINT('',(-92.9230658035558,-4.69440009602966,12.3242972255232));
#2565=CARTESIAN_POINT('',(-93.1787412505865,3.06101182665423,12.3242972255232));
#2566=CARTESIAN_POINT('',(-92.7098919707711,11.701261117028,12.3242972255232));
#2567=CARTESIAN_POINT('',(-91.6663838278273,20.1927315659879,12.3242972255232));
#2568=CARTESIAN_POINT('',(-90.3985440033807,27.0373354706252,12.3242972255232));
#2569=CARTESIAN_POINT('',(-89.0397892108643,32.9041284824182,12.3242972255232));
#2570=CARTESIAN_POINT('',(-87.5166376053779,38.7401931820969,12.3242972255232));
#2571=CARTESIAN_POINT('',(-85.281857932412,45.9815405066825,12.3242972255232));
#2572=CARTESIAN_POINT('',(-82.0312767647862,54.4908893099445,12.3242972255232));
#2573=CARTESIAN_POINT('',(-78.2903239602408,62.4780121239797,12.3242972255232));
#2574=CARTESIAN_POINT('',(-74.685877328806,68.8345924032462,12.3242972255232));
#2575=CARTESIAN_POINT('',(-70.6879857012767,74.9565566871641,12.3242972255232));
#2576=CARTESIAN_POINT('',(-66.0836453339028,81.0365343415155,12.3242972255232));
#2577=CARTESIAN_POINT('',(-60.8867460502626,86.6239475136766,12.3242972255232));
#2578=CARTESIAN_POINT('',(-56.3726711442072,90.7335878092612,12.3242972255232));
#2579=CARTESIAN_POINT('',(-52.8054407225821,93.6212979123553,12.3242972255232));
#2580=CARTESIAN_POINT('',(-48.9504400381313,96.3722401002123,12.3242972255232));
#2581=CARTESIAN_POINT('',(-44.7258619812512,98.9831500259479,12.3242972255232));
#2582=CARTESIAN_POINT('',(-40.5172519491097,101.171592870325,12.3242972255232));
#2583=CARTESIAN_POINT('',(-36.8747106353508,102.765239874002,12.3242972255232));
#2584=CARTESIAN_POINT('',(-33.9463820070271,103.883104964107,12.3242972255232));
#2585=CARTESIAN_POINT('',(-30.1965276798249,105.153311841316,12.3242972255232));
#2586=CARTESIAN_POINT('',(-25.3547830838697,106.465756023314,12.3242972255232));
#2587=CARTESIAN_POINT('',(-19.3190091597923,107.629802926622,12.3242972255232));
#2588=CARTESIAN_POINT('',(-13.2000002919439,108.411849360402,12.3242972255232));
#2589=CARTESIAN_POINT('',(-6.72408831518443,108.869272996468,12.3242972255232));
#2590=CARTESIAN_POINT('',(-2.28358185599018,108.961702036014,12.3242972255232));
#2591=CARTESIAN_POINT('',(6.09259427242215E-6,108.961705146218,12.3242972255232));
#2592=CARTESIAN_POINT('',(-3.51036875341286E-9,-108.842161474643,-10.3757027744768));
#2593=CARTESIAN_POINT('',(-1.37290977870871,-108.842161474643,-10.3757027744768));
#2594=CARTESIAN_POINT('',(-4.10176790304555,-108.752645437924,-10.3757027744768));
#2595=CARTESIAN_POINT('',(-8.15486812995023,-108.368498337907,-10.3757027744768));
#2596=CARTESIAN_POINT('',(-12.1327264089263,-107.761044591129,-10.3757027744768));
#2597=CARTESIAN_POINT('',(-17.3013280164473,-106.6908134052,-10.3757027744768));
#2598=CARTESIAN_POINT('',(-23.5484124022608,-104.922531187141,-10.3757027744768));
#2599=CARTESIAN_POINT('',(-29.6837465657082,-102.644972440496,-10.3757027744768));
#2600=CARTESIAN_POINT('',(-34.7105341510242,-100.487035606658,-10.3757027744768));
#2601=CARTESIAN_POINT('',(-38.7584705923688,-98.573181516044,-10.3757027744768));
#2602=CARTESIAN_POINT('',(-42.8922594409837,-96.398377039188,-10.3757027744768));
#2603=CARTESIAN_POINT('',(-46.96448664348,-94.0109815939179,-10.3757027744768));
#2604=CARTESIAN_POINT('',(-50.9495182096866,-91.394834516392,-10.3757027744768));
#2605=CARTESIAN_POINT('',(-54.821715365077,-88.536620509887,-10.3757027744768));
#2606=CARTESIAN_POINT('',(-58.5522019688788,-85.4204566598532,-10.3757027744768));
#2607=CARTESIAN_POINT('',(-62.1103898087585,-82.0329809915878,-10.3757027744768));
#2608=CARTESIAN_POINT('',(-65.4554821070837,-78.3692979296108,-10.3757027744768));
#2609=CARTESIAN_POINT('',(-68.5184752059606,-74.4637825168973,-10.3757027744768));
#2610=CARTESIAN_POINT('',(-71.2831665103975,-70.397497537924,-10.3757027744768));
#2611=CARTESIAN_POINT('',(-73.7600024641319,-66.2497718845205,-10.3757027744768));
#2612=CARTESIAN_POINT('',(-75.9814955121611,-62.0600331855444,-10.3757027744768));
#2613=CARTESIAN_POINT('',(-77.98795999244,-57.8517954082483,-10.3757027744768));
#2614=CARTESIAN_POINT('',(-79.8155003360466,-53.6401937125761,-10.3757027744768));
#2615=CARTESIAN_POINT('',(-81.4971168111971,-49.4366585658199,-10.3757027744768));
#2616=CARTESIAN_POINT('',(-82.8045943509906,-45.9429439389055,-10.3757027744768));
#2617=CARTESIAN_POINT('',(-83.7999689835044,-43.1782452558529,-10.3757027744768));
#2618=CARTESIAN_POINT('',(-85.249372018089,-39.0707585276873,-10.3757027744768));
#2619=CARTESIAN_POINT('',(-87.3297382487714,-32.8214654023823,-10.3757027744768));
#2620=CARTESIAN_POINT('',(-89.3395911606137,-25.7239347389306,-10.3757027744768));
#2621=CARTESIAN_POINT('',(-90.6966571302248,-19.8894826421761,-10.3757027744768));
#2622=CARTESIAN_POINT('',(-91.5680139617085,-15.4126106357529,-10.3757027744768));
#2623=CARTESIAN_POINT('',(-92.2625488488059,-10.860390314002,-10.3757027744768));
#2624=CARTESIAN_POINT('',(-92.9230658035558,-4.69440009602966,-10.3757027744768));
#2625=CARTESIAN_POINT('',(-93.1787412505865,3.06101182665423,-10.3757027744768));
#2626=CARTESIAN_POINT('',(-92.7098919707711,11.701261117028,-10.3757027744768));
#2627=CARTESIAN_POINT('',(-91.6663838278273,20.1927315659879,-10.3757027744768));
#2628=CARTESIAN_POINT('',(-90.3985440033807,27.0373354706252,-10.3757027744768));
#2629=CARTESIAN_POINT('',(-89.0397892108643,32.9041284824182,-10.3757027744768));
#2630=CARTESIAN_POINT('',(-87.5166376053779,38.7401931820969,-10.3757027744768));
#2631=CARTESIAN_POINT('',(-85.281857932412,45.9815405066825,-10.3757027744768));
#2632=CARTESIAN_POINT('',(-82.0312767647862,54.4908893099445,-10.3757027744768));
#2633=CARTESIAN_POINT('',(-78.2903239602408,62.4780121239797,-10.3757027744768));
#2634=CARTESIAN_POINT('',(-74.685877328806,68.8345924032462,-10.3757027744768));
#2635=CARTESIAN_POINT('',(-70.6879857012767,74.9565566871641,-10.3757027744768));
#2636=CARTESIAN_POINT('',(-66.0836453339028,81.0365343415155,-10.3757027744768));
#2637=CARTESIAN_POINT('',(-60.8867460502626,86.6239475136766,-10.3757027744768));
#2638=CARTESIAN_POINT('',(-56.3726711442072,90.7335878092612,-10.3757027744768));
#2639=CARTESIAN_POINT('',(-52.8054407225821,93.6212979123553,-10.3757027744768));
#2640=CARTESIAN_POINT('',(-48.9504400381313,96.3722401002123,-10.3757027744768));
#2641=CARTESIAN_POINT('',(-44.7258619812512,98.9831500259479,-10.3757027744768));
#2642=CARTESIAN_POINT('',(-40.5172519491097,101.171592870325,-10.3757027744768));
#2643=CARTESIAN_POINT('',(-36.8747106353508,102.765239874002,-10.3757027744768));
#2644=CARTESIAN_POINT('',(-33.9463820070271,103.883104964107,-10.3757027744768));
#2645=CARTESIAN_POINT('',(-30.1965276798249,105.153311841316,-10.3757027744768));
#2646=CARTESIAN_POINT('',(-25.3547830838697,106.465756023314,-10.3757027744768));
#2647=CARTESIAN_POINT('',(-19.3190091597923,107.629802926622,-10.3757027744768));
#2648=CARTESIAN_POINT('',(-13.2000002919439,108.411849360402,-10.3757027744768));
#2649=CARTESIAN_POINT('',(-6.72408831518443,108.869272996468,-10.3757027744768));
#2650=CARTESIAN_POINT('',(-2.28358185599018,108.961702036014,-10.3757027744768));
#2651=CARTESIAN_POINT('',(6.09259427464259E-6,108.961705146218,-10.3757027744768));
#2652=CARTESIAN_POINT('',(97.6000645837425,-113.988424751829,14.3242972255232));
#2653=CARTESIAN_POINT('',(-3.64440058889985E-9,-111.75057048752,14.3242972255232));
#2654=CARTESIAN_POINT('',(-3.64439552226274E-9,-111.75057048752,-7.6757027744768));
#2655=CARTESIAN_POINT('',(-1.37134970822725,-111.75002958965,14.3242972255232));
#2656=CARTESIAN_POINT('',(-1.37134970822725,-111.75002958965,-7.6757027744768));
#2657=CARTESIAN_POINT('',(-4.09701518770164,-111.664436632666,14.3242972255232));
#2658=CARTESIAN_POINT('',(-4.09701518770163,-111.664436632666,-7.6757027744768));
#2659=CARTESIAN_POINT('',(-9.46963605996178,-111.179032014797,14.3242972255232));
#2660=CARTESIAN_POINT('',(-9.46963605996177,-111.179032014797,-7.6757027744768));
#2661=CARTESIAN_POINT('',(-16.0158034681002,-110.041548781538,14.3242972255232));
#2662=CARTESIAN_POINT('',(-16.0158034681002,-110.041548781538,-7.6757027744768));
#2663=CARTESIAN_POINT('',(-23.5923714880268,-107.97835132434,14.3242972255232));
#2664=CARTESIAN_POINT('',(-23.5923714880268,-107.97835132434,-7.6757027744768));
#2665=CARTESIAN_POINT('',(-29.7014749542214,-105.786182784942,14.3242972255232));
#2666=CARTESIAN_POINT('',(-29.7014749542214,-105.786182784942,-7.67570277447681));
#2667=CARTESIAN_POINT('',(-34.6927177627268,-103.712944201732,14.3242972255232));
#2668=CARTESIAN_POINT('',(-34.6927177627268,-103.712944201732,-7.67570277447681));
#2669=CARTESIAN_POINT('',(-40.1045525489575,-101.247227080749,14.3242972255232));
#2670=CARTESIAN_POINT('',(-40.1045525489575,-101.247227080749,-7.67570277447681));
#2671=CARTESIAN_POINT('',(-45.5943519311877,-98.3292885991567,14.3242972255232));
#2672=CARTESIAN_POINT('',(-45.5943519311877,-98.3292885991567,-7.67570277447681));
#2673=CARTESIAN_POINT('',(-50.9031512671059,-94.9990215413965,14.3242972255232));
#2674=CARTESIAN_POINT('',(-50.9031512671059,-94.9990215413965,-7.67570277447681));
#2675=CARTESIAN_POINT('',(-54.7963362534007,-92.262882966832,14.3242972255232));
#2676=CARTESIAN_POINT('',(-54.7963362534007,-92.262882966832,-7.67570277447681));
#2677=CARTESIAN_POINT('',(-58.5599970925347,-89.2858411519593,14.3242972255232));
#2678=CARTESIAN_POINT('',(-58.5599970925347,-89.2858411519593,-7.67570277447681));
#2679=CARTESIAN_POINT('',(-62.1656853282638,-86.055579365082,14.3242972255232));
#2680=CARTESIAN_POINT('',(-62.1656853282638,-86.055579365082,-7.67570277447681));
#2681=CARTESIAN_POINT('',(-65.0081528018218,-83.1513688501555,14.3242972255232));
#2682=CARTESIAN_POINT('',(-65.0081528018217,-83.1513688501555,-7.67570277447682));
#2683=CARTESIAN_POINT('',(-67.1747055387352,-80.6934179712364,14.3242972255232));
#2684=CARTESIAN_POINT('',(-67.1747055387352,-80.6934179712364,-7.67570277447682));
#2685=CARTESIAN_POINT('',(-69.2569530461021,-78.1527277304872,14.3242972255232));
#2686=CARTESIAN_POINT('',(-69.2569530461021,-78.1527277304872,-7.67570277447682));
#2687=CARTESIAN_POINT('',(-71.6750141178842,-74.8709600415975,14.3242972255232));
#2688=CARTESIAN_POINT('',(-71.6750141178842,-74.8709600415975,-7.67570277447682));
#2689=CARTESIAN_POINT('',(-74.2982979951709,-70.808802624733,14.3242972255232));
#2690=CARTESIAN_POINT('',(-74.2982979951709,-70.808802624733,-7.67570277447682));
#2691=CARTESIAN_POINT('',(-76.6609991727353,-66.677175513693,14.3242972255232));
#2692=CARTESIAN_POINT('',(-76.6609991727353,-66.677175513693,-7.67570277447682));
#2693=CARTESIAN_POINT('',(-78.7924455989126,-62.5078840942434,14.3242972255232));
#2694=CARTESIAN_POINT('',(-78.7924455989126,-62.5078840942434,-7.67570277447682));
#2695=CARTESIAN_POINT('',(-80.7273087932867,-58.3224824183827,14.3242972255232));
#2696=CARTESIAN_POINT('',(-80.7273087932867,-58.3224824183827,-7.67570277447682));
#2697=CARTESIAN_POINT('',(-82.4960446837665,-54.1366806275521,14.3242972255232));
#2698=CARTESIAN_POINT('',(-82.4960446837665,-54.1366806275521,-7.67570277447682));
#2699=CARTESIAN_POINT('',(-84.1291563117966,-49.9629969214265,14.3242972255232));
#2700=CARTESIAN_POINT('',(-84.1291563117966,-49.9629969214265,-7.67570277447682));
#2701=CARTESIAN_POINT('',(-85.4031863219919,-46.4964281431276,14.3242972255232));
#2702=CARTESIAN_POINT('',(-85.4031863219919,-46.4964281431276,-7.67570277447682));
#2703=CARTESIAN_POINT('',(-86.37568441444,-43.7565958703093,14.3242972255232));
#2704=CARTESIAN_POINT('',(-86.37568441444,-43.7565958703093,-7.67570277447682));
#2705=CARTESIAN_POINT('',(-87.3175143910687,-41.0523034858136,14.3242972255232));
#2706=CARTESIAN_POINT('',(-87.3175143910687,-41.0523034858136,-7.67570277447683));
#2707=CARTESIAN_POINT('',(-88.9226029870014,-36.2799927498477,14.3242972255232));
#2708=CARTESIAN_POINT('',(-88.9226029870013,-36.2799927498477,-7.67570277447683));
#2709=CARTESIAN_POINT('',(-91.0567733776416,-29.3185031794685,14.3242972255232));
#2710=CARTESIAN_POINT('',(-91.0567733776416,-29.3185031794685,-7.67570277447683));
#2711=CARTESIAN_POINT('',(-93.2114998076814,-20.7302519109778,14.3242972255232));
#2712=CARTESIAN_POINT('',(-93.2114998076814,-20.7302519109778,-7.67570277447683));
#2713=CARTESIAN_POINT('',(-94.5378124172032,-13.3709851399683,14.3242972255232));
#2714=CARTESIAN_POINT('',(-94.5378124172032,-13.3709851399683,-7.67570277447683));
#2715=CARTESIAN_POINT('',(-95.1559291323084,-8.11971185576977,14.3242972255232));
#2716=CARTESIAN_POINT('',(-95.1559291323084,-8.11971185576977,-7.67570277447683));
#2717=CARTESIAN_POINT('',(-95.4134676031292,-5.07548573094852,14.3242972255232));
#2718=CARTESIAN_POINT('',(-95.4134676031292,-5.07548573094852,-7.67570277447683));
#2719=CARTESIAN_POINT('',(-95.6972901469065,-0.484190981974745,14.3242972255232));
#2720=CARTESIAN_POINT('',(-95.6972901469065,-0.484190981974745,-7.67570277447683));
#2721=CARTESIAN_POINT('',(-95.7501499256648,6.81994655140789,14.3242972255232));
#2722=CARTESIAN_POINT('',(-95.7501499256648,6.81994655140789,-7.67570277447683));
#2723=CARTESIAN_POINT('',(-95.0281068359775,16.3462502238843,14.3242972255232));
#2724=CARTESIAN_POINT('',(-95.0281068359775,16.3462502238843,-7.67570277447683));
#2725=CARTESIAN_POINT('',(-93.6270015855051,25.7018950170742,14.3242972255232));
#2726=CARTESIAN_POINT('',(-93.6270015855051,25.7018950170742,-7.67570277447683));
#2727=CARTESIAN_POINT('',(-91.7503997871589,34.4714600601929,14.3242972255232));
#2728=CARTESIAN_POINT('',(-91.7503997871589,34.4714600601929,-7.67570277447683));
#2729=CARTESIAN_POINT('',(-89.3782166435975,43.1045766011869,14.3242972255232));
#2730=CARTESIAN_POINT('',(-89.3782166435974,43.1045766011869,-7.67570277447683));
#2731=CARTESIAN_POINT('',(-86.4520379311638,51.6195834430572,14.3242972255232));
#2732=CARTESIAN_POINT('',(-86.4520379311638,51.6195834430572,-7.67570277447683));
#2733=CARTESIAN_POINT('',(-82.9173493901883,59.9789083666287,14.3242972255232));
#2734=CARTESIAN_POINT('',(-82.9173493901883,59.9789083666287,-7.67570277447683));
#2735=CARTESIAN_POINT('',(-79.1995627662504,67.1850408148003,14.3242972255232));
#2736=CARTESIAN_POINT('',(-79.1995627662504,67.1850408148003,-7.67570277447683));
#2737=CARTESIAN_POINT('',(-75.7838998848236,72.8082936759222,14.3242972255232));
#2738=CARTESIAN_POINT('',(-75.7838998848236,72.8082936759222,-7.67570277447683));
#2739=CARTESIAN_POINT('',(-72.1012068326225,78.2267033195376,14.3242972255232));
#2740=CARTESIAN_POINT('',(-72.1012068326225,78.2267033195376,-7.67570277447683));
#2741=CARTESIAN_POINT('',(-67.4285344596464,84.188866543238,14.3242972255232));
#2742=CARTESIAN_POINT('',(-67.4285344596464,84.188866543238,-7.67570277447683));
#2743=CARTESIAN_POINT('',(-61.0889589824967,90.809473546382,14.3242972255232));
#2744=CARTESIAN_POINT('',(-61.0889589824967,90.809473546382,-7.67570277447683));
#2745=CARTESIAN_POINT('',(-55.1845984320542,95.7626354690657,14.3242972255232));
#2746=CARTESIAN_POINT('',(-55.1845984320542,95.7626354690657,-7.67570277447683));
#2747=CARTESIAN_POINT('',(-50.6556217350337,98.9187722855673,14.3242972255232));
#2748=CARTESIAN_POINT('',(-50.6556217350337,98.9187722855673,-7.67570277447683));
#2749=CARTESIAN_POINT('',(-47.8207763325762,100.697275795522,14.3242972255232));
#2750=CARTESIAN_POINT('',(-47.8207763325762,100.697275795522,-7.67570277447683));
#2751=CARTESIAN_POINT('',(-44.7013499183316,102.496152981024,14.3242972255232));
#2752=CARTESIAN_POINT('',(-44.7013499183316,102.496152981024,-7.67570277447683));
#2753=CARTESIAN_POINT('',(-41.457529493471,104.129152864639,14.3242972255232));
#2754=CARTESIAN_POINT('',(-41.457529493471,104.129152864639,-7.67570277447683));
#2755=CARTESIAN_POINT('',(-38.1411383738949,105.568839743107,14.3242972255232));
#2756=CARTESIAN_POINT('',(-38.1411383738949,105.568839743107,-7.67570277447683));
#2757=CARTESIAN_POINT('',(-34.7870089411999,106.878963406212,14.3242972255232));
#2758=CARTESIAN_POINT('',(-34.7870089411999,106.878963406212,-7.67570277447682));
#2759=CARTESIAN_POINT('',(-30.3678522282034,108.333559851921,14.3242972255232));
#2760=CARTESIAN_POINT('',(-30.3678522282034,108.333559851921,-7.67570277447682));
#2761=CARTESIAN_POINT('',(-24.6602302067496,109.772241978052,14.3242972255232));
#2762=CARTESIAN_POINT('',(-24.6602302067496,109.772241978052,-7.67570277447682));
#2763=CARTESIAN_POINT('',(-18.5741427385585,110.860529201344,14.3242972255232));
#2764=CARTESIAN_POINT('',(-18.5741427385585,110.860529201344,-7.67570277447682));
#2765=CARTESIAN_POINT('',(-12.3198621999663,111.577417480585,14.3242972255232));
#2766=CARTESIAN_POINT('',(-12.3198621999663,111.577417480585,-7.67570277447682));
#2767=CARTESIAN_POINT('',(-6.13487344660531,111.960572126957,14.3242972255232));
#2768=CARTESIAN_POINT('',(-6.13487344660531,111.960572126957,-7.67570277447682));
#2769=CARTESIAN_POINT('',(-2.03519666947287,112.034863450908,14.3242972255232));
#2770=CARTESIAN_POINT('',(-2.03519666947287,112.034863450908,-7.67570277447682));
#2771=CARTESIAN_POINT('',(3.9455897122842E-6,112.034855942227,14.3242972255232));
#2772=CARTESIAN_POINT('',(3.94558971761327E-6,112.034855942227,-7.67570277447682));
#2773=CARTESIAN_POINT('',(9.26905547266944,15.3475539560196,62.8530937432528));
#2774=CARTESIAN_POINT('',(8.42886128919571,12.5788350836131,62.8848182570003));
#2775=CARTESIAN_POINT('',(7.41200689299567,8.35127907808268,62.9495516757562));
#2776=CARTESIAN_POINT('',(7.41217424829028,3.80233198743095,62.9013396901804));
#2777=CARTESIAN_POINT('',(8.42913320040385,-0.425342969569007,62.9270523429345));
#2778=CARTESIAN_POINT('',(9.26972158927999,-3.19290833197267,62.9410696102545));
#2779=CARTESIAN_POINT('',(6.50105627184632,14.5068883186417,62.9003914705203));
#2780=CARTESIAN_POINT('',(6.00278269029028,12.0800370590185,62.9204043262863));
#2781=CARTESIAN_POINT('',(5.27517472580357,8.22338778151278,62.9731327707304));
#2782=CARTESIAN_POINT('',(5.27480958456859,3.93006732635618,62.9313039545446));
#2783=CARTESIAN_POINT('',(6.00264402006687,0.073725187179575,63.0404879748703));
#2784=CARTESIAN_POINT('',(6.50157201680644,-2.35282651846813,63.0262430383862));
#2785=CARTESIAN_POINT('',(2.2742933788966,13.4893436923936,62.9625241753534));
#2786=CARTESIAN_POINT('',(2.14693396460403,11.3520974362088,62.9820957921801));
#2787=CARTESIAN_POINT('',(1.90380360024986,7.98034388556494,63.0354032538777));
#2788=CARTESIAN_POINT('',(1.90364356023769,4.17351768187596,63.1186082954818));
#2789=CARTESIAN_POINT('',(2.14676799385856,0.804974974908219,63.1184275662603));
#2790=CARTESIAN_POINT('',(2.27441279485114,-1.33536703740046,63.0156945205158));
#2791=CARTESIAN_POINT('',(-2.27426381744234,13.4893443143119,62.9625239491434));
#2792=CARTESIAN_POINT('',(-2.14690758691584,11.3520974854629,62.9820959271241));
#2793=CARTESIAN_POINT('',(-1.90374868411725,7.98034358992765,63.0354030596519));
#2794=CARTESIAN_POINT('',(-1.90358669497259,4.173518179142,63.1186077138798));
#2795=CARTESIAN_POINT('',(-2.14675130815773,0.804973306414023,63.1184217320872));
#2796=CARTESIAN_POINT('',(-2.27438118143425,-1.33537285717821,63.0156923046429));
#2797=CARTESIAN_POINT('',(-6.50104562968508,14.5068822853401,62.9003920298617));
#2798=CARTESIAN_POINT('',(-6.00276066257475,12.0800325982948,62.9204048257161));
#2799=CARTESIAN_POINT('',(-5.27514290215972,8.2233821156154,62.9731319234214));
#2800=CARTESIAN_POINT('',(-5.27477575241217,3.93007216723101,62.9313098667717));
#2801=CARTESIAN_POINT('',(-6.00261585664119,0.0737380093503099,63.0404882408269));
#2802=CARTESIAN_POINT('',(-6.50155294944498,-2.35282034086615,63.0262447037595));
#2803=CARTESIAN_POINT('',(-9.26907165808826,15.3475485550281,62.8530960190017));
#2804=CARTESIAN_POINT('',(-8.42885622182834,12.5788337578262,62.8848194375114));
#2805=CARTESIAN_POINT('',(-7.41199095203194,8.35128001202229,62.9495499280075));
#2806=CARTESIAN_POINT('',(-7.41216188316479,3.8023317566415,62.9013409879479));
#2807=CARTESIAN_POINT('',(-8.42912636822816,-0.425343270845004,62.9270538454961));
#2808=CARTESIAN_POINT('',(-9.26973301263113,-3.19291407064332,62.9410742375066));
#2809=CARTESIAN_POINT('',(-3.51037094286186E-9,-101.387845396105,12.5337233431757));
#2810=CARTESIAN_POINT('',(-3.51037093692921E-9,-101.420986727656,12.8214695313671));
#2811=CARTESIAN_POINT('',(-3.51037087525714E-9,-101.720493568375,15.7010606867378));
#2812=CARTESIAN_POINT('',(-3.51037079719741E-9,-101.676757447776,18.5844121229676));
#2813=CARTESIAN_POINT('',(-3.51036969734761E-9,-100.242641308995,25.4299434228185));
#2814=CARTESIAN_POINT('',(-3.51037082259018E-9,-95.7968539568742,32.8626722305208));
#2815=CARTESIAN_POINT('',(-3.51037012538838E-9,-89.1438491322766,38.0514215934376));
#2816=CARTESIAN_POINT('',(-3.51037115012371E-9,-81.4816298584567,42.923466295609));
#2817=CARTESIAN_POINT('',(-3.51037096082987E-9,-72.7650057414256,46.6865889413292));
#2818=CARTESIAN_POINT('',(-3.51037218728627E-9,-63.509315473282,49.1617672785728));
#2819=CARTESIAN_POINT('',(-3.51037375551331E-9,-43.0537025156038,55.246371238643));
#2820=CARTESIAN_POINT('',(-3.51036046733386E-9,-22.796234348148,62.6287674253942));
#2821=CARTESIAN_POINT('',(-3.51038385882932E-9,0.356354583667138,63.0627758879948));
#2822=CARTESIAN_POINT('',(10.2365025490255,-101.384263147505,12.536170075108));
#2823=CARTESIAN_POINT('',(10.2440377024083,-101.417359706186,12.8239703480846));
#2824=CARTESIAN_POINT('',(10.3172307758549,-101.716399742365,15.7041266223165));
#2825=CARTESIAN_POINT('',(10.3665178647731,-101.671986590279,18.5882835506282));
#2826=CARTESIAN_POINT('',(10.3622735602967,-100.236098955118,25.4352732275629));
#2827=CARTESIAN_POINT('',(10.1261580501744,-95.7895678102626,32.8664367746242));
#2828=CARTESIAN_POINT('',(9.62794270815005,-89.1378973221936,38.0528524522658));
#2829=CARTESIAN_POINT('',(8.92658532604115,-81.4787070064215,42.9232694203376));
#2830=CARTESIAN_POINT('',(7.92229842888743,-72.7648021546542,46.686713565911));
#2831=CARTESIAN_POINT('',(6.79064280539026,-63.5091109297989,49.1617663387454));
#2832=CARTESIAN_POINT('',(4.51798341744001,-43.0535509542204,55.2449031660671));
#2833=CARTESIAN_POINT('',(2.65893324157472,-22.7963371181604,62.6281934029703));
#2834=CARTESIAN_POINT('',(0.518932399916509,0.356311482394438,63.0626684914541));
#2835=CARTESIAN_POINT('',(20.257575520342,-98.5646000340657,12.5272421171077));
#2836=CARTESIAN_POINT('',(20.2727913390242,-98.5957676381526,12.8148064973487));
#2837=CARTESIAN_POINT('',(20.421663133456,-98.8763013058125,15.69299105437));
#2838=CARTESIAN_POINT('',(20.5344999769871,-98.82211519447,18.579770645035));
#2839=CARTESIAN_POINT('',(20.6380602437375,-97.4256492848013,25.4628453850329));
#2840=CARTESIAN_POINT('',(20.4422718681699,-93.1068580928998,33.1117098986604));
#2841=CARTESIAN_POINT('',(19.674440093874,-86.5724573964524,38.5460791960602));
#2842=CARTESIAN_POINT('',(18.3995210748432,-79.0495186327651,43.5656176851099));
#2843=CARTESIAN_POINT('',(16.3506275134112,-70.5444743787808,47.2704915214836));
#2844=CARTESIAN_POINT('',(13.8526576912746,-61.5993239351774,49.5300154397822));
#2845=CARTESIAN_POINT('',(8.93238458486102,-41.8127950472537,55.2715605514024));
#2846=CARTESIAN_POINT('',(5.21751623273183,-22.0731816423175,62.6304805591232));
#2847=CARTESIAN_POINT('',(1.01940797530951,0.499129423023408,63.0627974934818));
#2848=CARTESIAN_POINT('',(35.3668576769135,-92.0971006975695,12.4953429926747));
#2849=CARTESIAN_POINT('',(35.3821779520234,-92.1326175112982,12.7835343405993));
#2850=CARTESIAN_POINT('',(35.5258068538203,-92.4587912473956,15.6691628122937));
#2851=CARTESIAN_POINT('',(35.5666318893284,-92.4717457910145,18.5763122779108));
#2852=CARTESIAN_POINT('',(35.263365051741,-91.2965694819944,25.5497026825106));
#2853=CARTESIAN_POINT('',(34.0850965613802,-87.3844459408963,33.4084003923902));
#2854=CARTESIAN_POINT('',(32.0186816749961,-81.3070701862818,39.1445976959562));
#2855=CARTESIAN_POINT('',(29.3819350723296,-74.228103853439,44.4597081882363));
#2856=CARTESIAN_POINT('',(26.0306895709006,-66.1250567822339,48.3731778116918));
#2857=CARTESIAN_POINT('',(22.4851583880285,-57.5560070257127,50.5995013633365));
#2858=CARTESIAN_POINT('',(15.204816790826,-38.7215993555732,56.0882861943595));
#2859=CARTESIAN_POINT('',(8.85867366379985,-20.2538992537593,62.7482499061827));
#2860=CARTESIAN_POINT('',(1.73234814101673,0.859063276945524,63.0758491752451));
#2861=CARTESIAN_POINT('',(46.4488313076787,-86.2665262339461,12.4701366963842));
#2862=CARTESIAN_POINT('',(46.4591489071639,-86.3084494119632,12.7592285181638));
#2863=CARTESIAN_POINT('',(46.5458247470919,-86.7007968243332,15.6550031092249));
#2864=CARTESIAN_POINT('',(46.4559108705863,-86.8005843592884,18.5846176129078));
#2865=CARTESIAN_POINT('',(45.5668625626409,-85.8702322075737,25.6487719221306));
#2866=CARTESIAN_POINT('',(43.0976135765376,-82.3547087875659,33.6295028369943));
#2867=CARTESIAN_POINT('',(39.6352941145072,-76.7258452138115,39.5254792494854));
#2868=CARTESIAN_POINT('',(35.7988757971071,-70.1236602254236,45.0616951550792));
#2869=CARTESIAN_POINT('',(31.6097887004874,-62.4035479171279,49.294489292027));
#2870=CARTESIAN_POINT('',(27.8216499736305,-54.0301096044056,51.6323796694485));
#2871=CARTESIAN_POINT('',(19.6877128081313,-35.850724792539,57.0614357444559));
#2872=CARTESIAN_POINT('',(11.5080721622796,-18.5486058556103,62.8905820208995));
#2873=CARTESIAN_POINT('',(2.27194619770556,1.20216537955393,63.0919935742091));
#2874=CARTESIAN_POINT('',(55.8560661494785,-78.1171618745316,12.5430339276903));
#2875=CARTESIAN_POINT('',(55.857892793091,-78.1629405525695,12.8349158988357));
#2876=CARTESIAN_POINT('',(55.8521174409775,-78.5959015601365,15.7601705192384));
#2877=CARTESIAN_POINT('',(55.5896165619212,-78.7567546958226,18.7359487425873));
#2878=CARTESIAN_POINT('',(53.9731264173041,-78.0331706371193,25.9081892766986));
#2879=CARTESIAN_POINT('',(50.0631753853253,-75.0115737372119,33.9445913312658));
#2880=CARTESIAN_POINT('',(45.2020027984316,-70.0202714958821,39.9951845641039));
#2881=CARTESIAN_POINT('',(40.35911835621,-64.0776717071071,45.7212862750382));
#2882=CARTESIAN_POINT('',(35.7901773005339,-56.9666108782445,50.3624055125217));
#2883=CARTESIAN_POINT('',(31.9209644410261,-49.0072934897586,52.9365782270423));
#2884=CARTESIAN_POINT('',(23.3349053741058,-31.9354152039993,58.3155202060267));
#2885=CARTESIAN_POINT('',(13.6985976020331,-16.2112437508511,63.0096459264644));
#2886=CARTESIAN_POINT('',(2.76007074813514,1.69672756405001,63.0975859569862));
#2887=CARTESIAN_POINT('',(67.8493570781683,-63.8028160086081,12.7585904924565));
#2888=CARTESIAN_POINT('',(67.8392752169023,-63.8471416284428,13.0542418847873));
#2889=CARTESIAN_POINT('',(67.7052078369998,-64.2693982038114,16.0178054345329));
#2890=CARTESIAN_POINT('',(67.2183282295417,-64.4607076812856,19.0377050096516));
#2891=CARTESIAN_POINT('',(64.7928771330852,-64.0384724718607,26.2627316391851));
#2892=CARTESIAN_POINT('',(59.5088866003389,-61.8408332499851,34.4462332987266));
#2893=CARTESIAN_POINT('',(53.2800222789445,-57.8413477207977,40.8697581648799));
#2894=CARTESIAN_POINT('',(47.3100263164638,-52.9433447710249,46.9808472686594));
#2895=CARTESIAN_POINT('',(42.1750920039695,-46.8831616464842,52.0930918023289));
#2896=CARTESIAN_POINT('',(37.867455076807,-39.9712944963033,54.9242614455655));
#2897=CARTESIAN_POINT('',(27.9264681150188,-25.2921713293532,60.0712755995068));
#2898=CARTESIAN_POINT('',(16.4544606940892,-12.2444922444358,63.0620961280901));
#2899=CARTESIAN_POINT('',(3.42272181703659,2.56961570042477,63.0712528342665));
#2900=CARTESIAN_POINT('',(72.7502660795779,-51.8710179663812,12.8932624806268));
#2901=CARTESIAN_POINT('',(72.7351018364745,-51.9071362954127,13.1888201724909));
#2902=CARTESIAN_POINT('',(72.5498862242281,-52.2508145154952,16.1499802213045));
#2903=CARTESIAN_POINT('',(72.0139124987273,-52.4026081050068,19.1527014024519));
#2904=CARTESIAN_POINT('',(69.6279012501855,-52.0497890261455,26.3701125841211));
#2905=CARTESIAN_POINT('',(64.5979450970778,-50.1639344898423,34.8371270630028));
#2906=CARTESIAN_POINT('',(58.4851268109623,-46.740504410141,41.6521717950995));
#2907=CARTESIAN_POINT('',(52.3511373205292,-42.6125188862569,48.1293235742807));
#2908=CARTESIAN_POINT('',(46.6099303133667,-37.610391730216,53.5067355148135));
#2909=CARTESIAN_POINT('',(41.3857827715271,-31.9740598520476,56.3061706680946));
#2910=CARTESIAN_POINT('',(29.6789183111713,-19.9305881273836,61.0501323433429));
#2911=CARTESIAN_POINT('',(17.4357206401698,-9.09269106536174,62.9078677383106));
#2912=CARTESIAN_POINT('',(3.60680728596071,3.21228175764934,63.0192065633083));
#2913=CARTESIAN_POINT('',(80.9387459004132,-28.7345814329408,13.0360824036204));
#2914=CARTESIAN_POINT('',(80.9161272448721,-28.7552350792468,13.332384316002));
#2915=CARTESIAN_POINT('',(80.6552546234544,-28.9509020110911,16.3007440748778));
#2916=CARTESIAN_POINT('',(80.0381085712418,-29.0279013257085,19.3101974550236));
#2917=CARTESIAN_POINT('',(77.5622351636522,-28.7796123836158,26.618466512119));
#2918=CARTESIAN_POINT('',(72.55626921128,-27.6016667779197,35.5547366616758));
#2919=CARTESIAN_POINT('',(66.3385952766604,-25.527569123254,42.9763959782853));
#2920=CARTESIAN_POINT('',(59.8172754716801,-23.0405573314556,49.9602563066285));
#2921=CARTESIAN_POINT('',(53.2760835610517,-20.0458571579229,55.5809776585316));
#2922=CARTESIAN_POINT('',(46.9439288477663,-16.6264819867788,58.1129348989797));
#2923=CARTESIAN_POINT('',(33.11256844579,-9.36602083244734,62.0534030050546));
#2924=CARTESIAN_POINT('',(19.3980090092667,-2.92571049839835,62.7474816454847));
#2925=CARTESIAN_POINT('',(3.90260112163067,4.29933115838887,62.9774882532854));
#2926=CARTESIAN_POINT('',(84.3119705653755,-17.1811582956206,13.1238153037394));
#2927=CARTESIAN_POINT('',(84.2847999164818,-17.1959638382468,13.4205222469011));
#2928=CARTESIAN_POINT('',(83.9771830034467,-17.3372576269705,16.3929846631656));
#2929=CARTESIAN_POINT('',(83.3020842743359,-17.4045840720981,19.4084554125271));
#2930=CARTESIAN_POINT('',(80.6753837690619,-17.298910269516,26.7712230290185));
#2931=CARTESIAN_POINT('',(75.4340802344961,-16.6350881029423,35.9106274645214));
#2932=CARTESIAN_POINT('',(68.9771363931432,-15.3599047723392,43.545667415815));
#2933=CARTESIAN_POINT('',(62.238057796386,-13.7567941740389,50.6487083417081));
#2934=CARTESIAN_POINT('',(55.5267366616866,-11.7188212641844,56.2199091327862));
#2935=CARTESIAN_POINT('',(49.0024320493808,-9.27671879698682,58.5237833535294));
#2936=CARTESIAN_POINT('',(34.7581913039009,-4.20485703720437,62.0736227848755));
#2937=CARTESIAN_POINT('',(20.3746286051551,0.0862952826738884,62.7509531691619));
#2938=CARTESIAN_POINT('',(4.092513084131,4.85839638150266,62.9763110498561));
#2939=CARTESIAN_POINT('',(86.2086680590523,7.02548393052865,12.9518124639645));
#2940=CARTESIAN_POINT('',(86.2050443035399,7.02109436960558,13.2496737368514));
#2941=CARTESIAN_POINT('',(86.1323016806045,6.97691385937333,16.2374497322174));
#2942=CARTESIAN_POINT('',(85.6749212973405,6.93170603685819,19.3067321339212));
#2943=CARTESIAN_POINT('',(83.3618826817549,6.85388198842314,26.8642714330743));
#2944=CARTESIAN_POINT('',(78.1405285948558,6.80905286829502,36.2723153800461));
#2945=CARTESIAN_POINT('',(71.4273027510787,6.780252421405,44.1326808738855));
#2946=CARTESIAN_POINT('',(64.4763529737729,6.73160443771635,51.345073650972));
#2947=CARTESIAN_POINT('',(57.6276325447925,6.65604407891117,56.8559184235929));
#2948=CARTESIAN_POINT('',(50.924765829422,6.57942234959468,58.9338441301352));
#2949=CARTESIAN_POINT('',(36.3153841079037,6.40621382677021,62.095314518651));
#2950=CARTESIAN_POINT('',(21.3020494871,6.26443111390878,62.7528663117325));
#2951=CARTESIAN_POINT('',(4.2788952364869,6.09713789015308,62.9769642811416));
#2952=CARTESIAN_POINT('',(84.682115316819,19.4464885433931,12.6851938126571));
#2953=CARTESIAN_POINT('',(84.7065642257263,19.4515294190712,12.9826891065228));
#2954=CARTESIAN_POINT('',(84.9165224116927,19.4987777465527,15.9703455687609));
#2955=CARTESIAN_POINT('',(84.7513560145004,19.5128394317819,19.0767923616075));
#2956=CARTESIAN_POINT('',(82.9385471272693,19.4673939262188,26.7787120961236));
#2957=CARTESIAN_POINT('',(77.9871188248212,19.2747340968037,36.2635611428078));
#2958=CARTESIAN_POINT('',(71.2668717957408,18.7562674369677,44.1380111255011));
#2959=CARTESIAN_POINT('',(64.3225897488776,17.9460083620111,51.3527437954049));
#2960=CARTESIAN_POINT('',(57.478998052378,16.6909850163363,56.8638871539055));
#2961=CARTESIAN_POINT('',(50.795894422742,15.0952118147003,58.9363212043635));
#2962=CARTESIAN_POINT('',(36.2368654164049,11.9043668230044,62.0947515637555));
#2963=CARTESIAN_POINT('',(21.2573519635727,9.46095826472012,62.7531006187854));
#2964=CARTESIAN_POINT('',(4.26980149257532,6.73786378852368,62.9768963830749));
#2965=CARTESIAN_POINT('',(78.7715672048589,43.3345129824347,12.4444670026074));
#2966=CARTESIAN_POINT('',(78.8178230309352,43.3609371165765,12.7416087782163));
#2967=CARTESIAN_POINT('',(79.2479761864214,43.6170261470413,15.7289811800327));
#2968=CARTESIAN_POINT('',(79.3151662507625,43.7828447149427,18.8701103224244));
#2969=CARTESIAN_POINT('',(77.8292845022395,43.8024419655413,26.741264607273));
#2970=CARTESIAN_POINT('',(72.8506348276022,43.1306976718285,36.2992378626753));
#2971=CARTESIAN_POINT('',(65.9963766490546,41.442037105402,44.1746871529125));
#2972=CARTESIAN_POINT('',(59.1696238592287,39.0339768484559,51.3849072928531));
#2973=CARTESIAN_POINT('',(52.8799484166573,35.5101066752615,56.8835281568867));
#2974=CARTESIAN_POINT('',(47.1181187166062,31.1674674942864,58.9402071317602));
#2975=CARTESIAN_POINT('',(34.1870630797335,22.4964809880388,62.0944546897508));
#2976=CARTESIAN_POINT('',(20.0789763845186,15.639438406807,62.7532290894751));
#2977=CARTESIAN_POINT('',(4.03326486249843,7.97696971156278,62.9769784348839));
#2978=CARTESIAN_POINT('',(74.3850395354843,54.9171419263164,12.445499204778));
#2979=CARTESIAN_POINT('',(74.4266054246745,54.9521691827086,12.743312990426));
#2980=CARTESIAN_POINT('',(74.8092032672925,55.2909239495868,15.7378755117465));
#2981=CARTESIAN_POINT('',(74.8212504117046,55.5016239211752,18.8910073483283));
#2982=CARTESIAN_POINT('',(73.161595850139,55.4472545703293,26.787703781835));
#2983=CARTESIAN_POINT('',(67.9054939685244,54.3605109269864,36.3399667338071));
#2984=CARTESIAN_POINT('',(60.9308357493061,51.9668958402179,44.207425438602));
#2985=CARTESIAN_POINT('',(54.2249018398222,48.7196905845363,51.4028081770566));
#2986=CARTESIAN_POINT('',(48.4853346336473,44.1844490293113,56.8827991675137));
#2987=CARTESIAN_POINT('',(43.5834289435937,38.690561285474,58.9412055302988));
#2988=CARTESIAN_POINT('',(32.2110676516469,27.599381849455,62.0947200184311));
#2989=CARTESIAN_POINT('',(18.9461680968749,18.6200569886034,62.7532332723785));
#2990=CARTESIAN_POINT('',(3.80615300803928,8.57464488267414,62.9769659316389));
#2991=CARTESIAN_POINT('',(61.8312665568292,75.5111019120616,12.4128080850812));
#2992=CARTESIAN_POINT('',(61.8662878651395,75.5565424348176,12.7104702564747));
#2993=CARTESIAN_POINT('',(62.1894530717673,75.9888861985822,15.7034034184849));
#2994=CARTESIAN_POINT('',(62.2093057962265,76.1751010174703,18.8539181718988));
#2995=CARTESIAN_POINT('',(60.8652582377245,75.5341576663738,26.7543581876846));
#2996=CARTESIAN_POINT('',(56.5489806100799,72.6789980587229,36.3295132434647));
#2997=CARTESIAN_POINT('',(50.7979700010433,68.0425996399754,44.211676836148));
#2998=CARTESIAN_POINT('',(45.2362739575513,62.7617361086673,51.4313546195882));
#2999=CARTESIAN_POINT('',(40.3832450241321,56.7553642762784,56.9214234777824));
#3000=CARTESIAN_POINT('',(36.2471961200983,50.2739012891523,58.9505971285652));
#3001=CARTESIAN_POINT('',(26.7487851518687,36.5344704422121,62.093057088389));
#3002=CARTESIAN_POINT('',(15.7324263092372,23.8864317945949,62.7537246471249));
#3003=CARTESIAN_POINT('',(3.16034956345463,9.63155604787381,62.977120674865));
#3004=CARTESIAN_POINT('',(53.6718941732605,84.5095784320364,12.3948021854046));
#3005=CARTESIAN_POINT('',(53.7044547437541,84.5579140984867,12.6926270122361));
#3006=CARTESIAN_POINT('',(54.0091201781294,85.0123887194313,15.6872887590411));
#3007=CARTESIAN_POINT('',(54.0787895434955,85.1441731364724,18.8406673317962));
#3008=CARTESIAN_POINT('',(53.1539992890191,84.0231435569066,26.7526828491747));
#3009=CARTESIAN_POINT('',(49.971496994215,79.8608093338788,36.338711938799));
#3010=CARTESIAN_POINT('',(45.5055592430371,73.7454199600962,44.2291201361891));
#3011=CARTESIAN_POINT('',(40.9403484866871,67.3015635808911,51.4681096291647));
#3012=CARTESIAN_POINT('',(36.5488470209721,60.7526484064866,56.9536152138324));
#3013=CARTESIAN_POINT('',(32.4263675861859,54.3642189732235,58.9552689675344));
#3014=CARTESIAN_POINT('',(23.2754329564181,40.3517192033276,62.0920051447733));
#3015=CARTESIAN_POINT('',(13.6556158457689,26.1671087813289,62.7540245459085));
#3016=CARTESIAN_POINT('',(2.74224877790978,10.0900195830752,62.9772118249823));
#3017=CARTESIAN_POINT('',(38.1645592747739,94.385936919454,12.3900425815817));
#3018=CARTESIAN_POINT('',(38.1898200687339,94.4386020258649,12.689295341265));
#3019=CARTESIAN_POINT('',(38.4300753419349,94.9298451593398,15.6993412633156));
#3020=CARTESIAN_POINT('',(38.5316367866036,95.0244612918176,18.8797478560572));
#3021=CARTESIAN_POINT('',(38.1212946169381,93.4439207845019,26.8478279834011));
#3022=CARTESIAN_POINT('',(36.4547055788139,88.0820599808942,36.4187482488791));
#3023=CARTESIAN_POINT('',(33.8587890449942,80.6060063843917,44.2946677209313));
#3024=CARTESIAN_POINT('',(30.9407352397291,73.0605907237528,51.5098488286276));
#3025=CARTESIAN_POINT('',(27.6643573702897,65.9574247932073,57.0047513068294));
#3026=CARTESIAN_POINT('',(24.1395265243647,59.3556929099453,59.065276061168));
#3027=CARTESIAN_POINT('',(16.6823189876067,44.5205067542546,62.2221416154465));
#3028=CARTESIAN_POINT('',(9.76462707291637,28.6405441073312,62.7725662817901));
#3029=CARTESIAN_POINT('',(1.95958481525712,10.5873299644393,62.9792383847159));
#3030=CARTESIAN_POINT('',(25.8450296624219,99.7696468173872,12.3956230601522));
#3031=CARTESIAN_POINT('',(25.8634524912841,99.8253043184978,12.6957145573976));
#3032=CARTESIAN_POINT('',(26.0411464690863,100.34365356817,15.7148036594316));
#3033=CARTESIAN_POINT('',(26.1457906075841,100.433261228128,18.9111285107834));
#3034=CARTESIAN_POINT('',(26.0623561806159,98.6717960548079,26.9063543162367));
#3035=CARTESIAN_POINT('',(25.3858558184458,92.8416355845118,36.459227817007));
#3036=CARTESIAN_POINT('',(24.0442620991867,84.8122694901473,44.3307116745821));
#3037=CARTESIAN_POINT('',(22.295595229332,76.776310867713,51.5438941091917));
#3038=CARTESIAN_POINT('',(19.962091888298,69.3258942855067,57.0663026485006));
#3039=CARTESIAN_POINT('',(17.1665317323154,62.4096086200141,59.1876252275223));
#3040=CARTESIAN_POINT('',(11.4308231994954,46.8104394723607,62.3702481736069));
#3041=CARTESIAN_POINT('',(6.67331873638101,29.9919732516638,62.7934971008589));
#3042=CARTESIAN_POINT('',(1.33762793892222,10.8591399505923,62.9815006839408));
#3043=CARTESIAN_POINT('',(9.58911384543366,101.530739111544,12.4046274486736));
#3044=CARTESIAN_POINT('',(9.59629225029146,101.587638335266,12.7048189674339));
#3045=CARTESIAN_POINT('',(9.66618081092605,102.117986286569,15.7249837356951));
#3046=CARTESIAN_POINT('',(9.71505940038143,102.214943549788,18.923119969389));
#3047=CARTESIAN_POINT('',(9.74240138049589,100.452342442985,26.9184386617216));
#3048=CARTESIAN_POINT('',(9.61922258615582,94.6000615288699,36.4645286964851));
#3049=CARTESIAN_POINT('',(9.23381603854302,86.5059263154413,44.3386243507602));
#3050=CARTESIAN_POINT('',(8.64372400586046,78.3756704005969,51.557026654578));
#3051=CARTESIAN_POINT('',(7.74103369264782,70.7901272516619,57.1010526225726));
#3052=CARTESIAN_POINT('',(6.59256976671421,63.6535172943291,59.2667761290996));
#3053=CARTESIAN_POINT('',(4.2776706668085,47.5945887782583,62.4716204018155));
#3054=CARTESIAN_POINT('',(2.49109523199016,30.4498244092654,62.8076645381252));
#3055=CARTESIAN_POINT('',(0.498795848062002,10.9510116298012,62.9830095429618));
#3056=CARTESIAN_POINT('',(-3.51039581854724E-9,101.531334046929,12.4042581484745));
#3057=CARTESIAN_POINT('',(-3.51039487963503E-9,101.588237779696,12.7044465770574));
#3058=CARTESIAN_POINT('',(-3.51038547506687E-9,102.11863437506,15.7245781414321));
#3059=CARTESIAN_POINT('',(-3.51037630742523E-9,102.215679547987,18.9226593406946));
#3060=CARTESIAN_POINT('',(-3.51036149765468E-9,100.453348278215,26.9180322992026));
#3061=CARTESIAN_POINT('',(-3.51035866398547E-9,94.6009994644615,36.4643609875806));
#3062=CARTESIAN_POINT('',(-3.51036801792012E-9,86.5066694662476,44.3385636643918));
#3063=CARTESIAN_POINT('',(-3.51037476942506E-9,78.3759470951081,51.5573094029485));
#3064=CARTESIAN_POINT('',(-3.51037596186376E-9,70.7893139008367,57.1016219599932));
#3065=CARTESIAN_POINT('',(-3.5103727442432E-9,63.6528870033489,59.2668549339918));
#3066=CARTESIAN_POINT('',(-3.5103652533139E-9,47.5944939594172,62.4715547852119));
#3067=CARTESIAN_POINT('',(-3.51037666521276E-9,30.4496814029583,62.8076679623521));
#3068=CARTESIAN_POINT('',(-3.51036489673979E-9,10.9509771098717,62.9830115400628));
#3069=CARTESIAN_POINT('',(-3.51037067178904E-9,-101.387845396105,12.5337233431756));
#3070=CARTESIAN_POINT('',(-10.2365025560463,-101.384263147505,12.536170075108));
#3071=CARTESIAN_POINT('',(-20.2575755273627,-98.5646000340658,12.5272421171077));
#3072=CARTESIAN_POINT('',(-35.3668576839343,-92.0971006975695,12.4953429926747));
#3073=CARTESIAN_POINT('',(-46.4488313146995,-86.2665262339461,12.4701366963842));
#3074=CARTESIAN_POINT('',(-55.8560661564992,-78.1171618745315,12.5430339276903));
#3075=CARTESIAN_POINT('',(-67.849357085189,-63.8028160086081,12.7585904924565));
#3076=CARTESIAN_POINT('',(-72.7502660865986,-51.8710179663812,12.8932624806268));
#3077=CARTESIAN_POINT('',(-80.938745907434,-28.7345814329408,13.0360824036203));
#3078=CARTESIAN_POINT('',(-84.3119705723962,-17.1811582956206,13.1238153037393));
#3079=CARTESIAN_POINT('',(-86.2086680660731,7.02548393052865,12.9518124639644));
#3080=CARTESIAN_POINT('',(-84.6821153238397,19.4464885433931,12.685193812657));
#3081=CARTESIAN_POINT('',(-78.7715672118797,43.3345129824347,12.4444670026073));
#3082=CARTESIAN_POINT('',(-74.385039542505,54.9171419263164,12.4454992047779));
#3083=CARTESIAN_POINT('',(-61.83126656385,75.5111019120616,12.4128080850811));
#3084=CARTESIAN_POINT('',(-53.6718941802813,84.5095784320363,12.3948021854045));
#3085=CARTESIAN_POINT('',(-38.1645592817946,94.3859369194539,12.3900425815816));
#3086=CARTESIAN_POINT('',(-25.8450296694426,99.7696468173872,12.3956230601521));
#3087=CARTESIAN_POINT('',(-9.5891138524544,101.530739111544,12.4046274486735));
#3088=CARTESIAN_POINT('',(-3.51034579610366E-9,101.531334046929,12.4042581484744));
#3089=CARTESIAN_POINT('',(-3.51037067772169E-9,-101.420986727656,12.8214695313671));
#3090=CARTESIAN_POINT('',(-10.244037709429,-101.417359706186,12.8239703480845));
#3091=CARTESIAN_POINT('',(-20.272791346045,-98.5957676381526,12.8148064973487));
#3092=CARTESIAN_POINT('',(-35.3821779590442,-92.1326175112982,12.7835343405993));
#3093=CARTESIAN_POINT('',(-46.4591489141846,-86.3084494119632,12.7592285181637));
#3094=CARTESIAN_POINT('',(-55.8578928001118,-78.1629405525695,12.8349158988357));
#3095=CARTESIAN_POINT('',(-67.8392752239231,-63.8471416284428,13.0542418847872));
#3096=CARTESIAN_POINT('',(-72.7351018434952,-51.9071362954127,13.1888201724909));
#3097=CARTESIAN_POINT('',(-80.9161272518928,-28.7552350792468,13.332384316002));
#3098=CARTESIAN_POINT('',(-84.2847999235025,-17.1959638382468,13.420522246901));
#3099=CARTESIAN_POINT('',(-86.2050443105607,7.02109436960558,13.2496737368514));
#3100=CARTESIAN_POINT('',(-84.706564232747,19.4515294190712,12.9826891065227));
#3101=CARTESIAN_POINT('',(-78.8178230379559,43.3609371165765,12.7416087782162));
#3102=CARTESIAN_POINT('',(-74.4266054316952,54.9521691827086,12.743312990426));
#3103=CARTESIAN_POINT('',(-61.8662878721603,75.5565424348176,12.7104702564746));
#3104=CARTESIAN_POINT('',(-53.7044547507748,84.5579140984867,12.6926270122361));
#3105=CARTESIAN_POINT('',(-38.1898200757546,94.4386020258648,12.6892953412649));
#3106=CARTESIAN_POINT('',(-25.8634524983048,99.8253043184978,12.6957145573975));
#3107=CARTESIAN_POINT('',(-9.5962922573122,101.587638335266,12.7048189674338));
#3108=CARTESIAN_POINT('',(-3.51034673501587E-9,101.588237779696,12.7044465770574));
#3109=CARTESIAN_POINT('',(-3.51037073939376E-9,-101.720493568375,15.7010606867378));
#3110=CARTESIAN_POINT('',(-10.3172307828757,-101.716399742365,15.7041266223165));
#3111=CARTESIAN_POINT('',(-20.4216631404768,-98.8763013058125,15.69299105437));
#3112=CARTESIAN_POINT('',(-35.525806860841,-92.4587912473956,15.6691628122937));
#3113=CARTESIAN_POINT('',(-46.5458247541126,-86.7007968243332,15.6550031092249));
#3114=CARTESIAN_POINT('',(-55.8521174479982,-78.5959015601365,15.7601705192383));
#3115=CARTESIAN_POINT('',(-67.7052078440205,-64.2693982038114,16.0178054345329));
#3116=CARTESIAN_POINT('',(-72.5498862312488,-52.2508145154952,16.1499802213044));
#3117=CARTESIAN_POINT('',(-80.6552546304752,-28.9509020110911,16.3007440748778));
#3118=CARTESIAN_POINT('',(-83.9771830104674,-17.3372576269705,16.3929846631656));
#3119=CARTESIAN_POINT('',(-86.1323016876252,6.97691385937333,16.2374497322174));
#3120=CARTESIAN_POINT('',(-84.9165224187134,19.4987777465527,15.9703455687608));
#3121=CARTESIAN_POINT('',(-79.2479761934422,43.6170261470413,15.7289811800327));
#3122=CARTESIAN_POINT('',(-74.8092032743132,55.2909239495868,15.7378755117465));
#3123=CARTESIAN_POINT('',(-62.189453078788,75.9888861985822,15.7034034184849));
#3124=CARTESIAN_POINT('',(-54.0091201851501,85.0123887194313,15.6872887590411));
#3125=CARTESIAN_POINT('',(-38.4300753489557,94.9298451593398,15.6993412633155));
#3126=CARTESIAN_POINT('',(-26.041146476107,100.34365356817,15.7148036594316));
#3127=CARTESIAN_POINT('',(-9.66618081794678,102.117986286569,15.7249837356951));
#3128=CARTESIAN_POINT('',(-3.51035613958403E-9,102.11863437506,15.7245781414321));
#3129=CARTESIAN_POINT('',(-3.51037081745349E-9,-101.676757447776,18.5844121229676));
#3130=CARTESIAN_POINT('',(-10.3665178717938,-101.671986590279,18.5882835506282));
#3131=CARTESIAN_POINT('',(-20.5344999840079,-98.82211519447,18.579770645035));
#3132=CARTESIAN_POINT('',(-35.5666318963492,-92.4717457910145,18.5763122779108));
#3133=CARTESIAN_POINT('',(-46.4559108776071,-86.8005843592884,18.5846176129078));
#3134=CARTESIAN_POINT('',(-55.589616568942,-78.7567546958226,18.7359487425873));
#3135=CARTESIAN_POINT('',(-67.2183282365624,-64.4607076812856,19.0377050096516));
#3136=CARTESIAN_POINT('',(-72.0139125057481,-52.4026081050068,19.1527014024519));
#3137=CARTESIAN_POINT('',(-80.0381085782625,-29.0279013257085,19.3101974550236));
#3138=CARTESIAN_POINT('',(-83.3020842813567,-17.4045840720981,19.4084554125271));
#3139=CARTESIAN_POINT('',(-85.6749213043612,6.93170603685819,19.3067321339212));
#3140=CARTESIAN_POINT('',(-84.7513560215211,19.5128394317819,19.0767923616075));
#3141=CARTESIAN_POINT('',(-79.3151662577832,43.7828447149427,18.8701103224244));
#3142=CARTESIAN_POINT('',(-74.8212504187253,55.5016239211752,18.8910073483283));
#3143=CARTESIAN_POINT('',(-62.2093058032473,76.1751010174703,18.8539181718988));
#3144=CARTESIAN_POINT('',(-54.0787895505163,85.1441731364724,18.8406673317962));
#3145=CARTESIAN_POINT('',(-38.5316367936243,95.0244612918176,18.8797478560572));
#3146=CARTESIAN_POINT('',(-26.1457906146049,100.433261228128,18.9111285107834));
#3147=CARTESIAN_POINT('',(-9.71505940740217,102.214943549788,18.923119969389));
#3148=CARTESIAN_POINT('',(-3.51036530722567E-9,102.215679547987,18.9226593406946));
#3149=CARTESIAN_POINT('',(-3.51037191730329E-9,-100.242641308995,25.4299434228185));
#3150=CARTESIAN_POINT('',(-10.3622735673174,-100.236098955118,25.4352732275629));
#3151=CARTESIAN_POINT('',(-20.6380602507582,-97.4256492848013,25.4628453850329));
#3152=CARTESIAN_POINT('',(-35.2633650587617,-91.2965694819944,25.5497026825106));
#3153=CARTESIAN_POINT('',(-45.5668625696616,-85.8702322075737,25.6487719221306));
#3154=CARTESIAN_POINT('',(-53.9731264243249,-78.0331706371193,25.9081892766986));
#3155=CARTESIAN_POINT('',(-64.7928771401059,-64.0384724718607,26.2627316391851));
#3156=CARTESIAN_POINT('',(-69.6279012572063,-52.0497890261455,26.3701125841211));
#3157=CARTESIAN_POINT('',(-77.5622351706729,-28.7796123836158,26.618466512119));
#3158=CARTESIAN_POINT('',(-80.6753837760827,-17.298910269516,26.7712230290185));
#3159=CARTESIAN_POINT('',(-83.3618826887757,6.85388198842314,26.8642714330743));
#3160=CARTESIAN_POINT('',(-82.93854713429,19.4673939262188,26.7787120961236));
#3161=CARTESIAN_POINT('',(-77.8292845092602,43.8024419655413,26.741264607273));
#3162=CARTESIAN_POINT('',(-73.1615958571597,55.4472545703293,26.787703781835));
#3163=CARTESIAN_POINT('',(-60.8652582447452,75.5341576663738,26.7543581876846));
#3164=CARTESIAN_POINT('',(-53.1539992960398,84.0231435569066,26.7526828491747));
#3165=CARTESIAN_POINT('',(-38.1212946239589,93.4439207845019,26.8478279834011));
#3166=CARTESIAN_POINT('',(-26.0623561876366,98.6717960548079,26.9063543162367));
#3167=CARTESIAN_POINT('',(-9.74240138751663,100.452342442985,26.9184386617216));
#3168=CARTESIAN_POINT('',(-3.51038011699622E-9,100.453348278215,26.9180322992026));
#3169=CARTESIAN_POINT('',(-3.51037079206072E-9,-95.7968539568742,32.8626722305208));
#3170=CARTESIAN_POINT('',(-10.1261580571951,-95.7895678102626,32.8664367746242));
#3171=CARTESIAN_POINT('',(-20.4422718751906,-93.1068580928998,33.1117098986604));
#3172=CARTESIAN_POINT('',(-34.085096568401,-87.3844459408963,33.4084003923902));
#3173=CARTESIAN_POINT('',(-43.0976135835583,-82.3547087875659,33.6295028369943));
#3174=CARTESIAN_POINT('',(-50.063175392346,-75.0115737372119,33.9445913312658));
#3175=CARTESIAN_POINT('',(-59.5088866073597,-61.8408332499851,34.4462332987266));
#3176=CARTESIAN_POINT('',(-64.5979451040985,-50.1639344898423,34.8371270630028));
#3177=CARTESIAN_POINT('',(-72.5562692183008,-27.6016667779197,35.5547366616758));
#3178=CARTESIAN_POINT('',(-75.4340802415168,-16.6350881029423,35.9106274645214));
#3179=CARTESIAN_POINT('',(-78.1405286018765,6.80905286829502,36.2723153800461));
#3180=CARTESIAN_POINT('',(-77.987118831842,19.2747340968037,36.2635611428078));
#3181=CARTESIAN_POINT('',(-72.8506348346229,43.1306976718285,36.2992378626753));
#3182=CARTESIAN_POINT('',(-67.9054939755452,54.3605109269864,36.3399667338071));
#3183=CARTESIAN_POINT('',(-56.5489806171006,72.6789980587229,36.3295132434647));
#3184=CARTESIAN_POINT('',(-49.9714970012357,79.8608093338788,36.338711938799));
#3185=CARTESIAN_POINT('',(-36.4547055858346,88.0820599808942,36.4187482488791));
#3186=CARTESIAN_POINT('',(-25.3858558254665,92.8416355845118,36.459227817007));
#3187=CARTESIAN_POINT('',(-9.61922259317656,94.6000615288699,36.4645286964851));
#3188=CARTESIAN_POINT('',(-3.51038295066543E-9,94.6009994644615,36.4643609875806));
#3189=CARTESIAN_POINT('',(-3.51037148926252E-9,-89.1438491322766,38.0514215934376));
#3190=CARTESIAN_POINT('',(-9.62794271517079,-89.1378973221936,38.0528524522658));
#3191=CARTESIAN_POINT('',(-19.6744401008947,-86.5724573964524,38.5460791960602));
#3192=CARTESIAN_POINT('',(-32.0186816820168,-81.3070701862818,39.1445976959562));
#3193=CARTESIAN_POINT('',(-39.635294121528,-76.7258452138115,39.5254792494854));
#3194=CARTESIAN_POINT('',(-45.2020028054524,-70.0202714958821,39.9951845641039));
#3195=CARTESIAN_POINT('',(-53.2800222859653,-57.8413477207977,40.8697581648799));
#3196=CARTESIAN_POINT('',(-58.4851268179831,-46.740504410141,41.6521717950995));
#3197=CARTESIAN_POINT('',(-66.3385952836812,-25.527569123254,42.9763959782853));
#3198=CARTESIAN_POINT('',(-68.977136400164,-15.3599047723392,43.545667415815));
#3199=CARTESIAN_POINT('',(-71.4273027580995,6.780252421405,44.1326808738855));
#3200=CARTESIAN_POINT('',(-71.2668718027615,18.7562674369677,44.1380111255011));
#3201=CARTESIAN_POINT('',(-65.9963766560753,41.442037105402,44.1746871529125));
#3202=CARTESIAN_POINT('',(-60.9308357563268,51.9668958402179,44.207425438602));
#3203=CARTESIAN_POINT('',(-50.797970008064,68.0425996399754,44.211676836148));
#3204=CARTESIAN_POINT('',(-45.5055592500579,73.7454199600962,44.2291201361891));
#3205=CARTESIAN_POINT('',(-33.8587890520149,80.6060063843917,44.2946677209313));
#3206=CARTESIAN_POINT('',(-24.0442621062074,84.8122694901473,44.3307116745821));
#3207=CARTESIAN_POINT('',(-9.23381604556376,86.5059263154413,44.3386243507602));
#3208=CARTESIAN_POINT('',(-3.51037359673078E-9,86.5066694662476,44.3385636643918));
#3209=CARTESIAN_POINT('',(-3.51037046452719E-9,-81.4816298584567,42.923466295609));
#3210=CARTESIAN_POINT('',(-8.92658533306189,-81.4787070064215,42.9232694203376));
#3211=CARTESIAN_POINT('',(-18.399521081864,-79.0495186327651,43.5656176851099));
#3212=CARTESIAN_POINT('',(-29.3819350793504,-74.228103853439,44.4597081882363));
#3213=CARTESIAN_POINT('',(-35.7988758041279,-70.1236602254236,45.0616951550792));
#3214=CARTESIAN_POINT('',(-40.3591183632307,-64.0776717071071,45.7212862750382));
#3215=CARTESIAN_POINT('',(-47.3100263234845,-52.9433447710249,46.9808472686594));
#3216=CARTESIAN_POINT('',(-52.35113732755,-42.6125188862569,48.1293235742807));
#3217=CARTESIAN_POINT('',(-59.8172754787008,-23.0405573314556,49.9602563066285));
#3218=CARTESIAN_POINT('',(-62.2380578034067,-13.7567941740389,50.6487083417081));
#3219=CARTESIAN_POINT('',(-64.4763529807937,6.73160443771635,51.345073650972));
#3220=CARTESIAN_POINT('',(-64.3225897558984,17.9460083620111,51.3527437954049));
#3221=CARTESIAN_POINT('',(-59.1696238662494,39.0339768484559,51.3849072928531));
#3222=CARTESIAN_POINT('',(-54.224901846843,48.7196905845363,51.4028081770566));
#3223=CARTESIAN_POINT('',(-45.2362739645721,62.7617361086673,51.4313546195882));
#3224=CARTESIAN_POINT('',(-40.9403484937078,67.3015635808911,51.4681096291647));
#3225=CARTESIAN_POINT('',(-30.9407352467499,73.0605907237528,51.5098488286276));
#3226=CARTESIAN_POINT('',(-22.2955952363527,76.776310867713,51.5438941091917));
#3227=CARTESIAN_POINT('',(-8.6437240128812,78.3756704005969,51.557026654578));
#3228=CARTESIAN_POINT('',(-3.51036684522584E-9,78.3759470951081,51.5573094029485));
#3229=CARTESIAN_POINT('',(-3.51037065382103E-9,-72.7650057414256,46.6865889413292));
#3230=CARTESIAN_POINT('',(-7.92229843590817,-72.7648021546542,46.686713565911));
#3231=CARTESIAN_POINT('',(-16.3506275204319,-70.5444743787808,47.2704915214836));
#3232=CARTESIAN_POINT('',(-26.0306895779214,-66.1250567822339,48.3731778116918));
#3233=CARTESIAN_POINT('',(-31.6097887075082,-62.4035479171279,49.294489292027));
#3234=CARTESIAN_POINT('',(-35.7901773075547,-56.9666108782445,50.3624055125217));
#3235=CARTESIAN_POINT('',(-42.1750920109903,-46.8831616464842,52.0930918023289));
#3236=CARTESIAN_POINT('',(-46.6099303203875,-37.610391730216,53.5067355148135));
#3237=CARTESIAN_POINT('',(-53.2760835680725,-20.0458571579229,55.5809776585316));
#3238=CARTESIAN_POINT('',(-55.5267366687074,-11.7188212641844,56.2199091327862));
#3239=CARTESIAN_POINT('',(-57.6276325518132,6.65604407891117,56.8559184235929));
#3240=CARTESIAN_POINT('',(-57.4789980593987,16.6909850163363,56.8638871539055));
#3241=CARTESIAN_POINT('',(-52.879948423678,35.5101066752615,56.8835281568867));
#3242=CARTESIAN_POINT('',(-48.485334640668,44.1844490293113,56.8827991675137));
#3243=CARTESIAN_POINT('',(-40.3832450311529,56.7553642762784,56.9214234777824));
#3244=CARTESIAN_POINT('',(-36.5488470279928,60.7526484064866,56.9536152138324));
#3245=CARTESIAN_POINT('',(-27.6643573773104,65.9574247932073,57.0047513068294));
#3246=CARTESIAN_POINT('',(-19.9620918953187,69.3258942855067,57.0663026485006));
#3247=CARTESIAN_POINT('',(-7.74103369966856,70.7901272516619,57.1010526225726));
#3248=CARTESIAN_POINT('',(-3.51036565278714E-9,70.7893139008367,57.1016219599932));
#3249=CARTESIAN_POINT('',(-3.51036942736463E-9,-63.509315473282,49.1617672785728));
#3250=CARTESIAN_POINT('',(-6.790642812411,-63.5091109297989,49.1617663387454));
#3251=CARTESIAN_POINT('',(-13.8526576982953,-61.5993239351774,49.5300154397822));
#3252=CARTESIAN_POINT('',(-22.4851583950492,-57.5560070257127,50.5995013633365));
#3253=CARTESIAN_POINT('',(-27.8216499806513,-54.0301096044056,51.6323796694485));
#3254=CARTESIAN_POINT('',(-31.9209644480468,-49.0072934897586,52.9365782270423));
#3255=CARTESIAN_POINT('',(-37.8674550838277,-39.9712944963033,54.9242614455655));
#3256=CARTESIAN_POINT('',(-41.3857827785479,-31.9740598520476,56.3061706680946));
#3257=CARTESIAN_POINT('',(-46.943928854787,-16.6264819867788,58.1129348989797));
#3258=CARTESIAN_POINT('',(-49.0024320564015,-9.27671879698682,58.5237833535294));
#3259=CARTESIAN_POINT('',(-50.9247658364427,6.57942234959468,58.9338441301352));
#3260=CARTESIAN_POINT('',(-50.7958944297627,15.0952118147003,58.9363212043635));
#3261=CARTESIAN_POINT('',(-47.118118723627,31.1674674942864,58.9402071317602));
#3262=CARTESIAN_POINT('',(-43.5834289506144,38.690561285474,58.9412055302988));
#3263=CARTESIAN_POINT('',(-36.2471961271191,50.2739012891523,58.9505971285652));
#3264=CARTESIAN_POINT('',(-32.4263675932066,54.3642189732235,58.9552689675344));
#3265=CARTESIAN_POINT('',(-24.1395265313855,59.3556929099453,59.065276061168));
#3266=CARTESIAN_POINT('',(-17.1665317393362,62.4096086200141,59.1876252275223));
#3267=CARTESIAN_POINT('',(-6.59256977373495,63.6535172943291,59.2667761290996));
#3268=CARTESIAN_POINT('',(-3.51036887040771E-9,63.6528870033489,59.2668549339918));
#3269=CARTESIAN_POINT('',(-3.51036785913759E-9,-43.0537025156039,55.246371238643));
#3270=CARTESIAN_POINT('',(-4.51798342446076,-43.0535509542204,55.2449031660671));
#3271=CARTESIAN_POINT('',(-8.93238459188176,-41.8127950472537,55.2715605514024));
#3272=CARTESIAN_POINT('',(-15.2048167978467,-38.7215993555732,56.0882861943595));
#3273=CARTESIAN_POINT('',(-19.687712815152,-35.850724792539,57.0614357444559));
#3274=CARTESIAN_POINT('',(-23.3349053811266,-31.9354152039993,58.3155202060267));
#3275=CARTESIAN_POINT('',(-27.9264681220396,-25.2921713293532,60.0712755995068));
#3276=CARTESIAN_POINT('',(-29.6789183181921,-19.9305881273836,61.0501323433428));
#3277=CARTESIAN_POINT('',(-33.1125684528107,-9.36602083244734,62.0534030050546));
#3278=CARTESIAN_POINT('',(-34.7581913109217,-4.20485703720437,62.0736227848755));
#3279=CARTESIAN_POINT('',(-36.3153841149245,6.40621382677021,62.095314518651));
#3280=CARTESIAN_POINT('',(-36.2368654234257,11.9043668230044,62.0947515637555));
#3281=CARTESIAN_POINT('',(-34.1870630867542,22.4964809880388,62.0944546897508));
#3282=CARTESIAN_POINT('',(-32.2110676586677,27.599381849455,62.0947200184311));
#3283=CARTESIAN_POINT('',(-26.7487851588895,36.5344704422122,62.093057088389));
#3284=CARTESIAN_POINT('',(-23.2754329634388,40.3517192033276,62.0920051447733));
#3285=CARTESIAN_POINT('',(-16.6823189946275,44.5205067542546,62.2221416154465));
#3286=CARTESIAN_POINT('',(-11.4308232065162,46.8104394723607,62.3702481736069));
#3287=CARTESIAN_POINT('',(-4.27767067382924,47.5945887782583,62.4716204018155));
#3288=CARTESIAN_POINT('',(-3.510376361337E-9,47.5944939594172,62.4715547852119));
#3289=CARTESIAN_POINT('',(-3.51038114731704E-9,-22.796234348148,62.6287674253942));
#3290=CARTESIAN_POINT('',(-2.65893324859547,-22.7963371181604,62.6281934029703));
#3291=CARTESIAN_POINT('',(-5.21751623975257,-22.0731816423175,62.6304805591232));
#3292=CARTESIAN_POINT('',(-8.8586736708206,-20.2538992537593,62.7482499061827));
#3293=CARTESIAN_POINT('',(-11.5080721693004,-18.5486058556103,62.8905820208995));
#3294=CARTESIAN_POINT('',(-13.6985976090538,-16.2112437508511,63.0096459264644));
#3295=CARTESIAN_POINT('',(-16.45446070111,-12.2444922444358,63.0620961280901));
#3296=CARTESIAN_POINT('',(-17.4357206471906,-9.09269106536175,62.9078677383106));
#3297=CARTESIAN_POINT('',(-19.3980090162875,-2.92571049839835,62.7474816454847));
#3298=CARTESIAN_POINT('',(-20.3746286121759,0.0862952826738843,62.7509531691619));
#3299=CARTESIAN_POINT('',(-21.3020494941207,6.26443111390878,62.7528663117325));
#3300=CARTESIAN_POINT('',(-21.2573519705935,9.46095826472012,62.7531006187854));
#3301=CARTESIAN_POINT('',(-20.0789763915394,15.639438406807,62.7532290894751));
#3302=CARTESIAN_POINT('',(-18.9461681038957,18.6200569886035,62.7532332723785));
#3303=CARTESIAN_POINT('',(-15.732426316258,23.8864317945949,62.7537246471249));
#3304=CARTESIAN_POINT('',(-13.6556158527896,26.167108781329,62.7540245459085));
#3305=CARTESIAN_POINT('',(-9.76462707993712,28.6405441073312,62.7725662817901));
#3306=CARTESIAN_POINT('',(-6.67331874340176,29.9919732516638,62.7934971008589));
#3307=CARTESIAN_POINT('',(-2.4910952390109,30.4498244092654,62.8076645381252));
#3308=CARTESIAN_POINT('',(-3.51036494943814E-9,30.4496814029583,62.8076679623521));
#3309=CARTESIAN_POINT('',(-3.51035775582159E-9,0.356354583667104,63.0627758879948));
#3310=CARTESIAN_POINT('',(-0.518932406937254,0.356311482394405,63.0626684914541));
#3311=CARTESIAN_POINT('',(-1.01940798233026,0.499129423023376,63.0627974934818));
#3312=CARTESIAN_POINT('',(-1.73234814803748,0.859063276945494,63.0758491752451));
#3313=CARTESIAN_POINT('',(-2.27194620472631,1.20216537955391,63.0919935742091));
#3314=CARTESIAN_POINT('',(-2.7600707551559,1.69672756404999,63.0975859569862));
#3315=CARTESIAN_POINT('',(-3.42272182405736,2.56961570042475,63.0712528342665));
#3316=CARTESIAN_POINT('',(-3.60680729298147,3.21228175764932,63.0192065633083));
#3317=CARTESIAN_POINT('',(-3.90260112865143,4.29933115838886,62.9774882532854));
#3318=CARTESIAN_POINT('',(-4.09251309115177,4.85839638150266,62.9763110498561));
#3319=CARTESIAN_POINT('',(-4.27889524350766,6.09713789015308,62.9769642811416));
#3320=CARTESIAN_POINT('',(-4.26980149959609,6.73786378852368,62.9768963830749));
#3321=CARTESIAN_POINT('',(-4.0332648695192,7.97696971156279,62.9769784348839));
#3322=CARTESIAN_POINT('',(-3.80615301506004,8.57464488267415,62.9769659316389));
#3323=CARTESIAN_POINT('',(-3.16034957047539,9.63155604787383,62.977120674865));
#3324=CARTESIAN_POINT('',(-2.74224878493053,10.0900195830752,62.9772118249823));
#3325=CARTESIAN_POINT('',(-1.95958482227788,10.5873299644393,62.9792383847159));
#3326=CARTESIAN_POINT('',(-1.33762794594297,10.8591399505924,62.9815006839408));
#3327=CARTESIAN_POINT('',(-0.498795855082747,10.9510116298012,62.9830095429618));
#3328=CARTESIAN_POINT('',(-3.51037671791111E-9,10.9509771098718,62.9830115400628));
#3329=CARTESIAN_POINT('',(-38.2079105027415,-22.0557326731276,54.4859474779921));
#3330=CARTESIAN_POINT('',(-38.2562247174336,-21.7277605573646,53.4633405017101));
#3331=CARTESIAN_POINT('',(-39.3150091438688,-21.9135279411469,53.4537843535183));
#3332=CARTESIAN_POINT('',(-40.373793570304,-22.0992953249293,53.4442282053264));
#3333=CARTESIAN_POINT('',(-40.3254793556119,-22.4272674406923,54.4668351816084));
#3334=CARTESIAN_POINT('',(-41.95588015704,-1.10154362005929,61.3834849405428));
#3335=CARTESIAN_POINT('',(-42.0041943717322,-0.773571504296248,60.3608779642608));
#3336=CARTESIAN_POINT('',(-43.0629787981674,-0.959338888078575,60.3513218160689));
#3337=CARTESIAN_POINT('',(-44.1217632246026,-1.14510627186099,60.341765667877));
#3338=CARTESIAN_POINT('',(-44.0734490099105,-1.47307838762396,61.3643726441591));
#3339=CARTESIAN_POINT('',(-40.325479355612,-22.4272674406923,54.4668351816084));
#3340=CARTESIAN_POINT('',(-40.2771651409198,-22.7552395564553,55.4894421578904));
#3341=CARTESIAN_POINT('',(-39.2183807144846,-22.569472172673,55.4989983060822));
#3342=CARTESIAN_POINT('',(-38.1595962880494,-22.3837047888906,55.5085544542741));
#3343=CARTESIAN_POINT('',(-38.2079105027414,-22.0557326731277,54.4859474779921));
#3344=CARTESIAN_POINT('',(-44.0734490099105,-1.47307838762396,61.3643726441591));
#3345=CARTESIAN_POINT('',(-44.0251347952184,-1.801050503387,62.3869796204411));
#3346=CARTESIAN_POINT('',(-42.9663503687832,-1.61528311960464,62.3965357686329));
#3347=CARTESIAN_POINT('',(-41.9075659423479,-1.42951573582231,62.4060919168248));
#3348=CARTESIAN_POINT('',(-41.95588015704,-1.10154362005933,61.3834849405428));
#3349=CARTESIAN_POINT('',(6.09259427197806E-6,108.961705146218,12.3242972255232));
#3350=CARTESIAN_POINT('',(2.2835940411787,108.961708256423,12.3242972255232));
#3351=CARTESIAN_POINT('',(6.72403426193977,108.869291312561,12.3242972255232));
#3352=CARTESIAN_POINT('',(13.2000536595014,108.411834500814,12.3242972255232));
#3353=CARTESIAN_POINT('',(19.3189785883525,107.629813710788,12.3242972255232));
#3354=CARTESIAN_POINT('',(25.3548054993062,106.465745456922,12.3242972255232));
#3355=CARTESIAN_POINT('',(31.0715835985477,104.91611325419,12.3242972255232));
#3356=CARTESIAN_POINT('',(36.0333434749337,103.133235277741,12.3242972255232));
#3357=CARTESIAN_POINT('',(40.517322496675,101.17170484268,12.3242972255232));
#3358=CARTESIAN_POINT('',(44.7258012110871,98.9830750940556,12.3242972255232));
#3359=CARTESIAN_POINT('',(48.9505011001501,96.3722898836046,12.3242972255232));
#3360=CARTESIAN_POINT('',(52.8053588367869,93.621255620998,12.3242972255232));
#3361=CARTESIAN_POINT('',(56.3727144513084,90.7336092274411,12.3242972255232));
#3362=CARTESIAN_POINT('',(60.8867103696366,86.6239260161358,12.3242972255232));
#3363=CARTESIAN_POINT('',(66.0836835539336,81.0365708071346,12.3242972255232));
#3364=CARTESIAN_POINT('',(70.6879724534068,74.956508033304,12.3242972255232));
#3365=CARTESIAN_POINT('',(73.8539336145321,70.1085974909759,12.3242972255232));
#3366=CARTESIAN_POINT('',(76.0394824608899,66.4474514180914,12.3242972255232));
#3367=CARTESIAN_POINT('',(78.8074536404605,61.3738599507417,12.3242972255232));
#3368=CARTESIAN_POINT('',(82.0313335857612,54.490867568301,12.3242972255232));
#3369=CARTESIAN_POINT('',(85.2817728273213,45.9815562096638,12.3242972255232));
#3370=CARTESIAN_POINT('',(87.516728528487,38.7401870897735,12.3242972255232));
#3371=CARTESIAN_POINT('',(89.0397375916004,32.9041473241808,12.3242972255232));
#3372=CARTESIAN_POINT('',(90.3986065720034,27.0372855684369,12.3242972255232));
#3373=CARTESIAN_POINT('',(91.6662550899066,20.1927682354862,12.3242972255232));
#3374=CARTESIAN_POINT('',(92.7100658930751,11.7012555912706,12.3242972255232));
#3375=CARTESIAN_POINT('',(93.0938650973642,4.62077539647841,12.3242972255232));
#3376=CARTESIAN_POINT('',(93.0259878466453,-1.58108338176727,12.3242972255232));
#3377=CARTESIAN_POINT('',(92.7572845748683,-6.2399265449368,12.3242972255232));
#3378=CARTESIAN_POINT('',(92.2626661327034,-10.8603783936821,12.3242972255232));
#3379=CARTESIAN_POINT('',(91.5679844422807,-15.4125970582169,12.3242972255232));
#3380=CARTESIAN_POINT('',(90.6966214815165,-19.8895184130666,12.3242972255232));
#3381=CARTESIAN_POINT('',(89.3396141200269,-25.7238994360035,12.3242972255232));
#3382=CARTESIAN_POINT('',(87.329725726869,-32.8215155096982,12.3242972255232));
#3383=CARTESIAN_POINT('',(85.249372512565,-39.070705388796,12.3242972255232));
#3384=CARTESIAN_POINT('',(83.7999668896408,-43.1782635640028,12.3242972255232));
#3385=CARTESIAN_POINT('',(82.8045911432584,-45.9429343955564,12.3242972255232));
#3386=CARTESIAN_POINT('',(81.497129538938,-49.4366644449034,12.3242972255232));
#3387=CARTESIAN_POINT('',(79.8154633295047,-53.6401755257292,12.3242972255232));
#3388=CARTESIAN_POINT('',(77.9879949881482,-57.8518116655956,12.3242972255232));
#3389=CARTESIAN_POINT('',(75.98145823717,-62.0600169106279,12.3242972255232));
#3390=CARTESIAN_POINT('',(73.7600212132231,-66.2497802689519,12.3242972255232));
#3391=CARTESIAN_POINT('',(71.2831669069454,-70.397496810918,12.3242972255232));
#3392=CARTESIAN_POINT('',(68.5184539368578,-74.4637743806718,12.3242972255232));
#3393=CARTESIAN_POINT('',(65.4555359080412,-78.3693263741553,12.3242972255232));
#3394=CARTESIAN_POINT('',(62.1103260018438,-82.0329424212755,12.3242972255232));
#3395=CARTESIAN_POINT('',(58.5522868804446,-85.420514523456,12.3242972255232));
#3396=CARTESIAN_POINT('',(54.8216435636768,-88.5365475257643,12.3242972255232));
#3397=CARTESIAN_POINT('',(50.949586444169,-91.3949330635463,12.3242972255232));
#3398=CARTESIAN_POINT('',(46.9643997318835,-94.0108260995456,12.3242972255232));
#3399=CARTESIAN_POINT('',(42.8923784605424,-96.3986065287397,12.3242972255232));
#3400=CARTESIAN_POINT('',(38.7583244269802,-98.5729095814128,12.3242972255232));
#3401=CARTESIAN_POINT('',(34.7107418017495,-100.487409137209,12.3242972255232));
#3402=CARTESIAN_POINT('',(30.8627170287116,-102.138359879922,12.3242972255232));
#3403=CARTESIAN_POINT('',(27.2005266151245,-103.567230688343,12.3242972255232));
#3404=CARTESIAN_POINT('',(23.5665061282017,-104.835263708982,12.3242972255232));
#3405=CARTESIAN_POINT('',(19.8422717728808,-105.971724971973,12.3242972255232));
#3406=CARTESIAN_POINT('',(16.0298492514282,-106.954055212674,12.3242972255232));
#3407=CARTESIAN_POINT('',(12.1327958162632,-107.761038025397,12.3242972255232));
#3408=CARTESIAN_POINT('',(8.15482957271267,-108.368503547129,12.3242972255232));
#3409=CARTESIAN_POINT('',(4.10178953234956,-108.752642325592,12.3242972255232));
#3410=CARTESIAN_POINT('',(1.37290977168801,-108.842161474643,12.3242972255232));
#3411=CARTESIAN_POINT('',(-3.51037080732545E-9,-108.842161474643,12.3242972255232));
#3412=CARTESIAN_POINT('',(6.0925942741985E-6,108.961705146218,-10.3757027744768));
#3413=CARTESIAN_POINT('',(2.28359404117871,108.961708256423,-10.3757027744768));
#3414=CARTESIAN_POINT('',(6.72403426193977,108.869291312561,-10.3757027744768));
#3415=CARTESIAN_POINT('',(13.2000536595014,108.411834500814,-10.3757027744768));
#3416=CARTESIAN_POINT('',(19.3189785883525,107.629813710788,-10.3757027744768));
#3417=CARTESIAN_POINT('',(25.3548054993062,106.465745456922,-10.3757027744768));
#3418=CARTESIAN_POINT('',(31.0715835985477,104.91611325419,-10.3757027744768));
#3419=CARTESIAN_POINT('',(36.0333434749337,103.133235277741,-10.3757027744768));
#3420=CARTESIAN_POINT('',(40.517322496675,101.17170484268,-10.3757027744768));
#3421=CARTESIAN_POINT('',(44.7258012110871,98.9830750940556,-10.3757027744768));
#3422=CARTESIAN_POINT('',(48.9505011001501,96.3722898836046,-10.3757027744768));
#3423=CARTESIAN_POINT('',(52.8053588367869,93.621255620998,-10.3757027744768));
#3424=CARTESIAN_POINT('',(56.3727144513084,90.7336092274411,-10.3757027744768));
#3425=CARTESIAN_POINT('',(60.8867103696366,86.6239260161358,-10.3757027744768));
#3426=CARTESIAN_POINT('',(66.0836835539336,81.0365708071346,-10.3757027744768));
#3427=CARTESIAN_POINT('',(70.6879724534068,74.956508033304,-10.3757027744768));
#3428=CARTESIAN_POINT('',(73.8539336145321,70.1085974909759,-10.3757027744768));
#3429=CARTESIAN_POINT('',(76.0394824608899,66.4474514180914,-10.3757027744768));
#3430=CARTESIAN_POINT('',(78.8074536404605,61.3738599507417,-10.3757027744768));
#3431=CARTESIAN_POINT('',(82.0313335857612,54.490867568301,-10.3757027744768));
#3432=CARTESIAN_POINT('',(85.2817728273213,45.9815562096638,-10.3757027744768));
#3433=CARTESIAN_POINT('',(87.516728528487,38.7401870897735,-10.3757027744768));
#3434=CARTESIAN_POINT('',(89.0397375916004,32.9041473241808,-10.3757027744768));
#3435=CARTESIAN_POINT('',(90.3986065720034,27.0372855684369,-10.3757027744768));
#3436=CARTESIAN_POINT('',(91.6662550899066,20.1927682354862,-10.3757027744768));
#3437=CARTESIAN_POINT('',(92.7100658930751,11.7012555912706,-10.3757027744768));
#3438=CARTESIAN_POINT('',(93.0938650973642,4.62077539647841,-10.3757027744768));
#3439=CARTESIAN_POINT('',(93.0259878466453,-1.58108338176727,-10.3757027744768));
#3440=CARTESIAN_POINT('',(92.7572845748683,-6.2399265449368,-10.3757027744768));
#3441=CARTESIAN_POINT('',(92.2626661327034,-10.8603783936821,-10.3757027744768));
#3442=CARTESIAN_POINT('',(91.5679844422807,-15.4125970582169,-10.3757027744768));
#3443=CARTESIAN_POINT('',(90.6966214815165,-19.8895184130666,-10.3757027744768));
#3444=CARTESIAN_POINT('',(89.3396141200269,-25.7238994360035,-10.3757027744768));
#3445=CARTESIAN_POINT('',(87.329725726869,-32.8215155096982,-10.3757027744768));
#3446=CARTESIAN_POINT('',(85.249372512565,-39.070705388796,-10.3757027744768));
#3447=CARTESIAN_POINT('',(83.7999668896408,-43.1782635640028,-10.3757027744768));
#3448=CARTESIAN_POINT('',(82.8045911432584,-45.9429343955564,-10.3757027744768));
#3449=CARTESIAN_POINT('',(81.497129538938,-49.4366644449034,-10.3757027744768));
#3450=CARTESIAN_POINT('',(79.8154633295047,-53.6401755257292,-10.3757027744768));
#3451=CARTESIAN_POINT('',(77.9879949881482,-57.8518116655956,-10.3757027744768));
#3452=CARTESIAN_POINT('',(75.98145823717,-62.0600169106279,-10.3757027744768));
#3453=CARTESIAN_POINT('',(73.7600212132231,-66.2497802689519,-10.3757027744768));
#3454=CARTESIAN_POINT('',(71.2831669069454,-70.397496810918,-10.3757027744768));
#3455=CARTESIAN_POINT('',(68.5184539368578,-74.4637743806718,-10.3757027744768));
#3456=CARTESIAN_POINT('',(65.4555359080412,-78.3693263741553,-10.3757027744768));
#3457=CARTESIAN_POINT('',(62.1103260018438,-82.0329424212755,-10.3757027744768));
#3458=CARTESIAN_POINT('',(58.5522868804446,-85.420514523456,-10.3757027744768));
#3459=CARTESIAN_POINT('',(54.8216435636768,-88.5365475257643,-10.3757027744768));
#3460=CARTESIAN_POINT('',(50.949586444169,-91.3949330635463,-10.3757027744768));
#3461=CARTESIAN_POINT('',(46.9643997318835,-94.0108260995456,-10.3757027744768));
#3462=CARTESIAN_POINT('',(42.8923784605424,-96.3986065287397,-10.3757027744768));
#3463=CARTESIAN_POINT('',(38.7583244269802,-98.5729095814128,-10.3757027744768));
#3464=CARTESIAN_POINT('',(34.7107418017495,-100.487409137209,-10.3757027744768));
#3465=CARTESIAN_POINT('',(30.8627170287116,-102.138359879922,-10.3757027744768));
#3466=CARTESIAN_POINT('',(27.2005266151245,-103.567230688343,-10.3757027744768));
#3467=CARTESIAN_POINT('',(23.5665061282017,-104.835263708982,-10.3757027744768));
#3468=CARTESIAN_POINT('',(19.8422717728808,-105.971724971973,-10.3757027744768));
#3469=CARTESIAN_POINT('',(16.0298492514282,-106.954055212674,-10.3757027744768));
#3470=CARTESIAN_POINT('',(12.1327958162632,-107.761038025397,-10.3757027744768));
#3471=CARTESIAN_POINT('',(8.15482957271267,-108.368503547129,-10.3757027744768));
#3472=CARTESIAN_POINT('',(4.10178953234956,-108.752642325592,-10.3757027744768));
#3473=CARTESIAN_POINT('',(1.37290977168802,-108.842161474643,-10.3757027744768));
#3474=CARTESIAN_POINT('',(-3.51036875341286E-9,-108.842161474643,-10.3757027744768));
#3475=CARTESIAN_POINT('',(3.94558971250625E-6,112.034855942227,14.3242972255232));
#3476=CARTESIAN_POINT('',(3.94558971783532E-6,112.034855942227,-7.67570277447682));
#3477=CARTESIAN_POINT('',(2.03520455616023,112.034848433546,14.3242972255232));
#3478=CARTESIAN_POINT('',(2.03520455616024,112.034848433546,-7.67570277447682));
#3479=CARTESIAN_POINT('',(6.13483767665011,111.960526859288,14.3242972255232));
#3480=CARTESIAN_POINT('',(6.13483767665011,111.960526859288,-7.67570277447681));
#3481=CARTESIAN_POINT('',(12.3198932180868,111.577473103689,14.3242972255232));
#3482=CARTESIAN_POINT('',(12.3198932180868,111.577473103689,-7.67570277447681));
#3483=CARTESIAN_POINT('',(18.5741313133225,110.860496289705,14.3242972255232));
#3484=CARTESIAN_POINT('',(18.5741313133225,110.860496289705,-7.67570277447681));
#3485=CARTESIAN_POINT('',(24.6602256957594,109.772263666655,14.3242972255232));
#3486=CARTESIAN_POINT('',(24.6602256957594,109.772263666655,-7.67570277447681));
#3487=CARTESIAN_POINT('',(30.3678536091123,108.333494453428,14.3242972255232));
#3488=CARTESIAN_POINT('',(30.3678536091123,108.333494453428,-7.67570277447681));
#3489=CARTESIAN_POINT('',(35.6439792962333,106.597033663908,14.3242972255232));
#3490=CARTESIAN_POINT('',(35.6439792962333,106.597033663908,-7.67570277447681));
#3491=CARTESIAN_POINT('',(40.6533009674472,104.53419961425,14.3242972255232));
#3492=CARTESIAN_POINT('',(40.6533009674473,104.53419961425,-7.67570277447681));
#3493=CARTESIAN_POINT('',(44.7013821603259,102.496072028034,14.3242972255232));
#3494=CARTESIAN_POINT('',(44.701382160326,102.496072028034,-7.67570277447681));
#3495=CARTESIAN_POINT('',(47.8207195286735,100.697288899336,14.3242972255232));
#3496=CARTESIAN_POINT('',(47.8207195286735,100.697288899336,-7.6757027744768));
#3497=CARTESIAN_POINT('',(50.655737751873,98.9188036752071,14.3242972255232));
#3498=CARTESIAN_POINT('',(50.655737751873,98.9188036752071,-7.6757027744768));
#3499=CARTESIAN_POINT('',(55.1845122463862,95.762614591006,14.3242972255232));
#3500=CARTESIAN_POINT('',(55.1845122463862,95.762614591006,-7.6757027744768));
#3501=CARTESIAN_POINT('',(61.0890313304847,90.8094883709103,14.3242972255232));
#3502=CARTESIAN_POINT('',(61.0890313304847,90.8094883709103,-7.6757027744768));
#3503=CARTESIAN_POINT('',(67.4284631355416,84.1888550855591,14.3242972255232));
#3504=CARTESIAN_POINT('',(67.4284631355416,84.1888550855591,-7.6757027744768));
#3505=CARTESIAN_POINT('',(73.3567317642707,76.6249145212148,14.3242972255232));
#3506=CARTESIAN_POINT('',(73.3567317642707,76.6249145212148,-7.6757027744768));
#3507=CARTESIAN_POINT('',(78.5123935765328,68.5173841646751,14.3242972255232));
#3508=CARTESIAN_POINT('',(78.5123935765328,68.5173841646751,-7.67570277447679));
#3509=CARTESIAN_POINT('',(82.9172166265813,59.9789618690849,14.3242972255232));
#3510=CARTESIAN_POINT('',(82.9172166265813,59.9789618690849,-7.67570277447679));
#3511=CARTESIAN_POINT('',(86.4521116879739,51.6195305299405,14.3242972255232));
#3512=CARTESIAN_POINT('',(86.4521116879739,51.6195305299405,-7.67570277447679));
#3513=CARTESIAN_POINT('',(89.3781726237995,43.1046435847276,14.3242972255232));
#3514=CARTESIAN_POINT('',(89.3781726237995,43.1046435847276,-7.67570277447679));
#3515=CARTESIAN_POINT('',(91.7504454065834,34.4713858827359,14.3242972255232));
#3516=CARTESIAN_POINT('',(91.7504454065834,34.4713858827359,-7.67570277447679));
#3517=CARTESIAN_POINT('',(93.6269408566833,25.7019987680229,14.3242972255232));
#3518=CARTESIAN_POINT('',(93.6269408566833,25.7019987680229,-7.67570277447679));
#3519=CARTESIAN_POINT('',(94.8020460741934,17.856118390116,14.3242972255232));
#3520=CARTESIAN_POINT('',(94.8020460741934,17.856118390116,-7.67570277447679));
#3521=CARTESIAN_POINT('',(95.4028526033064,11.4014135508829,14.3242972255232));
#3522=CARTESIAN_POINT('',(95.4028526033064,11.4014135508829,-7.67570277447679));
#3523=CARTESIAN_POINT('',(95.7361522539597,4.8790590608475,14.3242972255232));
#3524=CARTESIAN_POINT('',(95.7361522539597,4.8790590608475,-7.67570277447679));
#3525=CARTESIAN_POINT('',(95.6972762221784,-0.48413632726341,14.3242972255232));
#3526=CARTESIAN_POINT('',(95.6972762221784,-0.48413632726341,-7.67570277447679));
#3527=CARTESIAN_POINT('',(95.4134425064294,-5.07549682498843,14.3242972255232));
#3528=CARTESIAN_POINT('',(95.4134425064294,-5.07549682498843,-7.67570277447678));
#3529=CARTESIAN_POINT('',(95.155948391841,-8.11971590219964,14.3242972255232));
#3530=CARTESIAN_POINT('',(95.155948391841,-8.11971590219964,-7.67570277447678));
#3531=CARTESIAN_POINT('',(94.5377891166895,-13.3709680355908,14.3242972255232));
#3532=CARTESIAN_POINT('',(94.5377891166896,-13.3709680355908,-7.67570277447678));
#3533=CARTESIAN_POINT('',(93.2115263327763,-20.7302808900536,14.3242972255232));
#3534=CARTESIAN_POINT('',(93.2115263327763,-20.7302808900536,-7.67570277447678));
#3535=CARTESIAN_POINT('',(91.0567567475665,-29.3184797016456,14.3242972255232));
#3536=CARTESIAN_POINT('',(91.0567567475665,-29.3184797016456,-7.67570277447678));
#3537=CARTESIAN_POINT('',(88.9226157843313,-36.2800164238189,14.3242972255232));
#3538=CARTESIAN_POINT('',(88.9226157843313,-36.2800164238189,-7.67570277447678));
#3539=CARTESIAN_POINT('',(87.3175009171599,-41.0522747547482,14.3242972255232));
#3540=CARTESIAN_POINT('',(87.3175009171599,-41.0522747547482,-7.67570277447678));
#3541=CARTESIAN_POINT('',(86.375658342701,-43.7566282753881,14.3242972255232));
#3542=CARTESIAN_POINT('',(86.375658342701,-43.7566282753881,-7.67570277447678));
#3543=CARTESIAN_POINT('',(84.9034105707208,-47.9046972295445,14.3242972255232));
#3544=CARTESIAN_POINT('',(84.9034105707208,-47.9046972295445,-7.67570277447678));
#3545=CARTESIAN_POINT('',(83.069263179757,-52.7802969306045,14.3242972255232));
#3546=CARTESIAN_POINT('',(83.069263179757,-52.7802969306045,-7.67570277447678));
#3547=CARTESIAN_POINT('',(80.7272662827367,-58.3225211594845,14.3242972255232));
#3548=CARTESIAN_POINT('',(80.7272662827367,-58.3225211594845,-7.67570277447678));
#3549=CARTESIAN_POINT('',(78.7924628909157,-62.507860873811,14.3242972255232));
#3550=CARTESIAN_POINT('',(78.7924628909157,-62.507860873811,-7.67570277447678));
#3551=CARTESIAN_POINT('',(76.6609871974757,-66.6771876217696,14.3242972255232));
#3552=CARTESIAN_POINT('',(76.6609871974757,-66.6771876217696,-7.67570277447678));
#3553=CARTESIAN_POINT('',(74.2983052749334,-70.8087926206828,14.3242972255232));
#3554=CARTESIAN_POINT('',(74.2983052749334,-70.8087926206828,-7.67570277447678));
#3555=CARTESIAN_POINT('',(71.6750102078056,-74.8709732519395,14.3242972255232));
#3556=CARTESIAN_POINT('',(71.6750102078056,-74.8709732519395,-7.67570277447678));
#3557=CARTESIAN_POINT('',(69.2569468527598,-78.1527068859373,14.3242972255232));
#3558=CARTESIAN_POINT('',(69.2569468527598,-78.1527068859373,-7.67570277447679));
#3559=CARTESIAN_POINT('',(67.1747190730847,-80.6934381434218,14.3242972255232));
#3560=CARTESIAN_POINT('',(67.1747190730848,-80.6934381434218,-7.67570277447679));
#3561=CARTESIAN_POINT('',(65.0081211821212,-83.1513348717954,14.3242972255232));
#3562=CARTESIAN_POINT('',(65.0081211821212,-83.1513348717954,-7.67570277447679));
#3563=CARTESIAN_POINT('',(62.1657351506402,-86.0556209102566,14.3242972255232));
#3564=CARTESIAN_POINT('',(62.1657351506402,-86.0556209102566,-7.67570277447679));
#3565=CARTESIAN_POINT('',(58.5599331865044,-89.2857978584453,14.3242972255232));
#3566=CARTESIAN_POINT('',(58.5599331865044,-89.2857978584453,-7.67570277447679));
#3567=CARTESIAN_POINT('',(54.7964350769223,-92.2629425247437,14.3242972255232));
#3568=CARTESIAN_POINT('',(54.7964350769223,-92.2629425247437,-7.67570277447679));
#3569=CARTESIAN_POINT('',(50.9030085646664,-94.9989374000482,14.3242972255232));
#3570=CARTESIAN_POINT('',(50.9030085646664,-94.9989374000482,-7.67570277447679));
#3571=CARTESIAN_POINT('',(45.5945599905987,-98.3294501981295,14.3242972255232));
#3572=CARTESIAN_POINT('',(45.5945599905987,-98.3294501981295,-7.67570277447679));
#3573=CARTESIAN_POINT('',(40.1042587588523,-101.24695752709,14.3242972255232));
#3574=CARTESIAN_POINT('',(40.1042587588523,-101.24695752709,-7.67570277447679));
#3575=CARTESIAN_POINT('',(35.2685257907018,-103.45099506164,14.3242972255232));
#3576=CARTESIAN_POINT('',(35.2685257907018,-103.45099506164,-7.67570277447679));
#3577=CARTESIAN_POINT('',(32.6535062226214,-104.559675716643,14.3242972255232));
#3578=CARTESIAN_POINT('',(32.6535062226214,-104.559675716643,-7.67570277447679));
#3579=CARTESIAN_POINT('',(29.0658437965447,-106.0145041569,14.3242972255232));
#3580=CARTESIAN_POINT('',(29.0658437965447,-106.0145041569,-7.67570277447679));
#3581=CARTESIAN_POINT('',(23.5923133534324,-107.978250556218,14.3242972255232));
#3582=CARTESIAN_POINT('',(23.5923133534324,-107.978250556218,-7.67570277447679));
#3583=CARTESIAN_POINT('',(16.0158323682433,-110.04160472429,14.3242972255232));
#3584=CARTESIAN_POINT('',(16.0158323682433,-110.04160472429,-7.67570277447679));
#3585=CARTESIAN_POINT('',(9.46962136943019,-111.179002397493,14.3242972255232));
#3586=CARTESIAN_POINT('',(9.4696213694302,-111.179002397493,-7.6757027744768));
#3587=CARTESIAN_POINT('',(4.09702266613831,-111.664451894944,14.3242972255232));
#3588=CARTESIAN_POINT('',(4.09702266613832,-111.664451894944,-7.6757027744768));
#3589=CARTESIAN_POINT('',(1.37134970095504,-111.750029589653,14.3242972255232));
#3590=CARTESIAN_POINT('',(1.37134970095504,-111.750029589653,-7.6757027744768));
#3591=CARTESIAN_POINT('',(-3.64440058889985E-9,-111.75057048752,14.3242972255232));
#3592=CARTESIAN_POINT('',(-3.64439552226274E-9,-111.75057048752,-7.6757027744768));
#3593=CARTESIAN_POINT('',(-3.51037080732545E-9,-108.842161474643,12.3242972255232));
#3594=CARTESIAN_POINT('',(-3.51037080732545E-9,-98.6421614746433,12.3242972255232));
#3595=CARTESIAN_POINT('',(-3.51041272764691E-9,98.7617176966959,12.3242972255232));
#3596=CARTESIAN_POINT('',(-3.51037080732545E-9,6.05611398980215,60.3242972255232));
#3597=CARTESIAN_POINT('',(-3.51036875341286E-9,-108.842161474643,-10.3757027744768));
#3598=CARTESIAN_POINT('',(-3.64439552226274E-9,-111.75057048752,-7.6757027744768));
#3599=CARTESIAN_POINT('',(-3.64440058889985E-9,-111.75057048752,14.3242972255232));
#3600=CARTESIAN_POINT('',(-3.63319361388172E-9,-101.550571283044,14.3242972255232));
#3601=CARTESIAN_POINT('',(5.53842069299991E-9,101.834943242269,14.3242972255232));
#3602=CARTESIAN_POINT('',(1.11726201251891E-8,13.3631031690345,62.9598324377077));
#3603=CARTESIAN_POINT('',(-3.93073854794216E-9,-1.2088536751839,63.0258213637614));
#3604=CARTESIAN_POINT('',(-39.5394546745789,-14.6113211963186,56.936441119998));
#3605=CARTESIAN_POINT('',(-41.3066518144071,-16.9417179054457,56.2725258397491));
#3606=CARTESIAN_POINT('',(-41.3898547199636,-4.26608472133034,60.341805840363));
#3607=CARTESIAN_POINT('',(-43.2708356953369,-5.96033753893435,59.8872914733273));
#3608=CARTESIAN_POINT('',(6.09259432926557E-6,108.961705146218,12.3242972255232));
#3609=CARTESIAN_POINT('',(6.09259433104192E-6,108.961705146218,-10.3757027744768));
#3610=CARTESIAN_POINT('',(3.94558982619309E-6,112.034855942227,14.3242972255232));
#3611=CARTESIAN_POINT('',(3.94558983130011E-6,112.034855942227,-7.67570277447682));
#3612=CARTESIAN_POINT('',(-3.51037080732545E-9,-98.6421614746433,12.3242972255232));
#3613=CARTESIAN_POINT('',(-9.87817276789442,-98.6421614746433,12.3242972255232));
#3614=CARTESIAN_POINT('',(-19.5985412114743,-95.8598416154552,12.3242972255232));
#3615=CARTESIAN_POINT('',(-28.5835731631394,-92.0103449342884,12.3242972255232));
#3616=CARTESIAN_POINT('',(-39.5127435151746,-87.3279125039542,12.3242972255232));
#3617=CARTESIAN_POINT('',(-50.0591068728739,-80.7614420153207,12.3242972255232));
#3618=CARTESIAN_POINT('',(-57.7990862021741,-71.5296577466017,12.3242972255232));
#3619=CARTESIAN_POINT('',(-61.700458212479,-66.8763346279197,12.3242972255232));
#3620=CARTESIAN_POINT('',(-64.8371904147629,-61.606423860104,12.3242972255232));
#3621=CARTESIAN_POINT('',(-70.1188854749442,-50.7340290017347,12.3242972255232));
#3622=CARTESIAN_POINT('',(-72.3208253225407,-45.020559474589,12.3242972255232));
#3623=CARTESIAN_POINT('',(-74.3366935731706,-39.3401126566657,12.3242972255232));
#3624=CARTESIAN_POINT('',(-76.3133617769374,-33.7701263221578,12.3242972255232));
#3625=CARTESIAN_POINT('',(-78.157657597908,-28.1028475356079,12.3242972255232));
#3626=CARTESIAN_POINT('',(-81.0772612158932,-16.6072978977428,12.3242972255232));
#3627=CARTESIAN_POINT('',(-82.1464783221677,-10.7885696483692,12.3242972255232));
#3628=CARTESIAN_POINT('',(-82.59694892209,-4.85240071945914,12.3242972255232));
#3629=CARTESIAN_POINT('',(-83.4986175131516,7.0295224856443,12.3242972255232));
#3630=CARTESIAN_POINT('',(-81.9082826137019,19.2052441733284,12.3242972255232));
#3631=CARTESIAN_POINT('',(-79.0530364012844,30.71280777319,12.3242972255232));
#3632=CARTESIAN_POINT('',(-76.1448635051221,42.4336829875369,12.3242972255232));
#3633=CARTESIAN_POINT('',(-71.8533360563162,53.7483517040327,12.3242972255232));
#3634=CARTESIAN_POINT('',(-65.7602507443274,63.7494120416654,12.3242972255232));
#3635=CARTESIAN_POINT('',(-59.6671654323385,73.7504723792981,12.3242972255232));
#3636=CARTESIAN_POINT('',(-51.7725222571669,82.4379243380677,12.3242972255232));
#3637=CARTESIAN_POINT('',(-42.2710340348347,88.4859479003453,12.3242972255232));
#3638=CARTESIAN_POINT('',(-31.5691320260273,95.2980760634181,12.3242972255232));
#3639=CARTESIAN_POINT('',(-18.8287208449172,98.7617176966959,12.3242972255232));
#3640=CARTESIAN_POINT('',(-3.51041272764691E-9,98.7617176966959,12.3242972255232));
#3641=CARTESIAN_POINT('',(-3.51037080732545E-9,-98.6421614746433,12.3242972255232));
#3642=CARTESIAN_POINT('',(9.87817276087351,-98.6421614746433,12.3242972255232));
#3643=CARTESIAN_POINT('',(19.5985412044537,-95.859841615455,12.3242972255232));
#3644=CARTESIAN_POINT('',(28.5835731561186,-92.0103449342884,12.3242972255232));
#3645=CARTESIAN_POINT('',(39.5127435081541,-87.3279125039541,12.3242972255232));
#3646=CARTESIAN_POINT('',(50.059106865853,-80.7614420153209,12.3242972255232));
#3647=CARTESIAN_POINT('',(57.7990861951534,-71.5296577466017,12.3242972255232));
#3648=CARTESIAN_POINT('',(61.7004582054583,-66.8763346279197,12.3242972255232));
#3649=CARTESIAN_POINT('',(64.8371904077421,-61.606423860104,12.3242972255232));
#3650=CARTESIAN_POINT('',(70.1188854679238,-50.7340290017339,12.3242972255232));
#3651=CARTESIAN_POINT('',(72.3208253155197,-45.0205594745898,12.3242972255232));
#3652=CARTESIAN_POINT('',(74.3366935661499,-39.3401126566657,12.3242972255232));
#3653=CARTESIAN_POINT('',(76.3133617699171,-33.7701263221567,12.3242972255232));
#3654=CARTESIAN_POINT('',(78.1576575908869,-28.1028475356091,12.3242972255232));
#3655=CARTESIAN_POINT('',(81.0772612088725,-16.6072978977428,12.3242972255232));
#3656=CARTESIAN_POINT('',(82.146478315147,-10.7885696483692,12.3242972255232));
#3657=CARTESIAN_POINT('',(82.5969489150693,-4.85240071945914,12.3242972255232));
#3658=CARTESIAN_POINT('',(83.4986175061308,7.02952248564402,12.3242972255232));
#3659=CARTESIAN_POINT('',(81.9082826066811,19.2052441733286,12.3242972255232));
#3660=CARTESIAN_POINT('',(79.0530363942637,30.71280777319,12.3242972255232));
#3661=CARTESIAN_POINT('',(76.1448634981014,42.4336829875369,12.3242972255232));
#3662=CARTESIAN_POINT('',(71.8533360492954,53.7483517040327,12.3242972255232));
#3663=CARTESIAN_POINT('',(65.7602507373066,63.7494120416654,12.3242972255232));
#3664=CARTESIAN_POINT('',(59.6671654253178,73.7504723792981,12.3242972255232));
#3665=CARTESIAN_POINT('',(51.7725222501461,82.4379243380677,12.3242972255232));
#3666=CARTESIAN_POINT('',(42.271034027814,88.4859479003453,12.3242972255232));
#3667=CARTESIAN_POINT('',(31.5691320190066,95.2980760634181,12.3242972255232));
#3668=CARTESIAN_POINT('',(18.8287208378965,98.7617176966959,12.3242972255232));
#3669=CARTESIAN_POINT('',(-3.51041272764691E-9,98.7617176966959,12.3242972255232));
#3670=CARTESIAN_POINT('',(-3.51037080732545E-9,-98.6421614746433,12.3242972255232));
#3671=CARTESIAN_POINT('',(-3.51037080732545E-9,-99.0124063276868,15.1858737073439));
#3672=CARTESIAN_POINT('',(-3.51037080732545E-9,-99.1450930673264,25.9553638321293));
#3673=CARTESIAN_POINT('',(-3.51037080732545E-9,-82.3211533899617,41.6974363248414));
#3674=CARTESIAN_POINT('',(-3.51037080732545E-9,-54.1484265415679,48.225991153601));
#3675=CARTESIAN_POINT('',(-3.51037080732545E-9,-18.8753895391989,61.1566321614043));
#3676=CARTESIAN_POINT('',(-3.51037080732545E-9,6.05611398980215,60.3242972255232));
#3677=CARTESIAN_POINT('',(-3.51041272764691E-9,98.7617176966959,12.3242972255232));
#3678=CARTESIAN_POINT('',(-3.51040259503307E-9,99.3794123955348,15.2768532695601));
#3679=CARTESIAN_POINT('',(-3.51036179674092E-9,100.192882238815,26.7639282561815));
#3680=CARTESIAN_POINT('',(-3.51039177310293E-9,76.1524367578084,51.6974363248414));
#3681=CARTESIAN_POINT('',(-3.51037203538808E-9,57.9437611606004,59.825991153601));
#3682=CARTESIAN_POINT('',(-3.51037378167379E-9,27.5434810078472,60.1566321614043));
#3683=CARTESIAN_POINT('',(-3.51037080732545E-9,6.05611398980215,60.3242972255232));
#3684=CARTESIAN_POINT('',(-3.51037080732545E-9,-108.842161474643,12.3242972255232));
#3685=CARTESIAN_POINT('',(-1.37290977870871,-108.842161474643,12.3242972255232));
#3686=CARTESIAN_POINT('',(-4.10176790304556,-108.752645437924,12.3242972255232));
#3687=CARTESIAN_POINT('',(-8.15486812995023,-108.368498337907,12.3242972255232));
#3688=CARTESIAN_POINT('',(-12.1327264089263,-107.761044591129,12.3242972255232));
#3689=CARTESIAN_POINT('',(-17.3013280164473,-106.6908134052,12.3242972255232));
#3690=CARTESIAN_POINT('',(-23.5484124022608,-104.922531187141,12.3242972255232));
#3691=CARTESIAN_POINT('',(-29.6837465657082,-102.644972440496,12.3242972255232));
#3692=CARTESIAN_POINT('',(-34.7105341510242,-100.487035606658,12.3242972255232));
#3693=CARTESIAN_POINT('',(-38.7584705923688,-98.573181516044,12.3242972255232));
#3694=CARTESIAN_POINT('',(-42.8922594409837,-96.398377039188,12.3242972255232));
#3695=CARTESIAN_POINT('',(-46.96448664348,-94.0109815939179,12.3242972255232));
#3696=CARTESIAN_POINT('',(-50.9495182096866,-91.394834516392,12.3242972255232));
#3697=CARTESIAN_POINT('',(-54.821715365077,-88.536620509887,12.3242972255232));
#3698=CARTESIAN_POINT('',(-58.5522019688788,-85.4204566598532,12.3242972255232));
#3699=CARTESIAN_POINT('',(-62.1103898087585,-82.0329809915878,12.3242972255232));
#3700=CARTESIAN_POINT('',(-65.4554821070837,-78.3692979296108,12.3242972255232));
#3701=CARTESIAN_POINT('',(-68.5184752059606,-74.4637825168973,12.3242972255232));
#3702=CARTESIAN_POINT('',(-71.2831665103975,-70.397497537924,12.3242972255232));
#3703=CARTESIAN_POINT('',(-73.7600024641319,-66.2497718845205,12.3242972255232));
#3704=CARTESIAN_POINT('',(-75.9814955121611,-62.0600331855444,12.3242972255232));
#3705=CARTESIAN_POINT('',(-77.98795999244,-57.8517954082483,12.3242972255232));
#3706=CARTESIAN_POINT('',(-79.8155003360466,-53.6401937125761,12.3242972255232));
#3707=CARTESIAN_POINT('',(-81.4971168111971,-49.4366585658199,12.3242972255232));
#3708=CARTESIAN_POINT('',(-82.8045943509906,-45.9429439389055,12.3242972255232));
#3709=CARTESIAN_POINT('',(-83.7999689835044,-43.1782452558529,12.3242972255232));
#3710=CARTESIAN_POINT('',(-85.249372018089,-39.0707585276873,12.3242972255232));
#3711=CARTESIAN_POINT('',(-87.3297382487714,-32.8214654023823,12.3242972255232));
#3712=CARTESIAN_POINT('',(-89.3395911606137,-25.7239347389306,12.3242972255232));
#3713=CARTESIAN_POINT('',(-90.6966571302248,-19.8894826421761,12.3242972255232));
#3714=CARTESIAN_POINT('',(-91.5680139617085,-15.4126106357529,12.3242972255232));
#3715=CARTESIAN_POINT('',(-92.2625488488059,-10.860390314002,12.3242972255232));
#3716=CARTESIAN_POINT('',(-92.9230658035558,-4.69440009602966,12.3242972255232));
#3717=CARTESIAN_POINT('',(-93.1787412505865,3.06101182665423,12.3242972255232));
#3718=CARTESIAN_POINT('',(-92.7098919707711,11.701261117028,12.3242972255232));
#3719=CARTESIAN_POINT('',(-91.6663838278273,20.1927315659879,12.3242972255232));
#3720=CARTESIAN_POINT('',(-90.3985440033807,27.0373354706252,12.3242972255232));
#3721=CARTESIAN_POINT('',(-89.0397892108643,32.9041284824182,12.3242972255232));
#3722=CARTESIAN_POINT('',(-87.5166376053779,38.7401931820969,12.3242972255232));
#3723=CARTESIAN_POINT('',(-85.281857932412,45.9815405066825,12.3242972255232));
#3724=CARTESIAN_POINT('',(-82.0312767647862,54.4908893099445,12.3242972255232));
#3725=CARTESIAN_POINT('',(-78.2903239602408,62.4780121239797,12.3242972255232));
#3726=CARTESIAN_POINT('',(-74.685877328806,68.8345924032462,12.3242972255232));
#3727=CARTESIAN_POINT('',(-70.6879857012767,74.9565566871641,12.3242972255232));
#3728=CARTESIAN_POINT('',(-66.0836453339028,81.0365343415155,12.3242972255232));
#3729=CARTESIAN_POINT('',(-60.8867460502626,86.6239475136766,12.3242972255232));
#3730=CARTESIAN_POINT('',(-56.3726711442072,90.7335878092612,12.3242972255232));
#3731=CARTESIAN_POINT('',(-52.8054407225821,93.6212979123553,12.3242972255232));
#3732=CARTESIAN_POINT('',(-48.9504400381313,96.3722401002123,12.3242972255232));
#3733=CARTESIAN_POINT('',(-44.7258619812512,98.9831500259479,12.3242972255232));
#3734=CARTESIAN_POINT('',(-40.5172519491097,101.171592870325,12.3242972255232));
#3735=CARTESIAN_POINT('',(-36.8747106353508,102.765239874002,12.3242972255232));
#3736=CARTESIAN_POINT('',(-33.9463820070271,103.883104964107,12.3242972255232));
#3737=CARTESIAN_POINT('',(-30.1965276798249,105.153311841316,12.3242972255232));
#3738=CARTESIAN_POINT('',(-25.3547830838697,106.465756023314,12.3242972255232));
#3739=CARTESIAN_POINT('',(-19.3190091597923,107.629802926622,12.3242972255232));
#3740=CARTESIAN_POINT('',(-13.2000002919439,108.411849360402,12.3242972255232));
#3741=CARTESIAN_POINT('',(-6.72408831518441,108.869272996468,12.3242972255232));
#3742=CARTESIAN_POINT('',(-2.28358185599014,108.961702036014,12.3242972255232));
#3743=CARTESIAN_POINT('',(6.09259432926557E-6,108.961705146218,12.3242972255232));
#3744=CARTESIAN_POINT('',(-3.51037080732545E-9,-108.842161474643,12.3242972255232));
#3745=CARTESIAN_POINT('',(-3.51036875341286E-9,-108.842161474643,-10.3757027744768));
#3746=CARTESIAN_POINT('',(-3.51036875341286E-9,-108.842161474643,-10.3757027744768));
#3747=CARTESIAN_POINT('',(-1.37290977870871,-108.842161474643,-10.3757027744768));
#3748=CARTESIAN_POINT('',(-4.10176790304555,-108.752645437924,-10.3757027744768));
#3749=CARTESIAN_POINT('',(-8.15486812995023,-108.368498337907,-10.3757027744768));
#3750=CARTESIAN_POINT('',(-12.1327264089263,-107.761044591129,-10.3757027744768));
#3751=CARTESIAN_POINT('',(-17.3013280164473,-106.6908134052,-10.3757027744768));
#3752=CARTESIAN_POINT('',(-23.5484124022608,-104.922531187141,-10.3757027744768));
#3753=CARTESIAN_POINT('',(-29.6837465657082,-102.644972440496,-10.3757027744768));
#3754=CARTESIAN_POINT('',(-34.7105341510242,-100.487035606658,-10.3757027744768));
#3755=CARTESIAN_POINT('',(-38.7584705923688,-98.573181516044,-10.3757027744768));
#3756=CARTESIAN_POINT('',(-42.8922594409837,-96.398377039188,-10.3757027744768));
#3757=CARTESIAN_POINT('',(-46.96448664348,-94.0109815939179,-10.3757027744768));
#3758=CARTESIAN_POINT('',(-50.9495182096866,-91.394834516392,-10.3757027744768));
#3759=CARTESIAN_POINT('',(-54.821715365077,-88.536620509887,-10.3757027744768));
#3760=CARTESIAN_POINT('',(-58.5522019688788,-85.4204566598532,-10.3757027744768));
#3761=CARTESIAN_POINT('',(-62.1103898087585,-82.0329809915878,-10.3757027744768));
#3762=CARTESIAN_POINT('',(-65.4554821070837,-78.3692979296108,-10.3757027744768));
#3763=CARTESIAN_POINT('',(-68.5184752059606,-74.4637825168973,-10.3757027744768));
#3764=CARTESIAN_POINT('',(-71.2831665103975,-70.397497537924,-10.3757027744768));
#3765=CARTESIAN_POINT('',(-73.7600024641319,-66.2497718845205,-10.3757027744768));
#3766=CARTESIAN_POINT('',(-75.9814955121611,-62.0600331855444,-10.3757027744768));
#3767=CARTESIAN_POINT('',(-77.98795999244,-57.8517954082483,-10.3757027744768));
#3768=CARTESIAN_POINT('',(-79.8155003360466,-53.6401937125761,-10.3757027744768));
#3769=CARTESIAN_POINT('',(-81.4971168111971,-49.4366585658199,-10.3757027744768));
#3770=CARTESIAN_POINT('',(-82.8045943509906,-45.9429439389055,-10.3757027744768));
#3771=CARTESIAN_POINT('',(-83.7999689835044,-43.1782452558529,-10.3757027744768));
#3772=CARTESIAN_POINT('',(-85.249372018089,-39.0707585276873,-10.3757027744768));
#3773=CARTESIAN_POINT('',(-87.3297382487714,-32.8214654023823,-10.3757027744768));
#3774=CARTESIAN_POINT('',(-89.3395911606137,-25.7239347389306,-10.3757027744768));
#3775=CARTESIAN_POINT('',(-90.6966571302248,-19.8894826421761,-10.3757027744768));
#3776=CARTESIAN_POINT('',(-91.5680139617085,-15.4126106357529,-10.3757027744768));
#3777=CARTESIAN_POINT('',(-92.2625488488059,-10.860390314002,-10.3757027744768));
#3778=CARTESIAN_POINT('',(-92.9230658035558,-4.69440009602966,-10.3757027744768));
#3779=CARTESIAN_POINT('',(-93.1787412505865,3.06101182665423,-10.3757027744768));
#3780=CARTESIAN_POINT('',(-92.7098919707711,11.701261117028,-10.3757027744768));
#3781=CARTESIAN_POINT('',(-91.6663838278273,20.1927315659879,-10.3757027744768));
#3782=CARTESIAN_POINT('',(-90.3985440033807,27.0373354706252,-10.3757027744768));
#3783=CARTESIAN_POINT('',(-89.0397892108643,32.9041284824182,-10.3757027744768));
#3784=CARTESIAN_POINT('',(-87.5166376053779,38.7401931820969,-10.3757027744768));
#3785=CARTESIAN_POINT('',(-85.281857932412,45.9815405066825,-10.3757027744768));
#3786=CARTESIAN_POINT('',(-82.0312767647862,54.4908893099445,-10.3757027744768));
#3787=CARTESIAN_POINT('',(-78.2903239602408,62.4780121239797,-10.3757027744768));
#3788=CARTESIAN_POINT('',(-74.685877328806,68.8345924032462,-10.3757027744768));
#3789=CARTESIAN_POINT('',(-70.6879857012767,74.9565566871641,-10.3757027744768));
#3790=CARTESIAN_POINT('',(-66.0836453339028,81.0365343415155,-10.3757027744768));
#3791=CARTESIAN_POINT('',(-60.8867460502626,86.6239475136766,-10.3757027744768));
#3792=CARTESIAN_POINT('',(-56.3726711442072,90.7335878092612,-10.3757027744768));
#3793=CARTESIAN_POINT('',(-52.8054407225821,93.6212979123553,-10.3757027744768));
#3794=CARTESIAN_POINT('',(-48.9504400381313,96.3722401002123,-10.3757027744768));
#3795=CARTESIAN_POINT('',(-44.7258619812512,98.9831500259479,-10.3757027744768));
#3796=CARTESIAN_POINT('',(-40.5172519491097,101.171592870325,-10.3757027744768));
#3797=CARTESIAN_POINT('',(-36.8747106353508,102.765239874002,-10.3757027744768));
#3798=CARTESIAN_POINT('',(-33.9463820070271,103.883104964107,-10.3757027744768));
#3799=CARTESIAN_POINT('',(-30.1965276798249,105.153311841316,-10.3757027744768));
#3800=CARTESIAN_POINT('',(-25.3547830838697,106.465756023314,-10.3757027744768));
#3801=CARTESIAN_POINT('',(-19.3190091597923,107.629802926622,-10.3757027744768));
#3802=CARTESIAN_POINT('',(-13.2000002919439,108.411849360402,-10.3757027744768));
#3803=CARTESIAN_POINT('',(-6.72408831518441,108.869272996468,-10.3757027744768));
#3804=CARTESIAN_POINT('',(-2.28358185599014,108.961702036014,-10.3757027744768));
#3805=CARTESIAN_POINT('',(6.09259433104192E-6,108.961705146218,-10.3757027744768));
#3806=CARTESIAN_POINT('',(-3.63319361388172E-9,-101.550571283044,14.3242972255232));
#3807=CARTESIAN_POINT('',(-10.2993339811044,-101.546503565895,14.3242972255232));
#3808=CARTESIAN_POINT('',(-20.372864944831,-98.705823727842,14.3242972255232));
#3809=CARTESIAN_POINT('',(-29.753887708697,-94.7083878447065,14.3242972255232));
#3810=CARTESIAN_POINT('',(-35.4356123857334,-92.2872946788775,14.3242972255232));
#3811=CARTESIAN_POINT('',(-40.9596256987755,-89.3959015045161,14.3242972255232));
#3812=CARTESIAN_POINT('',(-46.0664985591671,-85.9091142371268,14.3242972255232));
#3813=CARTESIAN_POINT('',(-51.1788687486768,-82.4185735931218,14.3242972255232));
#3814=CARTESIAN_POINT('',(-55.8449713737267,-78.3506944451324,14.3242972255232));
#3815=CARTESIAN_POINT('',(-59.8095631244718,-73.5806737848461,14.3242972255232));
#3816=CARTESIAN_POINT('',(-63.8074023989887,-68.7706511810393,14.3242972255232));
#3817=CARTESIAN_POINT('',(-67.0191277427181,-63.3622577233586,14.3242972255232));
#3818=CARTESIAN_POINT('',(-72.436517780449,-52.1450329998878,14.3242972255232));
#3819=CARTESIAN_POINT('',(-74.6711552544992,-46.2838806311587,14.3242972255232));
#3820=CARTESIAN_POINT('',(-76.7335915224373,-40.4224847107575,14.3242972255232));
#3821=CARTESIAN_POINT('',(-78.7433952799187,-34.710669161332,14.3242972255232));
#3822=CARTESIAN_POINT('',(-80.6103403977067,-28.9167787134189,14.3242972255232));
#3823=CARTESIAN_POINT('',(-83.5833250269764,-17.1355833347182,14.3242972255232));
#3824=CARTESIAN_POINT('',(-84.6738646301963,-11.1944596167192,14.3242972255232));
#3825=CARTESIAN_POINT('',(-85.1710359043968,-5.11710491630414,14.3242972255232));
#3826=CARTESIAN_POINT('',(-86.1665848620327,7.05235146854419,14.3242972255232));
#3827=CARTESIAN_POINT('',(-84.7315402331194,19.6498580844188,14.3242972255232));
#3828=CARTESIAN_POINT('',(-81.8931999065264,31.4758919186525,14.3242972255232));
#3829=CARTESIAN_POINT('',(-79.0468817321074,43.3351657056261,14.3242972255232));
#3830=CARTESIAN_POINT('',(-74.6748725163308,54.993122071829,14.3242972255232));
#3831=CARTESIAN_POINT('',(-68.3060684267223,65.4433876823265,14.3242972255232));
#3832=CARTESIAN_POINT('',(-62.1253798531121,75.5849835520095,14.3242972255232));
#3833=CARTESIAN_POINT('',(-53.9977854554532,84.6817609018813,14.3242972255232));
#3834=CARTESIAN_POINT('',(-43.9068257265083,91.1055183697239,14.3242972255232));
#3835=CARTESIAN_POINT('',(-37.9940451402917,94.8695080661127,14.3242972255232));
#3836=CARTESIAN_POINT('',(-31.7525029671904,97.4628205973188,14.3242972255232));
#3837=CARTESIAN_POINT('',(-24.9609331104062,99.1596055621841,14.3242972255232));
#3838=CARTESIAN_POINT('',(-20.8898006523083,100.176724798317,14.3242972255232));
#3839=CARTESIAN_POINT('',(-16.7348727514698,100.841851639479,14.3242972255232));
#3840=CARTESIAN_POINT('',(-8.40099868902517,101.668217214305,14.3242972255232));
#3841=CARTESIAN_POINT('',(-4.17976322595754,101.834619990624,14.3242972255232));
#3842=CARTESIAN_POINT('',(5.53842069299991E-9,101.834943242269,14.3242972255232));
#3843=CARTESIAN_POINT('',(-3.63319361388172E-9,-101.550571283044,14.3242972255232));
#3844=CARTESIAN_POINT('',(10.2993339740036,-101.546503565918,14.3242972255232));
#3845=CARTESIAN_POINT('',(20.372864937773,-98.7058237278579,14.3242972255232));
#3846=CARTESIAN_POINT('',(29.7538877016762,-94.7083878447065,14.3242972255232));
#3847=CARTESIAN_POINT('',(35.4356123787124,-92.2872946788775,14.3242972255232));
#3848=CARTESIAN_POINT('',(40.9596256917549,-89.3959015045159,14.3242972255232));
#3849=CARTESIAN_POINT('',(46.0664985521464,-85.9091142371268,14.3242972255232));
#3850=CARTESIAN_POINT('',(51.178868741656,-82.4185735931219,14.3242972255232));
#3851=CARTESIAN_POINT('',(55.8449713667061,-78.3506944451323,14.3242972255232));
#3852=CARTESIAN_POINT('',(59.8095631174511,-73.5806737848461,14.3242972255232));
#3853=CARTESIAN_POINT('',(63.8074023919681,-68.7706511810391,14.3242972255232));
#3854=CARTESIAN_POINT('',(67.0191277356973,-63.3622577233587,14.3242972255232));
#3855=CARTESIAN_POINT('',(72.4365177734285,-52.1450329998872,14.3242972255232));
#3856=CARTESIAN_POINT('',(74.6711552474783,-46.2838806311593,14.3242972255232));
#3857=CARTESIAN_POINT('',(76.7335915154166,-40.4224847107575,14.3242972255232));
#3858=CARTESIAN_POINT('',(78.7433952728979,-34.7106691613322,14.3242972255232));
#3859=CARTESIAN_POINT('',(80.610340390686,-28.9167787134188,14.3242972255232));
#3860=CARTESIAN_POINT('',(83.5833250199558,-17.135583334718,14.3242972255232));
#3861=CARTESIAN_POINT('',(84.6738646231756,-11.1944596167195,14.3242972255232));
#3862=CARTESIAN_POINT('',(85.1710358973761,-5.1171049163042,14.3242972255232));
#3863=CARTESIAN_POINT('',(86.166584855012,7.05235146854422,14.3242972255232));
#3864=CARTESIAN_POINT('',(84.7315402260987,19.6498580844187,14.3242972255232));
#3865=CARTESIAN_POINT('',(81.8931998995057,31.4758919186525,14.3242972255232));
#3866=CARTESIAN_POINT('',(79.0468817250866,43.3351657056263,14.3242972255232));
#3867=CARTESIAN_POINT('',(74.6748725093102,54.9931220718288,14.3242972255232));
#3868=CARTESIAN_POINT('',(68.3060684197016,65.4433876823264,14.3242972255232));
#3869=CARTESIAN_POINT('',(62.1253798460913,75.5849835520096,14.3242972255232));
#3870=CARTESIAN_POINT('',(53.9977854484326,84.6817609018813,14.3242972255232));
#3871=CARTESIAN_POINT('',(43.9068257194876,91.1055183697239,14.3242972255232));
#3872=CARTESIAN_POINT('',(37.994045133271,94.8695080661127,14.3242972255232));
#3873=CARTESIAN_POINT('',(31.7525029601696,97.4628205973188,14.3242972255232));
#3874=CARTESIAN_POINT('',(24.9609331033854,99.1596055621841,14.3242972255232));
#3875=CARTESIAN_POINT('',(20.8898006452861,100.176724798317,14.3242972255232));
#3876=CARTESIAN_POINT('',(16.7348727444505,100.841851639479,14.3242972255232));
#3877=CARTESIAN_POINT('',(8.4009986831692,101.668217214189,14.3242972255232));
#3878=CARTESIAN_POINT('',(4.17976322130015,101.834619990531,14.3242972255232));
#3879=CARTESIAN_POINT('',(5.53842069299991E-9,101.834943242269,14.3242972255232));
#3880=CARTESIAN_POINT('',(-3.64440058889985E-9,-111.75057048752,14.3242972255232));
#3881=CARTESIAN_POINT('',(-1.37134970822725,-111.75002958965,14.3242972255232));
#3882=CARTESIAN_POINT('',(-4.09701518770164,-111.664436632666,14.3242972255232));
#3883=CARTESIAN_POINT('',(-9.46963605996178,-111.179032014797,14.3242972255232));
#3884=CARTESIAN_POINT('',(-16.0158034681002,-110.041548781538,14.3242972255232));
#3885=CARTESIAN_POINT('',(-23.5923714880268,-107.97835132434,14.3242972255232));
#3886=CARTESIAN_POINT('',(-29.7014749542214,-105.786182784942,14.3242972255232));
#3887=CARTESIAN_POINT('',(-34.6927177627268,-103.712944201732,14.3242972255232));
#3888=CARTESIAN_POINT('',(-40.1045525489575,-101.247227080749,14.3242972255232));
#3889=CARTESIAN_POINT('',(-45.5943519311877,-98.3292885991567,14.3242972255232));
#3890=CARTESIAN_POINT('',(-50.9031512671059,-94.9990215413965,14.3242972255232));
#3891=CARTESIAN_POINT('',(-54.7963362534007,-92.262882966832,14.3242972255232));
#3892=CARTESIAN_POINT('',(-58.5599970925347,-89.2858411519593,14.3242972255232));
#3893=CARTESIAN_POINT('',(-62.1656853282638,-86.055579365082,14.3242972255232));
#3894=CARTESIAN_POINT('',(-65.0081528018218,-83.1513688501555,14.3242972255232));
#3895=CARTESIAN_POINT('',(-67.1747055387352,-80.6934179712364,14.3242972255232));
#3896=CARTESIAN_POINT('',(-69.2569530461021,-78.1527277304872,14.3242972255232));
#3897=CARTESIAN_POINT('',(-71.6750141178842,-74.8709600415975,14.3242972255232));
#3898=CARTESIAN_POINT('',(-74.2982979951709,-70.808802624733,14.3242972255232));
#3899=CARTESIAN_POINT('',(-76.6609991727353,-66.677175513693,14.3242972255232));
#3900=CARTESIAN_POINT('',(-78.7924455989126,-62.5078840942434,14.3242972255232));
#3901=CARTESIAN_POINT('',(-80.7273087932867,-58.3224824183827,14.3242972255232));
#3902=CARTESIAN_POINT('',(-82.4960446837665,-54.1366806275521,14.3242972255232));
#3903=CARTESIAN_POINT('',(-84.1291563117966,-49.9629969214265,14.3242972255232));
#3904=CARTESIAN_POINT('',(-85.4031863219919,-46.4964281431276,14.3242972255232));
#3905=CARTESIAN_POINT('',(-86.37568441444,-43.7565958703093,14.3242972255232));
#3906=CARTESIAN_POINT('',(-87.3175143910687,-41.0523034858136,14.3242972255232));
#3907=CARTESIAN_POINT('',(-88.9226029870014,-36.2799927498477,14.3242972255232));
#3908=CARTESIAN_POINT('',(-91.0567733776416,-29.3185031794685,14.3242972255232));
#3909=CARTESIAN_POINT('',(-93.2114998076814,-20.7302519109778,14.3242972255232));
#3910=CARTESIAN_POINT('',(-94.5378124172032,-13.3709851399683,14.3242972255232));
#3911=CARTESIAN_POINT('',(-95.1559291323084,-8.11971185576977,14.3242972255232));
#3912=CARTESIAN_POINT('',(-95.4134676031292,-5.07548573094852,14.3242972255232));
#3913=CARTESIAN_POINT('',(-95.6972901469065,-0.484190981974745,14.3242972255232));
#3914=CARTESIAN_POINT('',(-95.7501499256648,6.81994655140789,14.3242972255232));
#3915=CARTESIAN_POINT('',(-95.0281068359775,16.3462502238843,14.3242972255232));
#3916=CARTESIAN_POINT('',(-93.6270015855051,25.7018950170742,14.3242972255232));
#3917=CARTESIAN_POINT('',(-91.7503997871589,34.4714600601929,14.3242972255232));
#3918=CARTESIAN_POINT('',(-89.3782166435975,43.1045766011869,14.3242972255232));
#3919=CARTESIAN_POINT('',(-86.4520379311638,51.6195834430572,14.3242972255232));
#3920=CARTESIAN_POINT('',(-82.9173493901883,59.9789083666287,14.3242972255232));
#3921=CARTESIAN_POINT('',(-79.1995627662504,67.1850408148003,14.3242972255232));
#3922=CARTESIAN_POINT('',(-75.7838998848236,72.8082936759222,14.3242972255232));
#3923=CARTESIAN_POINT('',(-72.1012068326225,78.2267033195376,14.3242972255232));
#3924=CARTESIAN_POINT('',(-67.4285344596464,84.188866543238,14.3242972255232));
#3925=CARTESIAN_POINT('',(-61.0889589824967,90.809473546382,14.3242972255232));
#3926=CARTESIAN_POINT('',(-55.1845984320542,95.7626354690657,14.3242972255232));
#3927=CARTESIAN_POINT('',(-50.6556217350337,98.9187722855673,14.3242972255232));
#3928=CARTESIAN_POINT('',(-47.8207763325762,100.697275795522,14.3242972255232));
#3929=CARTESIAN_POINT('',(-44.7013499183316,102.496152981024,14.3242972255232));
#3930=CARTESIAN_POINT('',(-41.457529493471,104.129152864639,14.3242972255232));
#3931=CARTESIAN_POINT('',(-38.1411383738949,105.568839743107,14.3242972255232));
#3932=CARTESIAN_POINT('',(-34.7870089411999,106.878963406212,14.3242972255232));
#3933=CARTESIAN_POINT('',(-30.3678522282034,108.333559851921,14.3242972255232));
#3934=CARTESIAN_POINT('',(-24.6602302067496,109.772241978052,14.3242972255232));
#3935=CARTESIAN_POINT('',(-18.5741427385585,110.860529201344,14.3242972255232));
#3936=CARTESIAN_POINT('',(-12.3198621999663,111.577417480585,14.3242972255232));
#3937=CARTESIAN_POINT('',(-6.13487344660528,111.960572126957,14.3242972255232));
#3938=CARTESIAN_POINT('',(-2.0351966694728,112.034863450908,14.3242972255232));
#3939=CARTESIAN_POINT('',(3.94558982619309E-6,112.034855942227,14.3242972255232));
#3940=CARTESIAN_POINT('',(-3.64440058889985E-9,-111.75057048752,14.3242972255232));
#3941=CARTESIAN_POINT('',(-3.64439552226274E-9,-111.75057048752,-7.6757027744768));
#3942=CARTESIAN_POINT('',(-3.64439552226274E-9,-111.75057048752,-7.6757027744768));
#3943=CARTESIAN_POINT('',(-1.37134970822725,-111.75002958965,-7.6757027744768));
#3944=CARTESIAN_POINT('',(-4.09701518770163,-111.664436632666,-7.6757027744768));
#3945=CARTESIAN_POINT('',(-9.46963605996177,-111.179032014797,-7.6757027744768));
#3946=CARTESIAN_POINT('',(-16.0158034681002,-110.041548781538,-7.6757027744768));
#3947=CARTESIAN_POINT('',(-23.5923714880268,-107.97835132434,-7.6757027744768));
#3948=CARTESIAN_POINT('',(-29.7014749542214,-105.786182784942,-7.67570277447681));
#3949=CARTESIAN_POINT('',(-34.6927177627268,-103.712944201732,-7.67570277447681));
#3950=CARTESIAN_POINT('',(-40.1045525489575,-101.247227080749,-7.67570277447681));
#3951=CARTESIAN_POINT('',(-45.5943519311877,-98.3292885991567,-7.67570277447681));
#3952=CARTESIAN_POINT('',(-50.9031512671059,-94.9990215413965,-7.67570277447681));
#3953=CARTESIAN_POINT('',(-54.7963362534007,-92.262882966832,-7.67570277447681));
#3954=CARTESIAN_POINT('',(-58.5599970925347,-89.2858411519593,-7.67570277447681));
#3955=CARTESIAN_POINT('',(-62.1656853282638,-86.055579365082,-7.67570277447681));
#3956=CARTESIAN_POINT('',(-65.0081528018217,-83.1513688501555,-7.67570277447682));
#3957=CARTESIAN_POINT('',(-67.1747055387352,-80.6934179712364,-7.67570277447682));
#3958=CARTESIAN_POINT('',(-69.2569530461021,-78.1527277304872,-7.67570277447682));
#3959=CARTESIAN_POINT('',(-71.6750141178842,-74.8709600415975,-7.67570277447682));
#3960=CARTESIAN_POINT('',(-74.2982979951709,-70.808802624733,-7.67570277447682));
#3961=CARTESIAN_POINT('',(-76.6609991727353,-66.677175513693,-7.67570277447682));
#3962=CARTESIAN_POINT('',(-78.7924455989126,-62.5078840942434,-7.67570277447682));
#3963=CARTESIAN_POINT('',(-80.7273087932867,-58.3224824183827,-7.67570277447682));
#3964=CARTESIAN_POINT('',(-82.4960446837665,-54.1366806275521,-7.67570277447682));
#3965=CARTESIAN_POINT('',(-84.1291563117966,-49.9629969214265,-7.67570277447682));
#3966=CARTESIAN_POINT('',(-85.4031863219919,-46.4964281431276,-7.67570277447682));
#3967=CARTESIAN_POINT('',(-86.37568441444,-43.7565958703093,-7.67570277447682));
#3968=CARTESIAN_POINT('',(-87.3175143910687,-41.0523034858136,-7.67570277447683));
#3969=CARTESIAN_POINT('',(-88.9226029870013,-36.2799927498477,-7.67570277447683));
#3970=CARTESIAN_POINT('',(-91.0567733776416,-29.3185031794685,-7.67570277447683));
#3971=CARTESIAN_POINT('',(-93.2114998076814,-20.7302519109778,-7.67570277447683));
#3972=CARTESIAN_POINT('',(-94.5378124172032,-13.3709851399683,-7.67570277447683));
#3973=CARTESIAN_POINT('',(-95.1559291323084,-8.11971185576977,-7.67570277447683));
#3974=CARTESIAN_POINT('',(-95.4134676031292,-5.07548573094852,-7.67570277447683));
#3975=CARTESIAN_POINT('',(-95.6972901469065,-0.484190981974745,-7.67570277447683));
#3976=CARTESIAN_POINT('',(-95.7501499256648,6.81994655140789,-7.67570277447683));
#3977=CARTESIAN_POINT('',(-95.0281068359775,16.3462502238843,-7.67570277447683));
#3978=CARTESIAN_POINT('',(-93.6270015855051,25.7018950170742,-7.67570277447683));
#3979=CARTESIAN_POINT('',(-91.7503997871589,34.4714600601929,-7.67570277447683));
#3980=CARTESIAN_POINT('',(-89.3782166435974,43.1045766011869,-7.67570277447683));
#3981=CARTESIAN_POINT('',(-86.4520379311638,51.6195834430572,-7.67570277447683));
#3982=CARTESIAN_POINT('',(-82.9173493901883,59.9789083666287,-7.67570277447683));
#3983=CARTESIAN_POINT('',(-79.1995627662504,67.1850408148003,-7.67570277447683));
#3984=CARTESIAN_POINT('',(-75.7838998848236,72.8082936759222,-7.67570277447683));
#3985=CARTESIAN_POINT('',(-72.1012068326225,78.2267033195376,-7.67570277447683));
#3986=CARTESIAN_POINT('',(-67.4285344596464,84.188866543238,-7.67570277447683));
#3987=CARTESIAN_POINT('',(-61.0889589824967,90.809473546382,-7.67570277447683));
#3988=CARTESIAN_POINT('',(-55.1845984320542,95.7626354690657,-7.67570277447683));
#3989=CARTESIAN_POINT('',(-50.6556217350337,98.9187722855673,-7.67570277447683));
#3990=CARTESIAN_POINT('',(-47.8207763325762,100.697275795522,-7.67570277447683));
#3991=CARTESIAN_POINT('',(-44.7013499183316,102.496152981024,-7.67570277447683));
#3992=CARTESIAN_POINT('',(-41.457529493471,104.129152864639,-7.67570277447683));
#3993=CARTESIAN_POINT('',(-38.1411383738949,105.568839743107,-7.67570277447683));
#3994=CARTESIAN_POINT('',(-34.7870089411999,106.878963406212,-7.67570277447682));
#3995=CARTESIAN_POINT('',(-30.3678522282034,108.333559851921,-7.67570277447682));
#3996=CARTESIAN_POINT('',(-24.6602302067496,109.772241978052,-7.67570277447682));
#3997=CARTESIAN_POINT('',(-18.5741427385585,110.860529201344,-7.67570277447682));
#3998=CARTESIAN_POINT('',(-12.3198621999663,111.577417480585,-7.67570277447682));
#3999=CARTESIAN_POINT('',(-6.13487344660527,111.960572126957,-7.67570277447682));
#4000=CARTESIAN_POINT('',(-2.03519666947279,112.034863450908,-7.67570277447682));
#4001=CARTESIAN_POINT('',(3.94558983130011E-6,112.034855942227,-7.67570277447682));
#4002=CARTESIAN_POINT('',(-3.93073854794216E-9,-1.2088536751839,63.0258213637614));
#4003=CARTESIAN_POINT('',(0.476863185030151,-1.20893809806683,63.0257514010766));
#4004=CARTESIAN_POINT('',(0.953700815870725,-1.16190884378666,63.024211930175));
#4005=CARTESIAN_POINT('',(1.6552915328043,-1.0223090795762,63.0285285948551));
#4006=CARTESIAN_POINT('',(1.88679613081985,-0.964348062006774,63.0312389869982));
#4007=CARTESIAN_POINT('',(2.34308706036328,-0.825953321642441,63.0403472255022));
#4008=CARTESIAN_POINT('',(2.56774503701613,-0.745487997244663,63.0460887418996));
#4009=CARTESIAN_POINT('',(3.22849391382828,-0.472019618612375,63.0627326505842));
#4010=CARTESIAN_POINT('',(3.65085825968884,-0.24587102216584,63.0732519366572));
#4011=CARTESIAN_POINT('',(4.44410855173694,0.283649915632158,63.0690009835156));
#4012=CARTESIAN_POINT('',(4.81431755655894,0.587634939196211,63.0524474381088));
#4013=CARTESIAN_POINT('',(5.48812322090109,1.26124597178459,63.0097930491209));
#4014=CARTESIAN_POINT('',(5.79181383362253,1.6310282192835,62.9847085923992));
#4015=CARTESIAN_POINT('',(6.32160370876828,2.42342403017578,62.9511323862357));
#4016=CARTESIAN_POINT('',(6.54764033559363,2.84586327387705,62.9427721621691));
#4017=CARTESIAN_POINT('',(6.91292861713714,3.72683566795753,62.9329846994429));
#4018=CARTESIAN_POINT('',(7.05220729237659,4.18530958514997,62.9318632677929));
#4019=CARTESIAN_POINT('',(7.19199598920322,4.88681985021548,62.9315948146557));
#4020=CARTESIAN_POINT('',(7.26220511868128,5.35910206103448,62.931865971159));
#4021=CARTESIAN_POINT('',(7.29756353887309,6.0743251739646,62.932292434434));
#4022=CARTESIAN_POINT('',(7.26279100581529,6.78987057244122,62.9329354296792));
#4023=CARTESIAN_POINT('',(7.19278952312767,7.2622618588545,62.9334985772519));
#4024=CARTESIAN_POINT('',(7.05354276274176,7.9640581053417,62.9344478412367));
#4025=CARTESIAN_POINT('',(6.9145317150485,8.42270686538287,62.9352412712701));
#4026=CARTESIAN_POINT('',(6.54966125230331,9.30420164184516,62.9370411541036));
#4027=CARTESIAN_POINT('',(6.32392734181024,9.72690934042528,62.938057548839));
#4028=CARTESIAN_POINT('',(5.79408545130588,10.5202477563467,62.9402493377157));
#4029=CARTESIAN_POINT('',(5.49012105269576,10.8907889296794,62.9414100986636));
#4030=CARTESIAN_POINT('',(4.81571883241522,11.5655013292563,62.9437936225376));
#4031=CARTESIAN_POINT('',(4.44525251555962,11.8695761932735,62.9451057153182));
#4032=CARTESIAN_POINT('',(3.652156638189,12.3997364661206,62.9482901175232));
#4033=CARTESIAN_POINT('',(3.22950587787779,12.62565855599,62.9503774316078));
#4034=CARTESIAN_POINT('',(2.34822215481556,12.9908983310576,62.9549023677471));
#4035=CARTESIAN_POINT('',(1.88957843912306,13.1299707637903,62.9568659053535));
#4036=CARTESIAN_POINT('',(0.953943064288592,13.3160440528768,62.9593049505344));
#4037=CARTESIAN_POINT('',(0.477019112267297,13.3633792968067,62.9598351765037));
#4038=CARTESIAN_POINT('',(1.11726201251891E-8,13.3631031690345,62.9598324377077));
#4039=CARTESIAN_POINT('',(1.11726201251891E-8,13.3631031690345,62.9598324377077));
#4040=CARTESIAN_POINT('',(-0.476918940303437,13.363378837129,62.9598351382418));
#4041=CARTESIAN_POINT('',(-0.953690928850769,13.3160663290381,62.9593052776038));
#4042=CARTESIAN_POINT('',(-1.88913303399741,13.1300936047647,62.9568673068742));
#4043=CARTESIAN_POINT('',(-2.34767548560525,12.9910522121683,62.9549050839803));
#4044=CARTESIAN_POINT('',(-3.2287837887652,12.6260087467176,62.9503813489181));
#4045=CARTESIAN_POINT('',(-3.65139066377572,12.4001703437774,62.9482934557363));
#4046=CARTESIAN_POINT('',(-4.44434708771881,11.8702608763666,62.9451091254238));
#4047=CARTESIAN_POINT('',(-4.8147824787836,11.5663126710275,62.9437968951215));
#4048=CARTESIAN_POINT('',(-5.48914280150806,10.8918940566455,62.9414136574364));
#4049=CARTESIAN_POINT('',(-5.79311997029744,10.5214914859212,62.9402531405698));
#4050=CARTESIAN_POINT('',(-6.32300063771725,9.72850405179706,62.9380615773897));
#4051=CARTESIAN_POINT('',(-6.54882305092921,9.30587841522165,62.9370450361559));
#4052=CARTESIAN_POINT('',(-6.91382383030283,8.42479164719491,62.9352449709284));
#4053=CARTESIAN_POINT('',(-7.05293767751861,7.96621621255052,62.9344516472393));
#4054=CARTESIAN_POINT('',(-7.19239279623527,7.26465230284633,62.9335015803963));
#4055=CARTESIAN_POINT('',(-7.26254817665394,6.79238785018781,62.9329378122334));
#4056=CARTESIAN_POINT('',(-7.29753841221585,6.07714013609941,62.9322950052151));
#4057=CARTESIAN_POINT('',(-7.26246210366792,5.36159610038941,62.9318672268541));
#4058=CARTESIAN_POINT('',(-7.19239862998987,4.8892496681046,62.931595798398));
#4059=CARTESIAN_POINT('',(-7.05279751087742,4.18747665043437,62.9318590244559));
#4060=CARTESIAN_POINT('',(-6.91363250880715,3.72887976108131,62.9329734859119));
#4061=CARTESIAN_POINT('',(-6.54849034364816,2.84757021368352,62.9427422341809));
#4062=CARTESIAN_POINT('',(-6.32253590190558,2.42500982766034,62.9510884027068));
#4063=CARTESIAN_POINT('',(-5.79276703622697,1.6322595235519,62.9846341787292));
#4064=CARTESIAN_POINT('',(-5.48910594322428,1.26235462857965,63.0097196689128));
#4065=CARTESIAN_POINT('',(-4.81524333159453,0.588436894108885,63.0524002781662));
#4066=CARTESIAN_POINT('',(-4.4450241316005,0.284343354284478,63.0689764140422));
#4067=CARTESIAN_POINT('',(-3.65163782105898,-0.245429840770623,63.0732659233978));
#4068=CARTESIAN_POINT('',(-3.22922295472119,-0.471667746501577,63.0627509033094));
#4069=CARTESIAN_POINT('',(-2.56831973444303,-0.745274242341747,63.0461033063869));
#4070=CARTESIAN_POINT('',(-2.34361914580066,-0.825773780327108,63.0403598202362));
#4071=CARTESIAN_POINT('',(-1.88725812980923,-0.96422648811598,63.0312457190015));
#4072=CARTESIAN_POINT('',(-1.6556556629504,-1.02222651160686,63.0285317120734));
#4073=CARTESIAN_POINT('',(-0.953929705176343,-1.16188458396131,63.024211328205));
#4074=CARTESIAN_POINT('',(-0.476987016842811,-1.20893813216402,63.025751331082));
#4075=CARTESIAN_POINT('',(-3.93073854794216E-9,-1.2088536751839,63.0258213637614));
#4076=CARTESIAN_POINT('',(5.53842069299991E-9,101.834943242269,14.3242972255232));
#4077=CARTESIAN_POINT('',(5.81976586509108E-9,102.138597147954,16.752872284839));
#4078=CARTESIAN_POINT('',(6.11337378602671E-9,102.135242700958,19.2873056404836));
#4079=CARTESIAN_POINT('',(6.99733401136262E-9,100.45334551856,26.9177379871892));
#4080=CARTESIAN_POINT('',(8.10322604128252E-9,94.6009964116631,36.4640355454823));
#4081=CARTESIAN_POINT('',(9.0153993974772E-9,86.5066661716528,44.3382125449253));
#4082=CARTESIAN_POINT('',(9.85164431189347E-9,78.3759435788443,51.5569347435251));
#4083=CARTESIAN_POINT('',(1.04939209991559E-8,70.7893102143213,57.1012292208529));
#4084=CARTESIAN_POINT('',(1.07447544966098E-8,63.6528832503449,59.2664551341386));
#4085=CARTESIAN_POINT('',(1.11044051661369E-8,48.0963993913388,62.3709811284706));
#4086=CARTESIAN_POINT('',(1.11512937051004E-8,31.8622088640325,62.7758213312153));
#4087=CARTESIAN_POINT('',(1.11726201251891E-8,13.3631031690345,62.9598324377077));
#4088=CARTESIAN_POINT('',(-3.63319361388172E-9,-101.550571283044,14.3242972255232));
#4089=CARTESIAN_POINT('',(-3.63068570569064E-9,-101.699723608213,16.6073431702934));
#4090=CARTESIAN_POINT('',(-3.62897912983717E-9,-101.613266016366,18.8875851443463));
#4091=CARTESIAN_POINT('',(-3.62788816455356E-9,-100.24264317878,25.430163396605));
#4092=CARTESIAN_POINT('',(-3.63644594475771E-9,-95.7968637257569,32.8630755956983));
#4093=CARTESIAN_POINT('',(-3.65445401948295E-9,-89.1438675452986,38.0520388610664));
#4094=CARTESIAN_POINT('',(-3.67616360413206E-9,-81.4816576359879,42.9243186525986));
#4095=CARTESIAN_POINT('',(-3.70241973253075E-9,-72.7650432195953,46.6876905860394));
#4096=CARTESIAN_POINT('',(-3.73163461394188E-9,-63.5093624379687,49.1631181144841));
#4097=CARTESIAN_POINT('',(-3.79457025588454E-9,-43.4023526614983,55.1445823914162));
#4098=CARTESIAN_POINT('',(-3.85505913483738E-9,-23.7093834500478,62.2989977969719));
#4099=CARTESIAN_POINT('',(-3.93073854794216E-9,-1.2088536751839,63.0258213637614));
#4100=CARTESIAN_POINT('',(-39.5394546745789,-14.6113211963186,56.936441119998));
#4101=CARTESIAN_POINT('',(-39.6558872638346,-13.952665286655,57.0027224167487));
#4102=CARTESIAN_POINT('',(-39.8101125342381,-13.2442116590506,57.0636167248116));
#4103=CARTESIAN_POINT('',(-40.1082573436622,-12.2685806994406,57.125323575655));
#4104=CARTESIAN_POINT('',(-40.2370160039715,-11.9027137500362,57.1440551649697));
#4105=CARTESIAN_POINT('',(-40.470281305761,-11.4176193760703,57.1558783570729));
#4106=CARTESIAN_POINT('',(-40.5763023933026,-11.2257126723621,57.1576781618689));
#4107=CARTESIAN_POINT('',(-40.7657912722153,-10.9987747924431,57.147668819129));
#4108=CARTESIAN_POINT('',(-40.8570164537244,-10.9098056082579,57.1405376001169));
#4109=CARTESIAN_POINT('',(-41.0851295358404,-10.8269463728161,57.1074215201843));
#4110=CARTESIAN_POINT('',(-41.1896066948158,-10.873812076225,57.083026833041));
#4111=CARTESIAN_POINT('',(-41.2731590790763,-10.9658822232763,57.0574454770532));
#4112=CARTESIAN_POINT('',(-41.4265400972371,-11.1348996968282,57.0104845858463));
#4113=CARTESIAN_POINT('',(-41.5109671630346,-11.4561376391012,56.9588006806002));
#4114=CARTESIAN_POINT('',(-41.6043978246848,-11.9150716267581,56.8887257189661));
#4115=CARTESIAN_POINT('',(-41.6339526079951,-12.1807196962214,56.8520259453674));
#4116=CARTESIAN_POINT('',(-41.6859489955049,-12.9215779679643,56.7533859909766));
#4117=CARTESIAN_POINT('',(-41.6805526840953,-13.4533521521167,56.6877812636085));
#4118=CARTESIAN_POINT('',(-41.6323254698409,-14.4451078244582,56.5674604238121));
#4119=CARTESIAN_POINT('',(-41.5868619198172,-14.9540088610151,56.5069871053891));
#4120=CARTESIAN_POINT('',(-41.4687798319104,-15.9465080674821,56.3895611434373));
#4121=CARTESIAN_POINT('',(-41.3938701861733,-16.448755707247,56.3304316604306));
#4122=CARTESIAN_POINT('',(-41.3066518144071,-16.9417179054457,56.2725258397491));
#4123=CARTESIAN_POINT('',(-41.3066518144071,-16.9417179054457,56.2725258397491));
#4124=CARTESIAN_POINT('',(-41.2434890444905,-17.2987167495176,56.2305909588924));
#4125=CARTESIAN_POINT('',(-41.1726406351549,-17.6577817224375,56.188492475029));
#4126=CARTESIAN_POINT('',(-41.0173118547601,-18.3651465335661,56.1060284937997));
#4127=CARTESIAN_POINT('',(-40.9307648350257,-18.7230012213915,56.0645353618649));
#4128=CARTESIAN_POINT('',(-40.7424175202455,-19.418364392796,55.9853145663529));
#4129=CARTESIAN_POINT('',(-40.6345181673076,-19.7788862573046,55.9449089856366));
#4130=CARTESIAN_POINT('',(-40.4044615719083,-20.4357863862907,55.8754189956864));
#4131=CARTESIAN_POINT('',(-40.2502674190086,-20.8295314523737,55.8354776985854));
#4132=CARTESIAN_POINT('',(-40.0786928378994,-21.1225824713402,55.8156186740005));
#4133=CARTESIAN_POINT('',(-40.0145913027324,-21.2320685040413,55.8081991952258));
#4134=CARTESIAN_POINT('',(-39.9257407732284,-21.3657645088736,55.8009734213293));
#4135=CARTESIAN_POINT('',(-39.7660437507484,-21.5021998924987,55.8065624578956));
#4136=CARTESIAN_POINT('',(-39.6868707377767,-21.5472205671787,55.8133943159847));
#4137=CARTESIAN_POINT('',(-39.5265228040315,-21.5060015267782,55.8512498370604));
#4138=CARTESIAN_POINT('',(-39.470291092215,-21.4349021370579,55.874781178728));
#4139=CARTESIAN_POINT('',(-39.4326615522056,-21.3714685605291,55.8933478451699));
#4140=CARTESIAN_POINT('',(-39.296264383024,-21.1415385569355,55.9606471197074));
#4141=CARTESIAN_POINT('',(-39.2316459664438,-20.7170392797247,56.048242326391));
#4142=CARTESIAN_POINT('',(-39.200952868464,-20.4567013523535,56.0994147399377));
#4143=CARTESIAN_POINT('',(-39.1464627026817,-19.9945174166942,56.1902623076701));
#4144=CARTESIAN_POINT('',(-39.1315720484377,-19.4653438863099,56.2826995851999));
#4145=CARTESIAN_POINT('',(-39.13569936671,-18.5148595353698,56.4380654668349));
#4146=CARTESIAN_POINT('',(-39.1560992989434,-18.0162540775656,56.513598626547));
#4147=CARTESIAN_POINT('',(-39.2527481071981,-16.5733731927245,56.7177144078372));
#4148=CARTESIAN_POINT('',(-39.3712292818205,-15.5629675506952,56.8406758600334));
#4149=CARTESIAN_POINT('',(-39.5394546745789,-14.6113211963186,56.936441119998));
#4150=CARTESIAN_POINT('',(-41.3898547199636,-4.26608472133034,60.341805840363));
#4151=CARTESIAN_POINT('',(-41.4862856401696,-3.71858238227955,60.3583674714476));
#4152=CARTESIAN_POINT('',(-41.6243346505798,-3.13066377894421,60.3675295646637));
#4153=CARTESIAN_POINT('',(-41.9076854252952,-2.33063023059429,60.360232243838));
#4154=CARTESIAN_POINT('',(-42.0341891176617,-2.02850484441939,60.3534251877226));
#4155=CARTESIAN_POINT('',(-42.2689282838544,-1.64443272738867,60.3309960554922));
#4156=CARTESIAN_POINT('',(-42.37674593669,-1.49587282002728,60.3191441489915));
#4157=CARTESIAN_POINT('',(-42.6538562950559,-1.27565172169738,60.2804783777628));
#4158=CARTESIAN_POINT('',(-42.8257508121868,-1.23485325992636,60.2517503114095));
#4159=CARTESIAN_POINT('',(-42.9892623827554,-1.37147341619177,60.2156585680152));
#4160=CARTESIAN_POINT('',(-43.2524437006733,-1.59137144943205,60.1575668222175));
#4161=CARTESIAN_POINT('',(-43.3661842138357,-2.15742414986732,60.1077297693598));
#4162=CARTESIAN_POINT('',(-43.4694940074762,-2.84464329682998,60.0515016177809));
#4163=CARTESIAN_POINT('',(-43.4889387951591,-3.256688209482,60.0243115163126));
#4164=CARTESIAN_POINT('',(-43.486611961947,-4.02609086762355,59.9783123811899));
#4165=CARTESIAN_POINT('',(-43.4646571549916,-4.42049400276071,59.9573649104208));
#4166=CARTESIAN_POINT('',(-43.3910791765573,-5.18978122203789,59.919837103543));
#4167=CARTESIAN_POINT('',(-43.3380094533181,-5.57914214190492,59.9025671475126));
#4168=CARTESIAN_POINT('',(-43.2708356953369,-5.96033753893435,59.8872914733273));
#4169=CARTESIAN_POINT('',(-43.2708356953369,-5.96033753893435,59.8872914733273));
#4170=CARTESIAN_POINT('',(-43.2183712014106,-6.25806129584831,59.8753607649733));
#4171=CARTESIAN_POINT('',(-43.1560210134784,-6.5580385408056,59.8643595167995));
#4172=CARTESIAN_POINT('',(-43.0122813012332,-7.14392861769322,59.845508217051));
#4173=CARTESIAN_POINT('',(-42.9279909392581,-7.44201626168755,59.837241045833));
#4174=CARTESIAN_POINT('',(-42.7320350695611,-8.01947630243223,59.8258725728275));
#4175=CARTESIAN_POINT('',(-42.6049986904496,-8.3410979879191,59.8219936191328));
#4176=CARTESIAN_POINT('',(-42.3748711565031,-8.758855293813,59.8279841044222));
#4177=CARTESIAN_POINT('',(-42.2688228953931,-8.92466668050229,59.8328378410246));
#4178=CARTESIAN_POINT('',(-42.0798194618459,-9.10768006535247,59.8512627261182));
#4179=CARTESIAN_POINT('',(-41.9932676399671,-9.17164044540724,59.8614315711323));
#4180=CARTESIAN_POINT('',(-41.7923984220581,-9.20804629560112,59.895104780179));
#4181=CARTESIAN_POINT('',(-41.7030282229872,-9.16526915545579,59.9154053144269));
#4182=CARTESIAN_POINT('',(-41.6291173126592,-9.09150007186775,59.9355726468537));
#4183=CARTESIAN_POINT('',(-41.3849488062734,-8.84780009743656,60.0021964702455));
#4184=CARTESIAN_POINT('',(-41.2811661253554,-8.2477240670444,60.072738073224));
#4185=CARTESIAN_POINT('',(-41.1866996302048,-7.53373381036827,60.1485375308607));
#4186=CARTESIAN_POINT('',(-41.1682808183229,-7.10372469913393,60.1855624546171));
#4187=CARTESIAN_POINT('',(-41.1707476589781,-6.29739205605837,60.2454396335498));
#4188=CARTESIAN_POINT('',(-41.191915332956,-5.88374671561062,60.271109035617));
#4189=CARTESIAN_POINT('',(-41.2655056304215,-5.07587213631182,60.3128434051744));
#4190=CARTESIAN_POINT('',(-41.3193687503945,-4.66628035491856,60.3297001524554));
#4191=CARTESIAN_POINT('',(-41.3898547199636,-4.26608472133034,60.341805840363));
#4192=CARTESIAN_POINT('',(-41.3066518144071,-16.9417179054457,56.2725258397491));
#4193=CARTESIAN_POINT('',(-43.2708356953369,-5.96033753893435,59.8872914733273));
#4194=CARTESIAN_POINT('',(-41.3898547199636,-4.26608472133034,60.341805840363));
#4195=CARTESIAN_POINT('',(-39.5394546745789,-14.6113211963186,56.936441119998));
#4196=CARTESIAN_POINT('',(6.0925942722001E-6,108.961705146218,12.3242972255232));
#4197=CARTESIAN_POINT('',(6.0925942741985E-6,108.961705146218,-10.3757027744768));
#4198=CARTESIAN_POINT('',(6.09259432926557E-6,108.961705146218,12.3242972255232));
#4199=CARTESIAN_POINT('',(2.28359404117874,108.961708256423,12.3242972255232));
#4200=CARTESIAN_POINT('',(6.72403426193979,108.869291312561,12.3242972255232));
#4201=CARTESIAN_POINT('',(13.2000536595014,108.411834500814,12.3242972255232));
#4202=CARTESIAN_POINT('',(19.3189785883525,107.629813710788,12.3242972255232));
#4203=CARTESIAN_POINT('',(25.3548054993062,106.465745456922,12.3242972255232));
#4204=CARTESIAN_POINT('',(31.0715835985477,104.91611325419,12.3242972255232));
#4205=CARTESIAN_POINT('',(36.0333434749337,103.133235277741,12.3242972255232));
#4206=CARTESIAN_POINT('',(40.517322496675,101.17170484268,12.3242972255232));
#4207=CARTESIAN_POINT('',(44.7258012110871,98.9830750940556,12.3242972255232));
#4208=CARTESIAN_POINT('',(48.9505011001501,96.3722898836046,12.3242972255232));
#4209=CARTESIAN_POINT('',(52.8053588367869,93.621255620998,12.3242972255232));
#4210=CARTESIAN_POINT('',(56.3727144513084,90.7336092274411,12.3242972255232));
#4211=CARTESIAN_POINT('',(60.8867103696366,86.6239260161358,12.3242972255232));
#4212=CARTESIAN_POINT('',(66.0836835539336,81.0365708071346,12.3242972255232));
#4213=CARTESIAN_POINT('',(70.6879724534068,74.956508033304,12.3242972255232));
#4214=CARTESIAN_POINT('',(73.8539336145321,70.1085974909759,12.3242972255232));
#4215=CARTESIAN_POINT('',(76.0394824608899,66.4474514180914,12.3242972255232));
#4216=CARTESIAN_POINT('',(78.8074536404605,61.3738599507417,12.3242972255232));
#4217=CARTESIAN_POINT('',(82.0313335857612,54.490867568301,12.3242972255232));
#4218=CARTESIAN_POINT('',(85.2817728273213,45.9815562096638,12.3242972255232));
#4219=CARTESIAN_POINT('',(87.516728528487,38.7401870897735,12.3242972255232));
#4220=CARTESIAN_POINT('',(89.0397375916004,32.9041473241808,12.3242972255232));
#4221=CARTESIAN_POINT('',(90.3986065720034,27.0372855684369,12.3242972255232));
#4222=CARTESIAN_POINT('',(91.6662550899066,20.1927682354862,12.3242972255232));
#4223=CARTESIAN_POINT('',(92.7100658930751,11.7012555912706,12.3242972255232));
#4224=CARTESIAN_POINT('',(93.0938650973642,4.62077539647841,12.3242972255232));
#4225=CARTESIAN_POINT('',(93.0259878466453,-1.58108338176727,12.3242972255232));
#4226=CARTESIAN_POINT('',(92.7572845748683,-6.2399265449368,12.3242972255232));
#4227=CARTESIAN_POINT('',(92.2626661327034,-10.8603783936821,12.3242972255232));
#4228=CARTESIAN_POINT('',(91.5679844422807,-15.4125970582169,12.3242972255232));
#4229=CARTESIAN_POINT('',(90.6966214815165,-19.8895184130666,12.3242972255232));
#4230=CARTESIAN_POINT('',(89.3396141200269,-25.7238994360035,12.3242972255232));
#4231=CARTESIAN_POINT('',(87.329725726869,-32.8215155096982,12.3242972255232));
#4232=CARTESIAN_POINT('',(85.249372512565,-39.070705388796,12.3242972255232));
#4233=CARTESIAN_POINT('',(83.7999668896408,-43.1782635640028,12.3242972255232));
#4234=CARTESIAN_POINT('',(82.8045911432584,-45.9429343955564,12.3242972255232));
#4235=CARTESIAN_POINT('',(81.497129538938,-49.4366644449034,12.3242972255232));
#4236=CARTESIAN_POINT('',(79.8154633295047,-53.6401755257292,12.3242972255232));
#4237=CARTESIAN_POINT('',(77.9879949881482,-57.8518116655956,12.3242972255232));
#4238=CARTESIAN_POINT('',(75.98145823717,-62.0600169106279,12.3242972255232));
#4239=CARTESIAN_POINT('',(73.7600212132231,-66.2497802689519,12.3242972255232));
#4240=CARTESIAN_POINT('',(71.2831669069454,-70.397496810918,12.3242972255232));
#4241=CARTESIAN_POINT('',(68.5184539368578,-74.4637743806718,12.3242972255232));
#4242=CARTESIAN_POINT('',(65.4555359080412,-78.3693263741553,12.3242972255232));
#4243=CARTESIAN_POINT('',(62.1103260018438,-82.0329424212755,12.3242972255232));
#4244=CARTESIAN_POINT('',(58.5522868804446,-85.420514523456,12.3242972255232));
#4245=CARTESIAN_POINT('',(54.8216435636768,-88.5365475257643,12.3242972255232));
#4246=CARTESIAN_POINT('',(50.949586444169,-91.3949330635463,12.3242972255232));
#4247=CARTESIAN_POINT('',(46.9643997318835,-94.0108260995456,12.3242972255232));
#4248=CARTESIAN_POINT('',(42.8923784605424,-96.3986065287397,12.3242972255232));
#4249=CARTESIAN_POINT('',(38.7583244269802,-98.5729095814128,12.3242972255232));
#4250=CARTESIAN_POINT('',(34.7107418017495,-100.487409137209,12.3242972255232));
#4251=CARTESIAN_POINT('',(30.8627170287116,-102.138359879922,12.3242972255232));
#4252=CARTESIAN_POINT('',(27.2005266151245,-103.567230688343,12.3242972255232));
#4253=CARTESIAN_POINT('',(23.5665061282017,-104.835263708982,12.3242972255232));
#4254=CARTESIAN_POINT('',(19.8422717728808,-105.971724971973,12.3242972255232));
#4255=CARTESIAN_POINT('',(16.0298492514282,-106.954055212674,12.3242972255232));
#4256=CARTESIAN_POINT('',(12.1327958162632,-107.761038025397,12.3242972255232));
#4257=CARTESIAN_POINT('',(8.15482957271267,-108.368503547129,12.3242972255232));
#4258=CARTESIAN_POINT('',(4.10178953234956,-108.752642325592,12.3242972255232));
#4259=CARTESIAN_POINT('',(1.37290977168801,-108.842161474643,12.3242972255232));
#4260=CARTESIAN_POINT('',(-3.51037080732545E-9,-108.842161474643,12.3242972255232));
#4261=CARTESIAN_POINT('',(6.09259433104192E-6,108.961705146218,-10.3757027744768));
#4262=CARTESIAN_POINT('',(2.28359404117875,108.961708256423,-10.3757027744768));
#4263=CARTESIAN_POINT('',(6.72403426193979,108.869291312561,-10.3757027744768));
#4264=CARTESIAN_POINT('',(13.2000536595014,108.411834500814,-10.3757027744768));
#4265=CARTESIAN_POINT('',(19.3189785883525,107.629813710788,-10.3757027744768));
#4266=CARTESIAN_POINT('',(25.3548054993062,106.465745456922,-10.3757027744768));
#4267=CARTESIAN_POINT('',(31.0715835985477,104.91611325419,-10.3757027744768));
#4268=CARTESIAN_POINT('',(36.0333434749337,103.133235277741,-10.3757027744768));
#4269=CARTESIAN_POINT('',(40.517322496675,101.17170484268,-10.3757027744768));
#4270=CARTESIAN_POINT('',(44.7258012110871,98.9830750940556,-10.3757027744768));
#4271=CARTESIAN_POINT('',(48.9505011001501,96.3722898836046,-10.3757027744768));
#4272=CARTESIAN_POINT('',(52.8053588367869,93.621255620998,-10.3757027744768));
#4273=CARTESIAN_POINT('',(56.3727144513084,90.7336092274411,-10.3757027744768));
#4274=CARTESIAN_POINT('',(60.8867103696366,86.6239260161358,-10.3757027744768));
#4275=CARTESIAN_POINT('',(66.0836835539336,81.0365708071346,-10.3757027744768));
#4276=CARTESIAN_POINT('',(70.6879724534068,74.956508033304,-10.3757027744768));
#4277=CARTESIAN_POINT('',(73.8539336145321,70.1085974909759,-10.3757027744768));
#4278=CARTESIAN_POINT('',(76.0394824608899,66.4474514180914,-10.3757027744768));
#4279=CARTESIAN_POINT('',(78.8074536404605,61.3738599507417,-10.3757027744768));
#4280=CARTESIAN_POINT('',(82.0313335857612,54.490867568301,-10.3757027744768));
#4281=CARTESIAN_POINT('',(85.2817728273213,45.9815562096638,-10.3757027744768));
#4282=CARTESIAN_POINT('',(87.516728528487,38.7401870897735,-10.3757027744768));
#4283=CARTESIAN_POINT('',(89.0397375916004,32.9041473241808,-10.3757027744768));
#4284=CARTESIAN_POINT('',(90.3986065720034,27.0372855684369,-10.3757027744768));
#4285=CARTESIAN_POINT('',(91.6662550899066,20.1927682354862,-10.3757027744768));
#4286=CARTESIAN_POINT('',(92.7100658930751,11.7012555912706,-10.3757027744768));
#4287=CARTESIAN_POINT('',(93.0938650973642,4.62077539647841,-10.3757027744768));
#4288=CARTESIAN_POINT('',(93.0259878466453,-1.58108338176727,-10.3757027744768));
#4289=CARTESIAN_POINT('',(92.7572845748683,-6.2399265449368,-10.3757027744768));
#4290=CARTESIAN_POINT('',(92.2626661327034,-10.8603783936821,-10.3757027744768));
#4291=CARTESIAN_POINT('',(91.5679844422807,-15.4125970582169,-10.3757027744768));
#4292=CARTESIAN_POINT('',(90.6966214815165,-19.8895184130666,-10.3757027744768));
#4293=CARTESIAN_POINT('',(89.3396141200269,-25.7238994360035,-10.3757027744768));
#4294=CARTESIAN_POINT('',(87.329725726869,-32.8215155096982,-10.3757027744768));
#4295=CARTESIAN_POINT('',(85.249372512565,-39.070705388796,-10.3757027744768));
#4296=CARTESIAN_POINT('',(83.7999668896408,-43.1782635640028,-10.3757027744768));
#4297=CARTESIAN_POINT('',(82.8045911432584,-45.9429343955564,-10.3757027744768));
#4298=CARTESIAN_POINT('',(81.497129538938,-49.4366644449034,-10.3757027744768));
#4299=CARTESIAN_POINT('',(79.8154633295047,-53.6401755257292,-10.3757027744768));
#4300=CARTESIAN_POINT('',(77.9879949881482,-57.8518116655956,-10.3757027744768));
#4301=CARTESIAN_POINT('',(75.98145823717,-62.0600169106279,-10.3757027744768));
#4302=CARTESIAN_POINT('',(73.7600212132231,-66.2497802689519,-10.3757027744768));
#4303=CARTESIAN_POINT('',(71.2831669069454,-70.397496810918,-10.3757027744768));
#4304=CARTESIAN_POINT('',(68.5184539368578,-74.4637743806718,-10.3757027744768));
#4305=CARTESIAN_POINT('',(65.4555359080412,-78.3693263741553,-10.3757027744768));
#4306=CARTESIAN_POINT('',(62.1103260018438,-82.0329424212755,-10.3757027744768));
#4307=CARTESIAN_POINT('',(58.5522868804446,-85.420514523456,-10.3757027744768));
#4308=CARTESIAN_POINT('',(54.8216435636768,-88.5365475257643,-10.3757027744768));
#4309=CARTESIAN_POINT('',(50.949586444169,-91.3949330635463,-10.3757027744768));
#4310=CARTESIAN_POINT('',(46.9643997318835,-94.0108260995456,-10.3757027744768));
#4311=CARTESIAN_POINT('',(42.8923784605424,-96.3986065287397,-10.3757027744768));
#4312=CARTESIAN_POINT('',(38.7583244269802,-98.5729095814128,-10.3757027744768));
#4313=CARTESIAN_POINT('',(34.7107418017495,-100.487409137209,-10.3757027744768));
#4314=CARTESIAN_POINT('',(30.8627170287116,-102.138359879922,-10.3757027744768));
#4315=CARTESIAN_POINT('',(27.2005266151245,-103.567230688343,-10.3757027744768));
#4316=CARTESIAN_POINT('',(23.5665061282017,-104.835263708982,-10.3757027744768));
#4317=CARTESIAN_POINT('',(19.8422717728808,-105.971724971973,-10.3757027744768));
#4318=CARTESIAN_POINT('',(16.0298492514282,-106.954055212674,-10.3757027744768));
#4319=CARTESIAN_POINT('',(12.1327958162632,-107.761038025397,-10.3757027744768));
#4320=CARTESIAN_POINT('',(8.15482957271267,-108.368503547129,-10.3757027744768));
#4321=CARTESIAN_POINT('',(4.10178953234956,-108.752642325592,-10.3757027744768));
#4322=CARTESIAN_POINT('',(1.37290977168802,-108.842161474643,-10.3757027744768));
#4323=CARTESIAN_POINT('',(-3.51036875341286E-9,-108.842161474643,-10.3757027744768));
#4324=CARTESIAN_POINT('',(3.9455897122842E-6,112.034855942227,14.3242972255232));
#4325=CARTESIAN_POINT('',(3.94558971739123E-6,112.034855942227,-7.67570277447682));
#4326=CARTESIAN_POINT('',(3.94558982619309E-6,112.034855942227,14.3242972255232));
#4327=CARTESIAN_POINT('',(2.03520455616031,112.034848433546,14.3242972255232));
#4328=CARTESIAN_POINT('',(6.13483767665015,111.960526859288,14.3242972255232));
#4329=CARTESIAN_POINT('',(12.3198932180868,111.577473103689,14.3242972255232));
#4330=CARTESIAN_POINT('',(18.5741313133225,110.860496289705,14.3242972255232));
#4331=CARTESIAN_POINT('',(24.6602256957594,109.772263666655,14.3242972255232));
#4332=CARTESIAN_POINT('',(30.3678536091123,108.333494453428,14.3242972255232));
#4333=CARTESIAN_POINT('',(35.6439792962333,106.597033663908,14.3242972255232));
#4334=CARTESIAN_POINT('',(40.6533009674472,104.53419961425,14.3242972255232));
#4335=CARTESIAN_POINT('',(44.7013821603259,102.496072028034,14.3242972255232));
#4336=CARTESIAN_POINT('',(47.8207195286735,100.697288899336,14.3242972255232));
#4337=CARTESIAN_POINT('',(50.655737751873,98.9188036752071,14.3242972255232));
#4338=CARTESIAN_POINT('',(55.1845122463862,95.762614591006,14.3242972255232));
#4339=CARTESIAN_POINT('',(61.0890313304847,90.8094883709103,14.3242972255232));
#4340=CARTESIAN_POINT('',(67.4284631355416,84.1888550855591,14.3242972255232));
#4341=CARTESIAN_POINT('',(73.3567317642707,76.6249145212148,14.3242972255232));
#4342=CARTESIAN_POINT('',(78.5123935765328,68.5173841646751,14.3242972255232));
#4343=CARTESIAN_POINT('',(82.9172166265813,59.9789618690849,14.3242972255232));
#4344=CARTESIAN_POINT('',(86.4521116879739,51.6195305299405,14.3242972255232));
#4345=CARTESIAN_POINT('',(89.3781726237995,43.1046435847276,14.3242972255232));
#4346=CARTESIAN_POINT('',(91.7504454065834,34.4713858827359,14.3242972255232));
#4347=CARTESIAN_POINT('',(93.6269408566833,25.7019987680229,14.3242972255232));
#4348=CARTESIAN_POINT('',(94.8020460741934,17.856118390116,14.3242972255232));
#4349=CARTESIAN_POINT('',(95.4028526033064,11.4014135508829,14.3242972255232));
#4350=CARTESIAN_POINT('',(95.7361522539597,4.8790590608475,14.3242972255232));
#4351=CARTESIAN_POINT('',(95.6972762221784,-0.48413632726341,14.3242972255232));
#4352=CARTESIAN_POINT('',(95.4134425064294,-5.07549682498843,14.3242972255232));
#4353=CARTESIAN_POINT('',(95.155948391841,-8.11971590219964,14.3242972255232));
#4354=CARTESIAN_POINT('',(94.5377891166895,-13.3709680355908,14.3242972255232));
#4355=CARTESIAN_POINT('',(93.2115263327763,-20.7302808900536,14.3242972255232));
#4356=CARTESIAN_POINT('',(91.0567567475665,-29.3184797016456,14.3242972255232));
#4357=CARTESIAN_POINT('',(88.9226157843313,-36.2800164238189,14.3242972255232));
#4358=CARTESIAN_POINT('',(87.3175009171599,-41.0522747547482,14.3242972255232));
#4359=CARTESIAN_POINT('',(86.375658342701,-43.7566282753881,14.3242972255232));
#4360=CARTESIAN_POINT('',(84.9034105707208,-47.9046972295445,14.3242972255232));
#4361=CARTESIAN_POINT('',(83.069263179757,-52.7802969306045,14.3242972255232));
#4362=CARTESIAN_POINT('',(80.7272662827367,-58.3225211594845,14.3242972255232));
#4363=CARTESIAN_POINT('',(78.7924628909157,-62.507860873811,14.3242972255232));
#4364=CARTESIAN_POINT('',(76.6609871974757,-66.6771876217696,14.3242972255232));
#4365=CARTESIAN_POINT('',(74.2983052749334,-70.8087926206828,14.3242972255232));
#4366=CARTESIAN_POINT('',(71.6750102078056,-74.8709732519395,14.3242972255232));
#4367=CARTESIAN_POINT('',(69.2569468527598,-78.1527068859373,14.3242972255232));
#4368=CARTESIAN_POINT('',(67.1747190730847,-80.6934381434218,14.3242972255232));
#4369=CARTESIAN_POINT('',(65.0081211821212,-83.1513348717954,14.3242972255232));
#4370=CARTESIAN_POINT('',(62.1657351506402,-86.0556209102566,14.3242972255232));
#4371=CARTESIAN_POINT('',(58.5599331865044,-89.2857978584453,14.3242972255232));
#4372=CARTESIAN_POINT('',(54.7964350769223,-92.2629425247437,14.3242972255232));
#4373=CARTESIAN_POINT('',(50.9030085646664,-94.9989374000482,14.3242972255232));
#4374=CARTESIAN_POINT('',(45.5945599905987,-98.3294501981295,14.3242972255232));
#4375=CARTESIAN_POINT('',(40.1042587588523,-101.24695752709,14.3242972255232));
#4376=CARTESIAN_POINT('',(35.2685257907018,-103.45099506164,14.3242972255232));
#4377=CARTESIAN_POINT('',(32.6535062226214,-104.559675716643,14.3242972255232));
#4378=CARTESIAN_POINT('',(29.0658437965447,-106.0145041569,14.3242972255232));
#4379=CARTESIAN_POINT('',(23.5923133534324,-107.978250556218,14.3242972255232));
#4380=CARTESIAN_POINT('',(16.0158323682433,-110.04160472429,14.3242972255232));
#4381=CARTESIAN_POINT('',(9.46962136943019,-111.179002397493,14.3242972255232));
#4382=CARTESIAN_POINT('',(4.09702266613831,-111.664451894944,14.3242972255232));
#4383=CARTESIAN_POINT('',(1.37134970095504,-111.750029589653,14.3242972255232));
#4384=CARTESIAN_POINT('',(-3.64440058889985E-9,-111.75057048752,14.3242972255232));
#4385=CARTESIAN_POINT('',(3.94558983130011E-6,112.034855942227,-7.67570277447682));
#4386=CARTESIAN_POINT('',(2.03520455616031,112.034848433546,-7.67570277447682));
#4387=CARTESIAN_POINT('',(6.13483767665015,111.960526859288,-7.67570277447681));
#4388=CARTESIAN_POINT('',(12.3198932180868,111.577473103689,-7.67570277447681));
#4389=CARTESIAN_POINT('',(18.5741313133225,110.860496289705,-7.67570277447681));
#4390=CARTESIAN_POINT('',(24.6602256957594,109.772263666655,-7.67570277447681));
#4391=CARTESIAN_POINT('',(30.3678536091123,108.333494453428,-7.67570277447681));
#4392=CARTESIAN_POINT('',(35.6439792962333,106.597033663908,-7.67570277447681));
#4393=CARTESIAN_POINT('',(40.6533009674473,104.53419961425,-7.67570277447681));
#4394=CARTESIAN_POINT('',(44.701382160326,102.496072028034,-7.67570277447681));
#4395=CARTESIAN_POINT('',(47.8207195286735,100.697288899336,-7.6757027744768));
#4396=CARTESIAN_POINT('',(50.655737751873,98.9188036752071,-7.6757027744768));
#4397=CARTESIAN_POINT('',(55.1845122463862,95.762614591006,-7.6757027744768));
#4398=CARTESIAN_POINT('',(61.0890313304847,90.8094883709103,-7.6757027744768));
#4399=CARTESIAN_POINT('',(67.4284631355416,84.1888550855591,-7.6757027744768));
#4400=CARTESIAN_POINT('',(73.3567317642707,76.6249145212148,-7.6757027744768));
#4401=CARTESIAN_POINT('',(78.5123935765328,68.5173841646751,-7.67570277447679));
#4402=CARTESIAN_POINT('',(82.9172166265813,59.9789618690849,-7.67570277447679));
#4403=CARTESIAN_POINT('',(86.4521116879739,51.6195305299405,-7.67570277447679));
#4404=CARTESIAN_POINT('',(89.3781726237995,43.1046435847276,-7.67570277447679));
#4405=CARTESIAN_POINT('',(91.7504454065834,34.4713858827359,-7.67570277447679));
#4406=CARTESIAN_POINT('',(93.6269408566833,25.7019987680229,-7.67570277447679));
#4407=CARTESIAN_POINT('',(94.8020460741934,17.856118390116,-7.67570277447679));
#4408=CARTESIAN_POINT('',(95.4028526033064,11.4014135508829,-7.67570277447679));
#4409=CARTESIAN_POINT('',(95.7361522539597,4.8790590608475,-7.67570277447679));
#4410=CARTESIAN_POINT('',(95.6972762221784,-0.48413632726341,-7.67570277447679));
#4411=CARTESIAN_POINT('',(95.4134425064294,-5.07549682498843,-7.67570277447678));
#4412=CARTESIAN_POINT('',(95.155948391841,-8.11971590219964,-7.67570277447678));
#4413=CARTESIAN_POINT('',(94.5377891166896,-13.3709680355908,-7.67570277447678));
#4414=CARTESIAN_POINT('',(93.2115263327763,-20.7302808900536,-7.67570277447678));
#4415=CARTESIAN_POINT('',(91.0567567475665,-29.3184797016456,-7.67570277447678));
#4416=CARTESIAN_POINT('',(88.9226157843313,-36.2800164238189,-7.67570277447678));
#4417=CARTESIAN_POINT('',(87.3175009171599,-41.0522747547482,-7.67570277447678));
#4418=CARTESIAN_POINT('',(86.375658342701,-43.7566282753881,-7.67570277447678));
#4419=CARTESIAN_POINT('',(84.9034105707208,-47.9046972295445,-7.67570277447678));
#4420=CARTESIAN_POINT('',(83.069263179757,-52.7802969306045,-7.67570277447678));
#4421=CARTESIAN_POINT('',(80.7272662827367,-58.3225211594845,-7.67570277447678));
#4422=CARTESIAN_POINT('',(78.7924628909157,-62.507860873811,-7.67570277447678));
#4423=CARTESIAN_POINT('',(76.6609871974757,-66.6771876217696,-7.67570277447678));
#4424=CARTESIAN_POINT('',(74.2983052749334,-70.8087926206828,-7.67570277447678));
#4425=CARTESIAN_POINT('',(71.6750102078056,-74.8709732519395,-7.67570277447678));
#4426=CARTESIAN_POINT('',(69.2569468527598,-78.1527068859373,-7.67570277447679));
#4427=CARTESIAN_POINT('',(67.1747190730848,-80.6934381434218,-7.67570277447679));
#4428=CARTESIAN_POINT('',(65.0081211821212,-83.1513348717954,-7.67570277447679));
#4429=CARTESIAN_POINT('',(62.1657351506402,-86.0556209102566,-7.67570277447679));
#4430=CARTESIAN_POINT('',(58.5599331865044,-89.2857978584453,-7.67570277447679));
#4431=CARTESIAN_POINT('',(54.7964350769223,-92.2629425247437,-7.67570277447679));
#4432=CARTESIAN_POINT('',(50.9030085646664,-94.9989374000482,-7.67570277447679));
#4433=CARTESIAN_POINT('',(45.5945599905987,-98.3294501981295,-7.67570277447679));
#4434=CARTESIAN_POINT('',(40.1042587588523,-101.24695752709,-7.67570277447679));
#4435=CARTESIAN_POINT('',(35.2685257907018,-103.45099506164,-7.67570277447679));
#4436=CARTESIAN_POINT('',(32.6535062226214,-104.559675716643,-7.67570277447679));
#4437=CARTESIAN_POINT('',(29.0658437965447,-106.0145041569,-7.67570277447679));
#4438=CARTESIAN_POINT('',(23.5923133534324,-107.978250556218,-7.67570277447679));
#4439=CARTESIAN_POINT('',(16.0158323682433,-110.04160472429,-7.67570277447679));
#4440=CARTESIAN_POINT('',(9.4696213694302,-111.179002397493,-7.6757027744768));
#4441=CARTESIAN_POINT('',(4.09702266613832,-111.664451894944,-7.6757027744768));
#4442=CARTESIAN_POINT('',(1.37134970095504,-111.750029589653,-7.6757027744768));
#4443=CARTESIAN_POINT('',(-3.64439552226274E-9,-111.75057048752,-7.6757027744768));
#4444=CARTESIAN_POINT('',(0.,0.,0.));
ENDSEC;
END-ISO-10303-21;
