ISO-10303-21;
HEADER;
/* Generated by software containing ST-Developer
 * from STEP Tools, Inc. (www.steptools.com) 
 */
/* OPTION: using custom schema-name function */

FILE_DESCRIPTION(
/* description */ (''),
/* implementation_level */ '2;1');

FILE_NAME(
/* name */ 'loops',
/* time_stamp */ '2023-11-09T14:08:05+01:00',
/* author */ (''),
/* organization */ (''),
/* preprocessor_version */ 'ST-DEVELOPER v16.5',
/* originating_system */ 'Rhino 7.34',
/* authorisation */ '');

FILE_SCHEMA (('CONFIG_CONTROL_DESIGN'));
ENDSEC;

DATA;
#10=SHAPE_REPRESENTATION_RELATIONSHIP('','',#211,#12);
#11=GEOMETRIC_CURVE_SET('curve_set_0',(#13,#14,#15,#16,#17,#18,#19,#20,
#21,#22,#23,#24,#25,#26,#27,#28,#29,#30,#31,#32,#33,#34,#35,#36,#37,#38,
#39,#40,#41,#42,#43,#44,#45,#46,#47,#48,#49,#50,#51,#52,#53,#54,#55,#56,
#57,#58,#59,#60,#61,#62,#63,#64,#65,#66,#67,#68,#69,#70,#71,#72,#73,#74,
#75,#76,#77,#78,#79,#80,#81,#82,#83,#84,#85,#86,#87,#88,#89,#90,#91,#92,
#93,#94,#95,#96,#97,#98,#99,#100,#101,#102,#103,#104,#105,#106,#107,#108,
#109,#110,#111,#112,#113,#114,#115,#116,#117,#118,#119,#120,#121,#122,#123,
#124));
#12=GEOMETRICALLY_BOUNDED_WIREFRAME_SHAPE_REPRESENTATION(
'wireframe_rep_0',(#11,#213),#210);
#13=B_SPLINE_CURVE_WITH_KNOTS('',3,(#219,#220,#221,#222,#223,#224,#225,
#226,#227,#228,#229,#230,#231,#232,#233,#234,#235,#236,#237,#238,#239,#240,
#241,#242,#243,#244,#245,#246,#247,#248,#249,#250,#251,#252,#253),
 .UNSPECIFIED.,.T.,.F.,(1,1,1,1,1,1,1,1,1,1,1,1,1,1,1,1,1,1,1,1,1,1,1,1,
1,1,1,1,1,1,1,1,1,1,1,1,1,1,1),(-3.,-2.,-1.,0.,1.,2.,3.,4.,5.,6.,7.,8.,
9.,10.,11.,12.,13.,14.,15.,16.,17.,18.,19.,20.,21.,22.,23.,24.,25.,26.,
27.,28.,29.,30.,31.,32.,33.,34.,35.),.UNSPECIFIED.);
#14=B_SPLINE_CURVE_WITH_KNOTS('',3,(#254,#255,#256,#257,#258,#259,#260,
#261,#262,#263,#264,#265,#266,#267,#268,#269,#270,#271,#272,#273,#274,#275,
#276,#277,#278,#279,#280,#281,#282,#283,#284,#285,#286,#287,#288,#289,#290,
#291,#292,#293,#294,#295,#296,#297,#298,#299,#300,#301,#302,#303,#304,#305,
#306,#307,#308,#309,#310,#311,#312,#313,#314,#315,#316,#317,#318,#319,#320,
#321,#322,#323,#324,#325,#326,#327,#328,#329,#330,#331,#332,#333,#334,#335,
#336,#337,#338,#339,#340,#341,#342,#343,#344,#345,#346,#347,#348,#349,#350,
#351,#352,#353,#354,#355,#356,#357,#358,#359,#360,#361,#362,#363,#364,#365,
#366,#367,#368,#369,#370,#371,#372,#373,#374,#375,#376,#377,#378,#379,#380,
#381,#382,#383,#384,#385,#386,#387,#388,#389,#390,#391,#392,#393,#394,#395,
#396,#397,#398,#399,#400,#401,#402,#403,#404,#405,#406,#407,#408,#409,#410,
#411,#412,#413,#414,#415,#416,#417,#418,#419,#420,#421,#422,#423,#424,#425),
 .UNSPECIFIED.,.T.,.F.,(4,2,2,2,2,2,2,2,2,2,2,2,2,2,2,2,2,2,2,2,2,2,2,2,
2,2,2,2,2,2,2,2,2,2,2,2,2,2,2,2,2,2,2,2,2,2,2,2,2,2,2,2,2,2,2,2,2,2,2,2,
2,2,2,2,2,2,2,2,2,2,2,2,2,2,2,2,2,2,2,2,2,2,2,2,2,4),(0.,0.224051796123178,
0.423371495752756,0.625351850469596,0.732687014918728,0.844025530586717,
0.957860406168021,1.0743504516728,1.31540763552956,1.56752072782623,1.69660684141597,
1.82936568794191,1.9667901447549,2.11077228220364,2.26358932029104,2.42591303031642,
2.59834199154203,2.78412952703803,2.88185345578443,2.9827704631229,3.08616250621923,
3.19165056029858,3.29879825354718,3.40711862067001,3.6256007335571,3.84221598976178,
3.94797795575253,4.05145856166214,4.15264621261689,4.2514223699939,4.34814462099424,
4.44287570074052,4.6283585608236,4.80919704818835,4.98449740315868,5.1573243324795,
5.24344887627901,5.33117561525489,5.34214719074512,5.34763190514686,5.34900302806525,
5.34968858113705,5.35003135556716,5.35036908879704,5.35080264302645,5.35156441047601,
5.35330700846905,5.35679214451341,5.4125435649194,5.52398405469946,5.74660896546761,
6.1908408416238,6.63371022698488,7.07572518424748,7.51751297644412,7.9572250337729,
8.39803204753433,9.28306950814191,9.50691018920659,9.51391958062871,9.51478743869517,
9.5155110823236,9.51674572786452,9.51921513990737,9.52909441192648,9.54886079868486,
9.58841986778368,9.66765240187088,9.98683736909516,10.3098185827574,10.6407832716391,
10.9871627749735,11.3611016954301,11.7538949899132,12.1632612449099,12.57684533416,
12.9650590788697,13.6982449143538,14.0476134397443,14.3747997148819,14.6838567068944,
14.9815589137524,15.2634692655604,15.5293230478625,15.773670052734,16.),
 .UNSPECIFIED.);
#15=B_SPLINE_CURVE_WITH_KNOTS('',3,(#426,#427,#428,#429,#430,#431,#432,
#433,#434,#435,#436,#437,#438,#439,#440,#441,#442,#443,#444,#445,#446,#447,
#448,#449,#450,#451,#452,#453,#454,#455,#456,#457,#458,#459,#460,#461,#462,
#463,#464,#465,#466,#467,#468,#469,#470,#471,#472,#473,#474,#475,#476,#477,
#478,#479,#480,#481,#482,#483,#484,#485,#486,#487,#488,#489,#490,#491,#492,
#493,#494,#495,#496,#497,#498,#499,#500,#501,#502,#503,#504,#505,#506,#507,
#508,#509,#510,#511,#512,#513,#514,#515,#516,#517,#518,#519,#520,#521,#522,
#523,#524,#525,#526,#527,#528,#529,#530,#531,#532,#533,#534,#535,#536,#537,
#538,#539,#540,#541,#542,#543,#544,#545,#546,#547,#548,#549,#550,#551,#552,
#553,#554,#555,#556,#557,#558,#559,#560,#561,#562,#563,#564,#565),
 .UNSPECIFIED.,.T.,.F.,(4,2,2,2,2,2,2,2,2,2,2,2,2,2,2,2,2,2,2,2,2,2,2,2,
2,2,2,2,2,2,2,2,2,2,2,2,2,2,2,2,2,2,2,2,2,2,2,2,2,2,2,2,2,2,2,2,2,2,2,2,
2,2,2,2,2,2,2,2,2,4),(0.,0.247119518170124,0.487654936876038,0.726651270237004,
0.962815861764206,1.43032068652864,1.90325726743258,2.14349623027651,2.20369023881407,
2.23380134564843,2.23568338289936,2.23662440635599,2.23757026557081,2.24137535349988,
2.24898677640046,2.26421473080033,2.38655262226067,2.63390026580047,2.88407150278127,
3.13670221496114,3.39154792364729,3.90474751415615,4.92244768665225,5.17724656595115,
5.43135702874831,5.68458814963016,5.96919746993,6.47305394582246,6.71468135347974,
6.82929367085512,6.93926864487474,7.34485980275142,7.70014494343381,7.86660826324906,
8.02726444435089,8.18403513292012,8.3384802053899,8.64712686097953,8.80629984148025,
8.97362603278308,9.35435379931527,9.79941688250554,9.92054506096301,10.0439980012664,
10.169268867502,10.2960510960002,10.5529845534358,10.8131340678978,11.075029419451,
11.3378949448955,11.6018807371842,11.8662703487728,12.3936296787618,12.9201634338869,
13.201156029514,13.4814768114454,14.0303627706037,14.2753986164106,14.3972976660103,
14.5177138003059,14.7565642191749,14.815908377928,14.8455190505352,14.8473682268729,
14.8482680756583,14.8492320994033,14.8530996001898,14.8608354274803,14.8763027342463,
15.),.UNSPECIFIED.);
#16=B_SPLINE_CURVE_WITH_KNOTS('',3,(#566,#567,#568,#569,#570,#571,#572,
#573,#574,#575,#576,#577,#578,#579,#580,#581,#582,#583,#584,#585,#586,#587,
#588,#589,#590,#591,#592,#593,#594,#595,#596,#597,#598,#599,#600,#601,#602,
#603,#604,#605,#606,#607,#608,#609,#610,#611,#612,#613,#614,#615,#616,#617,
#618,#619,#620,#621,#622,#623,#624,#625,#626,#627,#628,#629,#630,#631,#632,
#633,#634,#635,#636,#637,#638,#639,#640,#641,#642,#643,#644,#645,#646,#647,
#648,#649,#650,#651,#652,#653,#654,#655,#656,#657,#658,#659,#660,#661,#662,
#663,#664,#665,#666,#667,#668,#669,#670,#671,#672,#673,#674,#675,#676,#677,
#678,#679,#680,#681,#682,#683,#684,#685,#686,#687,#688,#689,#690,#691,#692,
#693,#694,#695,#696,#697,#698,#699,#700,#701,#702,#703,#704,#705),
 .UNSPECIFIED.,.T.,.F.,(4,2,2,2,2,2,2,2,2,2,2,2,2,2,2,2,2,2,2,2,2,2,2,2,
2,2,2,2,2,2,2,2,2,2,2,2,2,2,2,2,2,2,2,2,2,2,2,2,2,2,2,2,2,2,2,2,2,2,2,2,
2,2,2,2,2,2,2,2,2,4),(0.,0.261058500737727,0.514920524171142,0.766387420572213,
1.01880881709318,1.27015739541781,1.52194012982371,1.77257712884864,2.02094533137508,
2.51285920994588,2.75799308462191,3.00168975218914,3.24347510648544,3.48427083089407,
3.60458880304037,3.66472328645044,3.71012422033733,3.74019231475254,3.77026870341722,
3.83044017095094,3.9509078083865,4.19212103596095,4.43342130516861,4.91402475865977,
5.15639588181756,5.27813659565018,5.40042529797635,5.64821956202969,5.899107014443,
6.14755366541528,6.39883877950741,6.65243588912486,6.90768786074518,7.44746708401959,
7.71988378481395,7.99415957764215,8.26475026656173,8.53495652757895,8.79017939871552,
9.02307875682077,9.12944417571065,9.23006165079738,9.42299211870301,9.60861847205133,
9.79248258504542,9.95402984552014,10.1516401264634,10.336920262797,10.5210720172016,
10.7032855684883,10.8837171248571,11.0628344125576,11.2420115604256,11.4220422319785,
11.6069225676406,11.8011772583122,11.9017141783346,12.0036756602792,12.4494458677477,
12.5697193038131,12.6926202645715,12.9424057886492,13.1981749167441,13.3253580688543,
13.4528369020561,13.9676408295908,14.2230030217966,14.4807414047889,14.7400730037996,
15.),.UNSPECIFIED.);
#17=B_SPLINE_CURVE_WITH_KNOTS('',3,(#706,#707,#708,#709,#710,#711,#712,
#713,#714,#715,#716,#717,#718,#719,#720,#721,#722,#723,#724,#725,#726,#727,
#728,#729,#730,#731,#732,#733,#734,#735,#736,#737,#738,#739,#740,#741,#742,
#743,#744,#745,#746,#747,#748,#749,#750,#751,#752,#753,#754,#755,#756,#757,
#758,#759,#760,#761,#762,#763,#764,#765,#766,#767,#768,#769,#770,#771,#772,
#773,#774,#775,#776,#777,#778,#779,#780,#781,#782,#783,#784,#785,#786,#787,
#788,#789,#790,#791,#792,#793,#794,#795,#796,#797),.UNSPECIFIED.,.F.,.F.,
(4,2,2,2,2,2,2,2,2,2,2,2,2,2,2,2,2,2,2,2,2,2,2,2,2,2,2,2,2,2,2,2,2,2,2,
2,2,2,2,2,2,2,2,2,2,4),(7.53596532176299,7.90278300319184,7.99625788899476,
8.09064579340126,8.28324567507377,8.68351201007275,9.11308783223263,9.22496078059154,
9.33913206556944,9.45550758955783,9.57391571490627,9.81615823797184,10.0680166486098,
10.3285821049276,10.5852594322735,11.0845166819431,11.3070020857612,11.5012230679005,
11.8140008818594,12.059041764732,12.2608146258011,12.4369173952121,12.5990054720073,
12.6769671736993,12.7536917860252,12.9098637158591,13.0778694015944,13.2618915222715,
13.463933060155,13.6833019185894,13.9102919428656,14.166650684324,14.7287325995175,
14.9217228930996,15.1232373541206,15.4506860082798,15.7769582320751,16.1449254060477,
16.369868661581,16.6029898316686,16.8368637833181,17.0670618108775,17.290972804628,
17.508312442495,17.7122419634683,17.9048268572482),.UNSPECIFIED.);
#18=B_SPLINE_CURVE_WITH_KNOTS('',3,(#798,#799,#800,#801,#802,#803,#804,
#805,#806,#807,#808,#809,#810,#811,#812,#813,#814,#815,#816,#817,#818,#819,
#820,#821,#822,#823,#824,#825),.UNSPECIFIED.,.F.,.F.,(4,2,2,2,2,2,2,2,2,
2,2,2,2,4),(14.0970171482621,14.4373143018022,14.5949017940028,14.7464321475585,
15.0337499645293,15.2999765478951,15.7900999446271,16.2309780251571,16.4340383850583,
16.6254403233126,16.9746128529244,17.2916696692747,17.4418381304733,17.5894908897439),
 .UNSPECIFIED.);
#19=B_SPLINE_CURVE_WITH_KNOTS('',3,(#826,#827,#828,#829,#830,#831,#832,
#833,#834,#835,#836,#837,#838,#839,#840,#841,#842,#843,#844,#845,#846,#847,
#848,#849,#850,#851,#852,#853,#854,#855,#856,#857,#858,#859,#860,#861,#862,
#863,#864,#865,#866,#867,#868,#869,#870,#871),.UNSPECIFIED.,.F.,.F.,(4,
2,2,2,2,2,2,2,2,2,2,2,2,2,2,2,2,2,2,2,2,2,4),(13.4195080676908,13.7574845080399,
13.922633636087,14.0861981520066,14.2478183438007,14.402177454371,14.6967527050254,
14.9732107740802,15.1095140415974,15.2466313987101,15.38541877561,15.5264340060121,
15.8171141287742,15.9668969841903,16.1201509811235,16.2771565688302,16.4381496753202,
17.1342422985439,17.5237118883865,17.9594193421907,18.4494381785489,18.7072468345158,
18.9691169855058),.UNSPECIFIED.);
#20=B_SPLINE_CURVE_WITH_KNOTS('',3,(#872,#873,#874,#875,#876,#877,#878,
#879,#880,#881,#882,#883,#884,#885,#886,#887,#888,#889,#890,#891,#892,#893,
#894,#895,#896,#897,#898,#899,#900,#901,#902,#903,#904,#905,#906,#907,#908,
#909,#910,#911,#912,#913,#914,#915,#916,#917,#918,#919,#920,#921,#922,#923,
#924,#925,#926,#927,#928,#929,#930,#931,#932,#933,#934,#935,#936,#937,#938,
#939,#940,#941,#942,#943,#944,#945,#946,#947,#948,#949,#950,#951,#952,#953,
#954,#955,#956,#957,#958,#959,#960,#961),.UNSPECIFIED.,.F.,.F.,(4,2,2,2,
2,2,2,2,2,2,2,2,2,2,2,2,2,2,2,2,2,2,2,2,2,2,2,2,2,2,2,2,2,2,2,2,2,2,2,2,
2,2,2,2,4),(107.1307121291,108.982224022269,110.847505322104,112.714693364087,
113.647319571445,114.113043730299,114.229386146666,114.287543402315,114.316618416469,
114.331155004993,114.34534174131,114.349793086237,114.364854918313,114.396329496374,
114.459232915531,114.584861105177,116.478102493483,118.322826579665,120.119477541568,
121.871997850497,123.441427023378,125.059272427741,128.526559570406,130.094444725442,
131.618218976061,133.099759102346,134.547367846691,135.975564396539,137.408691714686,
138.867410603869,140.368428542428,141.906908503112,143.479839363074,145.087323985592,
146.675070491706,148.339495876236,150.043355385617,153.571387730975,154.030237869476,
154.385043072834,155.328014320806,157.153765913021,158.061265925776,158.968871769803,
160.780308971086),.UNSPECIFIED.);
#21=B_SPLINE_CURVE_WITH_KNOTS('',3,(#962,#963,#964,#965,#966,#967,#968,
#969,#970,#971,#972,#973,#974,#975,#976,#977,#978,#979,#980,#981,#982,#983,
#984,#985,#986,#987,#988,#989,#990,#991,#992,#993,#994,#995,#996,#997,#998,
#999,#1000,#1001,#1002,#1003,#1004,#1005,#1006,#1007,#1008,#1009,#1010,
#1011,#1012,#1013,#1014,#1015,#1016,#1017,#1018,#1019,#1020,#1021,#1022,
#1023,#1024,#1025,#1026,#1027,#1028,#1029,#1030,#1031,#1032,#1033,#1034,
#1035,#1036,#1037,#1038,#1039,#1040,#1041,#1042,#1043,#1044,#1045,#1046,
#1047,#1048,#1049,#1050,#1051,#1052,#1053,#1054,#1055,#1056,#1057,#1058,
#1059,#1060,#1061,#1062,#1063,#1064,#1065,#1066,#1067,#1068,#1069,#1070,
#1071,#1072,#1073,#1074,#1075,#1076,#1077,#1078,#1079,#1080,#1081,#1082,
#1083,#1084,#1085,#1086,#1087,#1088,#1089,#1090,#1091,#1092,#1093,#1094,
#1095,#1096,#1097,#1098,#1099,#1100,#1101),.UNSPECIFIED.,.T.,.F.,(4,2,2,
2,2,2,2,2,2,2,2,2,2,2,2,2,2,2,2,2,2,2,2,2,2,2,2,2,2,2,2,2,2,2,2,2,2,2,2,
2,2,2,2,2,2,2,2,2,2,2,2,2,2,2,2,2,2,2,2,2,2,2,2,2,2,2,2,2,2,4),(0.,0.247119517217176,
0.487654934995918,0.726651267435329,0.962815858051923,1.43032068101338,
1.90325726009329,2.14349622201054,2.20369023031595,2.23380133703419,2.23568337427786,
2.23662439773086,2.23757025694173,2.24137534487156,2.24898676777394,2.2642147221774,
2.38655261366658,2.63390025726457,2.88407149430421,3.13670220654356,3.39154791528966,
3.90474750591897,4.92244767884868,5.17724655825614,5.43135702116142,5.68458814215086,
5.96919746218428,6.47305393819924,6.71468134591785,6.82929366332414,6.93926863737233,
7.34485979535666,7.70014493613007,7.8666082559878,8.02726443712991,8.18403512573816,
8.33848019824532,8.64712685390701,8.8062998344432,8.97362602578131,9.35435379237407,
9.79941687535805,9.9205450539283,10.0439979942562,10.1692688605625,10.2960510891319,
10.5529845466477,10.8131340612222,11.0750294109376,11.3378949345749,11.6018807310912,
11.8662703501433,12.3936296763036,12.9201634275448,13.2011560229081,13.4814768045762,
14.0303627634443,14.2753986094138,14.3972976591007,14.5177137934836,14.7565642125167,
14.8159083713104,14.8455190439378,14.8473682202767,14.8482680690646,14.8492320928423,
14.8530995937971,14.8608354214242,14.8763027288633,15.),.UNSPECIFIED.);
#22=B_SPLINE_CURVE_WITH_KNOTS('',3,(#1102,#1103,#1104,#1105,#1106,#1107,
#1108,#1109,#1110,#1111,#1112,#1113,#1114,#1115,#1116,#1117,#1118,#1119,
#1120,#1121,#1122,#1123,#1124,#1125,#1126,#1127,#1128,#1129,#1130,#1131,
#1132,#1133,#1134,#1135,#1136,#1137,#1138,#1139,#1140,#1141,#1142,#1143,
#1144,#1145,#1146,#1147,#1148,#1149,#1150,#1151,#1152,#1153,#1154,#1155,
#1156,#1157,#1158,#1159,#1160,#1161,#1162,#1163,#1164,#1165,#1166,#1167,
#1168,#1169,#1170,#1171,#1172,#1173,#1174,#1175,#1176,#1177,#1178,#1179,
#1180,#1181,#1182,#1183,#1184,#1185,#1186,#1187,#1188,#1189,#1190,#1191,
#1192,#1193,#1194,#1195,#1196,#1197,#1198,#1199,#1200,#1201,#1202,#1203,
#1204,#1205,#1206,#1207,#1208,#1209,#1210,#1211,#1212,#1213,#1214,#1215,
#1216,#1217,#1218,#1219,#1220,#1221,#1222,#1223,#1224,#1225,#1226,#1227,
#1228,#1229,#1230,#1231,#1232,#1233,#1234,#1235,#1236,#1237,#1238,#1239,
#1240,#1241),.UNSPECIFIED.,.T.,.F.,(4,2,2,2,2,2,2,2,2,2,2,2,2,2,2,2,2,2,
2,2,2,2,2,2,2,2,2,2,2,2,2,2,2,2,2,2,2,2,2,2,2,2,2,2,2,2,2,2,2,2,2,2,2,2,
2,2,2,2,2,2,2,2,2,2,2,2,2,2,2,4),(0.,0.261058500737727,0.514920524171142,
0.766387420572213,1.01880881709318,1.27015739541781,1.52194012982371,1.77257712884864,
2.02094533137508,2.51285920994588,2.75799308462191,3.00168975218914,3.24347510648544,
3.48427083089407,3.60458880304037,3.66472328645044,3.71012422033733,3.74019231475254,
3.77026870341722,3.83044017095094,3.9509078083865,4.19212103596095,4.43342130516861,
4.91402475865977,5.15639588181756,5.27813659565018,5.40042529797635,5.64821956202969,
5.899107014443,6.14755366541528,6.39883877950741,6.65243588912486,6.90768786074518,
7.44746708401959,7.71988378481395,7.99415957764215,8.26475026656173,8.53495652757895,
8.79017939871552,9.02307875682077,9.12944417571065,9.23006165079738,9.42299211870301,
9.60861847205133,9.79248258504542,9.95402984552014,10.1516401264634,10.336920262797,
10.5210720172016,10.7032855684883,10.8837171248571,11.0628344125576,11.2420115604256,
11.4220422319785,11.6069225676406,11.8011772583122,11.9017141783346,12.0036756602792,
12.4494458677477,12.5697193038131,12.6926202645715,12.9424057886492,13.1981749167441,
13.3253580688543,13.4528369020561,13.9676408295908,14.2230030217966,14.4807414047889,
14.7400730037996,15.),.UNSPECIFIED.);
#23=B_SPLINE_CURVE_WITH_KNOTS('',3,(#1242,#1243,#1244,#1245,#1246,#1247,
#1248,#1249,#1250,#1251,#1252,#1253,#1254,#1255,#1256,#1257,#1258,#1259,
#1260,#1261,#1262,#1263,#1264,#1265,#1266,#1267,#1268,#1269,#1270,#1271,
#1272,#1273,#1274,#1275,#1276,#1277,#1278,#1279,#1280,#1281,#1282,#1283,
#1284,#1285,#1286,#1287,#1288,#1289,#1290,#1291,#1292,#1293,#1294,#1295,
#1296,#1297,#1298,#1299,#1300,#1301,#1302,#1303,#1304,#1305,#1306,#1307,
#1308,#1309,#1310,#1311,#1312,#1313,#1314,#1315,#1316,#1317,#1318,#1319,
#1320,#1321,#1322,#1323,#1324,#1325,#1326,#1327,#1328,#1329,#1330,#1331,
#1332,#1333),.UNSPECIFIED.,.F.,.F.,(4,2,2,2,2,2,2,2,2,2,2,2,2,2,2,2,2,2,
2,2,2,2,2,2,2,2,2,2,2,2,2,2,2,2,2,2,2,2,2,2,2,2,2,2,2,4),(7.53596532176299,
7.90278300314094,7.9962578889308,8.090645793324,8.28324567496909,8.68351200991053,
9.11308783213276,9.22496077587213,9.33913205619383,9.45550757539332,9.57391569571303,
9.81615820838211,10.0680166351484,10.3285821344459,10.5852594516001,11.0845166818903,
11.3070020835051,11.5012230677115,11.8140008818257,12.059041764796,12.2608146259359,
12.436917395307,12.5990054720813,12.6769671737652,12.7536917860856,12.909863715921,
13.0778694016665,13.2618915223524,13.4639330602453,13.6833019186838,13.9102919419906,
14.1666506837327,14.7287325996116,14.9217228932011,15.1232373542306,15.4506860083418,
15.7769582321515,16.1449254061383,16.3698686616653,16.602989831744,16.8368637833802,
17.0670618109257,17.2909728046627,17.5083124425167,17.7122419634784,17.9048268572482),
 .UNSPECIFIED.);
#24=B_SPLINE_CURVE_WITH_KNOTS('',3,(#1334,#1335,#1336,#1337,#1338,#1339,
#1340,#1341,#1342,#1343,#1344,#1345,#1346,#1347,#1348,#1349,#1350,#1351,
#1352,#1353,#1354,#1355,#1356,#1357,#1358,#1359,#1360,#1361,#1362,#1363,
#1364,#1365,#1366,#1367,#1368,#1369,#1370,#1371,#1372,#1373,#1374,#1375,
#1376,#1377,#1378,#1379,#1380,#1381,#1382,#1383,#1384,#1385,#1386,#1387,
#1388,#1389,#1390,#1391,#1392,#1393,#1394,#1395,#1396,#1397,#1398,#1399,
#1400,#1401,#1402,#1403,#1404,#1405,#1406,#1407,#1408,#1409,#1410,#1411,
#1412,#1413,#1414,#1415,#1416,#1417,#1418,#1419,#1420,#1421,#1422,#1423),
 .UNSPECIFIED.,.F.,.F.,(4,2,2,2,2,2,2,2,2,2,2,2,2,2,2,2,2,2,2,2,2,2,2,2,
2,2,2,2,2,2,2,2,2,2,2,2,2,2,2,2,2,2,2,2,4),(36.4317450728312,39.8636392436148,
41.6740959456529,43.5294252575147,47.3414817440439,49.2759083127659,51.227101404702,
53.2125329691125,55.2092835846255,57.2018208102624,59.2052101827882,61.2246624186637,
63.232991351919,65.220920973658,66.1980368244254,66.4405745583476,66.5010674532242,
66.5156119314091,66.5277179104841,66.5569735489098,66.6738192435634,67.1385304110819,
68.9617445427826,70.7244149038686,72.4453522387314,74.1411652726366,77.4233308176216,
80.8554660568025,82.5279988506623,84.2045048032859,87.5917718627223,89.3279899028639,
90.2104071262168,90.3215538302868,90.377218025737,90.4050692366081,90.4117090544644,
90.4152118722199,90.4188643081551,90.4334757925006,90.6676478956453,91.1381664281389,
93.054366349643,94.0291092254756,95.0162951070213),.UNSPECIFIED.);
#25=B_SPLINE_CURVE_WITH_KNOTS('',3,(#1424,#1425,#1426,#1427,#1428,#1429,
#1430,#1431,#1432,#1433,#1434,#1435,#1436,#1437,#1438,#1439,#1440,#1441,
#1442,#1443,#1444,#1445,#1446,#1447,#1448,#1449,#1450,#1451,#1452,#1453,
#1454,#1455,#1456,#1457,#1458,#1459,#1460,#1461,#1462,#1463,#1464,#1465,
#1466,#1467,#1468,#1469,#1470,#1471,#1472,#1473,#1474,#1475,#1476,#1477,
#1478,#1479,#1480,#1481,#1482,#1483,#1484,#1485,#1486,#1487,#1488,#1489,
#1490,#1491,#1492,#1493,#1494,#1495,#1496,#1497,#1498,#1499,#1500,#1501,
#1502,#1503,#1504,#1505,#1506,#1507,#1508,#1509,#1510,#1511,#1512,#1513),
 .UNSPECIFIED.,.F.,.F.,(4,2,2,2,2,2,2,2,2,2,2,2,2,2,2,2,2,2,2,2,2,2,2,2,
2,2,2,2,2,2,2,2,2,2,2,2,2,2,2,2,2,2,2,2,4),(107.1307121291,108.982224017289,
110.847505312108,112.71469334907,113.647319553919,114.113043711521,114.229386127576,
114.287543383068,114.316618397144,114.331154985628,114.345341721901,114.349793066216,
114.364854898302,114.396329476376,114.45923289556,114.584861085259,116.478102474354,
118.322826561307,120.119477523959,121.871997833619,123.441427007147,125.059272412188,
128.5265595563,130.094444711986,131.618218963238,133.099759090137,134.547367835083,
135.975564385528,137.408691704278,138.867410594079,140.368428533273,141.906908494617,
143.479839355256,145.087323978464,146.675070485227,148.339495870465,150.043355380571,
153.571387727432,154.030237865972,154.385043069502,155.328014317823,157.153765910649,
158.061265923708,158.968871768153,160.780308971086),.UNSPECIFIED.);
#26=B_SPLINE_CURVE_WITH_KNOTS('',3,(#1514,#1515,#1516,#1517,#1518,#1519,
#1520,#1521,#1522,#1523,#1524,#1525,#1526,#1527,#1528,#1529,#1530,#1531,
#1532,#1533,#1534,#1535,#1536,#1537,#1538,#1539,#1540,#1541,#1542,#1543,
#1544,#1545,#1546,#1547,#1548,#1549,#1550,#1551,#1552,#1553),
 .UNSPECIFIED.,.F.,.F.,(4,2,2,2,2,2,2,2,2,2,2,2,2,2,2,2,2,2,2,4),(110.390875612358,
112.14702878935,113.910342568285,115.651960082677,116.516470628411,116.947704476998,
117.055415858699,117.109259467263,117.136178381502,117.144754922746,117.150880508135,
117.370909499644,120.807050134377,122.451234920115,124.056378369297,125.626877709572,
127.17322471173,128.667355645566,130.221512708607,136.214433658606),
 .UNSPECIFIED.);
#27=B_SPLINE_CURVE_WITH_KNOTS('',3,(#1554,#1555,#1556,#1557,#1558,#1559,
#1560,#1561,#1562,#1563,#1564,#1565,#1566),.UNSPECIFIED.,.F.,.F.,(4,2,3,
2,2,4),(26.9028336827367,27.6373536050746,28.8583737049349,30.2186670634474,
30.9554637610876,31.0172219628703),.UNSPECIFIED.);
#28=B_SPLINE_CURVE_WITH_KNOTS('',3,(#1567,#1568,#1569,#1570,#1571,#1572,
#1573,#1574,#1575,#1576,#1577,#1578,#1579,#1580,#1581,#1582,#1583,#1584,
#1585,#1586,#1587,#1588,#1589,#1590,#1591,#1592,#1593,#1594,#1595,#1596,
#1597,#1598,#1599,#1600,#1601,#1602,#1603,#1604,#1605,#1606,#1607,#1608,
#1609,#1610,#1611,#1612,#1613,#1614,#1615,#1616,#1617,#1618,#1619,#1620,
#1621,#1622,#1623,#1624,#1625,#1626,#1627,#1628,#1629,#1630,#1631,#1632,
#1633,#1634,#1635,#1636,#1637,#1638,#1639,#1640,#1641,#1642,#1643,#1644,
#1645,#1646,#1647,#1648,#1649,#1650,#1651,#1652,#1653,#1654,#1655,#1656,
#1657,#1658,#1659,#1660,#1661,#1662,#1663,#1664,#1665,#1666,#1667,#1668,
#1669,#1670,#1671,#1672,#1673,#1674,#1675,#1676,#1677,#1678,#1679,#1680,
#1681,#1682,#1683,#1684,#1685,#1686,#1687,#1688,#1689,#1690,#1691,#1692,
#1693,#1694,#1695,#1696,#1697,#1698,#1699,#1700,#1701,#1702,#1703,#1704,
#1705,#1706,#1707,#1708,#1709,#1710,#1711,#1712,#1713,#1714,#1715,#1716,
#1717,#1718,#1719),.UNSPECIFIED.,.T.,.F.,(4,3,2,2,2,2,2,2,2,2,2,2,2,3,2,
2,2,2,2,2,2,2,2,2,2,2,2,2,2,2,2,2,2,2,2,2,2,2,2,3,3,3,2,2,2,2,2,2,2,2,2,
2,2,2,2,2,2,2,2,2,2,2,2,2,2,2,2,2,2,2,2,2,2,4),(325.52800238939,325.52801569573,
329.414573215285,332.754355358694,334.267597079432,334.998980278454,335.357297627823,
335.534777870336,335.6968239332,335.82136419023,335.998639971312,336.350641750583,
337.042364601149,338.333811987369,342.15706743972,345.816152994561,352.660862865859,
354.433686040144,356.213639489248,359.730595336721,363.437912618395,366.971403646289,
370.556969106173,374.024211213898,377.380648323657,379.018142462908,380.633829593943,
386.868362181264,392.370262978505,396.868933681433,398.652282452768,400.13910246826,
402.54830585091,403.594177710027,404.502735605552,406.263395913016,407.66552864478,
408.271299774966,408.876376203136,410.111461301962,410.115226220841,410.11881917412,
411.393855607799,412.018342272912,412.663254712984,414.20211132347,415.144310193602,
416.182830268748,418.451518101447,419.831183410974,421.495486716826,425.945554834694,
431.540060263756,434.527009509637,437.856055462605,444.916201017985,446.747746517612,
448.614897311545,452.293197925717,454.239170013286,456.13997357452,459.827305198683,
463.426382650664,467.020936116314,470.686559845672,474.607168341544,478.771064782943,
479.850391213525,480.12452791237,480.403525628774,480.968051822806,483.317288749806,
488.552311447487,494.702257575146),.UNSPECIFIED.);
#29=B_SPLINE_CURVE_WITH_KNOTS('',3,(#1720,#1721,#1722,#1723,#1724,#1725,
#1726,#1727,#1728,#1729,#1730,#1731,#1732,#1733,#1734,#1735,#1736,#1737,
#1738,#1739,#1740,#1741,#1742,#1743,#1744,#1745,#1746,#1747,#1748,#1749,
#1750,#1751,#1752,#1753,#1754,#1755,#1756,#1757,#1758,#1759,#1760,#1761,
#1762,#1763,#1764,#1765,#1766,#1767,#1768,#1769,#1770,#1771,#1772,#1773,
#1774,#1775,#1776,#1777,#1778,#1779,#1780,#1781,#1782,#1783,#1784,#1785,
#1786,#1787,#1788,#1789,#1790,#1791,#1792,#1793,#1794,#1795,#1796,#1797,
#1798,#1799,#1800,#1801,#1802,#1803,#1804,#1805,#1806,#1807,#1808,#1809,
#1810,#1811,#1812,#1813,#1814,#1815,#1816,#1817,#1818,#1819,#1820,#1821,
#1822,#1823,#1824,#1825,#1826,#1827,#1828,#1829,#1830,#1831,#1832,#1833,
#1834,#1835,#1836,#1837,#1838,#1839,#1840,#1841,#1842,#1843,#1844,#1845,
#1846,#1847,#1848,#1849,#1850,#1851,#1852,#1853,#1854,#1855,#1856,#1857,
#1858,#1859,#1860,#1861,#1862,#1863,#1864,#1865,#1866,#1867,#1868,#1869,
#1870,#1871,#1872,#1873,#1874,#1875,#1876,#1877,#1878,#1879,#1880,#1881,
#1882,#1883,#1884,#1885,#1886,#1887,#1888,#1889,#1890,#1891,#1892,#1893,
#1894,#1895,#1896,#1897,#1898,#1899,#1900,#1901,#1902,#1903,#1904,#1905,
#1906,#1907),.UNSPECIFIED.,.T.,.F.,(4,2,2,2,2,2,2,2,2,2,2,2,2,2,2,2,2,2,
2,2,2,2,2,2,2,2,2,2,2,2,2,2,2,2,2,2,2,2,2,2,2,2,2,2,2,2,2,2,2,2,2,2,2,2,
2,2,2,2,2,2,2,2,2,2,2,2,2,2,2,2,2,2,2,2,2,2,2,2,2,2,2,2,2,2,2,2,2,2,2,2,
2,2,2,4),(0.,3.57303744055214,4.40564345589247,5.21076667910496,6.75543161435995,
8.23280536871294,9.62663046636582,10.9420672470248,12.2668491557683,13.6170155687866,
15.0010635978913,16.4086745851853,17.8352540846719,19.2867060268988,20.7110342340262,
22.0830873561718,23.3337620438174,26.0101550083511,27.3390448383931,28.7036692983017,
29.4094301044894,29.7703260417628,29.9528534574724,29.9987066951084,30.0004239649834,
30.0018913328743,30.0135628959704,30.0369240041379,30.130581474998,31.6846432146083,
33.3288163790098,34.1726523263242,35.0317719957024,36.9755184426551,38.9594778205124,
39.9705693498041,40.9958426462252,41.2545481036451,41.3842608411376,41.4167269554773,
41.4329657152064,41.4410865174904,41.4445184061288,41.4490172038394,41.5252509130282,
42.138944386562,43.2326708100867,47.5111744648872,49.7377505337934,51.9999090798463,
54.5052852027231,55.7631853830186,57.02232873054,58.2753674800707,59.5224354132902,
61.9782739021576,64.4157811481559,66.820499915601,69.2106875102679,70.3979526852955,
70.9897705305932,71.1375665398227,71.1560370199853,71.1652719367221,71.1744953117533,
71.1841853826872,71.2581638719426,71.5538376272279,73.9102377506075,76.2472258979184,
78.562889698019,80.854514255024,83.1277444032858,85.381233302339,89.8533882395312,
94.4161941560834,96.6854617268947,98.9360775016982,101.036257211662,103.190027365558,
104.272630181546,105.367875195279,106.484275273701,107.624267102577,112.709917724869,
114.039917306672,115.380882629354,118.068946781155,120.713192847981,123.282692094672,
124.531203943792,125.752746397862,126.945158751888,128.105931932349),
 .UNSPECIFIED.);
#30=B_SPLINE_CURVE_WITH_KNOTS('',3,(#1908,#1909,#1910,#1911,#1912,#1913,
#1914,#1915,#1916,#1917,#1918,#1919,#1920,#1921,#1922,#1923,#1924,#1925,
#1926,#1927,#1928,#1929,#1930,#1931,#1932,#1933,#1934,#1935,#1936,#1937,
#1938,#1939,#1940,#1941,#1942,#1943),.UNSPECIFIED.,.F.,.F.,(4,2,2,2,2,2,
2,2,2,2,2,2,2,2,2,2,2,4),(17.4095145277042,17.6913902329885,17.9804082095593,
18.2760529973698,18.4192119418696,18.5568701780436,19.0387368471726,19.4778042048762,
19.6756481946044,19.8615418292823,20.0344847008401,20.192213728765,20.4739100160884,
20.7143622581298,20.91737959517,21.0924863457265,21.3708495586938,21.5253741475904),
 .UNSPECIFIED.);
#31=B_SPLINE_CURVE_WITH_KNOTS('',3,(#1944,#1945,#1946,#1947,#1948,#1949,
#1950,#1951,#1952,#1953,#1954,#1955,#1956,#1957,#1958,#1959,#1960,#1961,
#1962,#1963,#1964,#1965,#1966,#1967,#1968,#1969,#1970,#1971,#1972,#1973,
#1974,#1975),.UNSPECIFIED.,.F.,.F.,(4,2,2,2,2,2,2,2,2,2,2,2,2,2,2,4),(2.90482685724819,
3.05002907774722,3.19010389469001,3.46449542472045,3.73710210800336,3.87725395870161,
4.01803940519377,4.59023773385806,4.8812217769412,5.17553349793129,5.76749181258714,
6.06090710440071,6.36372433165165,6.95040021808488,7.2432078297169,7.53596532176299),
 .UNSPECIFIED.);
#32=B_SPLINE_CURVE_WITH_KNOTS('',3,(#1976,#1977,#1978,#1979,#1980,#1981,
#1982,#1983,#1984,#1985,#1986,#1987,#1988,#1989,#1990,#1991,#1992,#1993,
#1994,#1995,#1996,#1997,#1998,#1999,#2000,#2001,#2002,#2003,#2004,#2005,
#2006,#2007,#2008,#2009,#2010,#2011,#2012,#2013,#2014,#2015,#2016,#2017,
#2018,#2019,#2020,#2021,#2022,#2023,#2024,#2025,#2026,#2027,#2028,#2029,
#2030,#2031,#2032,#2033,#2034,#2035,#2036,#2037,#2038,#2039,#2040,#2041,
#2042,#2043,#2044,#2045,#2046,#2047,#2048,#2049,#2050,#2051,#2052,#2053,
#2054,#2055,#2056,#2057,#2058,#2059,#2060,#2061,#2062,#2063,#2064,#2065,
#2066,#2067,#2068,#2069,#2070,#2071,#2072,#2073,#2074,#2075,#2076,#2077,
#2078,#2079,#2080,#2081,#2082,#2083,#2084,#2085,#2086,#2087,#2088,#2089,
#2090,#2091,#2092,#2093,#2094,#2095,#2096,#2097,#2098,#2099),
 .UNSPECIFIED.,.F.,.F.,(4,2,2,2,2,2,2,2,2,2,2,2,2,2,2,2,2,2,2,2,2,2,2,2,
2,2,2,2,2,2,2,2,2,2,2,2,2,2,2,2,2,2,2,2,2,2,2,2,2,2,2,2,2,2,2,2,2,2,2,2,
2,4),(6.07600449620309,6.62645824677496,6.86683426063033,7.0870069362571,
7.28827321325785,7.38274250952067,7.47347523443748,7.80575243801671,7.96321274120818,
8.12171528678088,8.29043104610281,8.48591900714072,8.6444261380945,8.73971648082499,
8.85055079727773,9.11666545636733,9.41896450203405,9.57207550428897,9.7584070809366,
9.85538165519142,9.9526356203488,10.1446784383709,10.3881345508002,10.6160123108767,
10.8356588493737,11.050523093649,11.4678538398469,11.6734526918644,11.7242444447059,
11.7495435023821,11.7558577864024,11.7566467743659,11.7570655381482,11.7574601482177,
11.7590384004454,11.7621940005034,11.7748043251807,11.8749765565589,11.9737379121731,
12.0708155160111,12.1661957200771,12.2599654966714,12.4442800999307,12.6249490889192,
12.8038370316485,12.9825074459377,13.1617621920547,13.3418262907648,13.5227371980367,
13.7044664706413,13.8870085597849,14.0703716248004,14.2545776242411,14.4396765786011,
14.8133778129864,14.9998621222465,15.1867286102209,15.5610068969663,15.7478112943092,
15.9346027529155,16.1216608351742,16.3131113563708),.UNSPECIFIED.);
#33=B_SPLINE_CURVE_WITH_KNOTS('',3,(#2100,#2101,#2102,#2103,#2104,#2105,
#2106,#2107,#2108,#2109,#2110,#2111,#2112,#2113,#2114,#2115,#2116,#2117,
#2118,#2119,#2120,#2121,#2122,#2123,#2124,#2125,#2126,#2127,#2128,#2129,
#2130,#2131,#2132,#2133,#2134,#2135,#2136,#2137,#2138,#2139,#2140,#2141,
#2142,#2143,#2144,#2145,#2146,#2147,#2148,#2149,#2150,#2151,#2152,#2153,
#2154,#2155,#2156,#2157,#2158,#2159,#2160,#2161,#2162,#2163,#2164,#2165,
#2166,#2167,#2168,#2169,#2170,#2171,#2172,#2173,#2174,#2175,#2176,#2177,
#2178,#2179,#2180,#2181,#2182,#2183,#2184,#2185,#2186,#2187,#2188,#2189,
#2190,#2191,#2192,#2193,#2194,#2195),.UNSPECIFIED.,.F.,.F.,(4,2,2,2,2,2,
2,2,2,2,2,2,2,2,2,2,2,2,2,2,2,2,2,2,2,2,2,2,2,2,2,2,2,2,2,2,2,2,2,2,2,2,
2,2,2,2,2,4),(110.390875612358,112.460206024858,114.526373762936,116.589642826065,
116.71773625732,116.781758537871,116.813764209008,116.829765495621,116.845247124187,
117.101152718968,117.612256592723,117.644167033989,117.660121033783,117.668101209092,
117.676128062081,117.737886604008,117.861161285211,118.106751315856,118.594268797175,
120.501060199003,122.337293554339,123.230743520833,124.109240155782,125.827707226379,
129.16450984049,130.857453430491,132.442249216397,134.058600389314,135.665873856935,
138.857357874776,142.085314105829,143.726783163955,145.402776507999,147.115773649782,
148.871119870978,149.767370516596,150.676206496245,151.598223038539,152.533836139515,
154.449280523586,156.412589174036,158.42022371753,160.465026702687,161.496368855039,
162.5388294368,164.605720168731,166.643602916212,168.646497522041),
 .UNSPECIFIED.);
#34=B_SPLINE_CURVE_WITH_KNOTS('',3,(#2196,#2197,#2198,#2199,#2200,#2201,
#2202,#2203,#2204,#2205,#2206,#2207,#2208,#2209,#2210,#2211,#2212),
 .UNSPECIFIED.,.F.,.F.,(4,3,2,2,2,2,2,4),(116.395289690581,117.970779886844,
120.597240256461,121.925880418077,123.256600969969,124.583407749284,125.899069854601,
128.490558311529),.UNSPECIFIED.);
#35=B_SPLINE_CURVE_WITH_KNOTS('',3,(#2213,#2214,#2215,#2216,#2217,#2218,
#2219,#2220,#2221,#2222,#2223,#2224,#2225,#2226,#2227,#2228,#2229,#2230,
#2231,#2232,#2233,#2234,#2235,#2236,#2237,#2238,#2239,#2240,#2241,#2242,
#2243,#2244,#2245,#2246,#2247,#2248,#2249,#2250,#2251,#2252,#2253,#2254,
#2255,#2256,#2257,#2258,#2259,#2260,#2261,#2262,#2263,#2264,#2265,#2266,
#2267,#2268,#2269,#2270,#2271,#2272,#2273,#2274,#2275,#2276,#2277,#2278,
#2279,#2280,#2281,#2282,#2283,#2284,#2285,#2286,#2287,#2288,#2289,#2290,
#2291,#2292,#2293,#2294,#2295,#2296,#2297,#2298,#2299,#2300,#2301,#2302,
#2303,#2304,#2305,#2306,#2307,#2308,#2309,#2310,#2311,#2312,#2313,#2314,
#2315,#2316,#2317,#2318,#2319,#2320,#2321,#2322,#2323,#2324,#2325,#2326,
#2327,#2328,#2329,#2330,#2331,#2332,#2333,#2334,#2335,#2336,#2337,#2338,
#2339,#2340,#2341,#2342,#2343,#2344,#2345,#2346,#2347,#2348),
 .UNSPECIFIED.,.F.,.F.,(4,2,2,2,2,2,2,2,2,2,2,2,2,2,2,2,2,2,2,2,2,2,2,2,
2,2,2,2,2,2,2,2,2,2,2,2,2,2,2,2,2,2,2,2,2,2,2,2,2,2,2,2,2,2,2,2,2,2,2,2,
2,2,2,2,2,2,2,4),(4.67921214931621,4.86137114215185,5.04440417802138,5.21986726185111,
5.39556395610716,5.57500587604214,5.75787703663983,5.94353443056508,6.13143517821355,
6.32621909354112,6.52277049409869,6.72146217576158,6.92205717971837,7.12455407394917,
7.32872493183128,7.53431899871978,7.74030310146538,7.95265510268956,8.05783723209098,
8.15937346051529,8.54426239516457,8.92193456004016,9.29795719107833,9.68097799394991,
9.87179906468008,10.0628371430568,10.4436286479037,10.6374715599296,10.7356292200888,
10.8352635056051,10.9384348327511,11.0439562500764,11.1512206363368,11.2604434067942,
11.4825034547979,11.705573888003,11.9280149741785,12.0372555308805,12.1425279411,
12.35011442126,12.5543253736933,12.96476769639,13.0648798006906,13.164830870912,
13.3678154242991,13.5692943841493,13.7661200844433,13.9565654726753,14.1857247618434,
14.3678004139844,14.5421644950049,14.85780497125,15.1290299591938,15.1599176460541,
15.1637448563511,15.1656559340002,15.1661365915896,15.1663782962406,15.1666553165682,
15.1676038564588,15.1751756289947,15.1902323937783,15.2493885796198,15.3630553697419,
15.5752094374763,15.6751153137074,15.7728904932643,16.1455683609582),
 .UNSPECIFIED.);
#36=B_SPLINE_CURVE_WITH_KNOTS('',3,(#2349,#2350,#2351,#2352,#2353,#2354,
#2355,#2356,#2357,#2358,#2359,#2360,#2361,#2362),.UNSPECIFIED.,.F.,.F.,
(4,2,2,2,2,2,4),(23.0264222655516,26.3654893127851,28.0444532655494,29.7236957041522,
31.4016734827888,33.0788269579941,36.4317450728312),.UNSPECIFIED.);
#37=B_SPLINE_CURVE_WITH_KNOTS('',3,(#2363,#2364,#2365,#2366,#2367,#2368,
#2369,#2370,#2371,#2372,#2373,#2374,#2375,#2376,#2377,#2378),
 .UNSPECIFIED.,.F.,.F.,(4,2,2,2,2,2,2,4),(38.7712540836859,41.7790845339522,
43.3102238655724,44.8589614358344,45.5908415192657,46.3688320912432,47.9113858540945,
50.9151827021193),.UNSPECIFIED.);
#38=B_SPLINE_CURVE_WITH_KNOTS('',3,(#2379,#2380,#2381,#2382,#2383,#2384,
#2385,#2386,#2387,#2388,#2389,#2390,#2391,#2392,#2393,#2394,#2395,#2396,
#2397,#2398,#2399,#2400,#2401),.UNSPECIFIED.,.F.,.F.,(4,2,2,2,2,3,2,2,2,
2,4),(21.1413280604657,21.3211733719955,21.7392122209038,22.5237516409271,
23.2662916352643,24.0000000067349,24.7324998900012,25.4743889159617,26.2592132848535,
26.6772364056738,26.8589561779834),.UNSPECIFIED.);
#39=B_SPLINE_CURVE_WITH_KNOTS('',3,(#2402,#2403,#2404,#2405,#2406,#2407,
#2408,#2409,#2410,#2411,#2412,#2413,#2414,#2415,#2416,#2417,#2418,#2419,
#2420,#2421,#2422,#2423,#2424,#2425,#2426,#2427,#2428,#2429,#2430,#2431,
#2432,#2433,#2434,#2435,#2436,#2437,#2438,#2439,#2440,#2441,#2442,#2443,
#2444,#2445,#2446,#2447,#2448,#2449,#2450,#2451,#2452,#2453,#2454,#2455,
#2456,#2457,#2458,#2459,#2460,#2461,#2462,#2463,#2464,#2465,#2466,#2467,
#2468,#2469,#2470,#2471,#2472,#2473,#2474,#2475,#2476,#2477,#2478,#2479,
#2480,#2481,#2482,#2483,#2484,#2485,#2486,#2487,#2488,#2489,#2490,#2491,
#2492,#2493,#2494,#2495,#2496,#2497,#2498,#2499,#2500,#2501,#2502,#2503,
#2504,#2505,#2506,#2507,#2508,#2509,#2510,#2511,#2512,#2513,#2514,#2515,
#2516,#2517,#2518,#2519,#2520,#2521,#2522,#2523,#2524,#2525,#2526,#2527,
#2528,#2529,#2530,#2531,#2532,#2533,#2534,#2535,#2536,#2537,#2538,#2539,
#2540,#2541,#2542,#2543,#2544,#2545,#2546,#2547,#2548,#2549,#2550,#2551,
#2552,#2553,#2554,#2555,#2556),.UNSPECIFIED.,.T.,.F.,(4,2,2,2,2,2,2,2,2,
2,2,2,2,2,2,2,2,2,2,2,2,2,2,2,2,2,2,2,2,2,2,2,2,2,2,2,3,3,3,2,2,2,2,2,2,
2,2,2,2,2,2,2,2,2,2,2,2,2,2,2,2,2,2,2,2,2,2,2,2,2,2,2,2,2,2,4),(161.015179805084,
166.706054987147,169.525274944923,172.402671236651,175.294454708733,177.981049349886,
183.784385546587,186.666111374903,189.640288704102,192.751829577578,194.351546754788,
194.553581578995,194.654806463414,194.661137679521,194.667330435223,194.679322699348,
194.703950522651,194.753226609228,195.148425782562,195.943944468129,199.188340141238,
202.527523023468,204.266708172588,206.069472441737,209.865660310169,211.803196514204,
213.678893593758,215.404597716775,216.965286210711,219.663809973859,221.93289680611,
225.833598064861,229.226770176244,232.397442622605,235.465638088625,238.495198592745,
241.522774562419,241.523249252513,241.523723942937,244.593049573127,247.664382492501,
250.777728494367,253.995008100578,257.435476391212,261.39076239567,263.689642213214,
266.422972970595,268.003614358192,269.75114649087,270.682149532439,271.645122978082,
273.607958350727,277.460055001831,279.289334356684,281.054069001386,284.44223881492,
287.733885192427,288.539859042691,288.940426499829,288.990392856328,289.015367812632,
289.021610700653,289.023617895674,289.027864000464,289.127185715579,289.325483961121,
290.896149364538,293.948542573094,296.866180857838,299.693133270763,305.386737249537,
308.022527696173,310.85962163334,313.682490947051,316.448286509453,322.031318961668),
 .UNSPECIFIED.);
#40=B_SPLINE_CURVE_WITH_KNOTS('',3,(#2557,#2558,#2559,#2560,#2561,#2562,
#2563,#2564,#2565,#2566,#2567,#2568,#2569,#2570,#2571,#2572,#2573,#2574,
#2575,#2576,#2577,#2578,#2579,#2580,#2581,#2582,#2583,#2584,#2585,#2586,
#2587,#2588,#2589,#2590,#2591,#2592,#2593,#2594,#2595,#2596,#2597,#2598,
#2599,#2600,#2601,#2602,#2603,#2604,#2605,#2606,#2607,#2608,#2609,#2610,
#2611,#2612,#2613,#2614,#2615,#2616,#2617,#2618,#2619,#2620,#2621,#2622,
#2623,#2624,#2625,#2626,#2627,#2628,#2629,#2630,#2631,#2632,#2633,#2634,
#2635,#2636,#2637,#2638,#2639,#2640,#2641,#2642,#2643,#2644,#2645,#2646,
#2647,#2648,#2649,#2650,#2651,#2652,#2653,#2654,#2655,#2656,#2657,#2658,
#2659,#2660,#2661,#2662,#2663,#2664,#2665,#2666,#2667,#2668,#2669,#2670,
#2671,#2672,#2673,#2674,#2675,#2676,#2677,#2678),.UNSPECIFIED.,.T.,.F.,
(4,2,2,2,2,2,2,2,2,2,2,2,2,2,2,2,2,2,2,2,2,2,2,2,2,2,2,2,2,2,2,2,2,2,2,
2,2,2,2,2,2,2,2,2,2,2,2,2,2,2,2,2,2,2,2,2,2,2,2,2,4),(0.,2.30051495139837,
4.55737967567429,6.78520591982686,8.99799361911482,11.2064515415312,13.4174673019867,
17.8633176364274,20.0984618251564,22.3429663489617,24.5973584488695,26.8626839996478,
29.1391192480119,31.4252534694788,36.0265343067821,38.4039651258848,40.6920508718015,
42.9845891197352,45.2891235394265,46.4417110864443,47.6018640131272,48.7675287755564,
49.9578602516731,52.3858524221081,54.8022123932516,57.0696967488424,59.341344312821,
61.5845545010739,63.8011689264705,65.9941109908516,68.2129685227552,70.7459055477646,
73.3755150550566,75.5805357484747,77.7655052027508,79.8997677110835,81.9438266314925,
85.7369472032022,87.4678067882506,89.1376850376941,90.7706674857496,92.3923023648224,
95.6311891807955,97.2448135231863,98.8698389376321,100.494838874553,102.17439291551,
104.168821994445,106.364055992644,108.924157969167,110.278928479137,111.34913013512,
113.582943971716,115.840928419138,120.114173188263,122.5864023897,125.05650080083,
129.985272147267,134.811411041455,137.204799439174,139.557584294579),
 .UNSPECIFIED.);
#41=B_SPLINE_CURVE_WITH_KNOTS('',3,(#2679,#2680,#2681,#2682,#2683,#2684,
#2685,#2686,#2687,#2688,#2689,#2690,#2691,#2692,#2693,#2694,#2695,#2696,
#2697,#2698,#2699,#2700,#2701,#2702,#2703,#2704,#2705,#2706,#2707,#2708,
#2709,#2710,#2711,#2712,#2713,#2714,#2715,#2716,#2717,#2718,#2719,#2720,
#2721,#2722,#2723,#2724,#2725,#2726,#2727,#2728,#2729,#2730,#2731,#2732,
#2733,#2734,#2735,#2736),.UNSPECIFIED.,.F.,.F.,(4,2,2,2,2,2,2,2,2,2,2,2,
2,2,2,2,2,2,2,2,2,2,2,2,2,2,2,2,4),(6.13957333313971,6.52648753396273,6.71178469360668,
6.89420944192376,7.0744557959825,7.25314689595347,7.43075788047065,7.60760961499139,
7.95937021617963,8.31173943746092,8.48956487288427,8.66929203447544,8.85169853185986,
9.0377431340008,9.22826854300589,9.42369147665815,9.62416718251046,9.82935632226673,
10.0385853495845,10.2511443524589,10.6813023046219,10.8989275361219,11.1158726659385,
11.3312970210103,11.542822497536,11.7497363227547,11.9483545726137,12.1339064154861,
12.3094061276188),.UNSPECIFIED.);
#42=B_SPLINE_CURVE_WITH_KNOTS('',3,(#2737,#2738,#2739,#2740,#2741,#2742,
#2743,#2744,#2745,#2746,#2747,#2748,#2749,#2750,#2751,#2752,#2753,#2754,
#2755,#2756,#2757,#2758,#2759,#2760,#2761,#2762,#2763,#2764,#2765,#2766,
#2767,#2768,#2769,#2770,#2771,#2772,#2773,#2774,#2775,#2776,#2777,#2778,
#2779,#2780,#2781,#2782,#2783,#2784,#2785,#2786,#2787,#2788,#2789,#2790,
#2791,#2792,#2793,#2794,#2795,#2796,#2797,#2798,#2799,#2800,#2801,#2802,
#2803,#2804,#2805,#2806),.UNSPECIFIED.,.F.,.F.,(4,2,2,2,2,2,2,2,2,2,2,2,
2,2,2,2,2,2,2,2,2,2,2,2,2,2,2,2,2,2,2,2,2,2,4),(109.963733827368,111.966444942496,
114.013012214541,115.050443297841,116.096856798296,117.184893068517,118.281800326269,
119.317239059209,120.332999091625,122.303791209793,124.177672115497,125.970398690903,
127.561178213511,129.264978795494,132.650706321082,134.215667361145,135.728396606624,
138.677125345979,140.138106756845,141.633566663973,143.173152799159,144.768998445639,
146.56928641456,148.436193152542,150.131328465762,151.698229989584,153.563065295237,
154.516300620711,155.481979322412,157.455918740338,159.505987591654,161.638388016277,
163.672155402433,165.662755971663,167.615055939503),.UNSPECIFIED.);
#43=B_SPLINE_CURVE_WITH_KNOTS('',3,(#2807,#2808,#2809,#2810,#2811,#2812,
#2813,#2814,#2815,#2816,#2817,#2818,#2819,#2820,#2821,#2822,#2823,#2824,
#2825,#2826,#2827,#2828,#2829,#2830,#2831,#2832,#2833,#2834,#2835,#2836,
#2837,#2838,#2839,#2840,#2841,#2842,#2843,#2844,#2845,#2846,#2847,#2848,
#2849,#2850,#2851,#2852,#2853,#2854,#2855,#2856,#2857,#2858,#2859,#2860,
#2861,#2862,#2863,#2864,#2865,#2866,#2867,#2868,#2869,#2870,#2871,#2872,
#2873,#2874,#2875,#2876,#2877,#2878,#2879,#2880,#2881,#2882,#2883,#2884,
#2885,#2886,#2887,#2888,#2889,#2890,#2891,#2892,#2893,#2894,#2895,#2896,
#2897,#2898,#2899,#2900,#2901,#2902,#2903,#2904,#2905,#2906,#2907,#2908,
#2909,#2910),.UNSPECIFIED.,.T.,.F.,(4,2,2,2,2,2,2,2,2,2,2,2,2,2,2,2,2,2,
2,2,2,2,2,2,2,2,2,2,2,2,2,2,2,2,2,2,2,2,2,2,2,2,2,2,2,2,2,2,2,2,2,4),(0.,
0.255375995701043,0.510668997872383,0.766460168164224,0.893776588592919,
1.01874702045323,1.26656497210317,1.51315882606001,1.75688967489608,1.99887226000181,
2.47604465514716,2.95136095361646,3.42397045224946,3.89929160465042,4.13902797016035,
4.38069058172843,4.870207232783,5.11926003289931,5.37060900012432,5.88103885951701,
6.11883434591652,6.35791016065214,6.84129051616539,7.11572678295405,7.40644322589994,
7.98365292073628,8.47493173988524,8.58834436995381,8.69780370400247,8.90564503653603,
9.10080759332013,9.28589814548164,9.63035615499105,9.79446306579808,9.95380725866634,
10.2691888760057,10.4290784150146,10.5963242299501,10.9733723587185,11.2146722630188,
11.3446267315355,11.4795406523344,11.7578190659731,12.0203374254492,12.4811802700883,
12.9434687331777,13.4569254437931,13.7140907436757,13.9716202668023,14.2289763087849,
14.4862600772766,15.),.UNSPECIFIED.);
#44=B_SPLINE_CURVE_WITH_KNOTS('',3,(#2911,#2912,#2913,#2914,#2915,#2916,
#2917,#2918,#2919,#2920,#2921,#2922,#2923,#2924,#2925,#2926,#2927,#2928,
#2929,#2930,#2931,#2932,#2933,#2934,#2935,#2936,#2937,#2938,#2939,#2940,
#2941,#2942,#2943,#2944,#2945,#2946,#2947,#2948,#2949,#2950,#2951,#2952,
#2953,#2954,#2955,#2956,#2957,#2958,#2959,#2960,#2961,#2962,#2963,#2964,
#2965,#2966,#2967,#2968,#2969,#2970,#2971,#2972,#2973,#2974,#2975,#2976,
#2977,#2978,#2979,#2980,#2981,#2982,#2983,#2984,#2985,#2986,#2987,#2988,
#2989,#2990,#2991,#2992,#2993,#2994,#2995,#2996,#2997,#2998,#2999,#3000,
#3001,#3002,#3003,#3004,#3005,#3006,#3007,#3008,#3009,#3010,#3011,#3012,
#3013,#3014,#3015,#3016,#3017,#3018,#3019,#3020,#3021,#3022,#3023,#3024,
#3025,#3026,#3027,#3028),.UNSPECIFIED.,.F.,.F.,(4,2,2,2,2,2,2,2,2,2,2,2,
2,2,2,2,2,2,2,2,2,2,2,2,2,2,2,2,2,2,2,2,2,2,2,2,2,2,2,2,2,2,2,2,2,2,2,2,
2,2,2,2,2,2,2,2,2,2,4),(0.,0.212211098507865,0.415898399383263,0.848820267171617,
1.11230771497444,1.26887904785583,1.44636797789143,1.86357164711567,2.3446032833845,
2.59629918266346,2.84703727566703,3.09362249742039,3.33728796812803,3.58526241189639,
3.71209843504974,3.84166240590753,4.11296857413054,4.40063836186972,4.56248244952322,
4.72892152498893,5.07291940543339,5.42450047665109,5.60058790630002,5.77471739275217,
5.94637647731966,6.11557331297725,6.28211792464932,6.40809140872337,6.64800259175678,
6.87993174393366,7.0036923388962,7.12457937611734,7.35722135458057,7.60019554190842,
7.84127075211581,8.28730961078049,8.49594624043502,8.70444444660358,9.11469823555944,
9.53795707095805,9.99495896246067,10.1149555438353,10.2371015583005,10.4872163624825,
10.7560423005732,10.8926581861659,11.0313605026267,11.3218953475402,11.4713168291629,
11.6242568107837,11.9365482449284,12.0948421720304,12.2459742012976,12.3848529314767,
12.5215233030176,12.776476947019,13.0735731915206,13.4541491469471,14.),
 .UNSPECIFIED.);
#45=B_SPLINE_CURVE_WITH_KNOTS('',3,(#3029,#3030,#3031,#3032,#3033,#3034,
#3035,#3036,#3037,#3038,#3039,#3040,#3041,#3042,#3043,#3044,#3045,#3046,
#3047,#3048,#3049,#3050,#3051,#3052,#3053,#3054,#3055,#3056,#3057,#3058,
#3059,#3060,#3061,#3062,#3063,#3064,#3065,#3066,#3067,#3068,#3069,#3070,
#3071,#3072,#3073,#3074,#3075,#3076,#3077,#3078,#3079,#3080,#3081,#3082,
#3083,#3084,#3085,#3086,#3087,#3088,#3089,#3090,#3091,#3092,#3093,#3094,
#3095,#3096,#3097,#3098,#3099,#3100,#3101,#3102,#3103,#3104,#3105,#3106,
#3107,#3108,#3109,#3110,#3111,#3112,#3113,#3114,#3115,#3116,#3117,#3118,
#3119,#3120,#3121,#3122,#3123,#3124,#3125,#3126,#3127,#3128,#3129,#3130,
#3131,#3132,#3133,#3134,#3135,#3136,#3137,#3138,#3139,#3140,#3141,#3142,
#3143,#3144,#3145,#3146,#3147,#3148,#3149,#3150),.UNSPECIFIED.,.T.,.F.,
(4,2,2,2,2,2,2,2,2,2,2,2,2,2,2,2,2,2,2,2,2,2,2,2,2,2,2,2,2,2,2,2,2,2,2,
2,2,2,2,2,2,2,2,2,2,2,2,2,2,2,2,2,2,2,2,2,2,2,2,2,4),(0.,4.02626356703051,
5.85116143325171,7.55820522339987,9.18304134400811,10.7177886348822,12.1811270955392,
13.6806152345345,15.2328730533737,16.8404256358512,18.4843041408096,20.1549831208691,
21.85641651901,23.5261577134571,25.1327287587291,26.5947467973422,29.7240245653769,
31.2825950046041,32.8876441170085,34.5768306125223,36.3645537444231,38.2407500660012,
40.1678634458921,42.3421368574784,44.5460475935396,48.9918324504196,50.9719083396062,
52.989841137899,55.034548815667,57.0951038003419,59.3591502631954,61.6200152719122,
62.7344861274326,63.8433469198784,66.0359329263365,67.1275524849061,68.2160381012759,
70.398436316543,72.5780290677825,74.7560426826622,76.9384952975898,79.1181172263541,
83.4485852257243,85.6027299204487,87.7446811717776,92.0135999748439,96.3838747330855,
98.560213498978,100.718878055679,104.794096548305,106.869319570653,107.921677809409,
108.990855560076,113.711740864433,114.941085681939,116.183371734603,118.685492494546,
121.158793026234,123.569670996482,125.892266423458,128.105931932349),
 .UNSPECIFIED.);
#46=B_SPLINE_CURVE_WITH_KNOTS('',3,(#3151,#3152,#3153,#3154,#3155,#3156,
#3157,#3158,#3159,#3160,#3161,#3162,#3163,#3164,#3165,#3166,#3167,#3168,
#3169,#3170,#3171,#3172,#3173,#3174,#3175,#3176,#3177,#3178,#3179,#3180,
#3181,#3182,#3183,#3184,#3185,#3186,#3187,#3188,#3189,#3190,#3191,#3192,
#3193,#3194,#3195,#3196,#3197,#3198,#3199,#3200,#3201,#3202,#3203,#3204,
#3205,#3206,#3207,#3208,#3209,#3210,#3211,#3212,#3213,#3214,#3215,#3216,
#3217,#3218,#3219,#3220,#3221,#3222,#3223,#3224,#3225,#3226,#3227,#3228,
#3229,#3230,#3231,#3232,#3233,#3234,#3235,#3236,#3237,#3238,#3239,#3240,
#3241,#3242,#3243,#3244,#3245,#3246,#3247,#3248,#3249,#3250,#3251,#3252,
#3253,#3254,#3255,#3256,#3257,#3258,#3259,#3260,#3261,#3262,#3263,#3264,
#3265,#3266,#3267,#3268,#3269,#3270,#3271,#3272),.UNSPECIFIED.,.T.,.F.,
(4,2,2,2,2,2,2,2,2,2,2,2,2,2,2,2,2,2,2,2,2,2,2,2,2,2,2,2,2,2,2,2,2,2,2,
2,2,2,2,2,2,2,2,2,2,2,2,2,2,2,2,2,2,2,2,2,2,2,2,2,4),(0.,2.30051495139837,
4.55737967567429,6.78520591982686,8.99799361911482,11.2064515415312,13.4174673019867,
17.8633176364274,20.0984618251564,22.3429663489617,24.5973584488695,26.8626839996478,
29.1391192480119,31.4252534694788,36.0265343067821,38.4039651258848,40.6920508718015,
42.9845891197352,45.2891235394265,46.4417110864443,47.6018640131272,48.7675287755564,
49.9578602516731,52.3858524221081,54.8022123932516,57.0696967488424,59.341344312821,
61.5845545010739,63.8011689264705,65.9941109908516,68.2129685227552,70.7459055477646,
73.3755150550566,75.5805357484747,77.7655052027508,79.8997677110835,81.9438266314925,
85.7369472032022,87.4678067882506,89.1376850376941,90.7706674857496,92.3923023648224,
95.6311891807955,97.2448135231863,98.8698389376321,100.494838874553,102.17439291551,
104.168821994445,106.364055992644,108.924157969167,110.278928479137,111.34913013512,
113.582943971716,115.840928419138,120.114173188263,122.5864023897,125.05650080083,
129.985272147267,134.811411041455,137.204799439174,139.557584294579),
 .UNSPECIFIED.);
#47=B_SPLINE_CURVE_WITH_KNOTS('',3,(#3273,#3274,#3275,#3276,#3277,#3278,
#3279,#3280,#3281,#3282,#3283,#3284,#3285,#3286,#3287,#3288,#3289,#3290,
#3291,#3292,#3293,#3294,#3295,#3296,#3297,#3298,#3299,#3300,#3301,#3302,
#3303,#3304),.UNSPECIFIED.,.F.,.F.,(4,2,2,2,2,2,2,2,2,2,2,2,2,2,2,4),(1.1455683609582,
1.30454222139906,1.46659208332772,1.63294812182482,1.80480232973104,1.9044071787829,
2.00641720526424,2.17101689996884,2.57585421443012,2.79961291506716,3.03745633553046,
3.56075040571024,3.84530043490951,4.11863349349644,4.39798667105319,4.67921214931621),
 .UNSPECIFIED.);
#48=B_SPLINE_CURVE_WITH_KNOTS('',3,(#3305,#3306,#3307,#3308,#3309,#3310,
#3311,#3312,#3313,#3314,#3315,#3316,#3317,#3318,#3319,#3320,#3321,#3322,
#3323,#3324,#3325,#3326,#3327,#3328,#3329,#3330,#3331,#3332,#3333,#3334,
#3335,#3336,#3337,#3338,#3339,#3340,#3341,#3342,#3343,#3344,#3345,#3346,
#3347,#3348,#3349,#3350,#3351,#3352,#3353,#3354,#3355,#3356,#3357,#3358,
#3359,#3360,#3361,#3362,#3363,#3364,#3365,#3366,#3367,#3368),
 .UNSPECIFIED.,.F.,.F.,(4,2,2,2,2,2,2,2,2,2,2,2,2,2,2,2,2,2,2,2,2,2,2,2,
2,2,2,2,2,2,2,4),(111.263178085133,113.167343872476,114.145823255368,115.115451547861,
117.062280255596,119.013746105434,120.950248312339,122.873913398095,124.775186232426,
126.656329518425,130.361323378577,132.173019968319,133.94901754836,135.709899347455,
137.449444772398,139.171029781942,140.879624884324,144.298040005802,146.010070309824,
147.734039566272,149.472000964367,151.230850915379,153.012690327954,154.818545439617,
156.648414282513,158.492803449097,162.186794460936,163.125276254972,164.051173341393,
165.919268945199,167.758979694743,169.624035107792),.UNSPECIFIED.);
#49=B_SPLINE_CURVE_WITH_KNOTS('',3,(#3369,#3370,#3371,#3372,#3373,#3374,
#3375,#3376,#3377,#3378,#3379,#3380,#3381,#3382,#3383,#3384,#3385,#3386,
#3387,#3388,#3389,#3390,#3391,#3392,#3393,#3394,#3395,#3396,#3397,#3398,
#3399,#3400,#3401,#3402,#3403,#3404,#3405,#3406,#3407,#3408,#3409,#3410,
#3411,#3412,#3413),.UNSPECIFIED.,.F.,.F.,(4,2,2,2,2,2,3,3,3,3,3,3,3,2,2,
2,2,2,4),(30.5909785577088,30.7815083679707,30.9674987416756,31.3261222105776,
31.4994661539148,31.6692440269218,32.0000000067349,32.0000000706991,32.0000001198589,
32.0000024774996,32.000004827227,32.0000048911912,32.000004940351,32.3308659145381,
32.5007018901444,32.6741063418723,33.0328383285744,33.218897057533,33.4095194680552),
 .UNSPECIFIED.);
#50=B_SPLINE_CURVE_WITH_KNOTS('',3,(#3414,#3415,#3416,#3417,#3418,#3419,
#3420,#3421,#3422,#3423,#3424,#3425,#3426,#3427,#3428,#3429,#3430,#3431,
#3432,#3433,#3434,#3435,#3436,#3437,#3438,#3439,#3440,#3441,#3442,#3443,
#3444,#3445,#3446,#3447,#3448,#3449,#3450,#3451,#3452,#3453,#3454,#3455,
#3456,#3457,#3458,#3459,#3460,#3461,#3462,#3463,#3464,#3465,#3466,#3467,
#3468,#3469,#3470,#3471,#3472,#3473,#3474,#3475,#3476,#3477,#3478,#3479,
#3480,#3481,#3482,#3483,#3484,#3485,#3486,#3487,#3488,#3489,#3490,#3491,
#3492,#3493,#3494,#3495,#3496,#3497,#3498,#3499,#3500),.UNSPECIFIED.,.F.,
 .F.,(4,2,2,2,2,2,2,2,2,2,2,2,2,2,2,2,2,2,2,2,2,3,3,3,2,2,2,2,2,2,2,2,2,
2,2,2,2,2,2,2,2,4),(35.5086416190429,37.7736307906151,40.0664920498426,
44.9040279743905,47.4527802833243,50.0452102249475,52.6092459047212,55.1534526209847,
60.2637484211116,62.8705695880264,65.6299175078463,68.4205990990426,71.1253813428298,
75.6791925705237,77.6067304058627,79.3553910281399,82.4481403736321,85.1650475039582,
87.6873117268776,90.1263868949889,92.5621209503318,97.7041183782521,97.7041264297574,
97.7041266122844,100.242651800098,102.657099978989,107.337678527418,112.378269244898,
115.344700339307,118.892918096256,123.301642428159,125.900791539198,128.588403819133,
133.759528066305,136.227169264677,138.682642848137,141.177891262594,143.673981182506,
148.551430942382,153.229452801715,155.437138047478,157.608456355142),
 .UNSPECIFIED.);
#51=B_SPLINE_CURVE_WITH_KNOTS('',3,(#3501,#3502,#3503,#3504,#3505,#3506,
#3507,#3508,#3509,#3510,#3511,#3512,#3513,#3514,#3515,#3516,#3517,#3518,
#3519,#3520,#3521,#3522,#3523,#3524,#3525,#3526,#3527,#3528,#3529,#3530,
#3531,#3532,#3533,#3534,#3535,#3536,#3537,#3538,#3539,#3540,#3541,#3542,
#3543,#3544,#3545,#3546,#3547,#3548,#3549,#3550,#3551,#3552,#3553,#3554,
#3555,#3556,#3557,#3558,#3559,#3560,#3561,#3562,#3563,#3564,#3565,#3566,
#3567,#3568,#3569,#3570,#3571,#3572,#3573,#3574,#3575,#3576,#3577,#3578,
#3579,#3580,#3581,#3582,#3583,#3584,#3585,#3586,#3587,#3588,#3589,#3590,
#3591,#3592,#3593,#3594,#3595,#3596,#3597,#3598,#3599,#3600,#3601,#3602,
#3603,#3604,#3605,#3606,#3607,#3608,#3609,#3610,#3611,#3612,#3613,#3614,
#3615,#3616,#3617,#3618,#3619,#3620,#3621,#3622,#3623,#3624,#3625,#3626,
#3627,#3628,#3629,#3630,#3631),.UNSPECIFIED.,.T.,.F.,(4,3,2,2,2,2,2,2,2,
2,2,2,2,2,2,2,2,2,2,2,2,2,2,2,2,2,2,2,3,3,3,2,2,2,2,2,2,2,2,2,2,2,2,2,2,
2,2,2,2,2,2,2,2,2,2,2,2,2,2,2,3,2,4),(168.883730912605,168.883743324634,
174.983638352668,180.59139521831,185.797954629422,188.307739745925,190.770555427479,
193.201421976371,195.61927346362,198.051885953799,200.50207239538,205.412767092167,
207.898163063734,210.383162345856,212.861856232888,214.10069891374,215.340771811183,
217.819894496785,220.295709479089,222.767789990928,225.217196871483,227.587516406127,
229.84070439344,232.000657804706,234.084284718233,238.184901240279,242.479825995715,
244.742905061269,247.081852893276,247.081863169219,247.081863566043,249.12118426896,
251.063007817857,252.9538860482,254.800488618029,256.619036297551,258.409607868944,
260.187094066453,261.975283104053,263.81957601686,264.764532000068,265.739159776572,
269.830853942168,271.955827502642,274.095115472259,278.389872848279,280.53819804929,
282.68726347866,286.991814814481,291.271343701229,293.409790192716,295.540827381355,
297.65238226877,299.753708516104,301.856959091648,303.974669167516,306.115998435854,
308.293208131094,310.515971268974,311.64649909664,312.792448749037,319.05363983788,
325.279973035536),.UNSPECIFIED.);
#52=B_SPLINE_CURVE_WITH_KNOTS('',3,(#3632,#3633,#3634,#3635,#3636,#3637,
#3638,#3639,#3640,#3641,#3642,#3643,#3644,#3645,#3646,#3647,#3648,#3649,
#3650,#3651,#3652,#3653,#3654,#3655,#3656,#3657,#3658,#3659,#3660,#3661,
#3662,#3663,#3664,#3665,#3666,#3667,#3668,#3669,#3670,#3671,#3672,#3673,
#3674,#3675,#3676),.UNSPECIFIED.,.F.,.F.,(4,2,2,2,2,2,2,2,2,2,2,2,2,2,2,
2,2,2,2,2,3,4),(68.8716650689318,71.8294184235177,74.7890056688615,76.2668099246685,
77.7442203057914,80.7008681012393,83.6568159810918,85.1327601184086,86.6070833446363,
88.0829716347022,89.5590595297309,92.5113655186253,95.4751073228975,98.438120267972,
101.405093809831,104.359965897392,107.324777848316,110.054957754219,111.512780890719,
112.979669014953,115.937472925907,116.395289690581),.UNSPECIFIED.);
#53=B_SPLINE_CURVE_WITH_KNOTS('',3,(#3677,#3678,#3679,#3680,#3681,#3682,
#3683,#3684,#3685,#3686,#3687,#3688,#3689,#3690,#3691,#3692,#3693,#3694,
#3695,#3696,#3697,#3698,#3699,#3700,#3701,#3702,#3703,#3704,#3705,#3706,
#3707,#3708,#3709,#3710,#3711,#3712,#3713,#3714,#3715,#3716,#3717,#3718,
#3719,#3720),.UNSPECIFIED.,.F.,.F.,(4,2,2,2,2,2,2,2,2,2,2,2,2,2,2,2,2,2,
2,2,2,4),(62.7745442130479,65.7904575490588,68.8352377313714,70.3499277486171,
71.8616831471191,74.89183600092,77.9333661268808,79.4466228634818,80.9586873550969,
84.0021505616993,87.0446035566617,90.0801170443631,93.1127683718662,96.1433571589696,
99.1716255843816,102.195723464324,103.705102336565,105.21867323473,106.730061496748,
108.248886005523,109.756596554028,111.263178085133),.UNSPECIFIED.);
#54=B_SPLINE_CURVE_WITH_KNOTS('',3,(#3721,#3722,#3723,#3724,#3725,#3726,
#3727,#3728,#3729,#3730,#3731,#3732,#3733,#3734,#3735,#3736,#3737,#3738,
#3739,#3740,#3741,#3742,#3743,#3744,#3745,#3746,#3747,#3748,#3749,#3750,
#3751,#3752,#3753,#3754,#3755,#3756,#3757,#3758,#3759,#3760,#3761,#3762,
#3763,#3764,#3765,#3766,#3767,#3768,#3769,#3770),.UNSPECIFIED.,.F.,.F.,
(4,2,2,2,2,2,2,2,2,2,2,2,2,2,2,2,2,2,2,3,2,2,3,4),(293.206129582964,295.404187014053,
297.604329186716,302.012492514883,304.215998770952,306.426658638231,308.632237785222,
310.840051923885,315.224820412282,317.426014929554,319.625943013079,324.027644959336,
326.111149199704,327.152135798437,327.672879707102,327.933365016377,328.06364207633,
328.234795589497,328.348627132438,328.418789242573,330.987903281378,333.600504050221,
338.827676716093,339.212246435773),.UNSPECIFIED.);
#55=B_SPLINE_CURVE_WITH_KNOTS('',3,(#3771,#3772,#3773,#3774,#3775,#3776,
#3777,#3778,#3779,#3780,#3781,#3782,#3783,#3784,#3785,#3786,#3787,#3788,
#3789,#3790,#3791,#3792,#3793,#3794,#3795,#3796,#3797,#3798,#3799,#3800,
#3801,#3802,#3803,#3804,#3805,#3806,#3807,#3808,#3809,#3810,#3811,#3812),
 .UNSPECIFIED.,.F.,.F.,(4,2,2,2,2,2,2,2,2,2,2,2,2,2,2,2,2,2,2,2,4),(282.678739791169,
284.074115470626,285.471377374181,288.275677502745,289.789281101858,291.242951696403,
293.920489731557,296.727785996394,299.586342907044,302.404662868752,305.224803941903,
306.638810129653,308.049630244677,309.467787542066,310.884854025854,313.717026248217,
316.545544695609,319.3688444406,322.190200540534,325.009949103951,327.828278548468),
 .UNSPECIFIED.);
#56=B_SPLINE_CURVE_WITH_KNOTS('',3,(#3813,#3814,#3815,#3816,#3817,#3818,
#3819,#3820,#3821,#3822,#3823,#3824,#3825,#3826,#3827,#3828,#3829,#3830,
#3831,#3832,#3833,#3834,#3835,#3836,#3837,#3838,#3839,#3840,#3841,#3842,
#3843,#3844,#3845,#3846,#3847,#3848,#3849,#3850,#3851,#3852,#3853,#3854,
#3855,#3856,#3857,#3858,#3859,#3860),.UNSPECIFIED.,.F.,.F.,(4,2,2,2,2,2,
2,2,2,2,2,2,2,2,2,2,2,2,2,2,2,2,2,4),(51.201166223335,52.705808387565,54.2237862892857,
55.7578332800537,57.312245494065,58.0857367680254,58.8466851441662,60.368190956009,
63.4175342687234,66.4763651838008,69.5363964248658,72.5966991221937,75.6638740065524,
78.7372652109639,80.2688472722263,81.7963725864674,83.3252781137033,84.8542627421445,
87.9322913212921,91.0010062626371,92.5286457630275,94.0566941691042,97.1151073270844,
100.172832959578),.UNSPECIFIED.);
#57=B_SPLINE_CURVE_WITH_KNOTS('',3,(#3861,#3862,#3863,#3864,#3865,#3866,
#3867,#3868,#3869,#3870,#3871,#3872,#3873,#3874,#3875,#3876,#3877,#3878,
#3879,#3880,#3881,#3882,#3883,#3884,#3885,#3886,#3887,#3888,#3889,#3890,
#3891,#3892,#3893,#3894,#3895,#3896,#3897,#3898,#3899,#3900,#3901,#3902),
 .UNSPECIFIED.,.F.,.F.,(4,2,2,2,2,2,2,2,2,2,2,2,2,2,2,2,2,2,2,2,4),(51.4598118787846,
52.9484901141137,54.4421764421828,57.4357993076156,58.9348030655984,60.4338345908543,
61.9332658299709,63.4332233954715,66.447494469049,67.9499482121878,69.4523394446357,
72.4445531305823,75.4424673100126,78.4672229153241,81.4887423398053,84.5068405042855,
87.517758270382,90.5301634639061,93.5428289624112,96.5614269113835,99.5740951373586),
 .UNSPECIFIED.);
#58=B_SPLINE_CURVE_WITH_KNOTS('',3,(#3903,#3904,#3905,#3906,#3907,#3908,
#3909,#3910,#3911,#3912,#3913,#3914,#3915,#3916,#3917,#3918,#3919,#3920,
#3921,#3922,#3923,#3924,#3925,#3926,#3927,#3928,#3929,#3930,#3931,#3932,
#3933,#3934,#3935,#3936,#3937,#3938,#3939,#3940,#3941,#3942,#3943,#3944,
#3945,#3946,#3947,#3948,#3949,#3950),.UNSPECIFIED.,.F.,.F.,(4,2,2,2,2,2,
2,2,2,2,2,2,2,2,2,2,2,2,2,2,2,2,2,4),(48.2473516886534,49.7196073108138,
51.2289123819752,52.7202856222417,53.476741177404,54.2218529040919,55.7571964065544,
57.2265912318682,60.301781414789,63.2683058751239,64.7671313780809,66.2745656756273,
69.2857654481702,70.7920702503334,72.2986478485865,75.323553341986,78.3536218018899,
81.3911259858027,84.4039998342677,87.4210843017364,88.9300255295849,90.4385153856118,
93.4522499785072,96.4632985301262),.UNSPECIFIED.);
#59=B_SPLINE_CURVE_WITH_KNOTS('',3,(#3951,#3952,#3953,#3954,#3955,#3956,
#3957,#3958,#3959,#3960,#3961,#3962,#3963,#3964,#3965,#3966,#3967,#3968,
#3969,#3970,#3971,#3972,#3973,#3974,#3975,#3976,#3977,#3978,#3979,#3980,
#3981,#3982,#3983,#3984,#3985,#3986,#3987,#3988,#3989,#3990,#3991,#3992,
#3993,#3994,#3995,#3996,#3997,#3998,#3999,#4000,#4001,#4002,#4003),
 .UNSPECIFIED.,.F.,.F.,(4,2,2,2,2,2,2,3,2,2,2,2,2,2,2,2,2,2,2,2,2,2,2,2,
2,4),(243.214305140975,246.46435900115,249.670018402102,252.880853735865,
254.491271700797,255.528212655858,256.04593458931,256.100061185246,256.234831531989,
256.921518397768,258.292316616054,261.039545804813,263.511137457786,265.982769470496,
268.450427244731,270.927636243228,273.400769540358,275.87247939658,278.346419013149,
280.815517244908,283.283489018804,285.749569992442,288.214562247623,289.446886703912,
290.678094271403,295.648405444071),.UNSPECIFIED.);
#60=B_SPLINE_CURVE_WITH_KNOTS('',3,(#4004,#4005,#4006,#4007,#4008,#4009,
#4010,#4011,#4012,#4013,#4014,#4015,#4016,#4017,#4018,#4019,#4020,#4021),
 .UNSPECIFIED.,.F.,.F.,(4,2,2,2,2,2,2,2,4),(48.2473516886534,49.8239462862361,
51.399283967077,52.9742863913268,54.5749331658582,56.1770080676895,56.935266638794,
57.7771627505223,60.9767773719549),.UNSPECIFIED.);
#61=B_SPLINE_CURVE_WITH_KNOTS('',3,(#4022,#4023,#4024,#4025,#4026,#4027,
#4028,#4029,#4030,#4031,#4032,#4033,#4034,#4035),.UNSPECIFIED.,.F.,.F.,
(4,2,2,2,2,2,4),(51.4598118787839,52.9119432365447,54.3629492529732,57.2524875072129,
58.7119854708559,60.1705033525662,63.0981399299491),.UNSPECIFIED.);
#62=B_SPLINE_CURVE_WITH_KNOTS('',3,(#4036,#4037,#4038,#4039,#4040,#4041,
#4042,#4043,#4044,#4045,#4046,#4047,#4048,#4049,#4050,#4051),
 .UNSPECIFIED.,.F.,.F.,(4,2,2,2,2,2,2,4),(282.678739791168,283.989723031105,
285.300083783229,286.612993760081,287.928479805607,289.245250734706,290.563758848344,
293.206129582964),.UNSPECIFIED.);
#63=B_SPLINE_CURVE_WITH_KNOTS('',3,(#4052,#4053,#4054,#4055,#4056,#4057,
#4058,#4059,#4060,#4061,#4062,#4063,#4064,#4065),.UNSPECIFIED.,.F.,.F.,
(4,2,2,2,2,2,4),(100.172832959578,102.62366738964,103.849776193754,105.075243691183,
106.300109690562,107.524641270204,109.963733827369),.UNSPECIFIED.);
#64=B_SPLINE_CURVE_WITH_KNOTS('',3,(#4066,#4067,#4068,#4069,#4070,#4071,
#4072,#4073,#4074,#4075,#4076,#4077,#4078,#4079),.UNSPECIFIED.,.F.,.F.,
(4,2,2,2,2,2,4),(99.5740951373586,102.288820395514,104.968712744992,106.323485036715,
107.680139496116,109.025727818579,110.390875612358),.UNSPECIFIED.);
#65=B_SPLINE_CURVE_WITH_KNOTS('',3,(#4080,#4081,#4082,#4083,#4084,#4085,
#4086,#4087,#4088,#4089,#4090,#4091,#4092,#4093),.UNSPECIFIED.,.F.,.F.,
(4,2,2,2,2,2,4),(105.433992824633,108.199882717756,109.581863244069,110.962430953219,
113.665535084195,115.021379190354,116.395289690581),.UNSPECIFIED.);
#66=B_SPLINE_CURVE_WITH_KNOTS('',3,(#4094,#4095,#4096,#4097,#4098,#4099,
#4100,#4101,#4102,#4103,#4104,#4105,#4106,#4107,#4108,#4109,#4110,#4111,
#4112,#4113,#4114),.UNSPECIFIED.,.F.,.F.,(4,2,2,2,2,2,2,3,2,4),(243.214305140975,
244.844054066511,246.473041476448,249.733137261936,251.373172812307,253.020153826323,
254.676555854962,256.341292186324,256.690266780067,257.401103812631),
 .UNSPECIFIED.);
#67=B_SPLINE_CURVE_WITH_KNOTS('',3,(#4115,#4116,#4117,#4118,#4119,#4120,
#4121,#4122,#4123,#4124,#4125,#4126,#4127,#4128,#4129,#4130,#4131,#4132,
#4133,#4134,#4135,#4136,#4137,#4138,#4139,#4140,#4141,#4142,#4143,#4144,
#4145,#4146),.UNSPECIFIED.,.F.,.F.,(4,1,1,1,1,1,1,1,1,1,1,1,1,1,1,1,1,1,
1,1,1,1,1,1,1,1,1,1,1,4),(0.,1.,2.,3.,4.,5.,6.,7.,8.,9.,10.,11.,12.,13.,
14.,15.,16.,17.,18.,19.,20.,21.,22.,23.,24.,25.,26.,27.,28.,29.),
 .UNSPECIFIED.);
#68=B_SPLINE_CURVE_WITH_KNOTS('',3,(#4147,#4148,#4149,#4150,#4151,#4152,
#4153,#4154,#4155,#4156,#4157,#4158,#4159,#4160,#4161,#4162,#4163,#4164,
#4165,#4166,#4167,#4168,#4169,#4170,#4171,#4172,#4173,#4174,#4175,#4176,
#4177,#4178,#4179,#4180,#4181,#4182,#4183,#4184,#4185,#4186,#4187,#4188,
#4189,#4190,#4191,#4192,#4193,#4194,#4195,#4196,#4197,#4198,#4199,#4200,
#4201,#4202,#4203,#4204,#4205,#4206,#4207,#4208,#4209,#4210,#4211,#4212,
#4213,#4214,#4215,#4216,#4217,#4218,#4219,#4220,#4221,#4222,#4223,#4224,
#4225,#4226,#4227,#4228,#4229,#4230,#4231,#4232,#4233,#4234,#4235,#4236,
#4237,#4238,#4239,#4240,#4241,#4242,#4243,#4244,#4245,#4246,#4247,#4248,
#4249,#4250,#4251,#4252,#4253,#4254,#4255,#4256,#4257,#4258,#4259,#4260,
#4261,#4262,#4263,#4264,#4265,#4266,#4267,#4268,#4269,#4270),
 .UNSPECIFIED.,.T.,.F.,(4,2,2,2,2,2,2,2,2,2,2,2,2,2,2,2,2,2,2,2,2,2,2,2,
2,2,2,2,2,2,2,2,2,2,2,2,2,2,2,2,2,2,2,2,2,2,2,2,2,2,2,2,2,2,2,2,2,2,2,2,
2,4),(0.,0.511344611745778,1.02046789950631,1.52080805041187,2.03018363989966,
2.53170675730021,3.02921150952627,3.27748398013617,3.33954471367343,3.40167359164174,
3.52630297304129,3.65194935084255,3.77888749877403,4.03405802014722,4.28928766824276,
4.54733428941339,4.8089772417442,5.07491966402203,5.34435817598449,5.6176872372945,
5.89364155590075,6.16976263032151,6.44302286871894,6.57757488990202,6.71026885847005,
6.84084262648009,6.96908605974137,7.09484499220894,7.21802375274479,7.33858109102551,
7.4563774324011,7.57141117122245,7.68416464734584,8.11300492354092,8.50878818130705,
8.88731408698124,9.08040176012202,9.26519208358734,9.44623854703323,9.62362949782818,
9.97542348458581,10.1494112353079,10.3253458996102,10.5046906673713,10.6892741371611,
10.8818474949834,10.9820213006488,11.0852906234006,11.343653234921,11.6292003248278,
11.7825229734788,11.9071528024712,12.1496190281739,12.3784984178016,12.4912086127555,
12.6026217677778,12.8235564876276,13.0433467251188,13.5237954788673,14.0082978472525,
14.4991528248712,15.),.UNSPECIFIED.);
#69=B_SPLINE_CURVE_WITH_KNOTS('',3,(#4271,#4272,#4273,#4274,#4275,#4276,
#4277,#4278,#4279,#4280,#4281,#4282,#4283,#4284,#4285,#4286,#4287,#4288,
#4289,#4290,#4291,#4292,#4293,#4294,#4295,#4296,#4297,#4298,#4299,#4300,
#4301,#4302,#4303,#4304,#4305,#4306,#4307,#4308,#4309,#4310,#4311,#4312,
#4313,#4314,#4315,#4316,#4317,#4318,#4319,#4320,#4321,#4322,#4323,#4324,
#4325,#4326,#4327,#4328,#4329,#4330,#4331,#4332,#4333,#4334,#4335,#4336,
#4337,#4338,#4339,#4340,#4341,#4342,#4343,#4344,#4345,#4346,#4347,#4348,
#4349,#4350,#4351,#4352,#4353,#4354,#4355,#4356,#4357,#4358,#4359,#4360,
#4361,#4362,#4363,#4364,#4365,#4366,#4367,#4368,#4369,#4370,#4371,#4372,
#4373,#4374,#4375,#4376,#4377,#4378,#4379,#4380,#4381,#4382,#4383,#4384,
#4385,#4386,#4387,#4388,#4389,#4390,#4391,#4392,#4393,#4394,#4395,#4396,
#4397,#4398,#4399,#4400,#4401,#4402,#4403,#4404,#4405,#4406,#4407,#4408,
#4409,#4410,#4411,#4412,#4413,#4414,#4415,#4416,#4417,#4418,#4419,#4420,
#4421,#4422,#4423,#4424,#4425,#4426),.UNSPECIFIED.,.T.,.F.,(4,2,2,2,2,2,
2,2,2,2,2,2,2,2,2,2,2,2,2,2,2,2,2,2,2,2,2,2,2,2,2,2,2,2,2,2,2,2,2,2,2,2,
2,2,2,2,2,2,2,2,2,2,2,2,2,2,2,2,2,2,2,2,2,2,2,2,2,2,2,2,2,2,2,2,2,2,2,4),
(0.,0.472155133513764,0.697839333972438,0.931287423947509,1.16913228909454,
1.29276811042538,1.55737980834231,1.89835823974576,2.1245067709011,2.41196061453199,
2.43686805164102,2.44943596570945,2.45258946548733,2.45337312737108,2.4535399704513,
2.45390036860806,2.45534259125689,2.46111736822399,2.50766813947043,2.6028173039261,
2.80086077259091,3.00235190011192,3.19793479842907,3.55600342177861,3.73122014723848,
3.90329602433938,4.23209073995186,4.52948225152396,4.66956610377443,4.8058449490799,
4.93869987761693,5.06842481410591,5.32425169390609,5.44739831109748,5.56770618146812,
6.02208452025755,6.23537766180299,6.44317523250863,6.5459734484696,6.65007572536003,
6.75481392596211,6.85897866702975,6.97010848889786,7.08355539799925,7.32359722021657,
7.58246541696641,7.86232968018045,8.14459206528995,8.27666668673945,8.41076025538679,
8.54668003734861,8.68422155570721,8.96333336320489,9.54267762576284,9.83430509441506,
9.98228874939223,10.1349797388879,10.4556865871082,10.7848267413366,11.1208675763973,
11.2869728292302,11.4517054786559,11.738941463445,11.8780986817663,12.0131740292938,
12.143449668762,12.2695788692587,12.3923433629456,12.5121101794923,12.9727155784538,
13.2296023806536,13.4980074720734,13.8749448881097,14.0897234354202,14.3183076726116,
14.5238896794079,14.7031841039585,15.),.UNSPECIFIED.);
#70=B_SPLINE_CURVE_WITH_KNOTS('',3,(#4427,#4428,#4429,#4430,#4431,#4432,
#4433,#4434,#4435,#4436,#4437,#4438,#4439,#4440,#4441,#4442,#4443,#4444,
#4445,#4446),.UNSPECIFIED.,.F.,.F.,(4,2,2,2,2,2,2,2,2,4),(12.5530853856223,
13.9374037000821,15.2983521646864,16.6292762718923,17.9268669244688,22.8350452748869,
24.0038485433954,25.1663761154037,27.494597701207,32.2356550534721),
 .UNSPECIFIED.);
#71=B_SPLINE_CURVE_WITH_KNOTS('',3,(#4447,#4448,#4449,#4450,#4451,#4452,
#4453,#4454,#4455,#4456,#4457,#4458,#4459,#4460,#4461,#4462,#4463,#4464,
#4465,#4466,#4467,#4468,#4469,#4470,#4471,#4472,#4473,#4474,#4475,#4476,
#4477,#4478,#4479,#4480,#4481,#4482,#4483,#4484,#4485,#4486,#4487,#4488,
#4489,#4490,#4491,#4492,#4493,#4494,#4495,#4496,#4497,#4498,#4499,#4500,
#4501,#4502,#4503,#4504,#4505,#4506,#4507,#4508,#4509,#4510,#4511,#4512,
#4513,#4514,#4515,#4516,#4517,#4518,#4519,#4520,#4521,#4522,#4523,#4524,
#4525,#4526,#4527,#4528,#4529,#4530,#4531,#4532,#4533,#4534,#4535,#4536,
#4537,#4538,#4539,#4540,#4541,#4542,#4543,#4544),.UNSPECIFIED.,.F.,.F.,
(4,2,2,2,2,2,2,2,2,2,2,2,2,2,2,2,2,2,2,2,2,2,2,2,2,2,2,2,2,2,2,2,2,2,2,
2,2,2,2,2,2,2,2,2,2,2,2,2,4),(111.263178085133,113.311228131899,114.366307181858,
115.411677753666,117.507276341375,118.554701181585,118.685708850159,118.718466716323,
118.722530454356,118.726254645735,118.734039561815,118.7496445338,118.812046151354,
119.061375616537,119.55871050229,121.523654140337,123.459564296316,125.359221477376,
127.227378437573,130.882339045399,132.660338243959,134.399101606533,136.11977548881,
137.817090508897,139.495033744973,141.159083444125,144.487805456474,146.155351288823,
147.835782203523,149.53151967523,151.250014956684,152.994231221306,154.766418611728,
156.567505481922,158.390260872927,160.232709078356,162.090421728003,162.208534269938,
162.267602785869,162.282371150877,162.289851501601,162.297258234797,162.32688354885,
162.563793331634,163.034201709839,163.966885110852,165.854512477423,167.72246018656,
169.624035107792),.UNSPECIFIED.);
#72=B_SPLINE_CURVE_WITH_KNOTS('',3,(#4545,#4546,#4547,#4548,#4549,#4550,
#4551,#4552,#4553,#4554,#4555,#4556,#4557,#4558,#4559,#4560,#4561,#4562,
#4563,#4564,#4565,#4566,#4567,#4568,#4569,#4570,#4571,#4572,#4573,#4574,
#4575,#4576,#4577,#4578,#4579,#4580,#4581,#4582,#4583,#4584,#4585,#4586,
#4587,#4588,#4589,#4590,#4591,#4592,#4593,#4594,#4595,#4596,#4597,#4598,
#4599,#4600,#4601,#4602,#4603,#4604,#4605,#4606,#4607,#4608,#4609,#4610,
#4611,#4612,#4613,#4614,#4615,#4616,#4617,#4618,#4619,#4620,#4621,#4622,
#4623,#4624,#4625,#4626,#4627,#4628,#4629,#4630,#4631,#4632,#4633,#4634,
#4635,#4636,#4637,#4638,#4639,#4640,#4641,#4642,#4643,#4644,#4645,#4646,
#4647,#4648,#4649,#4650,#4651,#4652,#4653,#4654,#4655,#4656,#4657,#4658,
#4659,#4660,#4661,#4662,#4663,#4664,#4665,#4666,#4667,#4668),
 .UNSPECIFIED.,.T.,.F.,(4,2,2,2,2,2,2,2,2,2,2,2,2,2,2,2,2,2,2,2,2,2,2,2,
2,2,2,2,2,2,2,2,2,2,2,2,2,2,2,2,2,2,2,2,2,2,2,2,2,2,2,2,2,2,2,2,2,2,2,2,
2,4),(0.,0.511344611745778,1.02046789950631,1.52080805041187,2.03018363989966,
2.53170675730021,3.02921150952627,3.27748398013617,3.33954471367343,3.40167359164174,
3.52630297304129,3.65194935084255,3.77888749877403,4.03405802014722,4.28928766824276,
4.54733428941339,4.8089772417442,5.07491966402203,5.34435817598449,5.6176872372945,
5.89364155590075,6.16976263032151,6.44302286871894,6.57757488990202,6.71026885847005,
6.84084262648009,6.96908605974137,7.09484499220894,7.21802375274479,7.33858109102551,
7.4563774324011,7.57141117122245,7.68416464734584,8.11300492354092,8.50878818130705,
8.88731408698124,9.08040176012202,9.26519208358734,9.44623854703323,9.62362949782818,
9.97542348458581,10.1494112353079,10.3253458996102,10.5046906673713,10.6892741371611,
10.8818474949834,10.9820213006488,11.0852906234006,11.343653234921,11.6292003248278,
11.7825229734788,11.9071528024712,12.1496190281739,12.3784984178016,12.4912086127555,
12.6026217677778,12.8235564876276,13.0433467251188,13.5237954788673,14.0082978472525,
14.4991528248712,15.),.UNSPECIFIED.);
#73=B_SPLINE_CURVE_WITH_KNOTS('',3,(#4669,#4670,#4671,#4672,#4673,#4674,
#4675,#4676,#4677,#4678,#4679,#4680,#4681,#4682,#4683,#4684,#4685,#4686,
#4687,#4688,#4689,#4690,#4691,#4692,#4693,#4694,#4695,#4696,#4697,#4698,
#4699,#4700,#4701,#4702,#4703,#4704,#4705,#4706,#4707,#4708,#4709,#4710,
#4711,#4712,#4713,#4714,#4715,#4716,#4717,#4718,#4719,#4720,#4721,#4722,
#4723,#4724,#4725,#4726,#4727,#4728,#4729,#4730,#4731,#4732,#4733,#4734,
#4735,#4736,#4737,#4738,#4739,#4740,#4741,#4742,#4743,#4744,#4745,#4746,
#4747,#4748,#4749,#4750,#4751,#4752,#4753,#4754,#4755,#4756,#4757,#4758,
#4759,#4760,#4761,#4762,#4763,#4764,#4765,#4766,#4767,#4768,#4769,#4770,
#4771,#4772,#4773,#4774,#4775,#4776,#4777,#4778,#4779,#4780,#4781,#4782,
#4783,#4784,#4785,#4786,#4787,#4788,#4789,#4790,#4791,#4792,#4793,#4794,
#4795,#4796,#4797,#4798,#4799,#4800,#4801,#4802,#4803,#4804,#4805,#4806,
#4807,#4808,#4809,#4810,#4811,#4812,#4813,#4814,#4815,#4816,#4817,#4818,
#4819,#4820,#4821,#4822,#4823,#4824,#4825,#4826,#4827,#4828,#4829,#4830,
#4831,#4832,#4833,#4834,#4835,#4836,#4837,#4838,#4839,#4840,#4841,#4842,
#4843,#4844),.UNSPECIFIED.,.T.,.F.,(4,2,2,2,2,2,2,2,2,2,2,2,2,2,2,2,2,2,
2,2,2,2,2,2,2,2,2,2,2,2,2,2,2,2,2,2,2,2,2,2,2,2,2,2,2,2,2,2,2,2,2,2,2,2,
2,2,2,2,2,2,2,2,2,2,2,2,2,2,2,2,2,2,2,2,2,2,2,2,2,2,2,2,2,2,2,2,2,4),(0.,
0.316129182533051,0.601973688720938,0.73569326255385,0.863599405901437,
0.985662768891738,1.10179249997759,1.31758875303931,1.5132071340891,1.60523573023907,
1.69513200895727,1.87429297184928,2.05278514137147,2.23188038010694,2.42683744056887,
2.65506422612949,2.82957228061551,3.02407595051594,3.2352534935206,3.45633267038408,
3.60175875416138,3.74803884961452,3.82359239935191,3.90050929867518,4.05753115311592,
4.16557049582355,4.27404715327332,4.49082043951793,4.70577602606833,4.91828274036352,
5.1273747539532,5.23036229660202,5.33258304213439,5.43394547253586,5.5343517009308,
5.7323550298819,5.82998567648387,5.84210959543487,5.84816550710285,5.8511919537171,
5.85157018854919,5.85201617960256,5.85269654026593,5.85528825870541,5.89665981999308,
5.97888311284965,6.14165951461208,6.30226581081513,6.61881236806599,6.77441864631024,
6.92871177856711,7.53814276688997,7.84561579492162,8.15967886870964,8.48164877957292,
8.64611478242917,8.81383956456258,9.16265440050296,9.20727793057019,9.21848268542315,
9.22409249926591,9.22549573185384,9.22619746520708,9.22687957014634,9.22745879258581,
9.22826448110152,9.22996728309809,9.25724317670238,9.36691230604285,9.58900406541979,
9.81431267966398,10.0425310397824,10.2733795480071,10.5066180907552,10.7419922411691,
10.9794197552227,11.2189156071513,11.4604137658537,11.9493788832354,12.4414963201437,
12.6859072644151,12.9288913575604,13.1681585314062,13.4021177215992,13.6293040701891,
13.8480295806293,14.2593065064776,15.),.UNSPECIFIED.);
#74=B_SPLINE_CURVE_WITH_KNOTS('',3,(#4845,#4846,#4847,#4848,#4849,#4850,
#4851,#4852,#4853,#4854,#4855,#4856,#4857,#4858,#4859,#4860,#4861,#4862,
#4863,#4864,#4865,#4866,#4867,#4868,#4869,#4870,#4871,#4872,#4873,#4874,
#4875,#4876,#4877,#4878,#4879,#4880,#4881,#4882,#4883,#4884,#4885,#4886,
#4887,#4888,#4889,#4890,#4891,#4892,#4893,#4894,#4895,#4896,#4897,#4898,
#4899,#4900,#4901,#4902,#4903,#4904,#4905,#4906,#4907,#4908,#4909,#4910,
#4911,#4912,#4913,#4914,#4915,#4916,#4917,#4918,#4919,#4920,#4921,#4922,
#4923,#4924,#4925,#4926,#4927,#4928,#4929,#4930,#4931,#4932,#4933,#4934,
#4935,#4936,#4937,#4938,#4939,#4940,#4941,#4942,#4943,#4944,#4945,#4946,
#4947,#4948,#4949,#4950,#4951,#4952,#4953,#4954,#4955,#4956,#4957,#4958,
#4959,#4960,#4961,#4962,#4963,#4964,#4965,#4966,#4967,#4968,#4969,#4970,
#4971,#4972,#4973,#4974,#4975,#4976,#4977,#4978,#4979,#4980,#4981,#4982,
#4983,#4984,#4985,#4986,#4987,#4988,#4989,#4990,#4991,#4992,#4993,#4994,
#4995,#4996,#4997,#4998,#4999,#5000,#5001,#5002,#5003,#5004,#5005,#5006,
#5007,#5008,#5009,#5010,#5011,#5012,#5013,#5014,#5015,#5016,#5017,#5018,
#5019,#5020,#5021,#5022,#5023,#5024,#5025,#5026,#5027,#5028),
 .UNSPECIFIED.,.F.,.F.,(4,2,2,2,2,2,2,2,2,2,2,2,2,2,2,2,2,2,2,2,2,2,2,2,
2,2,2,2,2,2,2,2,2,2,2,2,2,2,2,2,2,2,2,2,2,2,2,2,2,2,2,2,2,2,2,2,2,2,2,2,
2,2,2,2,2,2,2,2,2,2,2,2,2,2,2,2,2,2,2,2,2,2,2,2,2,2,2,2,2,2,2,4),(0.,0.249190977017878,
0.36637377880082,0.478516552269949,0.587066776169259,0.692959003115058,
0.90226287221213,1.00980601606816,1.1192461579732,1.23109006947051,1.3454434988704,
1.46247790412494,1.58238308748505,1.70562282787385,1.8321780122746,1.96235844632574,
2.09692231136838,2.23670725019129,2.30884833936585,2.38284820748174,2.53736586549359,
2.61796716353094,2.70109963338541,3.06335638975872,3.15996272543836,3.25839523518873,
3.35829170107175,3.45920328268731,3.56091405744043,3.66301405622709,3.86737523376475,
4.06968860678431,4.26831319189288,4.46212917060442,4.65035924178762,4.74189176141335,
4.83238967311241,4.85482183737896,4.86041942750422,4.86321673770543,4.86461500662791,
4.86496440647245,4.86516605523535,4.86545988252181,4.86674106420834,4.88722120625737,
4.96880886098098,5.13032493010764,5.44939875564896,5.76379614304683,6.07564132924445,
6.38559122376883,7.00106475893366,7.31203806126022,7.62977817785053,7.79170275667277,
7.95722694169084,7.99915887906989,8.02022523908901,8.02088459729156,8.02153150029606,
8.02207913592465,8.02266983683917,8.02506303009288,8.0298516143788,8.03943756068766,
8.11657185657741,8.27331040401711,8.43327894877036,8.59592685245078,8.7615961695568,
8.9296008540793,9.27231628565399,9.62017268881662,9.97087705836491,10.3213340290673,
10.4957718867099,10.6689081139587,10.8400630343469,11.0086349334198,11.1738227015416,
11.3348988509813,11.6364638060062,11.9187836291431,12.1904304669854,12.6867352439787,
12.8032626752444,12.9176307388383,13.1411384971013,13.359644348426,13.5747237839482,
14.),.UNSPECIFIED.);
#75=B_SPLINE_CURVE_WITH_KNOTS('',3,(#5029,#5030,#5031,#5032,#5033,#5034,
#5035,#5036,#5037,#5038,#5039,#5040,#5041,#5042,#5043,#5044,#5045,#5046,
#5047,#5048,#5049,#5050,#5051,#5052,#5053,#5054,#5055,#5056,#5057,#5058,
#5059,#5060,#5061,#5062,#5063,#5064,#5065,#5066,#5067,#5068,#5069,#5070,
#5071,#5072,#5073,#5074,#5075,#5076,#5077,#5078,#5079,#5080,#5081,#5082,
#5083,#5084,#5085,#5086,#5087,#5088,#5089,#5090,#5091,#5092,#5093,#5094,
#5095,#5096,#5097,#5098,#5099,#5100,#5101,#5102,#5103,#5104,#5105,#5106,
#5107,#5108,#5109,#5110,#5111,#5112,#5113,#5114,#5115,#5116,#5117,#5118,
#5119,#5120,#5121,#5122,#5123,#5124,#5125,#5126,#5127,#5128,#5129,#5130,
#5131,#5132,#5133,#5134,#5135,#5136,#5137,#5138,#5139,#5140,#5141,#5142,
#5143,#5144,#5145,#5146,#5147,#5148,#5149,#5150,#5151,#5152,#5153,#5154,
#5155,#5156,#5157,#5158,#5159,#5160,#5161,#5162,#5163,#5164,#5165,#5166,
#5167,#5168,#5169,#5170,#5171,#5172,#5173,#5174,#5175,#5176,#5177,#5178,
#5179,#5180,#5181,#5182,#5183,#5184),.UNSPECIFIED.,.T.,.F.,(4,2,2,2,2,2,
2,2,2,2,2,2,2,2,2,2,2,2,2,2,2,2,2,2,2,2,2,2,2,2,2,2,2,2,2,2,2,2,2,2,2,2,
2,2,2,2,2,2,2,2,2,2,2,2,2,2,2,2,2,2,2,2,2,2,2,2,2,2,2,2,2,2,2,2,2,2,2,4),
(0.,0.47215705680864,0.697842175773203,0.931291215221888,1.16913704732962,
1.29277337228192,1.55738614697957,1.8983659658651,2.12451541725878,2.41197043059986,
2.43687796976378,2.44944593533347,2.45259944803663,2.45338311229207,2.45354995660434,
2.45391035457288,2.45535257611027,2.4611273486273,2.50767808401435,2.60282717525129,
2.80087049150184,3.00236146368869,3.19794420639471,3.55601253726938,3.73122911963189,
3.90330485604577,4.23209930262729,4.5294905712637,4.66957430910791,4.80585304337584,
4.93870786359553,5.06843269832071,5.3242593864909,5.4474059105418,5.56771368346578,
6.02209166619521,6.23538462900963,6.44318202597447,6.54598015673195,6.65008235763496,
6.75482048487443,6.85898514370542,6.97011486825201,7.08356167775612,7.32360335737723,
7.58247138173888,7.86233540642909,8.14459754768877,8.27667206015311,8.41076551804602,
8.54668518765548,8.68422659224469,8.96333816869832,9.54268196945347,9.83430920565076,
9.98229274258901,10.1349836103998,10.4556902035634,10.7848300964342,11.1208706647181,
11.286975785684,11.4517083043402,11.7389440627031,11.8781011703307,12.0131764086012,
12.1434519446642,12.2695810446852,12.3923454404954,12.5121121613902,12.9727171938017,
13.2296037910908,13.4980086696598,13.8749457855087,14.089724161284,14.3183082161774,
14.5238900590188,14.7031843405873,15.),.UNSPECIFIED.);
#76=B_SPLINE_CURVE_WITH_KNOTS('',3,(#5185,#5186,#5187,#5188,#5189,#5190,
#5191,#5192,#5193,#5194,#5195,#5196,#5197,#5198,#5199,#5200,#5201,#5202,
#5203,#5204,#5205,#5206,#5207,#5208,#5209,#5210,#5211,#5212,#5213,#5214,
#5215,#5216,#5217,#5218,#5219,#5220,#5221,#5222,#5223,#5224,#5225,#5226,
#5227,#5228,#5229,#5230,#5231,#5232,#5233,#5234,#5235,#5236,#5237,#5238,
#5239,#5240,#5241,#5242,#5243,#5244,#5245,#5246,#5247,#5248,#5249,#5250,
#5251,#5252,#5253,#5254,#5255,#5256,#5257,#5258,#5259,#5260,#5261,#5262,
#5263,#5264,#5265,#5266,#5267,#5268,#5269,#5270,#5271,#5272,#5273,#5274,
#5275,#5276,#5277,#5278,#5279,#5280,#5281,#5282,#5283,#5284,#5285,#5286,
#5287,#5288,#5289,#5290,#5291,#5292,#5293,#5294,#5295,#5296,#5297,#5298,
#5299,#5300,#5301,#5302,#5303,#5304,#5305,#5306,#5307,#5308,#5309,#5310,
#5311,#5312,#5313,#5314,#5315,#5316,#5317,#5318),.UNSPECIFIED.,.T.,.F.,
(4,2,2,2,2,2,2,2,2,2,2,2,2,2,2,2,2,2,2,2,2,2,2,2,2,2,3,2,2,2,2,3,3,3,2,
2,2,2,2,2,2,2,2,2,2,2,2,2,2,2,2,2,2,2,2,2,2,2,2,2,2,3,3,4),(244.124761454302,
247.236175155814,250.343940377234,253.460907930056,255.054027584004,256.688958795008,
258.410334341414,260.245657052586,262.343196880798,264.60790665486,266.990594931078,
269.385228288852,271.782247052087,274.173116818397,276.567713989642,278.936197120025,
283.639805471422,288.333944024999,290.672033687577,292.997691706275,295.299329122545,
296.44038257912,297.57515022149,302.043467381293,306.4352745478,308.621304495722,
310.799723101705,311.486557727058,312.173108914387,313.546684822475,316.299663814365,
321.824692675336,321.826238414527,321.827777917119,326.887348375249,331.926333551223,
336.968321200825,339.503548714033,342.05787447278,344.628125374507,347.228529124156,
348.538627829628,349.880666388638,351.232039944522,352.587478646411,355.297267577637,
358.015072879185,363.476385119218,366.239447814633,368.99631758362,371.766598901219,
374.54579555983,377.320126752124,380.041583859924,382.57576062658,384.828534189075,
386.840094102191,388.724326056186,392.332965952524,395.916296469859,397.721958228828,
399.527708862697,399.528311390882,399.528919945501),.UNSPECIFIED.);
#77=B_SPLINE_CURVE_WITH_KNOTS('',3,(#5319,#5320,#5321,#5322,#5323,#5324,
#5325,#5326,#5327,#5328,#5329,#5330,#5331,#5332,#5333,#5334,#5335,#5336,
#5337,#5338,#5339,#5340,#5341,#5342,#5343,#5344,#5345,#5346,#5347,#5348,
#5349,#5350,#5351,#5352,#5353,#5354,#5355,#5356,#5357,#5358,#5359,#5360,
#5361,#5362,#5363,#5364,#5365,#5366,#5367,#5368,#5369,#5370,#5371,#5372,
#5373,#5374,#5375,#5376,#5377,#5378,#5379,#5380,#5381,#5382,#5383,#5384,
#5385,#5386,#5387,#5388,#5389,#5390,#5391,#5392,#5393,#5394,#5395,#5396,
#5397,#5398,#5399,#5400,#5401,#5402,#5403,#5404,#5405,#5406,#5407,#5408,
#5409,#5410,#5411,#5412,#5413,#5414,#5415,#5416,#5417,#5418,#5419,#5420,
#5421,#5422,#5423,#5424,#5425,#5426,#5427,#5428,#5429,#5430,#5431,#5432,
#5433,#5434,#5435,#5436,#5437,#5438,#5439,#5440,#5441,#5442,#5443,#5444,
#5445,#5446,#5447,#5448,#5449,#5450,#5451,#5452,#5453,#5454,#5455,#5456,
#5457,#5458,#5459,#5460,#5461,#5462,#5463,#5464),.UNSPECIFIED.,.T.,.F.,
(4,2,2,2,2,2,2,2,2,2,2,2,3,2,2,2,2,2,2,2,2,2,2,2,3,3,3,2,2,2,2,2,2,2,2,
2,2,2,2,2,2,2,2,2,2,2,2,2,2,2,2,2,2,2,2,2,2,2,2,2,2,2,2,2,2,2,2,3,3,4),
(256.87126398442,262.296953676003,267.741455644526,273.249831946361,276.053806902062,
278.940004820842,281.846009010466,284.746509265672,287.602378853455,290.375772731837,
293.073554714452,295.694653979221,300.722903388559,303.023210136633,305.275820518857,
307.483788333737,309.649880684927,311.7747479368,313.855316045156,317.864940306898,
319.730475463958,321.560561410955,325.061987092257,328.579425759508,332.051989750143,
332.0520665611,332.052138699159,335.466580978065,338.874321325656,342.312544119726,
344.138923192531,346.038795400957,348.011561555965,350.062429015702,352.139347760718,
354.25382996084,356.417285108048,358.631390967725,359.764431150806,360.910969228053,
362.071407554489,363.245257545333,365.625155618423,366.835205657319,368.058652498143,
370.559732433048,371.833627105807,373.126002318729,375.750064281271,377.079802544598,
378.413320456302,383.703940083356,385.025023195909,385.682990727244,386.011504611422,
386.175615623512,386.185869296142,386.190708774082,386.196615847109,386.220733843555,
386.268958342307,386.36535797749,389.425402416393,392.440898361582,395.425344287814,
398.38790534878,401.33708537193,407.232864627716,407.234839217721,407.236721507219),
 .UNSPECIFIED.);
#78=B_SPLINE_CURVE_WITH_KNOTS('',3,(#5465,#5466,#5467,#5468,#5469,#5470,
#5471,#5472,#5473,#5474,#5475,#5476,#5477,#5478,#5479,#5480,#5481,#5482,
#5483,#5484,#5485,#5486,#5487,#5488,#5489,#5490,#5491,#5492,#5493,#5494,
#5495,#5496,#5497,#5498,#5499,#5500,#5501,#5502,#5503,#5504,#5505,#5506,
#5507,#5508,#5509,#5510,#5511,#5512,#5513,#5514,#5515,#5516,#5517,#5518,
#5519,#5520,#5521,#5522,#5523,#5524,#5525,#5526,#5527,#5528,#5529,#5530,
#5531,#5532,#5533,#5534,#5535,#5536,#5537,#5538,#5539,#5540,#5541,#5542,
#5543,#5544,#5545,#5546,#5547,#5548,#5549,#5550,#5551,#5552,#5553,#5554,
#5555,#5556,#5557,#5558,#5559,#5560,#5561,#5562,#5563,#5564,#5565,#5566,
#5567,#5568,#5569,#5570,#5571,#5572,#5573),.UNSPECIFIED.,.F.,.F.,(4,2,2,
2,2,2,2,2,2,2,2,2,2,2,2,2,2,2,2,2,2,2,2,2,3,3,2,2,3,2,2,2,2,2,2,2,2,2,2,
2,2,2,2,2,2,2,2,2,2,2,2,2,4),(30.9730964560556,31.054220577563,31.2000533818842,
31.3880427923387,31.6092507375391,31.8850052791391,32.1873234748865,32.5292303008104,
32.9226712975844,33.3757090908025,33.6188302272864,33.7446183463551,33.8724497792346,
34.1319046654088,34.3919359368536,34.906521738697,35.1621647256324,35.2918150078311,
35.4228858966073,35.5562517818756,35.6921490687455,35.8290573126191,35.9720705343429,
36.2743539390975,36.6053631463999,36.6053649027919,36.707765251176,36.806521350781,
36.9919259784387,37.5084505756784,37.7488097330723,37.9832528338025,38.441990356486,
38.6733724088061,38.9069213182503,39.1394666257698,39.2538663842729,39.36638915039,
39.4764781686644,39.5836985211757,39.6878679262988,39.7891868045311,39.9820607214264,
40.1714372203202,40.3456323794953,40.5070111994823,40.8027081224287,41.0618752392072,
41.3071043442931,41.4925169651395,41.6560601741721,41.7828186267059,41.8477515341301),
 .UNSPECIFIED.);
#79=B_SPLINE_CURVE_WITH_KNOTS('',3,(#5574,#5575,#5576,#5577,#5578,#5579,
#5580,#5581,#5582,#5583,#5584,#5585,#5586,#5587,#5588,#5589,#5590,#5591,
#5592,#5593,#5594,#5595,#5596,#5597,#5598,#5599,#5600,#5601,#5602,#5603,
#5604,#5605,#5606,#5607,#5608,#5609,#5610,#5611,#5612,#5613,#5614,#5615,
#5616,#5617,#5618,#5619,#5620,#5621,#5622,#5623,#5624,#5625,#5626,#5627,
#5628,#5629,#5630,#5631,#5632,#5633,#5634,#5635,#5636,#5637,#5638,#5639,
#5640,#5641,#5642,#5643,#5644,#5645,#5646,#5647,#5648,#5649,#5650,#5651,
#5652,#5653,#5654,#5655,#5656,#5657,#5658,#5659,#5660,#5661,#5662,#5663,
#5664,#5665,#5666,#5667,#5668,#5669,#5670,#5671,#5672,#5673,#5674,#5675,
#5676,#5677,#5678,#5679,#5680,#5681,#5682,#5683,#5684,#5685,#5686,#5687,
#5688,#5689,#5690,#5691,#5692,#5693,#5694,#5695,#5696,#5697,#5698,#5699,
#5700,#5701,#5702,#5703,#5704,#5705,#5706,#5707,#5708,#5709),
 .UNSPECIFIED.,.T.,.F.,(4,2,2,2,2,2,2,2,2,2,2,2,2,2,2,2,2,2,2,2,2,2,2,2,
2,2,2,2,2,2,2,2,2,2,2,2,2,2,2,2,2,2,2,2,2,2,2,2,2,2,2,2,2,2,2,2,2,2,2,2,
2,2,2,2,2,2,2,4),(0.,0.113039595367807,0.246322419783891,0.388785830835183,
0.52778020157023,0.661633941840798,0.790120664012187,1.0326451898291,1.48194685746146,
1.59275654902176,1.59621878439413,1.59782098494958,1.59866859043368,1.59954572963639,
1.60656266498852,1.62059580346735,1.64866149792956,1.7048083197522,1.93005619552688,
2.15652608764931,2.38521240430982,2.61676895013632,2.85126260698003,3.32298483389489,
3.55986230096418,3.79637482472825,4.26495305736099,4.73363203864393,4.968138199358,
5.08473618759613,5.20066265005781,5.43251410649031,5.66508899682098,6.13107934567408,
6.24674937452016,6.36125541929053,6.58498364762802,6.80453544758201,7.02217690442892,
7.23921990194256,7.35174302788264,7.46756266751974,7.58614007084234,7.70913440810811,
7.96883567813991,8.10751675653646,8.25130361493891,8.54191183269065,8.81596640324329,
9.02994320797743,9.21203278221574,9.37781655474955,9.68149451897292,9.98170655704515,
10.2859091825834,10.590154586306,10.8913292498086,11.1910774078316,11.4883695822271,
11.7834161867329,11.9347776553225,12.0858202940512,12.2384058235476,12.3908147418671,
12.5423985646382,12.6917877401927,12.8438465785875,13.),.UNSPECIFIED.);
#80=B_SPLINE_CURVE_WITH_KNOTS('',3,(#5710,#5711,#5712,#5713,#5714,#5715,
#5716,#5717,#5718,#5719,#5720,#5721,#5722,#5723,#5724,#5725,#5726,#5727,
#5728,#5729,#5730,#5731,#5732,#5733,#5734,#5735,#5736,#5737,#5738,#5739,
#5740,#5741,#5742,#5743,#5744,#5745,#5746,#5747,#5748,#5749,#5750,#5751,
#5752,#5753,#5754,#5755,#5756,#5757,#5758,#5759,#5760,#5761,#5762,#5763,
#5764,#5765,#5766,#5767,#5768,#5769,#5770,#5771,#5772,#5773,#5774,#5775,
#5776,#5777,#5778,#5779,#5780,#5781,#5782,#5783,#5784,#5785,#5786,#5787,
#5788,#5789,#5790,#5791,#5792,#5793,#5794,#5795,#5796,#5797,#5798,#5799,
#5800,#5801,#5802,#5803,#5804,#5805,#5806,#5807,#5808,#5809,#5810,#5811,
#5812,#5813,#5814,#5815,#5816,#5817,#5818,#5819,#5820,#5821,#5822,#5823,
#5824,#5825,#5826,#5827,#5828,#5829,#5830,#5831,#5832,#5833,#5834,#5835,
#5836,#5837,#5838,#5839,#5840,#5841,#5842,#5843,#5844,#5845,#5846,#5847,
#5848,#5849,#5850,#5851),.UNSPECIFIED.,.T.,.F.,(4,2,2,2,2,2,2,2,2,2,2,2,
2,2,2,2,2,2,2,2,2,2,2,2,2,2,2,2,2,2,2,2,2,2,2,2,2,2,2,2,2,2,2,2,2,2,2,2,
2,2,2,2,2,2,2,2,2,2,2,2,2,2,2,2,2,2,2,2,2,2,4),(0.,0.26575923500487,0.38244198253918,
0.496694046061946,0.616177189870345,0.752308008222608,0.928062971837464,
1.04265115669687,1.186902162849,1.64324059758539,1.89309966557195,2.17633263501927,
2.47244612665446,2.74497674027896,2.98318698169536,3.18998179006378,3.37488180433327,
3.5807016723541,3.78418526625671,3.88914130016788,3.99344081224645,4.09851497915975,
4.20577905621699,4.31498221017487,4.42342893136874,4.65032177954733,4.89202207693214,
5.14537827522804,5.27708009973915,5.41169460007569,5.54932253771679,5.69001532473244,
5.98137552443151,6.28132185586633,6.4343634846435,6.58944141656164,6.74639773712322,
6.90492224436495,7.0646595897444,7.22493661953573,7.54805230071137,7.86978198133009,
8.02871747293254,8.18518260669726,8.3381684607554,8.48660269180551,8.7731112353241,
8.91075107738655,9.04453842859692,9.17450758007666,9.30085868752906,9.54344536384299,
9.6598381379358,9.77331945803734,9.98317706836398,10.0748842830619,10.1787246115726,
10.3868865664327,10.4919150971121,10.5987417958014,10.7083632735223,10.8219537962336,
11.0671002050383,11.3295098224332,11.4889711963216,11.7123610655059,12.0289666706773,
12.2920255875582,12.6180832597189,12.8322924780697,13.),.UNSPECIFIED.);
#81=B_SPLINE_CURVE_WITH_KNOTS('',3,(#5852,#5853,#5854,#5855,#5856,#5857,
#5858,#5859,#5860,#5861,#5862,#5863,#5864,#5865,#5866,#5867,#5868,#5869,
#5870,#5871,#5872,#5873,#5874,#5875,#5876,#5877,#5878,#5879,#5880,#5881,
#5882,#5883,#5884,#5885,#5886,#5887,#5888,#5889,#5890,#5891,#5892,#5893,
#5894,#5895,#5896,#5897,#5898,#5899,#5900,#5901,#5902,#5903,#5904,#5905,
#5906,#5907,#5908,#5909,#5910,#5911,#5912,#5913,#5914,#5915,#5916,#5917,
#5918,#5919,#5920,#5921,#5922,#5923,#5924,#5925,#5926,#5927,#5928,#5929,
#5930,#5931,#5932,#5933,#5934,#5935,#5936,#5937,#5938,#5939,#5940,#5941,
#5942,#5943,#5944,#5945,#5946,#5947,#5948,#5949,#5950,#5951,#5952,#5953,
#5954,#5955,#5956,#5957,#5958,#5959,#5960,#5961,#5962,#5963,#5964,#5965,
#5966,#5967,#5968,#5969,#5970,#5971,#5972,#5973,#5974,#5975,#5976,#5977,
#5978,#5979,#5980,#5981,#5982,#5983,#5984,#5985,#5986,#5987,#5988,#5989,
#5990,#5991,#5992,#5993,#5994,#5995),.UNSPECIFIED.,.F.,.F.,(4,2,2,2,2,2,
2,2,2,2,2,2,2,2,2,2,2,2,2,2,2,2,2,2,2,2,2,2,2,2,2,2,2,2,2,2,2,2,2,2,2,2,
2,2,2,2,2,2,2,2,2,2,2,2,2,2,2,2,2,2,2,2,2,2,2,2,2,2,2,2,2,4),(2.58949088974392,
2.78367652062079,2.98013776074626,3.0799689719404,3.18160304386044,3.3955323152299,
3.62678631980841,3.75371459560211,3.89009839557216,4.19729899263757,4.55005181839488,
4.68251259550018,4.81768426058946,4.95538794232682,5.09579095213454,5.31240545200328,
5.48850535726578,5.85723836067345,6.04939361025669,6.24492961143494,6.4855102044838,
6.72670035425784,6.96723771277417,7.20688635654079,7.44523038843197,7.68169539972168,
7.91617206646143,8.14848389887883,8.6079985632897,8.83192968753418,8.94261962539185,
8.97014651542643,8.98389203673142,8.98560938791793,8.98646797874751,8.98688849559596,
8.98722626651376,8.98978013158831,8.99488442530993,9.03556116284849,9.19587748300255,
9.35248811536148,9.65606448348929,9.951992944255,10.2473454452841,10.3967897405376,
10.5485696372623,10.8613956258068,11.1950989641558,11.2831988007378,11.2943493970629,
11.2999378259533,11.3027351826378,11.3041346480209,11.3048345780864,11.3051804535302,
11.3055533399328,11.3301886618052,11.3797015803926,11.5810078710381,11.7860938213767,
11.9937267218455,12.203522318324,12.4147961374121,12.627508086418,12.8415709661627,
13.0562004127479,13.2712747671094,13.4851404986895,13.695720599062,13.9006096362492,
14.0970171482621),.UNSPECIFIED.);
#82=B_SPLINE_CURVE_WITH_KNOTS('',3,(#5996,#5997,#5998,#5999,#6000,#6001,
#6002,#6003,#6004,#6005),.UNSPECIFIED.,.F.,.F.,(4,2,2,2,4),(4.96911698550579,
5.26182499235183,5.55461321752342,5.84747515599444,6.13957333313971),
 .UNSPECIFIED.);
#83=B_SPLINE_CURVE_WITH_KNOTS('',3,(#6006,#6007,#6008,#6009,#6010,#6011,
#6012,#6013,#6014,#6015),.UNSPECIFIED.,.F.,.F.,(4,2,2,2,4),(12.3094061276188,
12.5869969410624,12.864492158031,13.1419893803347,13.4195080676908),
 .UNSPECIFIED.);
#84=B_SPLINE_CURVE_WITH_KNOTS('',3,(#6016,#6017,#6018,#6019,#6020,#6021,
#6022,#6023,#6024,#6025,#6026,#6027,#6028,#6029,#6030,#6031,#6032,#6033,
#6034,#6035,#6036,#6037,#6038,#6039,#6040,#6041,#6042,#6043,#6044,#6045,
#6046,#6047,#6048,#6049,#6050,#6051,#6052,#6053,#6054,#6055,#6056,#6057,
#6058,#6059,#6060,#6061,#6062,#6063,#6064,#6065,#6066,#6067,#6068,#6069,
#6070,#6071,#6072,#6073,#6074,#6075,#6076,#6077,#6078,#6079,#6080,#6081),
 .UNSPECIFIED.,.F.,.F.,(4,2,3,2,2,2,2,2,2,2,2,2,2,2,2,2,2,2,2,2,2,2,2,2,
2,2,2,2,2,2,3,4),(187.653343243736,190.546440186249,193.475563029241,194.867401737182,
196.263868691311,199.068017162619,204.240300321248,205.463826987165,206.672297572397,
209.077516182796,210.280664559358,211.491443194456,212.715033854719,213.952278209311,
216.481809670394,217.76825567644,219.069864647124,220.385956398136,221.714882839945,
224.409013829044,227.218983803255,229.925526862534,231.289151113019,232.669218786794,
234.066843775406,234.771939206648,235.126510993404,235.304339413009,235.422364183672,
235.561983959918,235.664615467475,235.668471149352),.UNSPECIFIED.);
#85=B_SPLINE_CURVE_WITH_KNOTS('',3,(#6082,#6083,#6084,#6085,#6086,#6087,
#6088,#6089,#6090,#6091,#6092,#6093,#6094,#6095,#6096,#6097,#6098,#6099,
#6100,#6101,#6102,#6103,#6104,#6105,#6106,#6107,#6108,#6109,#6110,#6111,
#6112,#6113,#6114,#6115,#6116,#6117,#6118,#6119,#6120,#6121,#6122,#6123,
#6124,#6125,#6126,#6127,#6128,#6129,#6130,#6131,#6132,#6133,#6134,#6135,
#6136,#6137,#6138,#6139,#6140,#6141,#6142,#6143,#6144,#6145,#6146,#6147,
#6148,#6149,#6150,#6151,#6152,#6153,#6154,#6155,#6156,#6157,#6158,#6159,
#6160,#6161,#6162,#6163,#6164,#6165,#6166,#6167,#6168,#6169,#6170,#6171,
#6172,#6173,#6174,#6175,#6176,#6177,#6178,#6179,#6180,#6181,#6182,#6183,
#6184,#6185,#6186,#6187,#6188,#6189,#6190,#6191,#6192,#6193,#6194,#6195,
#6196,#6197,#6198,#6199,#6200,#6201,#6202,#6203,#6204,#6205,#6206,#6207,
#6208,#6209,#6210,#6211,#6212,#6213,#6214,#6215,#6216,#6217),
 .UNSPECIFIED.,.T.,.F.,(4,2,2,2,2,2,2,2,2,2,2,2,2,2,2,2,2,2,2,2,2,2,2,2,
2,2,2,2,2,2,2,2,2,2,2,2,2,2,2,2,2,2,2,2,2,2,2,2,2,2,2,2,2,2,2,2,2,2,2,2,
2,2,2,2,2,2,2,4),(0.,0.113039595367807,0.246322419783891,0.388785830835183,
0.52778020157023,0.661633941840798,0.790120664012187,1.0326451898291,1.48194685746146,
1.59275654902176,1.59621878439413,1.59782098494958,1.59866859043368,1.59954572963639,
1.60656266498852,1.62059580346735,1.64866149792956,1.7048083197522,1.93005619552688,
2.15652608764931,2.38521240430982,2.61676895013632,2.85126260698003,3.32298483389489,
3.55986230096418,3.79637482472825,4.26495305736099,4.73363203864393,4.968138199358,
5.08473618759613,5.20066265005781,5.43251410649031,5.66508899682098,6.13107934567408,
6.24674937452016,6.36125541929053,6.58498364762802,6.80453544758201,7.02217690442892,
7.23921990194256,7.35174302788264,7.46756266751974,7.58614007084234,7.70913440810811,
7.96883567813991,8.10751675653646,8.25130361493891,8.54191183269065,8.81596640324329,
9.02994320797743,9.21203278221574,9.37781655474955,9.68149451897292,9.98170655704515,
10.2859091825834,10.590154586306,10.8913292498086,11.1910774078316,11.4883695822271,
11.7834161867329,11.9347776553225,12.0858202940512,12.2384058235476,12.3908147418671,
12.5423985646382,12.6917877401927,12.8438465785875,13.),.UNSPECIFIED.);
#86=B_SPLINE_CURVE_WITH_KNOTS('',3,(#6218,#6219,#6220,#6221,#6222,#6223,
#6224,#6225,#6226,#6227,#6228,#6229,#6230,#6231,#6232,#6233,#6234,#6235,
#6236,#6237,#6238,#6239,#6240,#6241,#6242,#6243,#6244,#6245,#6246,#6247,
#6248,#6249,#6250,#6251,#6252,#6253,#6254,#6255,#6256,#6257,#6258,#6259,
#6260,#6261,#6262,#6263,#6264,#6265,#6266,#6267,#6268,#6269,#6270,#6271,
#6272,#6273,#6274,#6275,#6276,#6277,#6278,#6279,#6280,#6281,#6282,#6283,
#6284,#6285,#6286,#6287,#6288,#6289,#6290,#6291,#6292,#6293,#6294,#6295,
#6296,#6297,#6298,#6299,#6300,#6301,#6302,#6303,#6304,#6305,#6306,#6307,
#6308,#6309,#6310,#6311,#6312,#6313,#6314,#6315,#6316,#6317,#6318,#6319,
#6320,#6321,#6322,#6323,#6324,#6325,#6326,#6327,#6328,#6329,#6330,#6331,
#6332,#6333,#6334,#6335,#6336,#6337,#6338,#6339,#6340,#6341,#6342,#6343,
#6344,#6345,#6346,#6347,#6348,#6349,#6350,#6351,#6352,#6353,#6354,#6355,
#6356,#6357,#6358,#6359),.UNSPECIFIED.,.T.,.F.,(4,2,2,2,2,2,2,2,2,2,2,2,
2,2,2,2,2,2,2,2,2,2,2,2,2,2,2,2,2,2,2,2,2,2,2,2,2,2,2,2,2,2,2,2,2,2,2,2,
2,2,2,2,2,2,2,2,2,2,2,2,2,2,2,2,2,2,2,2,2,2,4),(0.,0.265759249771591,0.382441987706194,
0.4966940608902,0.61617720731258,0.752308026782971,0.928062989115213,1.04265117172549,
1.18690217363754,1.64324078386308,1.89309942443475,2.17633241796044,2.472445999772,
2.74497676922853,2.98318709563314,3.18998205745642,3.37488212982901,3.58070201205042,
3.78418561783509,3.88914165814443,3.99344117796336,4.09851535165891,4.2057794356803,
4.31498259639909,4.42342931418427,4.65032215970601,4.89202247146252,5.14537868548362,
5.27708051562005,5.4116950217217,5.54932296509891,5.6900157582574,5.981375970894,
6.28132231869241,6.4343639545464,6.58944189382502,6.74639822192388,6.9049227369553,
7.06466009039404,7.2249371284545,7.54805282664552,7.86978250104385,8.02871799081382,
8.18518312321416,8.33816900423759,8.4866033123479,8.77311199446934,8.91075183732916,
9.04453918316647,9.17450832976245,9.30085943278089,9.54344610136072,9.65983887216922,
9.77332018930692,9.98317779904127,10.0748850100315,10.1787253371151,10.386887289024,
10.491915817803,10.5987425140471,10.7083639885184,10.8219545067972,11.0671009033241,
11.3295105189352,11.4889718418279,11.71236181326,12.0289674204214,12.2920248608097,
12.6180829655706,12.8322923673121,13.),.UNSPECIFIED.);
#87=B_SPLINE_CURVE_WITH_KNOTS('',3,(#6360,#6361,#6362,#6363,#6364,#6365,
#6366,#6367,#6368,#6369,#6370,#6371,#6372,#6373,#6374,#6375,#6376,#6377,
#6378,#6379,#6380,#6381,#6382,#6383,#6384,#6385,#6386,#6387,#6388,#6389,
#6390,#6391,#6392,#6393,#6394,#6395),.UNSPECIFIED.,.F.,.F.,(4,2,2,2,2,2,
2,2,2,2,2,2,2,2,2,2,2,4),(26.4744700727497,26.6291609016527,26.9075454042219,
27.0825816190314,27.2855051351532,27.5258041231011,27.8073084615962,27.9651821960551,
28.1383139018901,28.3244262135938,28.5225154580943,28.96162890053,29.4436255360262,
29.5813277225393,29.724515526019,30.0201809598733,30.3091406424786,30.5909785577088),
 .UNSPECIFIED.);
#88=B_SPLINE_CURVE_WITH_KNOTS('',3,(#6396,#6397,#6398,#6399,#6400,#6401,
#6402,#6403,#6404,#6405,#6406,#6407,#6408,#6409,#6410,#6411,#6412,#6413,
#6414,#6415,#6416,#6417,#6418,#6419,#6420,#6421,#6422,#6423,#6424,#6425,
#6426,#6427),.UNSPECIFIED.,.F.,.F.,(4,2,2,2,2,2,2,2,2,2,2,2,2,2,2,4),(2.90482685724819,
3.05002907774722,3.19010389469001,3.46449542472045,3.73710210800336,3.87725395870161,
4.01803940519377,4.59023773385806,4.8812217769412,5.17553349793129,5.76749181258714,
6.06090710440071,6.36372433165165,6.95040021808488,7.2432078297169,7.53596532176299),
 .UNSPECIFIED.);
#89=B_SPLINE_CURVE_WITH_KNOTS('',3,(#6428,#6429,#6430,#6431,#6432,#6433,
#6434,#6435,#6436,#6437,#6438,#6439,#6440,#6441,#6442,#6443,#6444,#6445,
#6446,#6447,#6448,#6449,#6450,#6451,#6452,#6453,#6454,#6455,#6456,#6457,
#6458,#6459,#6460,#6461,#6462,#6463,#6464,#6465,#6466,#6467,#6468,#6469,
#6470,#6471,#6472,#6473,#6474,#6475,#6476,#6477,#6478,#6479,#6480,#6481,
#6482,#6483,#6484,#6485,#6486,#6487,#6488,#6489,#6490,#6491,#6492,#6493,
#6494,#6495,#6496,#6497,#6498,#6499,#6500,#6501,#6502,#6503,#6504,#6505,
#6506,#6507,#6508,#6509,#6510,#6511,#6512,#6513,#6514,#6515,#6516,#6517,
#6518,#6519,#6520,#6521,#6522,#6523,#6524,#6525,#6526,#6527,#6528,#6529,
#6530,#6531,#6532,#6533,#6534,#6535,#6536,#6537,#6538,#6539,#6540,#6541,
#6542,#6543,#6544,#6545,#6546,#6547,#6548,#6549,#6550,#6551),
 .UNSPECIFIED.,.F.,.F.,(4,2,2,2,2,2,2,2,2,2,2,2,2,2,2,2,2,2,2,2,2,2,2,2,
2,2,2,2,2,2,2,2,2,2,2,2,2,2,2,2,2,2,2,2,2,2,2,2,2,2,2,2,2,2,2,2,2,2,2,2,
2,4),(6.07600449620309,6.62645824667641,6.86683426048871,7.08700693607599,
7.28827321304063,7.38274250928649,7.47347523418701,7.80575243770664,7.96321274086991,
8.12171528641432,8.29043104570632,8.48591900670993,8.64442613767809,8.73971648042243,
8.85055079689509,9.11666545602968,9.41896450173368,9.57207550383727,9.75840708042596,
9.85538165463389,9.95263561973088,10.1446784376253,10.3881345543737,10.6160123139826,
10.8356588517898,11.0505230954327,11.4678538404878,11.6734526919322,11.7242444446337,
11.7495435022403,11.7558577862432,11.7566467742045,11.7570655379861,11.7574601480546,
11.7590384002779,11.7621940003271,11.7748043249693,11.8749765560709,11.973737911696,
12.0708155155447,12.1661957196214,12.2599654962261,12.4442800995057,12.6249490885141,
12.8038370312632,12.982507445572,13.1617621917086,13.3418262904385,13.5227371977302,
13.7044664703548,13.8870085595184,14.070371624554,14.254577624015,14.4396765783953,
14.8133778128217,14.9998621221022,15.1867286100972,15.5610068968837,15.7478112942471,
15.9346027528739,16.1216608351532,16.3131113563708),.UNSPECIFIED.);
#90=B_SPLINE_CURVE_WITH_KNOTS('',3,(#6552,#6553,#6554,#6555,#6556,#6557,
#6558,#6559,#6560,#6561),.UNSPECIFIED.,.F.,.F.,(4,2,2,2,4),(95.0162951070213,
98.1868150373186,101.356922400826,104.526844875994,107.702482472079),
 .UNSPECIFIED.);
#91=B_SPLINE_CURVE_WITH_KNOTS('',3,(#6562,#6563,#6564,#6565,#6566,#6567,
#6568,#6569,#6570,#6571,#6572,#6573,#6574,#6575,#6576,#6577,#6578,#6579,
#6580,#6581,#6582,#6583,#6584,#6585,#6586,#6587,#6588,#6589,#6590,#6591,
#6592,#6593,#6594,#6595,#6596,#6597,#6598,#6599,#6600,#6601,#6602,#6603,
#6604,#6605,#6606,#6607,#6608,#6609,#6610,#6611,#6612,#6613,#6614,#6615,
#6616,#6617,#6618,#6619,#6620,#6621,#6622,#6623,#6624,#6625,#6626,#6627),
 .UNSPECIFIED.,.F.,.F.,(4,2,2,2,2,2,2,2,2,2,2,2,2,2,2,2,2,2,2,2,2,2,2,2,
2,2,2,2,2,2,2,2,4),(0.457816764673917,2.42147079642627,4.3953526778346,
6.39547001377523,7.39067370490452,8.45628415391851,10.4477613673607,12.4077021406137,
16.1607926508209,19.7046094361975,21.3708087002027,22.9884566890238,24.5704229722985,
26.1353707123412,27.6986795329946,29.2736397700247,30.8695275396024,32.4922577468653,
34.1412004858933,35.8192949913723,37.5213545967026,39.2444550370963,40.9877251191766,
42.7505722618865,46.3694796805745,48.2089769045691,49.1245241220785,50.0255741400892,
51.8310479013009,53.6984313202615,55.5572727470739,56.5116756581542,57.4831111087164),
 .UNSPECIFIED.);
#92=B_SPLINE_CURVE_WITH_KNOTS('',3,(#6628,#6629,#6630,#6631,#6632,#6633,
#6634,#6635,#6636,#6637,#6638,#6639,#6640),.UNSPECIFIED.,.F.,.F.,(4,3,2,
2,2,4),(235.662425060511,235.664615467475,237.552502122988,239.439864268487,
241.327084704581,243.214305140675),.UNSPECIFIED.);
#93=B_SPLINE_CURVE_WITH_KNOTS('',3,(#6641,#6642,#6643,#6644,#6645,#6646,
#6647,#6648,#6649,#6650,#6651,#6652,#6653,#6654,#6655,#6656,#6657,#6658,
#6659,#6660,#6661,#6662,#6663,#6664,#6665,#6666,#6667,#6668,#6669,#6670,
#6671,#6672,#6673,#6674,#6675,#6676,#6677,#6678,#6679,#6680,#6681,#6682,
#6683,#6684,#6685,#6686,#6687,#6688,#6689,#6690,#6691,#6692,#6693,#6694,
#6695,#6696,#6697,#6698,#6699,#6700,#6701,#6702,#6703,#6704,#6705,#6706,
#6707,#6708,#6709,#6710,#6711,#6712,#6713,#6714,#6715,#6716,#6717,#6718,
#6719,#6720,#6721,#6722,#6723,#6724,#6725,#6726,#6727,#6728,#6729,#6730,
#6731,#6732,#6733,#6734,#6735,#6736,#6737,#6738,#6739,#6740,#6741,#6742,
#6743,#6744,#6745,#6746,#6747,#6748,#6749,#6750,#6751,#6752,#6753,#6754,
#6755,#6756,#6757,#6758,#6759,#6760,#6761,#6762,#6763,#6764,#6765,#6766,
#6767,#6768,#6769,#6770,#6771,#6772,#6773,#6774,#6775,#6776,#6777,#6778,
#6779,#6780,#6781,#6782,#6783,#6784,#6785,#6786,#6787,#6788,#6789,#6790,
#6791,#6792,#6793,#6794,#6795,#6796,#6797,#6798,#6799,#6800,#6801,#6802,
#6803,#6804,#6805,#6806,#6807,#6808,#6809,#6810,#6811,#6812,#6813,#6814,
#6815,#6816,#6817,#6818,#6819,#6820,#6821,#6822,#6823),.UNSPECIFIED.,.T.,
 .F.,(4,2,2,2,2,2,2,2,2,2,2,2,2,2,2,2,2,2,2,2,2,2,2,2,2,2,2,2,2,2,2,2,2,
2,2,2,2,2,2,3,3,3,3,3,3,3,2,2,2,2,2,2,2,2,2,2,2,2,2,2,2,2,2,2,2,2,2,2,2,
2,2,2,2,2,2,2,2,2,2,2,2,2,2,2,3,3,4),(263.046982532336,271.15673700524,
273.182241019534,275.202371742573,277.209776963212,279.20088952907,286.908660326539,
288.760635827385,290.579390490668,294.13771328384,297.70353579839,301.12587106961,
304.538984824919,308.110141861167,311.967601035975,313.978165240228,314.105524786787,
314.169288391422,314.201191350492,314.207503088896,314.210426932839,314.214285762212,
314.420353390245,314.834995352846,315.674079210347,317.38927467636,319.148401734752,
322.853635054733,324.61100983991,326.480933969931,328.438184566023,330.244457826716,
331.650218624851,332.779731449595,334.707538851656,337.810508250149,340.567069945946,
343.26679706178,345.756826223086,350.729311875148,350.729340881123,350.729370045793,
350.732462167532,350.735554725862,350.735583731836,350.735612896506,356.141124381327,
358.848461126297,361.78383140264,364.781552870047,368.156133952429,370.251797314304,
371.479774007372,373.008120147255,374.971652524916,377.098981956575,379.131352599998,
381.041429314097,385.069645963474,386.982114241159,388.846820334508,389.759045592642,
390.20983144952,390.433861813981,390.4382979141,390.441179617247,390.447386309919,
390.477303379756,390.537097869607,390.656529644997,392.541943784511,396.159292388722,
399.5066666451,402.70599081942,405.913607473465,409.255944828788,412.591678636869,
414.296559347727,416.032570336569,423.257800990646,425.126335041177,427.010185722793,
428.906031717294,430.806926869544,438.4179422295,438.41835824753,438.418774265652),
 .UNSPECIFIED.);
#94=B_SPLINE_CURVE_WITH_KNOTS('',3,(#6824,#6825,#6826,#6827,#6828,#6829,
#6830,#6831,#6832,#6833,#6834,#6835,#6836,#6837,#6838,#6839,#6840,#6841,
#6842,#6843,#6844,#6845,#6846,#6847,#6848,#6849,#6850,#6851,#6852,#6853,
#6854,#6855,#6856,#6857,#6858,#6859,#6860,#6861,#6862,#6863,#6864,#6865,
#6866,#6867,#6868,#6869,#6870,#6871,#6872,#6873,#6874,#6875,#6876,#6877,
#6878,#6879,#6880,#6881,#6882,#6883,#6884,#6885,#6886,#6887,#6888,#6889,
#6890,#6891,#6892,#6893,#6894,#6895,#6896,#6897,#6898,#6899,#6900,#6901,
#6902,#6903,#6904,#6905,#6906,#6907,#6908,#6909,#6910,#6911,#6912,#6913,
#6914,#6915,#6916,#6917,#6918,#6919,#6920,#6921,#6922,#6923,#6924,#6925,
#6926,#6927,#6928,#6929,#6930,#6931,#6932,#6933,#6934,#6935,#6936,#6937,
#6938,#6939,#6940,#6941,#6942,#6943,#6944,#6945,#6946,#6947,#6948,#6949,
#6950,#6951,#6952,#6953,#6954,#6955,#6956),.UNSPECIFIED.,.T.,.F.,(4,2,2,
2,2,2,2,2,2,2,2,2,2,2,2,2,2,2,2,2,2,2,2,2,2,2,3,3,2,2,2,2,3,2,2,2,2,2,2,
2,2,2,2,2,2,2,2,2,2,2,2,2,2,2,2,2,2,2,2,2,2,3,3,4),(20.000000053168,20.7607041515544,
21.4139992594936,21.9825248718073,22.2466807909665,22.5005727427744,22.6243395562505,
22.7475935476438,22.991797494389,23.1133986855153,23.2335135664751,23.4689626779688,
23.5850916213806,23.6918002458337,23.900991702646,24.1276028235636,24.3586827280116,
24.5989132013221,24.8565824874516,25.1023856301629,25.3139629259491,25.6587950284026,
25.9502610022712,26.4661021988448,26.5933566731844,26.7233488390475,26.9999968737425,
27.0000013384251,27.2460000008783,27.476710568678,27.7173135753304,27.8504675319668,
27.9999993424297,28.2780048093335,28.6157625387778,28.7993911515192,28.9813861842203,
29.309884845105,29.469609273768,29.6282547088443,29.9378176310157,30.0899043973199,
30.2451353335874,30.423725702924,30.6057699292508,30.7808013694696,30.9569930587675,
31.1326188972274,31.3099965576777,31.4908636125976,31.6762970155193,31.8675780956095,
32.0657431239333,32.1675434683428,32.2713625880926,32.3773683229029,32.4855764862582,
32.7094762841504,32.8251185121815,32.9436827779723,33.4457671282333,33.9999993955977,
34.0000063408584,34.0000230308117),.UNSPECIFIED.);
#95=B_SPLINE_CURVE_WITH_KNOTS('',3,(#6957,#6958,#6959,#6960,#6961,#6962,
#6963,#6964,#6965,#6966,#6967,#6968,#6969,#6970,#6971,#6972,#6973,#6974,
#6975,#6976,#6977,#6978,#6979,#6980,#6981,#6982,#6983,#6984,#6985,#6986,
#6987,#6988,#6989,#6990),.UNSPECIFIED.,.F.,.F.,(4,2,3,2,2,2,3,3,3,2,2,2,
2,2,4),(157.60844812111,160.64072975786,163.672666308948,167.644879762321,
171.61328977502,175.579058885358,179.540452077101,179.540722688955,179.540886157488,
184.434384787318,189.357268345757,191.813223308989,194.268984405952,196.726105587913,
199.18174293413),.UNSPECIFIED.);
#96=B_SPLINE_CURVE_WITH_KNOTS('',3,(#6991,#6992,#6993,#6994,#6995,#6996,
#6997,#6998,#6999,#7000,#7001,#7002,#7003,#7004,#7005,#7006,#7007,#7008,
#7009,#7010,#7011,#7012,#7013,#7014,#7015,#7016,#7017,#7018,#7019,#7020,
#7021,#7022,#7023,#7024,#7025,#7026,#7027,#7028,#7029,#7030,#7031,#7032,
#7033,#7034,#7035,#7036,#7037,#7038,#7039,#7040,#7041,#7042,#7043,#7044,
#7045,#7046,#7047,#7048,#7049,#7050,#7051,#7052,#7053,#7054,#7055,#7056,
#7057,#7058,#7059,#7060,#7061,#7062,#7063,#7064,#7065,#7066,#7067,#7068,
#7069,#7070,#7071,#7072,#7073,#7074,#7075,#7076,#7077,#7078,#7079,#7080,
#7081,#7082,#7083,#7084,#7085,#7086,#7087,#7088,#7089,#7090,#7091,#7092),
 .UNSPECIFIED.,.T.,.F.,(4,2,2,2,2,2,2,2,2,2,2,2,2,2,2,2,3,2,2,2,2,2,2,2,
2,2,2,2,2,2,2,2,2,2,2,2,2,2,2,2,2,2,2,2,2,2,2,2,3,4),(11.2622119101443,
11.3026215303325,11.5324562587027,11.8967631237277,12.2431574341118,12.5410094351362,
13.0068951730275,13.5747651647675,13.8324480980064,14.0505173277398,14.4161660867014,
14.5836008815198,14.7459194359914,15.0617603513376,15.2188338708182,15.3753795370736,
16.,16.6291443009241,16.9500957687676,17.2708296475384,17.9167396948651,
18.576788410667,18.9113548595791,19.2480088553628,19.9196870619079,20.589335563867,
20.9194600150446,21.2432845177592,21.5629171590898,21.8762438712402,22.1816053626331,
22.4870842863371,22.8043554913906,23.1558876416657,23.5672489872223,23.8042545944308,
24.0693047056682,24.6788880042955,24.8366212652797,24.9971552316889,25.3194570372499,
25.4800328312213,25.6329368798896,25.8840327138672,26.1777980963476,26.4759675140836,
26.6561845657538,26.9081654571484,27.0453604057466,29.5028379063448),
 .UNSPECIFIED.);
#97=B_SPLINE_CURVE_WITH_KNOTS('',3,(#7093,#7094,#7095,#7096,#7097,#7098,
#7099,#7100,#7101,#7102,#7103,#7104,#7105,#7106,#7107,#7108,#7109,#7110,
#7111,#7112,#7113,#7114,#7115,#7116,#7117,#7118,#7119,#7120,#7121,#7122,
#7123,#7124,#7125,#7126,#7127,#7128,#7129,#7130,#7131,#7132,#7133,#7134,
#7135,#7136,#7137,#7138,#7139,#7140,#7141,#7142,#7143,#7144,#7145,#7146,
#7147,#7148,#7149,#7150,#7151,#7152,#7153,#7154,#7155,#7156,#7157,#7158,
#7159,#7160,#7161,#7162,#7163,#7164,#7165,#7166,#7167,#7168,#7169,#7170,
#7171,#7172,#7173,#7174,#7175,#7176,#7177,#7178,#7179,#7180,#7181,#7182,
#7183,#7184,#7185,#7186,#7187,#7188,#7189,#7190,#7191,#7192,#7193,#7194),
 .UNSPECIFIED.,.T.,.F.,(4,2,2,2,2,2,2,2,2,2,2,2,2,2,2,2,3,2,2,2,2,2,2,2,
2,2,2,2,2,2,2,2,2,2,2,2,2,2,2,2,2,2,2,2,2,2,2,2,3,4),(11.2621401757172,
11.3026215303325,11.5324562587027,11.8967631237277,12.2431574341118,12.5410094351362,
13.0068951730275,13.5747651647675,13.8324480980064,14.0505173277398,14.4161660867014,
14.5836008815198,14.7459194359914,15.0617603513376,15.2188338708182,15.3753795370736,
16.,16.6291443009241,16.9500957687676,17.2708296475384,17.9167396948651,
18.576788410667,18.9113548595791,19.2480088553628,19.9196870619079,20.589335563867,
20.9194600150446,21.2432845177592,21.5629171590898,21.8762438712402,22.1816053626331,
22.4870842863371,22.8043554913906,23.1558876416657,23.5672489872223,23.8042545944308,
24.0693047056682,24.6788880042955,24.8366212652797,24.9971552316889,25.3194570372499,
25.4800328312213,25.6329368798896,25.8840327138672,26.1777980963476,26.4759675140836,
26.6561845657538,26.9081654571484,27.045296707269,29.5026829121703),
 .UNSPECIFIED.);
#98=B_SPLINE_CURVE_WITH_KNOTS('',3,(#7195,#7196,#7197,#7198,#7199,#7200,
#7201,#7202,#7203,#7204,#7205,#7206,#7207,#7208,#7209,#7210,#7211,#7212,
#7213,#7214,#7215,#7216,#7217,#7218,#7219,#7220,#7221,#7222,#7223,#7224,
#7225,#7226,#7227,#7228,#7229,#7230,#7231,#7232,#7233,#7234,#7235,#7236,
#7237,#7238,#7239,#7240,#7241,#7242,#7243,#7244,#7245,#7246,#7247,#7248,
#7249,#7250,#7251,#7252,#7253,#7254,#7255,#7256,#7257,#7258,#7259,#7260,
#7261,#7262,#7263,#7264,#7265,#7266,#7267,#7268,#7269,#7270,#7271,#7272,
#7273,#7274,#7275,#7276,#7277,#7278,#7279,#7280,#7281,#7282,#7283,#7284,
#7285,#7286,#7287,#7288,#7289,#7290,#7291,#7292,#7293,#7294,#7295,#7296,
#7297,#7298,#7299,#7300,#7301,#7302,#7303,#7304,#7305,#7306,#7307,#7308,
#7309,#7310,#7311,#7312,#7313,#7314,#7315),.UNSPECIFIED.,.T.,.F.,(4,2,2,
2,2,2,2,2,2,2,2,2,2,2,2,2,2,2,2,2,2,2,2,2,2,2,2,2,2,3,3,3,2,2,2,2,2,2,2,
2,2,2,2,2,2,2,2,2,2,2,2,2,2,3,2,2,3,4),(41.5804367095113,43.3764176454122,
45.831556185369,47.1427261303245,48.4262679622938,49.7339072305264,51.0947311858591,
54.1353795414292,55.9555204343991,56.9585939324116,58.0364986314331,59.1741215800816,
60.3281615684981,62.4303673291086,64.2044349095219,65.0700604999822,65.9257765895106,
67.6262711525744,69.3124942710695,70.9925879855397,72.6604370357921,74.3090292054295,
75.9427796258133,79.2028944880964,80.8286376197114,82.4819565935295,84.1707216009871,
85.8826692942834,87.6086925789059,89.3433144096648,89.3434617738382,89.3435565199682,
93.1104045861892,96.8416912451846,98.6824572018994,100.494962676512,104.03092800489,
107.575012549832,111.145886831342,112.94593235719,114.762412831514,118.434670333089,
122.083944051495,124.002216266978,125.886264286163,127.924068334269,130.214124702227,
131.452525989679,132.802091413026,135.166424264439,137.284224009495,139.192919183809,
142.521510993058,148.269048060785,149.819898462031,151.201258364573,152.123291687029,
165.956117821273),.UNSPECIFIED.);
#99=B_SPLINE_CURVE_WITH_KNOTS('',3,(#7316,#7317,#7318,#7319,#7320,#7321,
#7322,#7323,#7324,#7325,#7326,#7327,#7328,#7329,#7330,#7331,#7332,#7333,
#7334,#7335,#7336,#7337,#7338,#7339,#7340,#7341,#7342,#7343,#7344,#7345,
#7346,#7347,#7348,#7349,#7350,#7351,#7352,#7353,#7354,#7355,#7356,#7357,
#7358,#7359,#7360,#7361,#7362,#7363,#7364,#7365,#7366,#7367,#7368,#7369,
#7370,#7371,#7372,#7373,#7374,#7375,#7376,#7377,#7378,#7379,#7380,#7381,
#7382,#7383,#7384,#7385,#7386,#7387,#7388,#7389,#7390,#7391,#7392,#7393,
#7394,#7395,#7396,#7397,#7398,#7399,#7400,#7401,#7402,#7403,#7404,#7405,
#7406,#7407,#7408,#7409,#7410,#7411,#7412,#7413,#7414,#7415,#7416,#7417,
#7418,#7419,#7420,#7421,#7422,#7423,#7424,#7425,#7426,#7427,#7428,#7429,
#7430,#7431,#7432,#7433,#7434,#7435,#7436,#7437,#7438,#7439,#7440,#7441,
#7442,#7443),.UNSPECIFIED.,.T.,.F.,(4,2,2,2,2,2,2,2,2,2,2,2,2,2,2,2,2,2,
2,2,2,2,2,2,2,2,2,2,2,2,2,2,2,2,2,2,2,2,2,2,2,2,2,2,2,2,2,2,2,2,2,2,2,2,
2,2,2,2,2,2,2,2,2,4),(0.,5.14201793192634,7.71274348510749,10.2778400685477,
12.8132286944909,15.3240249775011,17.8124961535187,20.2818327435981,22.7387136973763,
25.1743665795524,27.5853954526164,29.9739958713044,32.3366739932974,34.6849261299841,
37.0255322413811,39.3570236544875,44.0064496261322,45.1619492606604,46.3088671850685,
48.5921035522207,49.7488968040632,50.9091548174286,53.2422947479742,57.948870704889,
60.2388087017853,62.6169275432922,65.0137452470478,67.4337934811164,72.3772880675444,
74.8834570056164,77.4198303062589,79.9666262701638,82.5499034071134,85.1989216910574,
87.8709734573969,90.5277641281439,93.0045715848819,95.258234352282,96.3064392476003,
97.2937655491119,100.608478072868,102.140301153151,103.675844403074,105.369786219414,
107.364943017165,111.476077359957,115.170235669058,117.036536501063,118.916669504383,
120.760996339728,122.568497269845,124.421956181874,126.276960209617,127.345012372754,
128.431071039958,130.690208570877,133.07858778584,134.315956172352,135.518251505936,
136.742122377174,137.917731493693,139.092583147874,140.262975407963,144.963973996952),
 .UNSPECIFIED.);
#100=B_SPLINE_CURVE_WITH_KNOTS('',3,(#7444,#7445,#7446,#7447,#7448,#7449,
#7450,#7451,#7452,#7453,#7454,#7455,#7456,#7457,#7458,#7459,#7460,#7461,
#7462,#7463,#7464,#7465,#7466,#7467,#7468,#7469,#7470,#7471,#7472,#7473,
#7474,#7475,#7476,#7477,#7478,#7479,#7480,#7481,#7482,#7483,#7484,#7485,
#7486,#7487,#7488,#7489,#7490,#7491,#7492,#7493,#7494,#7495,#7496,#7497,
#7498,#7499,#7500,#7501,#7502,#7503,#7504,#7505,#7506,#7507,#7508,#7509,
#7510,#7511,#7512,#7513,#7514,#7515,#7516,#7517,#7518,#7519,#7520,#7521,
#7522,#7523,#7524,#7525,#7526,#7527,#7528,#7529,#7530,#7531,#7532,#7533,
#7534,#7535,#7536,#7537,#7538,#7539,#7540,#7541,#7542,#7543,#7544,#7545,
#7546,#7547),.UNSPECIFIED.,.T.,.F.,(4,2,2,2,2,2,2,2,2,2,2,2,2,2,2,2,2,2,
2,2,2,2,2,2,2,2,2,2,2,2,2,2,2,2,2,2,2,2,2,2,2,2,2,2,2,2,2,2,2,2,2,4),(0.,
0.255375995568009,0.510668997606463,0.766460167764935,0.89377658812702,
1.01874701992197,1.26656497144239,1.51315882527044,1.7568896739792,1.99887225895865,
2.47604465170026,2.95136094776817,3.42397044411463,3.89929159448779,4.13902795977852,
4.38069057110336,4.87020722166465,5.11926002152832,5.37060898843264,5.88103884788271,
6.11883433470278,6.35791014969879,6.84129050575177,7.11572677242934,7.40644321452896,
7.98365291195438,8.47493172236048,8.58834435638183,8.69780370011099,8.90564503547358,
9.10080758962947,9.2858981392727,9.63035614505628,9.79446305617241,9.95380724933968,
10.2691888672679,10.4290784065727,10.596324221816,10.9733723512728,11.2146722554721,
11.3446267239132,11.4795406446447,11.7578190581697,12.0203374183143,12.4811802646202,
12.9434687293648,13.4569254409319,13.7140907412914,13.9716202648954,14.2289763073552,
14.486260076324,15.),.UNSPECIFIED.);
#101=B_SPLINE_CURVE_WITH_KNOTS('',3,(#7548,#7549,#7550,#7551,#7552,#7553,
#7554,#7555,#7556,#7557,#7558,#7559,#7560,#7561,#7562,#7563,#7564,#7565,
#7566,#7567,#7568,#7569,#7570,#7571,#7572,#7573,#7574,#7575,#7576,#7577,
#7578,#7579,#7580,#7581,#7582,#7583,#7584,#7585,#7586,#7587,#7588,#7589,
#7590,#7591,#7592,#7593,#7594,#7595,#7596,#7597,#7598,#7599,#7600,#7601,
#7602,#7603,#7604,#7605,#7606,#7607,#7608,#7609,#7610,#7611,#7612,#7613,
#7614,#7615,#7616,#7617,#7618,#7619,#7620,#7621,#7622,#7623,#7624,#7625,
#7626,#7627,#7628,#7629,#7630,#7631,#7632,#7633,#7634,#7635,#7636,#7637,
#7638,#7639,#7640,#7641,#7642,#7643,#7644,#7645,#7646,#7647,#7648,#7649,
#7650,#7651,#7652,#7653,#7654,#7655,#7656,#7657,#7658,#7659,#7660,#7661,
#7662,#7663,#7664,#7665),.UNSPECIFIED.,.T.,.F.,(4,2,2,2,2,2,2,2,2,2,2,2,
2,2,2,2,2,2,2,2,2,2,2,2,2,2,2,2,2,2,2,2,2,2,2,2,2,2,2,2,2,2,2,2,2,2,2,2,
2,2,2,2,2,2,2,2,2,2,4),(0.,0.336657107315715,0.626591349880422,0.901222724727023,
1.17086568250732,1.31975720515721,1.47134804425796,1.62672330908131,1.78693454337803,
1.95317376003372,2.10321177330575,2.37398478876471,2.76370408912285,3.21049009037657,
3.44941499285243,3.68395729364561,3.89197133124243,4.0996333934449,4.60602573933708,
4.8625358721788,5.11506445533293,5.35802711260761,5.60687827088036,5.85987521191097,
6.11513044402161,6.65814639766528,6.93180981787386,7.20685561716951,7.48429700905127,
7.76444529680213,8.04671767383002,8.18060200554658,8.31455452683053,8.59415902354338,
8.87562241843558,9.4349235464667,9.71482813548976,9.99367067896731,10.2712043760791,
10.547667452514,10.8271863031778,10.9689037052702,11.111716987599,11.2563829111038,
11.402217487672,11.5493780096725,11.6974216968058,11.9948014682197,12.2819655933675,
12.8554776345267,13.1234835702555,13.3974056045269,13.6682069887889,13.932516007035,
14.0609685031149,14.2152290348698,14.5075568318022,14.7718274446452,15.),
 .UNSPECIFIED.);
#102=B_SPLINE_CURVE_WITH_KNOTS('',3,(#7666,#7667,#7668,#7669,#7670,#7671,
#7672,#7673,#7674,#7675,#7676,#7677,#7678,#7679,#7680,#7681,#7682,#7683,
#7684,#7685,#7686,#7687,#7688,#7689,#7690,#7691,#7692,#7693,#7694,#7695,
#7696,#7697,#7698,#7699,#7700,#7701,#7702,#7703,#7704,#7705,#7706,#7707,
#7708,#7709,#7710,#7711,#7712,#7713,#7714,#7715,#7716,#7717,#7718,#7719,
#7720,#7721,#7722,#7723,#7724,#7725,#7726,#7727,#7728,#7729,#7730,#7731,
#7732,#7733,#7734,#7735,#7736,#7737,#7738,#7739,#7740,#7741,#7742,#7743,
#7744,#7745,#7746,#7747,#7748,#7749,#7750,#7751,#7752,#7753,#7754,#7755,
#7756,#7757,#7758,#7759,#7760,#7761,#7762,#7763,#7764,#7765,#7766,#7767,
#7768,#7769,#7770,#7771,#7772,#7773,#7774,#7775,#7776,#7777,#7778,#7779,
#7780,#7781,#7782,#7783),.UNSPECIFIED.,.T.,.F.,(4,2,2,2,2,2,2,2,2,2,2,2,
2,2,2,2,2,2,2,2,2,2,2,2,2,2,2,2,2,2,2,2,2,2,2,2,2,2,2,2,2,2,2,2,2,2,2,2,
2,2,2,2,2,2,2,2,2,2,4),(0.,0.212211098676555,0.415898399733466,0.848820268439847,
1.11230771648989,1.26887904952215,1.44636797972856,1.86357164976392,2.34460328583361,
2.59629918541013,2.84703727871201,3.09362250075826,3.33728797151052,3.58526241579505,
3.71209843947271,3.84166241000253,4.11296857784503,4.40063836582622,4.5624824535824,
4.72892152915357,5.07291940981562,5.42450048125576,5.60058791101617,5.77471739757864,
5.94637648225495,6.11557331801988,6.28211792979774,6.40809141395706,6.64800259714012,
6.87993174946204,7.00369234207313,7.12457937705824,7.35722135142501,7.60019554519752,
7.84127076158334,8.28730963085409,8.49594626515718,8.70444446201186,9.11469816337532,
9.53795702188395,9.99495895051157,10.1149555420877,10.2371015673652,10.4872163944384,
10.7560423337688,10.8926582199486,11.0313605374475,11.321895381508,11.4713168639953,
11.6242568464299,11.9365482820882,12.094842209846,12.2459742342919,12.3848529587198,
12.5215233243602,12.7764769574596,13.0735731995501,13.4541491518384,14.),
 .UNSPECIFIED.);
#103=B_SPLINE_CURVE_WITH_KNOTS('',3,(#7784,#7785,#7786,#7787,#7788,#7789,
#7790,#7791,#7792,#7793,#7794,#7795,#7796,#7797,#7798,#7799,#7800,#7801,
#7802,#7803,#7804,#7805,#7806,#7807,#7808,#7809,#7810,#7811,#7812,#7813,
#7814,#7815,#7816,#7817,#7818,#7819,#7820,#7821,#7822,#7823,#7824,#7825,
#7826,#7827,#7828,#7829,#7830,#7831,#7832,#7833,#7834,#7835,#7836,#7837,
#7838,#7839,#7840,#7841,#7842,#7843,#7844,#7845,#7846,#7847,#7848,#7849,
#7850,#7851,#7852,#7853,#7854,#7855,#7856,#7857,#7858,#7859,#7860,#7861,
#7862,#7863,#7864,#7865,#7866,#7867,#7868,#7869,#7870,#7871,#7872,#7873,
#7874,#7875,#7876,#7877,#7878,#7879,#7880,#7881,#7882,#7883,#7884,#7885,
#7886,#7887,#7888,#7889,#7890,#7891,#7892,#7893,#7894,#7895,#7896,#7897,
#7898,#7899,#7900,#7901,#7902,#7903,#7904,#7905,#7906,#7907),
 .UNSPECIFIED.,.F.,.F.,(4,2,2,2,2,2,2,2,2,2,2,2,2,2,2,2,2,2,2,2,2,2,2,2,
2,2,2,2,2,2,2,2,2,2,2,2,2,2,2,2,2,2,2,2,2,2,2,2,2,2,2,2,2,2,2,2,2,2,2,2,
2,4),(0.,1.53921482948336,3.04513058620945,5.99848168310228,8.93973663134277,
10.4327419462353,11.98240695358,15.9869000095558,18.1687129554942,19.9922784096802,
21.6567264728929,23.3562366830886,26.7898075931306,28.8092028851587,30.8281662655026,
31.8398634670143,32.8603000900959,34.9479885323652,39.3647739539594,41.747656168264,
44.2037189434053,46.870224650747,49.5755022683466,52.3117464842884,55.0004508594765,
57.474044527947,59.955531040175,62.4261051792474,64.8718991151733,66.1014914261669,
67.3112121345119,69.6821572120484,71.985570255468,74.2463605077028,76.4853348118978,
78.8960819472994,83.7610734277171,86.0636507275256,87.2210382057422,88.3886015087732,
90.7827140554556,93.2531118865263,94.5141467923082,95.7943903782508,97.0960421851526,
98.418188223655,101.122968997822,103.889855997596,106.690920325157,109.505174169904,
112.291820014309,113.659541111416,114.999502750579,119.95810033727,124.262588486889,
128.115178998048,129.915339355916,131.660819980181,133.359544624716,135.014521056363,
136.626916144329,138.198931941952),.UNSPECIFIED.);
#104=B_SPLINE_CURVE_WITH_KNOTS('',3,(#7908,#7909,#7910,#7911,#7912,#7913,
#7914,#7915,#7916,#7917,#7918,#7919,#7920,#7921,#7922,#7923,#7924,#7925,
#7926,#7927,#7928,#7929,#7930,#7931,#7932,#7933,#7934,#7935),
 .UNSPECIFIED.,.F.,.F.,(4,2,2,2,2,2,2,2,2,2,2,2,2,4),(32.2356550534721,
33.7782287560323,35.3387116417753,38.5029823457254,41.6942713506146,44.8917709435913,
48.0796097002008,49.6650044221318,51.2428233003578,52.0203064826003,52.8012424939944,
54.3582663189717,55.9075931791881,57.4831111087164),.UNSPECIFIED.);
#105=B_SPLINE_CURVE_WITH_KNOTS('',3,(#7936,#7937,#7938,#7939,#7940,#7941,
#7942,#7943,#7944,#7945,#7946,#7947,#7948,#7949,#7950,#7951,#7952,#7953,
#7954,#7955,#7956,#7957,#7958,#7959,#7960,#7961,#7962,#7963,#7964,#7965,
#7966,#7967,#7968,#7969,#7970,#7971,#7972,#7973,#7974,#7975,#7976,#7977,
#7978,#7979,#7980,#7981,#7982,#7983,#7984,#7985,#7986,#7987,#7988,#7989,
#7990,#7991,#7992,#7993,#7994,#7995,#7996,#7997,#7998,#7999,#8000,#8001,
#8002,#8003,#8004,#8005,#8006,#8007,#8008,#8009,#8010,#8011,#8012,#8013,
#8014,#8015,#8016,#8017,#8018,#8019,#8020,#8021,#8022,#8023,#8024,#8025,
#8026,#8027,#8028,#8029,#8030,#8031,#8032,#8033,#8034,#8035,#8036,#8037,
#8038,#8039,#8040,#8041,#8042,#8043,#8044,#8045,#8046,#8047,#8048,#8049,
#8050,#8051,#8052,#8053,#8054,#8055,#8056,#8057,#8058,#8059,#8060,#8061,
#8062,#8063),.UNSPECIFIED.,.T.,.F.,(4,2,2,2,2,2,2,2,2,2,2,2,2,2,2,2,2,2,
2,2,2,2,2,2,2,2,2,2,2,2,2,2,2,2,2,2,2,2,2,2,2,2,2,2,2,2,2,2,2,2,2,2,2,2,
2,2,2,2,2,2,2,2,2,4),(0.,5.14201793192634,7.71274348510749,10.2778400685477,
12.8132286944909,15.3240249775011,17.8124961535187,20.2818327435981,22.7387136973763,
25.1743665795524,27.5853954526164,29.9739958713044,32.3366739932974,34.6849261299841,
37.0255322413811,39.3570236544875,44.0064496261322,45.1619492606604,46.3088671850685,
48.5921035522207,49.7488968040632,50.9091548174286,53.2422947479742,57.948870704889,
60.2388087017853,62.6169275432922,65.0137452470478,67.4337934811164,72.3772880675444,
74.8834570056164,77.4198303062589,79.9666262701638,82.5499034071134,85.1989216910574,
87.8709734573969,90.5277641281439,93.0045715848819,95.258234352282,96.3064392476003,
97.2937655491119,100.608478072868,102.140301153151,103.675844403074,105.369786219414,
107.364943017165,111.476077359957,115.170235669058,117.036536501063,118.916669504383,
120.760996339728,122.568497269845,124.421956181874,126.276960209617,127.345012372754,
128.431071039958,130.690208570877,133.07858778584,134.315956172352,135.518251505936,
136.742122377174,137.917731493693,139.092583147874,140.262975407963,144.963973996952),
 .UNSPECIFIED.);
#106=B_SPLINE_CURVE_WITH_KNOTS('',3,(#8064,#8065,#8066,#8067,#8068,#8069,
#8070,#8071,#8072,#8073,#8074,#8075,#8076,#8077,#8078,#8079,#8080,#8081,
#8082,#8083,#8084,#8085,#8086,#8087,#8088,#8089,#8090,#8091,#8092,#8093,
#8094,#8095,#8096,#8097,#8098,#8099,#8100,#8101,#8102,#8103,#8104,#8105,
#8106,#8107,#8108,#8109,#8110,#8111,#8112,#8113,#8114,#8115),
 .UNSPECIFIED.,.F.,.F.,(4,2,2,2,2,2,2,2,2,2,2,2,2,2,2,2,2,2,2,2,2,2,2,2,
2,4),(107.702482472079,112.705035391559,113.930213023706,115.131612759492,
116.306056944677,117.448084135099,121.640804018806,125.347969726747,128.755052352707,
131.939449499727,134.968337896228,137.856231966285,139.150117809102,140.552218432078,
141.927322200154,143.283744327859,145.892605404361,147.203585494326,148.541904534068,
149.928430556298,151.370433177824,154.419769251897,156.259814336212,157.980295448162,
159.586563726658,161.225354207503),.UNSPECIFIED.);
#107=B_SPLINE_CURVE_WITH_KNOTS('',3,(#8116,#8117,#8118,#8119,#8120,#8121,
#8122,#8123,#8124,#8125,#8126,#8127,#8128,#8129,#8130,#8131,#8132,#8133,
#8134,#8135,#8136,#8137,#8138,#8139,#8140,#8141),.UNSPECIFIED.,.F.,.F.,
(4,2,2,2,2,2,2,2,2,2,2,2,4),(19.0277480153485,23.6755158073929,24.8448822906831,
26.022406496303,28.4311326153755,29.6557007200759,30.8985872770578,32.1607404487364,
33.4426091117682,34.7452816988685,36.0688553924278,37.4124836499815,38.7712540836859),
 .UNSPECIFIED.);
#108=B_SPLINE_CURVE_WITH_KNOTS('',3,(#8142,#8143,#8144,#8145,#8146,#8147,
#8148,#8149,#8150,#8151,#8152,#8153,#8154,#8155,#8156,#8157,#8158,#8159,
#8160,#8161,#8162,#8163,#8164,#8165,#8166,#8167,#8168,#8169,#8170,#8171,
#8172,#8173,#8174,#8175,#8176,#8177,#8178,#8179,#8180,#8181,#8182,#8183,
#8184,#8185,#8186,#8187,#8188,#8189,#8190,#8191,#8192,#8193,#8194,#8195,
#8196,#8197,#8198,#8199,#8200,#8201,#8202,#8203,#8204,#8205,#8206,#8207,
#8208,#8209,#8210,#8211),.UNSPECIFIED.,.F.,.F.,(4,2,2,2,2,2,2,2,2,2,2,2,
2,2,2,2,2,2,2,2,2,2,2,2,2,2,2,2,2,2,2,2,2,2,4),(109.963733827368,111.966444942601,
114.013012214681,115.050443297946,116.096856798373,117.184893068581,118.281800326344,
119.317239059307,120.332999091736,122.303791209931,124.177672115661,125.97039869109,
127.561178213717,129.264978795719,132.650706321349,134.215667361432,135.728396606929,
138.677125346318,140.138106757201,141.633566664346,143.17315279955,144.768998446048,
146.56928641513,148.436193153283,150.131328466417,151.698229990073,153.563065295748,
154.516300621232,155.481979322945,157.455918740894,159.505987592234,161.638388015892,
163.672155401764,165.662755972217,167.615055939503),.UNSPECIFIED.);
#109=B_SPLINE_CURVE_WITH_KNOTS('',3,(#8212,#8213,#8214,#8215,#8216,#8217,
#8218,#8219,#8220,#8221,#8222,#8223,#8224,#8225,#8226,#8227,#8228,#8229,
#8230,#8231,#8232,#8233,#8234,#8235,#8236,#8237,#8238,#8239,#8240,#8241,
#8242,#8243,#8244,#8245,#8246,#8247,#8248,#8249,#8250,#8251,#8252,#8253,
#8254,#8255,#8256,#8257,#8258,#8259,#8260,#8261,#8262,#8263,#8264,#8265,
#8266,#8267,#8268,#8269,#8270,#8271,#8272,#8273,#8274,#8275,#8276,#8277,
#8278,#8279,#8280,#8281,#8282,#8283,#8284,#8285,#8286,#8287,#8288,#8289,
#8290,#8291,#8292,#8293,#8294,#8295,#8296,#8297,#8298,#8299,#8300,#8301,
#8302,#8303,#8304,#8305,#8306,#8307,#8308,#8309,#8310,#8311,#8312,#8313,
#8314,#8315,#8316,#8317,#8318,#8319,#8320,#8321,#8322,#8323,#8324,#8325,
#8326,#8327,#8328),.UNSPECIFIED.,.T.,.F.,(4,3,2,2,2,2,2,2,2,2,2,2,2,2,2,
2,2,2,2,2,2,2,2,2,2,2,2,2,3,3,3,2,2,2,2,2,2,2,2,2,2,2,2,2,2,2,2,2,2,3,2,
2,2,2,2,4),(17.8870299855805,17.8870309224477,18.1302089961506,18.2479006563781,
18.3632440582503,18.8032509425247,19.2042689588578,19.4014342812204,19.5955418141456,
19.7896264167467,19.9872978230848,20.4127345439712,20.8900289739561,21.0199753071198,
21.1551422653259,21.4332992954273,22.0085036305476,22.5801315495064,22.8630234241587,
23.1422116966341,23.409485952401,23.6725885629079,23.934425087433,24.1977000580425,
24.4641557593874,24.7351603231741,25.0110651798837,25.2942231027576,25.8887885854698,
25.8887899132244,25.8887899463952,26.322502708088,26.7363537948969,27.1329149273129,
27.518100094167,27.8989654394906,28.2763494871226,28.6608747715216,29.0581623738958,
29.4702686012411,29.8877774849277,30.0945155265508,30.298202151019,30.4980196487497,
30.6927844375678,30.8799062288369,31.0598276320949,31.4017720997642,31.7100715667395,
32.0000004102826,32.4266756453721,32.6481088110279,32.8768372175668,33.113987883116,
33.3604749027345,33.8870307500631),.UNSPECIFIED.);
#110=B_SPLINE_CURVE_WITH_KNOTS('',3,(#8329,#8330,#8331,#8332,#8333,#8334,
#8335,#8336,#8337,#8338,#8339,#8340,#8341,#8342,#8343,#8344,#8345,#8346,
#8347,#8348,#8349,#8350,#8351,#8352,#8353,#8354,#8355,#8356,#8357,#8358,
#8359,#8360,#8361,#8362,#8363,#8364,#8365,#8366,#8367,#8368,#8369,#8370,
#8371,#8372,#8373,#8374,#8375,#8376),.UNSPECIFIED.,.F.,.F.,(4,2,2,2,2,2,
2,2,2,2,2,2,2,2,2,2,2,2,2,2,2,2,2,4),(60.9767773719549,62.4105352898229,
63.8477883239608,65.2877001613814,66.7292930498911,69.6078825398842,71.0525466653994,
72.496167765752,75.3941632224205,78.2947523846562,81.1944059002412,84.0908254455137,
86.9841412718891,88.427101083513,89.8698623991352,92.7563743040913,95.6404135311478,
98.5080174158556,99.941868101623,101.396770162373,102.835236584589,104.266429440931,
105.696963963039,107.1307121291),.UNSPECIFIED.);
#111=B_SPLINE_CURVE_WITH_KNOTS('',3,(#8377,#8378,#8379,#8380,#8381,#8382,
#8383,#8384,#8385,#8386,#8387,#8388,#8389,#8390,#8391,#8392,#8393,#8394,
#8395,#8396,#8397,#8398,#8399,#8400,#8401,#8402,#8403,#8404,#8405,#8406,
#8407,#8408,#8409,#8410,#8411,#8412,#8413,#8414,#8415,#8416,#8417,#8418,
#8419,#8420),.UNSPECIFIED.,.F.,.F.,(4,2,2,2,2,2,2,2,2,2,2,2,2,2,2,2,2,2,
2,2,2,4),(63.0981399299491,66.063634056491,69.0274078002098,71.9651897381903,
73.4441730673762,74.9238066397194,76.4037487050077,77.8835913306758,80.852925790185,
83.8176903613249,86.7820951247451,89.74370046752,91.2247213662504,92.7050643683446,
95.6692303715622,98.6336483137619,101.594207833334,104.484967693926,105.9684224024,
107.448461862111,108.912967699775,110.390875612358),.UNSPECIFIED.);
#112=B_SPLINE_CURVE_WITH_KNOTS('',3,(#8421,#8422,#8423,#8424,#8425,#8426,
#8427,#8428,#8429,#8430,#8431,#8432,#8433,#8434,#8435,#8436,#8437,#8438,
#8439,#8440,#8441,#8442,#8443,#8444,#8445,#8446,#8447,#8448,#8449,#8450,
#8451,#8452,#8453,#8454,#8455,#8456,#8457,#8458),.UNSPECIFIED.,.F.,.F.,
(4,2,2,2,2,2,2,2,2,2,2,2,2,2,2,2,2,2,4),(62.6293106558247,65.5903318642501,
68.5513530726756,71.5107974793272,74.4702418859788,80.3787336117846,83.3492151115761,
86.3196966113676,89.2777214921452,92.2357463729229,93.7150108630887,95.1942753532544,
96.6735398434201,98.1528043335859,101.112304675891,102.592054847043,104.071805018196,
107.017769422783,109.963733827369),.UNSPECIFIED.);
#113=B_SPLINE_CURVE_WITH_KNOTS('',3,(#8459,#8460,#8461,#8462,#8463,#8464,
#8465,#8466,#8467,#8468,#8469,#8470,#8471,#8472,#8473,#8474,#8475,#8476,
#8477,#8478,#8479,#8480,#8481,#8482,#8483,#8484,#8485,#8486,#8487,#8488,
#8489,#8490,#8491,#8492,#8493,#8494,#8495,#8496,#8497,#8498),
 .UNSPECIFIED.,.F.,.F.,(4,2,2,2,2,2,2,2,2,2,2,2,2,2,2,2,2,2,2,4),(51.5283286988861,
53.0173769504619,54.5049512957829,57.4747213517692,60.4185502827754,63.4215089544119,
66.4447491978583,69.4701333227924,72.4409558175986,75.4680291049675,76.9738788700521,
78.4879049618492,81.5313450338951,84.5549797884592,86.0730996780334,87.5899086397474,
90.6139248276549,93.6406650293461,96.6736229191431,99.6821223900473),
 .UNSPECIFIED.);
#114=B_SPLINE_CURVE_WITH_KNOTS('',3,(#8499,#8500,#8501,#8502,#8503,#8504,
#8505,#8506,#8507,#8508,#8509,#8510,#8511,#8512,#8513,#8514,#8515,#8516,
#8517,#8518,#8519,#8520,#8521,#8522,#8523,#8524,#8525,#8526,#8527,#8528,
#8529,#8530,#8531,#8532,#8533,#8534,#8535,#8536,#8537,#8538,#8539,#8540),
 .UNSPECIFIED.,.F.,.F.,(4,2,2,2,2,2,2,2,2,2,2,2,2,2,2,2,2,2,2,2,4),(57.4831111087165,
58.9753259399258,60.4540800833659,63.3630662422901,64.8705594549152,66.3787850800609,
69.3892995351736,72.4048463701415,75.4249827098355,78.3917003703545,81.4031289977442,
84.4174018446705,87.419046481982,90.412099620107,91.9309168796767,93.4498981975083,
94.9579229519199,96.457177027319,99.4121678156805,102.424426868814,105.433992824633),
 .UNSPECIFIED.);
#115=B_SPLINE_CURVE_WITH_KNOTS('',3,(#8541,#8542,#8543,#8544,#8545,#8546,
#8547,#8548,#8549,#8550,#8551,#8552,#8553,#8554,#8555,#8556,#8557,#8558,
#8559,#8560,#8561,#8562,#8563,#8564,#8565,#8566,#8567,#8568,#8569,#8570,
#8571,#8572,#8573,#8574,#8575,#8576,#8577,#8578,#8579,#8580,#8581,#8582,
#8583,#8584),.UNSPECIFIED.,.F.,.F.,(4,2,2,2,2,2,2,2,2,2,2,2,2,2,2,2,2,2,
2,2,2,4),(257.40108773899,260.484508964526,263.564537379545,266.6168137009,
269.702318148017,272.785997275793,275.870630896897,278.981417521799,280.518483494661,
282.054860454614,285.129495299379,288.202783913366,289.740152980267,291.275063513289,
294.351175308155,295.873509296713,297.40023715238,300.399817270511,301.948303225672,
303.457150017089,304.955967118873,306.480676099181),.UNSPECIFIED.);
#116=B_SPLINE_CURVE_WITH_KNOTS('',3,(#8585,#8586,#8587,#8588,#8589,#8590,
#8591,#8592,#8593,#8594,#8595,#8596,#8597,#8598),.UNSPECIFIED.,.F.,.F.,
(4,2,2,2,2,2,4),(57.4831111087165,58.9084854959612,60.3078891225621,63.0847919253391,
64.5291869253628,65.974844023661,68.8716650689318),.UNSPECIFIED.);
#117=B_SPLINE_CURVE_WITH_KNOTS('',3,(#8599,#8600,#8601,#8602,#8603,#8604,
#8605,#8606,#8607,#8608,#8609,#8610,#8611,#8612,#8613,#8614),
 .UNSPECIFIED.,.F.,.F.,(4,2,2,2,2,2,2,4),(51.5283286988861,52.9389978663315,
54.3192155318589,55.7232726102011,57.1288297357839,58.5362210898667,59.945419390857,
62.7745442130479),.UNSPECIFIED.);
#118=B_SPLINE_CURVE_WITH_KNOTS('',3,(#8615,#8616,#8617,#8618,#8619,#8620,
#8621,#8622,#8623,#8624,#8625,#8626,#8627,#8628),.UNSPECIFIED.,.F.,.F.,
(4,2,2,2,2,2,4),(51.201166223335,52.6316048247697,54.0421313215799,56.8537097743576,
58.2941532183585,59.7360132385027,62.6293106558247),.UNSPECIFIED.);
#119=B_SPLINE_CURVE_WITH_KNOTS('',3,(#8629,#8630,#8631,#8632,#8633,#8634,
#8635,#8636,#8637,#8638,#8639,#8640,#8641,#8642,#8643,#8644),
 .UNSPECIFIED.,.F.,.F.,(4,2,3,2,2,3,4),(327.828278548468,328.267595141821,
328.418789242573,330.987905339199,333.600506626983,338.827676716093,339.212246435773),
 .UNSPECIFIED.);
#120=B_SPLINE_CURVE_WITH_KNOTS('',3,(#8645,#8646,#8647,#8648,#8649,#8650,
#8651,#8652,#8653,#8654,#8655,#8656,#8657,#8658,#8659,#8660),
 .UNSPECIFIED.,.F.,.F.,(4,2,2,2,2,2,2,4),(99.6821223900473,102.587825932127,
104.038950396836,105.487657796705,106.934658955674,108.382412563015,109.810878047064,
111.263178085133),.UNSPECIFIED.);
#121=B_SPLINE_CURVE_WITH_KNOTS('',3,(#8661,#8662,#8663,#8664,#8665,#8666,
#8667,#8668,#8669,#8670,#8671,#8672,#8673,#8674),.UNSPECIFIED.,.F.,.F.,
(4,2,2,2,2,2,4),(96.4632985301262,99.1937332123962,100.488513972057,101.847956519885,
104.483651936763,105.805120911293,107.1307121291),.UNSPECIFIED.);
#122=B_SPLINE_CURVE_WITH_KNOTS('',3,(#8675,#8676,#8677,#8678,#8679,#8680,
#8681,#8682,#8683,#8684,#8685,#8686,#8687,#8688,#8689,#8690),
 .UNSPECIFIED.,.F.,.F.,(4,2,2,2,2,2,2,4),(295.648403711306,298.392634294921,
299.755234988612,301.114563018527,302.450926156095,303.777459186362,305.124779832084,
306.478218465124),.UNSPECIFIED.);
#123=B_SPLINE_CURVE_WITH_KNOTS('',3,(#8691,#8692,#8693,#8694,#8695,#8696,
#8697,#8698,#8699,#8700,#8701,#8702,#8703,#8704,#8705,#8706,#8707,#8708,
#8709,#8710,#8711,#8712,#8713,#8714,#8715,#8716,#8717,#8718,#8719,#8720,
#8721,#8722),.UNSPECIFIED.,.F.,.F.,(4,1,1,1,1,1,1,1,1,1,1,1,1,1,1,1,1,1,
1,1,1,1,1,1,1,1,1,1,1,4),(0.,1.,2.,3.,4.,5.,6.,7.,8.,9.,10.,11.,12.,13.,
14.,15.,16.,17.,18.,19.,20.,21.,22.,23.,24.,25.,26.,27.,28.,29.),
 .UNSPECIFIED.);
#124=B_SPLINE_CURVE_WITH_KNOTS('',3,(#8723,#8724,#8725,#8726,#8727,#8728,
#8729,#8730,#8731,#8732,#8733,#8734,#8735,#8736,#8737,#8738,#8739,#8740,
#8741,#8742,#8743,#8744,#8745,#8746,#8747,#8748,#8749,#8750,#8751,#8752,
#8753,#8754),.UNSPECIFIED.,.F.,.F.,(4,1,1,1,1,1,1,1,1,1,1,1,1,1,1,1,1,1,
1,1,1,1,1,1,1,1,1,1,1,4),(0.,1.,2.,3.,4.,5.,6.,7.,8.,9.,10.,11.,12.,13.,
14.,15.,16.,17.,18.,19.,20.,21.,22.,23.,24.,25.,26.,27.,28.,29.),
 .UNSPECIFIED.);
#125=SHAPE_DEFINITION_REPRESENTATION(#126,#211);
#126=PRODUCT_DEFINITION_SHAPE('Document','',#128);
#127=PRODUCT_DEFINITION_CONTEXT('3D Mechanical Parts',#200,'design');
#128=PRODUCT_DEFINITION('A','First version',#170,#127);
#129=DATE_TIME_ROLE('classification_date');
#130=DATE_TIME_ROLE('creation_date');
#131=APPLIED_DATE_AND_TIME_ASSIGNMENT(#155,#129,(#134));
#132=APPLIED_DATE_AND_TIME_ASSIGNMENT(#157,#130,(#128));
#133=SECURITY_CLASSIFICATION_LEVEL('unclassified');
#134=SECURITY_CLASSIFICATION('A','Security for version',#133);
#135=APPLIED_SECURITY_CLASSIFICATION_ASSIGNMENT(#134,(#170));
#136=APPROVAL_ROLE('Version approval');
#137=APPROVAL_ROLE('Version Security approval');
#138=APPROVAL_ROLE('Definition approval');
#139=APPROVAL_PERSON_ORGANIZATION(#188,#164,#136);
#140=APPROVAL_PERSON_ORGANIZATION(#189,#165,#137);
#141=APPROVAL_PERSON_ORGANIZATION(#192,#166,#138);
#142=COORDINATED_UNIVERSAL_TIME_OFFSET(5,0,.BEHIND.);
#143=LOCAL_TIME(0,0,0.,#142);
#144=LOCAL_TIME(0,0,0.,#142);
#145=LOCAL_TIME(0,0,0.,#142);
#146=LOCAL_TIME(0,0,0.,#142);
#147=LOCAL_TIME(0,0,0.,#142);
#148=CALENDAR_DATE(1999,1,1);
#149=CALENDAR_DATE(1999,1,1);
#150=CALENDAR_DATE(1999,1,1);
#151=CALENDAR_DATE(1999,1,1);
#152=CALENDAR_DATE(1999,1,1);
#153=DATE_AND_TIME(#148,#143);
#154=DATE_AND_TIME(#149,#144);
#155=DATE_AND_TIME(#150,#145);
#156=DATE_AND_TIME(#151,#146);
#157=DATE_AND_TIME(#152,#147);
#158=APPROVAL_DATE_TIME(#153,#164);
#159=APPROVAL_DATE_TIME(#154,#165);
#160=APPROVAL_DATE_TIME(#156,#166);
#161=APPROVAL_STATUS('not_yet_approved');
#162=APPROVAL_STATUS('not_yet_approved');
#163=APPROVAL_STATUS('approved');
#164=APPROVAL(#161,'Version approval');
#165=APPROVAL(#162,'Version Security approval');
#166=APPROVAL(#163,'Definition approval');
#167=APPLIED_APPROVAL_ASSIGNMENT(#164,(#170));
#168=APPLIED_APPROVAL_ASSIGNMENT(#165,(#134));
#169=APPLIED_APPROVAL_ASSIGNMENT(#166,(#128));
#170=PRODUCT_DEFINITION_FORMATION_WITH_SPECIFIED_SOURCE('A',
'First version',#202,.MADE.);
#171=PERSON_AND_ORGANIZATION_ROLE('design_owner');
#172=PERSON_AND_ORGANIZATION_ROLE('creator');
#173=PERSON_AND_ORGANIZATION_ROLE('design_supplier');
#174=PERSON_AND_ORGANIZATION_ROLE('classification_officer');
#175=PERSON_AND_ORGANIZATION_ROLE('creator');
#176=ORGANIZATION('STI','lab','lab');
#177=ORGANIZATION('STI','unknown','unknown');
#178=ORGANIZATION('STI','unknown','unknown');
#179=ORGANIZATION('STI','unknown','unknown');
#180=ORGANIZATION('STI','unknown','unknown');
#181=ORGANIZATION('STI','unknown','unknown');
#182=ORGANIZATION('STI','unknown','unknown');
#183=PERSON('1','Box','vc60',$,$,$);
#184=PERSON('2','last','first',$,$,$);
#185=PERSON('3','President','Mr.',$,$,$);
#186=PERSON_AND_ORGANIZATION(#183,#176);
#187=PERSON_AND_ORGANIZATION(#184,#177);
#188=PERSON_AND_ORGANIZATION(#185,#178);
#189=PERSON_AND_ORGANIZATION(#185,#179);
#190=PERSON_AND_ORGANIZATION(#185,#180);
#191=PERSON_AND_ORGANIZATION(#184,#181);
#192=PERSON_AND_ORGANIZATION(#185,#182);
#193=APPLIED_PERSON_AND_ORGANIZATION_ASSIGNMENT(#186,#171,(#202));
#194=APPLIED_PERSON_AND_ORGANIZATION_ASSIGNMENT(#187,#172,(#170));
#195=APPLIED_PERSON_AND_ORGANIZATION_ASSIGNMENT(#187,#173,(#170));
#196=APPLIED_PERSON_AND_ORGANIZATION_ASSIGNMENT(#190,#174,(#134));
#197=APPLIED_PERSON_AND_ORGANIZATION_ASSIGNMENT(#191,#175,(#128));
#198=PRODUCT_RELATED_PRODUCT_CATEGORY('detail','detail',(#202));
#199=APPLICATION_PROTOCOL_DEFINITION('International Standard',
'config_control_design',1994,#200);
#200=APPLICATION_CONTEXT(
'configuration controlled 3d designs of mechanical parts and assemblie
s');
#201=PRODUCT_CONTEXT('3D Mechanical Parts',#200,'mechanical');
#202=PRODUCT('Document','Document','',(#201));
#203=(
LENGTH_UNIT()
NAMED_UNIT(*)
SI_UNIT(.MILLI.,.METRE.)
);
#204=(
NAMED_UNIT(*)
PLANE_ANGLE_UNIT()
SI_UNIT($,.RADIAN.)
);
#205=DIMENSIONAL_EXPONENTS(0.,0.,0.,0.,0.,0.,0.);
#206=PLANE_ANGLE_MEASURE_WITH_UNIT(PLANE_ANGLE_MEASURE(0.01745329252),#204);
#207=(
CONVERSION_BASED_UNIT('DEGREES',#206)
NAMED_UNIT(#205)
PLANE_ANGLE_UNIT()
);
#208=(
NAMED_UNIT(*)
SI_UNIT($,.STERADIAN.)
SOLID_ANGLE_UNIT()
);
#209=UNCERTAINTY_MEASURE_WITH_UNIT(LENGTH_MEASURE(0.001),#203,
'DISTANCE_ACCURACY_VALUE',
'Maximum model space distance between geometric entities at asserted c
onnectivities');
#210=(
GEOMETRIC_REPRESENTATION_CONTEXT(3)
GLOBAL_UNCERTAINTY_ASSIGNED_CONTEXT((#209))
GLOBAL_UNIT_ASSIGNED_CONTEXT((#208,#207,#203))
REPRESENTATION_CONTEXT('ID1','3D')
);
#211=SHAPE_REPRESENTATION('Document',(#212,#213),#210);
#212=AXIS2_PLACEMENT_3D('',#218,#214,#215);
#213=AXIS2_PLACEMENT_3D('',#8755,#216,#217);
#214=DIRECTION('',(0.,0.,1.));
#215=DIRECTION('',(1.,0.,0.));
#216=DIRECTION('',(0.,0.,1.));
#217=DIRECTION('',(1.,0.,0.));
#218=CARTESIAN_POINT('',(0.,0.,0.));
#219=CARTESIAN_POINT('',(42.802827199682,63.792431266947,58.1964882681347));
#220=CARTESIAN_POINT('',(41.8250699645032,58.9696660512846,60.5339528077573));
#221=CARTESIAN_POINT('',(43.9819335920403,54.0082248007094,61.1838098288304));
#222=CARTESIAN_POINT('',(47.1526452167893,49.8482874551888,60.9937065675089));
#223=CARTESIAN_POINT('',(50.1198671213133,45.5208590620838,60.7719030901302));
#224=CARTESIAN_POINT('',(53.2598194270494,41.3470158570127,60.2559817207231));
#225=CARTESIAN_POINT('',(56.7498385768917,37.5237446851895,59.2450108298312));
#226=CARTESIAN_POINT('',(60.8486496088464,34.7515657236861,57.2375190542982));
#227=CARTESIAN_POINT('',(65.0546799216363,33.8164719399017,54.1138157998321));
#228=CARTESIAN_POINT('',(68.8968985218436,33.6962797100458,50.5415283410498));
#229=CARTESIAN_POINT('',(72.4858937468539,33.971192727588,46.7138261322523));
#230=CARTESIAN_POINT('',(75.7676625874323,34.6262303169096,42.6680133021233));
#231=CARTESIAN_POINT('',(78.6993036480847,35.6218916706792,38.4145807744491));
#232=CARTESIAN_POINT('',(80.9711968462929,37.5753836755529,34.0467899030516));
#233=CARTESIAN_POINT('',(82.1829696027034,40.7306696690573,29.956371072032));
#234=CARTESIAN_POINT('',(82.2654332990334,44.7709568130125,26.4956505195353));
#235=CARTESIAN_POINT('',(81.2145764531169,49.5021555199702,24.3454741800461));
#236=CARTESIAN_POINT('',(79.6288538953406,54.2952792956543,22.916406510229));
#237=CARTESIAN_POINT('',(77.7589551122451,58.9904157068909,21.5018646265664));
#238=CARTESIAN_POINT('',(75.4975874585853,63.656800460397,20.6084624955748));
#239=CARTESIAN_POINT('',(72.8948026421078,68.2295727706819,20.4980536415219));
#240=CARTESIAN_POINT('',(70.0181661457293,72.5917096451048,21.1310309300092));
#241=CARTESIAN_POINT('',(66.8980124119323,76.5847789427329,22.5734267332034));
#242=CARTESIAN_POINT('',(63.5590990756013,79.9920790815233,24.8057214706921));
#243=CARTESIAN_POINT('',(60.0357588487401,82.5960275630622,27.7646493917155));
#244=CARTESIAN_POINT('',(56.5576487031269,83.7751030415076,31.6645777579042));
#245=CARTESIAN_POINT('',(53.856345551391,82.8118966501805,36.1700532710756));
#246=CARTESIAN_POINT('',(51.6572127370586,80.7307052046352,40.4661550127777));
#247=CARTESIAN_POINT('',(49.6955583413904,78.0321942555547,44.5278642302656));
#248=CARTESIAN_POINT('',(47.9180309100113,74.8828803817286,48.335317483159));
#249=CARTESIAN_POINT('',(46.2113286030942,71.4442766021364,51.9118971645748));
#250=CARTESIAN_POINT('',(44.5206981015698,67.7410356940218,55.2381176991505));
#251=CARTESIAN_POINT('',(42.802827199682,63.792431266947,58.1964882681347));
#252=CARTESIAN_POINT('',(41.8250699645032,58.9696660512846,60.5339528077573));
#253=CARTESIAN_POINT('',(43.9819335920403,54.0082248007094,61.1838098288304));
#254=CARTESIAN_POINT('',(-41.5180656764628,58.2349733265138,58.2283711942462));
#255=CARTESIAN_POINT('',(-41.6570450980452,57.1267039285704,58.560773383192));
#256=CARTESIAN_POINT('',(-42.031599215277,56.0492834132055,58.7541821387665));
#257=CARTESIAN_POINT('',(-42.9699271038696,54.0976858524203,58.9688323233801));
#258=CARTESIAN_POINT('',(-43.516760285382,53.1965266117506,59.0071969686602));
#259=CARTESIAN_POINT('',(-44.6516384373812,51.4831179702361,59.0186517286483));
#260=CARTESIAN_POINT('',(-45.2559492490455,50.6462792349171,58.9917749729784));
#261=CARTESIAN_POINT('',(-46.1755358403656,49.3590961199917,58.940114921305));
#262=CARTESIAN_POINT('',(-46.4924522424945,48.9109759159965,58.9207682496994));
#263=CARTESIAN_POINT('',(-47.1337364982386,47.9949956993757,58.8784773599868));
#264=CARTESIAN_POINT('',(-47.4584547622548,47.527489181,58.8550836780261));
#265=CARTESIAN_POINT('',(-48.1151412825265,46.5822364731047,58.8016637146301));
#266=CARTESIAN_POINT('',(-48.4469080309097,46.1044628347469,58.7716018206096));
#267=CARTESIAN_POINT('',(-49.1220837117764,45.1409718572376,58.7015677459338));
#268=CARTESIAN_POINT('',(-49.4654545863801,44.6555464248431,58.6613867788251));
#269=CARTESIAN_POINT('',(-50.531125182442,43.1751105862395,58.518886936733));
#270=CARTESIAN_POINT('',(-51.2639818819637,42.1942690005717,58.3963364112276));
#271=CARTESIAN_POINT('',(-52.8242733032019,40.237582766152,58.0630035704404));
#272=CARTESIAN_POINT('',(-53.6435155501023,39.2761418798021,57.851758962987));
#273=CARTESIAN_POINT('',(-54.9698838770011,37.9070960514641,57.4186253940516));
#274=CARTESIAN_POINT('',(-55.4287493622263,37.4641266687629,57.2537802364847));
#275=CARTESIAN_POINT('',(-56.3931318516502,36.6119333140698,56.8688081369672));
#276=CARTESIAN_POINT('',(-56.8911389542251,36.2112127093396,56.6507422745401));
#277=CARTESIAN_POINT('',(-57.9431773394078,35.4649845157856,56.1405601651405));
#278=CARTESIAN_POINT('',(-58.4832167302569,35.1329651938136,55.8535528210029));
#279=CARTESIAN_POINT('',(-59.6255480561834,34.5512179025999,55.1851147966244));
#280=CARTESIAN_POINT('',(-60.2071736138722,34.3156093944106,54.8132525188639));
#281=CARTESIAN_POINT('',(-61.4177808318593,33.9166165766975,53.9795346340073));
#282=CARTESIAN_POINT('',(-62.0298899858937,33.7647504678521,53.5255362456061));
#283=CARTESIAN_POINT('',(-63.2851515501087,33.5254208262582,52.5366819489112));
#284=CARTESIAN_POINT('',(-63.9164832665169,33.4449678698375,52.0074540652735));
#285=CARTESIAN_POINT('',(-65.2013414981187,33.337897784977,50.8760144184106));
#286=CARTESIAN_POINT('',(-65.8470762038256,33.3159505665771,50.2771097754776));
#287=CARTESIAN_POINT('',(-67.1679907832439,33.3085730187931,49.003634569106));
#288=CARTESIAN_POINT('',(-67.8380575798174,33.3257733886882,48.3305447469058));
#289=CARTESIAN_POINT('',(-68.8416619649566,33.3851148590518,47.2826587561394));
#290=CARTESIAN_POINT('',(-69.1834797232183,33.4114303492866,46.9182730848837));
#291=CARTESIAN_POINT('',(-69.8703953579833,33.4765705511157,46.1705289632214));
#292=CARTESIAN_POINT('',(-70.2147908001656,33.5157755449579,45.7874120728289));
#293=CARTESIAN_POINT('',(-70.9032771322167,33.6068295771196,45.0045815834701));
#294=CARTESIAN_POINT('',(-71.246718457301,33.6588980634814,44.60518889525));
#295=CARTESIAN_POINT('',(-71.9309815330865,33.7755231505504,43.791031706669));
#296=CARTESIAN_POINT('',(-72.2711813961548,33.8402385064056,43.3766288468391));
#297=CARTESIAN_POINT('',(-72.946538784489,33.9816125089372,42.5339564207829));
#298=CARTESIAN_POINT('',(-73.281138250828,34.0582770512853,42.106089484585));
#299=CARTESIAN_POINT('',(-73.9427197489754,34.2230572241352,41.238241547653));
#300=CARTESIAN_POINT('',(-74.2689979980267,34.3115950313219,40.7987976795968));
#301=CARTESIAN_POINT('',(-75.2322589381261,34.605407787559,39.461612423872));
#302=CARTESIAN_POINT('',(-75.8428411254784,34.8351331136621,38.55984677981));
#303=CARTESIAN_POINT('',(-76.9822140927955,35.4176438761455,36.7326761364002));
#304=CARTESIAN_POINT('',(-77.5000497125359,35.7620765570871,35.8283511075507));
#305=CARTESIAN_POINT('',(-78.1903989959853,36.4058209049301,34.468771671489));
#306=CARTESIAN_POINT('',(-78.4005948690814,36.6353882355024,34.0268872364162));
#307=CARTESIAN_POINT('',(-78.7842581155054,37.1341507356764,33.1559594705417));
#308=CARTESIAN_POINT('',(-78.956287857524,37.399167380721,32.7318966416031));
#309=CARTESIAN_POINT('',(-79.2642252029894,37.9623852287486,31.8997653416906));
#310=CARTESIAN_POINT('',(-79.3991672469079,38.2564854614967,31.4961632665383));
#311=CARTESIAN_POINT('',(-79.6337523563035,38.8719662761468,30.708505213477));
#312=CARTESIAN_POINT('',(-79.7331002744083,39.1890879576945,30.328114929064));
#313=CARTESIAN_POINT('',(-79.8978756723296,39.8478097876895,29.588716910147));
#314=CARTESIAN_POINT('',(-79.9631121543989,40.1854665484384,29.2331933338669));
#315=CARTESIAN_POINT('',(-80.0613963832221,40.8814793790895,28.5458783464726));
#316=CARTESIAN_POINT('',(-80.0944341432447,41.2359603908704,28.2174020846349));
#317=CARTESIAN_POINT('',(-80.1462758380968,42.3239038262045,27.2769900262013));
#318=CARTESIAN_POINT('',(-80.1214621017029,43.0704349529641,26.7134049480202));
#319=CARTESIAN_POINT('',(-79.9555925711007,44.651336068511,25.7054164505875));
#320=CARTESIAN_POINT('',(-79.8210319493437,45.4505232363036,25.2794307402631));
#321=CARTESIAN_POINT('',(-79.4756705651472,47.0795778558893,24.5272766474445));
#322=CARTESIAN_POINT('',(-79.2709309030085,47.8884227099218,24.2082999543744));
#323=CARTESIAN_POINT('',(-78.8125976248969,49.5139666420792,23.6321748033395));
#324=CARTESIAN_POINT('',(-78.5618015653467,50.3221130783876,23.3776059733464));
#325=CARTESIAN_POINT('',(-78.1602755400635,51.5341195672155,23.0168049413014));
#326=CARTESIAN_POINT('',(-78.0226362712018,51.9367853975428,22.9003907721029));
#327=CARTESIAN_POINT('',(-77.7379164097774,52.7481874328948,22.6680764992452));
#328=CARTESIAN_POINT('',(-77.5908762846965,53.156656556804,22.551875666759));
#329=CARTESIAN_POINT('',(-77.4215661589807,53.6152569296196,22.4225003784129));
#330=CARTESIAN_POINT('',(-77.4026917502771,53.666221662913,22.4081376679113));
#331=CARTESIAN_POINT('',(-77.3742981957607,53.7426444824317,22.3866360750591));
#332=CARTESIAN_POINT('',(-77.3648210718848,53.7681120994639,22.3794763282675));
#333=CARTESIAN_POINT('',(-77.3529573827001,53.7999422758028,22.3705351233253));
#334=CARTESIAN_POINT('',(-77.3505838535981,53.8063078983683,22.3687473610244));
#335=CARTESIAN_POINT('',(-77.3470222706405,53.8158559858323,22.3660663636014));
#336=CARTESIAN_POINT('',(-77.3458348687065,53.8190386043631,22.3651728111125));
#337=CARTESIAN_POINT('',(-77.3440534432042,53.8238124456461,22.3638326451864));
#338=CARTESIAN_POINT('',(-77.3434595825842,53.8254037068656,22.3633859523677));
#339=CARTESIAN_POINT('',(-77.3422804874209,53.8285628010921,22.3624991889508));
#340=CARTESIAN_POINT('',(-77.3415703411834,53.8301610834558,22.3625992310176));
#341=CARTESIAN_POINT('',(-77.3405690391475,53.833638067304,22.3601896910252));
#342=CARTESIAN_POINT('',(-77.3416280900956,53.8318963636402,22.3587001409758));
#343=CARTESIAN_POINT('',(-77.3423377258758,53.8321138457882,22.3547784493102));
#344=CARTESIAN_POINT('',(-77.3412912655896,53.834176177471,22.3555432803924));
#345=CARTESIAN_POINT('',(-77.3395856150622,53.8387468311062,22.3542428574412));
#346=CARTESIAN_POINT('',(-77.3383985572587,53.8419271504834,22.3533381046384));
#347=CARTESIAN_POINT('',(-77.3348367494887,53.8514678440117,22.3506242173196));
#348=CARTESIAN_POINT('',(-77.3324613245448,53.8578280624495,22.3488154229051));
#349=CARTESIAN_POINT('',(-77.2920711179998,53.9659286386385,22.3180792633498));
#350=CARTESIAN_POINT('',(-77.2538272380683,54.0676148712695,22.2892687415418));
#351=CARTESIAN_POINT('',(-77.1384372813933,54.372410503976,22.2032617620801));
#352=CARTESIAN_POINT('',(-77.0605977808306,54.5753523776664,22.1464622671194));
#353=CARTESIAN_POINT('',(-76.8243908180461,55.1831736229203,21.9781019726502));
#354=CARTESIAN_POINT('',(-76.6632257366655,55.5873471347021,21.8684996596398));
#355=CARTESIAN_POINT('',(-76.1685787193245,56.7963403004973,21.5504948601751));
#356=CARTESIAN_POINT('',(-75.8240429843337,57.5976469508962,21.3526854034426));
#357=CARTESIAN_POINT('',(-75.1026049151119,59.1958532138753,20.9997529584457));
#358=CARTESIAN_POINT('',(-74.7274591435277,59.9891596810378,20.8453433689272));
#359=CARTESIAN_POINT('',(-73.9441224519326,61.5727359659338,20.5942689009867));
#360=CARTESIAN_POINT('',(-73.5385437199841,62.3577399407878,20.4991979824033));
#361=CARTESIAN_POINT('',(-72.695792127095,63.9232071026766,20.3728339682961));
#362=CARTESIAN_POINT('',(-72.261947507196,64.6976319832236,20.3415445224425));
#363=CARTESIAN_POINT('',(-71.3673856139262,66.2338742140316,20.3416810504547));
#364=CARTESIAN_POINT('',(-70.9102151877925,66.9899191725028,20.3728314355522));
#365=CARTESIAN_POINT('',(-69.967637236095,68.4896497119835,20.4980528073212));
#366=CARTESIAN_POINT('',(-69.4858557715369,69.2274309269769,20.5921608162971));
#367=CARTESIAN_POINT('',(-67.9973653537636,71.4162929054469,20.9701496076555));
#368=CARTESIAN_POINT('',(-66.9636662781304,72.8194617610957,21.3486706595328));
#369=CARTESIAN_POINT('',(-65.6082731396106,74.4747876742548,22.0074071647515));
#370=CARTESIAN_POINT('',(-65.3324240164807,74.8025342960819,22.1493919333871));
#371=CARTESIAN_POINT('',(-65.0447423495026,75.1342159236864,22.3056555754704));
#372=CARTESIAN_POINT('',(-65.03600477224,75.1442803500487,22.3104093492994));
#373=CARTESIAN_POINT('',(-65.0261824267424,75.1555835351054,22.315761923253));
#374=CARTESIAN_POINT('',(-65.0255220108349,75.1562386425457,22.3164735858288));
#375=CARTESIAN_POINT('',(-65.0255206400449,75.1552096668106,22.3199282987423));
#376=CARTESIAN_POINT('',(-65.0255366441705,75.1547848169766,22.3212581179787));
#377=CARTESIAN_POINT('',(-65.0220684014408,75.1587768019299,22.3231230495079));
#378=CARTESIAN_POINT('',(-65.0198816154878,75.1612932382614,22.3242993900657));
#379=CARTESIAN_POINT('',(-65.013320569098,75.1688416048161,22.3278301906501));
#380=CARTESIAN_POINT('',(-65.0089458368992,75.173872342985,22.3301863131191));
#381=CARTESIAN_POINT('',(-64.9870661339257,75.1990214054654,22.3419795685696));
#382=CARTESIAN_POINT('',(-64.9695518029271,75.2191157572465,22.3514499159656));
#383=CARTESIAN_POINT('',(-64.9169643197127,75.2793383098341,22.3799750894448));
#384=CARTESIAN_POINT('',(-64.8818618849124,75.3193884786593,22.3991358896644));
#385=CARTESIAN_POINT('',(-64.7763845774074,75.4392835433458,22.4570707885984));
#386=CARTESIAN_POINT('',(-64.7058968855737,75.5188076352088,22.4962653755335));
#387=CARTESIAN_POINT('',(-64.4937288771004,75.7563522339056,22.6156731333846));
#388=CARTESIAN_POINT('',(-64.3516344300295,75.9130131856716,22.6975527271203));
#389=CARTESIAN_POINT('',(-63.6336592816101,76.6920253720142,23.1208138044387));
#390=CARTESIAN_POINT('',(-63.0524566551011,77.2827331676795,23.4936536243297));
#391=CARTESIAN_POINT('',(-61.8560967532517,78.4081096654109,24.3208737501296));
#392=CARTESIAN_POINT('',(-61.2502561373824,78.9335743338116,24.7683192736064));
#393=CARTESIAN_POINT('',(-59.9988803246738,79.9121043404786,25.7617438472881));
#394=CARTESIAN_POINT('',(-59.3679982277122,80.3513303084287,26.2980427532661));
#395=CARTESIAN_POINT('',(-58.0595064358234,81.1233796570203,27.5084941696475));
#396=CARTESIAN_POINT('',(-57.3878299447237,81.4446169906978,28.1822264603528));
#397=CARTESIAN_POINT('',(-56.0419851825148,81.8851811752403,29.6926468214998));
#398=CARTESIAN_POINT('',(-55.4148543111911,81.976348819694,30.4901723525349));
#399=CARTESIAN_POINT('',(-54.1554870883178,81.8946969232368,32.2969971818423));
#400=CARTESIAN_POINT('',(-53.5664023278326,81.7092340998465,33.2502377771998));
#401=CARTESIAN_POINT('',(-52.4532178403753,81.1364113772249,35.1771589218551));
#402=CARTESIAN_POINT('',(-51.9267496796186,80.737744440057,36.1610745135037));
#403=CARTESIAN_POINT('',(-50.9343153629576,79.8164504508606,38.0855016256009));
#404=CARTESIAN_POINT('',(-50.4665140290028,79.2930631185805,39.0289465293225));
#405=CARTESIAN_POINT('',(-49.5846997961209,78.1869103849969,40.8313228619007));
#406=CARTESIAN_POINT('',(-49.1758351254942,77.6127190740915,41.6834786676316));
#407=CARTESIAN_POINT('',(-48.0287944536941,75.8544016973399,44.1037498348004));
#408=CARTESIAN_POINT('',(-47.3149322842321,74.5721039163098,45.6460301224618));
#409=CARTESIAN_POINT('',(-46.2934295624458,72.6099431291748,47.8038732727042));
#410=CARTESIAN_POINT('',(-45.9673748810061,71.9614888496107,48.4866188770498));
#411=CARTESIAN_POINT('',(-45.3423767138712,70.6753064829054,49.7846980493984));
#412=CARTESIAN_POINT('',(-45.0431932197065,70.0406946542915,50.4001276256445));
#413=CARTESIAN_POINT('',(-44.4609858285776,68.7802600615847,51.5710665415332));
#414=CARTESIAN_POINT('',(-44.1787094096749,68.1569819053322,52.1269211938459));
#415=CARTESIAN_POINT('',(-43.6199358960908,66.9097331322737,53.1910568253388));
#416=CARTESIAN_POINT('',(-43.3417287784087,66.2895308238662,53.699653252265));
#417=CARTESIAN_POINT('',(-42.8155258560872,65.045875902142,54.6563755470857));
#418=CARTESIAN_POINT('',(-42.5676677801558,64.4274257691005,55.104086800922));
#419=CARTESIAN_POINT('',(-42.1291054488,63.1755962155056,55.9343208348163));
#420=CARTESIAN_POINT('',(-41.9376431235641,62.552404906799,56.3146961778932));
#421=CARTESIAN_POINT('',(-41.6422026045069,61.2983066041131,56.9990928070751));
#422=CARTESIAN_POINT('',(-41.5352424441523,60.6861938368191,57.2993840936088));
#423=CARTESIAN_POINT('',(-41.4375556720783,59.4482369688507,57.8248151743881));
#424=CARTESIAN_POINT('',(-41.4405355087839,58.8532253761879,58.0429394436148));
#425=CARTESIAN_POINT('',(-41.5180656764628,58.2349733265138,58.2283711942462));
#426=CARTESIAN_POINT('',(-30.6907491225278,98.4275704965556,5.55981604798566));
#427=CARTESIAN_POINT('',(-31.5031514683633,98.3332166025956,6.09624857350907));
#428=CARTESIAN_POINT('',(-32.33695375513,98.1809450595813,6.54017853978022));
#429=CARTESIAN_POINT('',(-34.0620102563136,97.7653274745577,7.2938810990571));
#430=CARTESIAN_POINT('',(-34.938723276261,97.5060270593703,7.59777470741013));
#431=CARTESIAN_POINT('',(-36.6712961042889,96.9084934607475,8.0759506437237));
#432=CARTESIAN_POINT('',(-37.5250350443933,96.5728481868081,8.25208085780475));
#433=CARTESIAN_POINT('',(-39.2275625961963,95.8271683637669,8.50510856793763));
#434=CARTESIAN_POINT('',(-40.057663147187,95.426008408573,8.57990294672481));
#435=CARTESIAN_POINT('',(-42.5129830752644,94.1317058166697,8.67260821183053));
#436=CARTESIAN_POINT('',(-44.1032183845759,93.1467914123111,8.55983412921507));
#437=CARTESIAN_POINT('',(-47.0662113647592,90.9958571171581,7.91965279120625));
#438=CARTESIAN_POINT('',(-48.4447870802826,89.8227304271428,7.38566270175392));
#439=CARTESIAN_POINT('',(-50.2423073454936,87.9887904297921,6.20305568236701));
#440=CARTESIAN_POINT('',(-50.7871917305101,87.3733406213311,5.74845314323843));
#441=CARTESIAN_POINT('',(-51.4136923989268,86.5929930050419,5.10358082352636));
#442=CARTESIAN_POINT('',(-51.5358787605731,86.4368703165617,4.97125411400952));
#443=CARTESIAN_POINT('',(-51.7145942427087,86.2027816739861,4.76799344022996));
#444=CARTESIAN_POINT('',(-51.7733774501329,86.1248011569427,4.69946883448503));
#445=CARTESIAN_POINT('',(-51.835012660053,86.0420081724132,4.62585805589559));
#446=CARTESIAN_POINT('',(-51.8386353542024,86.0371380647263,4.62152491271348));
#447=CARTESIAN_POINT('',(-51.8440647858149,86.0298333332372,4.61502081848818));
#448=CARTESIAN_POINT('',(-51.8458738481468,86.0273984840536,4.61285207292502));
#449=CARTESIAN_POINT('',(-51.8494997589388,86.0225164120836,4.60850201996887));
#450=CARTESIAN_POINT('',(-51.8506732894116,86.0203535219518,4.60570056078422));
#451=CARTESIAN_POINT('',(-51.8590860078507,86.0083823287384,4.59409314264065));
#452=CARTESIAN_POINT('',(-51.8667537668012,85.9984938860986,4.58596543098747));
#453=CARTESIAN_POINT('',(-51.8883229430284,85.969276611657,4.55979143124909));
#454=CARTESIAN_POINT('',(-51.9026507841219,85.9498032047233,4.5422921883378));
#455=CARTESIAN_POINT('',(-51.945488197549,85.8913863759634,4.48963556551909));
#456=CARTESIAN_POINT('',(-51.9738394837023,85.8524627831922,4.4543339631893));
#457=CARTESIAN_POINT('',(-52.2280960929774,85.5010390327712,4.13367650950719));
#458=CARTESIAN_POINT('',(-52.4400822515321,85.1911711098421,3.83715220129413));
#459=CARTESIAN_POINT('',(-53.0443854499373,84.2584443527193,2.90668753413985));
#460=CARTESIAN_POINT('',(-53.3928277819198,83.6502476374226,2.24859667838816));
#461=CARTESIAN_POINT('',(-54.0054985867751,82.4399020473265,0.848038319467576));
#462=CARTESIAN_POINT('',(-54.2630001731275,81.8491391549277,0.117786042110896));
#463=CARTESIAN_POINT('',(-54.6951069754174,80.6825604644837,-1.40976578996658));
#464=CARTESIAN_POINT('',(-54.8649885254928,80.1160649960593,-2.19663656365922));
#465=CARTESIAN_POINT('',(-55.1233803270383,79.0042024122376,-3.82421073871233));
#466=CARTESIAN_POINT('',(-55.2092858778497,78.4662144218182,-4.65521213459523));
#467=CARTESIAN_POINT('',(-55.3485541531446,76.8888030060276,-7.21297258802959));
#468=CARTESIAN_POINT('',(-55.2798836683188,75.9068328029681,-8.97200611651594));
#469=CARTESIAN_POINT('',(-54.6922481568565,73.1494578144337,-14.2564472674215));
#470=CARTESIAN_POINT('',(-53.7968630264485,71.5387816468153,-17.8250771320401));
#471=CARTESIAN_POINT('',(-52.3070226981929,69.5906342500904,-22.1339389112858));
#472=CARTESIAN_POINT('',(-51.9900067730922,69.2030715219181,-22.9902606931417));
#473=CARTESIAN_POINT('',(-51.3193716869268,68.430262327166,-24.6886669607689));
#474=CARTESIAN_POINT('',(-50.9665218545748,68.0457484198114,-25.5291268874036));
#475=CARTESIAN_POINT('',(-50.2263125822649,67.2766018944049,-27.192815119489));
#476=CARTESIAN_POINT('',(-49.8397735925823,66.8926958512319,-28.0145269894147));
#477=CARTESIAN_POINT('',(-48.9829429420735,66.072577583381,-29.7420918543599));
#478=CARTESIAN_POINT('',(-48.5101022713836,65.6357837592007,-30.6437175810792));
#479=CARTESIAN_POINT('',(-47.1380318678266,64.4187837681148,-33.1082953815403));
#480=CARTESIAN_POINT('',(-46.1873598701531,63.6327331938762,-34.649530642144));
#481=CARTESIAN_POINT('',(-44.5232636007194,62.6492435189069,-36.83170761921));
#482=CARTESIAN_POINT('',(-43.9503054770148,62.3615663707123,-37.5160091093237));
#483=CARTESIAN_POINT('',(-43.0291750310628,61.999432144552,-38.4978978873116));
#484=CARTESIAN_POINT('',(-42.7236409852603,61.893324370365,-38.8070108913942));
#485=CARTESIAN_POINT('',(-42.1028333057848,61.7075524230478,-39.4009477575995));
#486=CARTESIAN_POINT('',(-41.7904528505819,61.6276263936876,-39.684310026271));
#487=CARTESIAN_POINT('',(-40.2794964006181,61.304780493074,-40.9823370066188));
#488=CARTESIAN_POINT('',(-38.9730797024606,61.2041031423714,-41.8991326095079));
#489=CARTESIAN_POINT('',(-36.4092832074412,61.238123873664,-43.4012733915984));
#490=CARTESIAN_POINT('',(-35.1486147201638,61.3462904866305,-44.0226121534495));
#491=CARTESIAN_POINT('',(-33.2812084172392,61.6232043526515,-44.7875690475138));
#492=CARTESIAN_POINT('',(-32.6824207515798,61.7284075651344,-45.0106620711393));
#493=CARTESIAN_POINT('',(-31.4935867670496,61.9703869087799,-45.4095879551037));
#494=CARTESIAN_POINT('',(-30.9089470947133,62.1051471476029,-45.5849780442421));
#495=CARTESIAN_POINT('',(-29.7463442183074,62.4042467708723,-45.8927035648823));
#496=CARTESIAN_POINT('',(-29.1735602666601,62.5670911780174,-46.0243486165022));
#497=CARTESIAN_POINT('',(-28.0332328371754,62.9242733518861,-46.2447122539451));
#498=CARTESIAN_POINT('',(-27.4711007278938,63.1164637229501,-46.3329884858998));
#499=CARTESIAN_POINT('',(-25.7879394106414,63.7468373525471,-46.5318380605509));
#500=CARTESIAN_POINT('',(-24.6778159523005,64.2357820255274,-46.5751164898665));
#501=CARTESIAN_POINT('',(-23.0677399833704,65.0998046913912,-46.4767669986613));
#502=CARTESIAN_POINT('',(-22.5383850145037,65.4117515120561,-46.415431710541));
#503=CARTESIAN_POINT('',(-21.4823000942394,66.1049048509234,-46.2243077716509));
#504=CARTESIAN_POINT('',(-20.9714815316498,66.4798086272844,-46.0935583668598));
#505=CARTESIAN_POINT('',(-19.3780406672916,67.8058941104984,-45.5408556198002));
#506=CARTESIAN_POINT('',(-18.4743391705107,68.8216105193883,-44.9852406192375));
#507=CARTESIAN_POINT('',(-16.8027140110731,71.1387695175312,-43.5164977011123));
#508=CARTESIAN_POINT('',(-16.096704072301,72.4455243516658,-42.5636137645152));
#509=CARTESIAN_POINT('',(-15.363194825518,74.0536451166588,-41.2670055665847));
#510=CARTESIAN_POINT('',(-15.2151299305153,74.3961321769389,-40.983656809334));
#511=CARTESIAN_POINT('',(-14.9307264261122,75.0846155269424,-40.3990871660691));
#512=CARTESIAN_POINT('',(-14.7946694081719,75.4298868020363,-40.0984951147119));
#513=CARTESIAN_POINT('',(-14.5346680975426,76.1217594945683,-39.4812900174773));
#514=CARTESIAN_POINT('',(-14.4109169720112,76.4676202874024,-39.1651642488212));
#515=CARTESIAN_POINT('',(-14.1757783792733,77.1590450416672,-38.5179764929498));
#516=CARTESIAN_POINT('',(-14.0648557884178,77.5039289729626,-38.1873521606619));
#517=CARTESIAN_POINT('',(-13.7513305115682,78.5402519562128,-37.1702146082459));
#518=CARTESIAN_POINT('',(-13.5722969843955,79.2201403054964,-36.470714967459));
#519=CARTESIAN_POINT('',(-13.2718787206895,80.566989908075,-35.0205110328636));
#520=CARTESIAN_POINT('',(-13.1520967864009,81.228743531101,-34.2746295121645));
#521=CARTESIAN_POINT('',(-12.9704840186139,82.5314819884933,-32.7403041979696));
#522=CARTESIAN_POINT('',(-12.9093246752566,83.1678862726014,-31.9568538886677));
#523=CARTESIAN_POINT('',(-12.8451025021047,84.4149489060313,-30.3545456922886));
#524=CARTESIAN_POINT('',(-12.8421243056686,85.0214958442201,-29.5407753641369));
#525=CARTESIAN_POINT('',(-12.8990190458286,86.2065910797236,-27.8817936088389));
#526=CARTESIAN_POINT('',(-12.9588256026942,86.780988064542,-27.0421271714778));
#527=CARTESIAN_POINT('',(-13.1460700604273,87.8976382489228,-25.3384984976492));
#528=CARTESIAN_POINT('',(-13.2727968483112,88.4357507770688,-24.4807776623387));
#529=CARTESIAN_POINT('',(-13.760291266774,89.9939044096968,-21.8864060969835));
#530=CARTESIAN_POINT('',(-14.2231551107315,90.937154367438,-20.1650583131672));
#531=CARTESIAN_POINT('',(-15.4178650161357,92.683448550568,-16.6779625539121));
#532=CARTESIAN_POINT('',(-16.1307545974242,93.4635024624539,-14.9588449485762));
#533=CARTESIAN_POINT('',(-17.3965984778065,94.5467827681883,-12.315945204701));
#534=CARTESIAN_POINT('',(-17.8654204345426,94.8990198045638,-11.4034924097029));
#535=CARTESIAN_POINT('',(-18.8554792630311,95.5583331055239,-9.58675840786114));
#536=CARTESIAN_POINT('',(-19.3741145233678,95.8638154222776,-8.68708417408036));
#537=CARTESIAN_POINT('',(-20.9717844503658,96.7044359717169,-6.03573305827312));
#538=CARTESIAN_POINT('',(-22.0993017006863,97.1743539258162,-4.31085166903177));
#539=CARTESIAN_POINT('',(-23.7963795230817,97.7522570094981,-1.8190306900752));
#540=CARTESIAN_POINT('',(-24.329658294584,97.9148491291957,-1.05466445389913));
#541=CARTESIAN_POINT('',(-25.1649135391738,98.1249102289349,0.0733440271476047));
#542=CARTESIAN_POINT('',(-25.4478610610454,98.1889925670958,0.444490770761687));
#543=CARTESIAN_POINT('',(-26.0256971481887,98.3030654203504,1.17359879387404));
#544=CARTESIAN_POINT('',(-26.319646830097,98.3530403823961,1.53063030702578));
#545=CARTESIAN_POINT('',(-27.2242202614011,98.4789521785714,2.57820406343849));
#546=CARTESIAN_POINT('',(-27.8531561021551,98.5311188994659,3.2412161565273));
#547=CARTESIAN_POINT('',(-28.7046185009809,98.5427532128341,4.02148746947107));
#548=CARTESIAN_POINT('',(-28.8766290225579,98.5423422299766,4.17361601421135));
#549=CARTESIAN_POINT('',(-29.1389489994329,98.5373765424538,4.39694531191716));
#550=CARTESIAN_POINT('',(-29.2269305377044,98.535002328217,4.47043380180947));
#551=CARTESIAN_POINT('',(-29.3211720469852,98.5316874696184,4.54760708859702));
#552=CARTESIAN_POINT('',(-29.3267141509929,98.5314897197695,4.55213982872468));
#553=CARTESIAN_POINT('',(-29.3349571803784,98.531191411156,4.55887320794089));
#554=CARTESIAN_POINT('',(-29.3373716688131,98.5312509490252,4.56126928968414));
#555=CARTESIAN_POINT('',(-29.341925753738,98.531726345347,4.56685671964346));
#556=CARTESIAN_POINT('',(-29.3450620594928,98.5313022628801,4.5685235069974));
#557=CARTESIAN_POINT('',(-29.3589380396138,98.5307693059154,4.57980127782007));
#558=CARTESIAN_POINT('',(-29.3700554208528,98.5303316932042,4.58881583092968));
#559=CARTESIAN_POINT('',(-29.4034404230783,98.5289855544951,4.61582240258185));
#560=CARTESIAN_POINT('',(-29.4257378604002,98.5280438633431,4.63377491794685));
#561=CARTESIAN_POINT('',(-29.4927402557246,98.5250849609024,4.68746463165749));
#562=CARTESIAN_POINT('',(-29.5375616473167,98.5229343587769,4.72304108777903));
#563=CARTESIAN_POINT('',(-29.9423056265154,98.5019490005361,5.04122174600107));
#564=CARTESIAN_POINT('',(-30.3102333844445,98.4717642901669,5.30855998080702));
#565=CARTESIAN_POINT('',(-30.6907491225278,98.4275704965556,5.55981604798573));
#566=CARTESIAN_POINT('',(-78.1136864498423,-36.8502446550413,-5.07505058388501));
#567=CARTESIAN_POINT('',(-78.2634138300465,-37.2649820323129,-4.20532951832639));
#568=CARTESIAN_POINT('',(-78.3398284221089,-37.7771076444548,-3.382127212439));
#569=CARTESIAN_POINT('',(-78.376091631296,-38.9302933582538,-1.84838747946036));
#570=CARTESIAN_POINT('',(-78.3378504813,-39.5730302450227,-1.13160534803741));
#571=CARTESIAN_POINT('',(-78.1804515655027,-40.9154003868539,0.176267333775162));
#572=CARTESIAN_POINT('',(-78.0590782400687,-41.6369973613145,0.78903237163355));
#573=CARTESIAN_POINT('',(-77.7578929830563,-43.1111445436362,1.90607172525309));
#574=CARTESIAN_POINT('',(-77.5776373192578,-43.8694790099602,2.41671278952277));
#575=CARTESIAN_POINT('',(-77.1642078917239,-45.433628262119,3.36023679601821));
#576=CARTESIAN_POINT('',(-76.9343526216473,-46.2268467122563,3.78530402841341));
#577=CARTESIAN_POINT('',(-76.4269976351636,-47.8528874020509,4.55763969835298));
#578=CARTESIAN_POINT('',(-76.152857838387,-48.6745969660411,4.89928608269409));
#579=CARTESIAN_POINT('',(-75.5650586737819,-50.3394445267462,5.50706755125893));
#580=CARTESIAN_POINT('',(-75.2547527664622,-51.1731624122126,5.7705633553735));
#581=CARTESIAN_POINT('',(-74.6006964423483,-52.8471539922605,6.22717059297641));
#582=CARTESIAN_POINT('',(-74.2601787360988,-53.6800218350477,6.41943925174659));
#583=CARTESIAN_POINT('',(-73.1964712300303,-56.1698912071327,6.90411618744424));
#584=CARTESIAN_POINT('',(-72.4249081171558,-57.8341083356876,7.10751664585158));
#585=CARTESIAN_POINT('',(-71.180053049781,-60.2734973182594,7.20141492307269));
#586=CARTESIAN_POINT('',(-70.7522698341179,-61.074337598056,7.19832735208412));
#587=CARTESIAN_POINT('',(-69.8626285199324,-62.6573557887371,7.11888603205922));
#588=CARTESIAN_POINT('',(-69.405524639105,-63.4315431119266,7.04337135061444));
#589=CARTESIAN_POINT('',(-68.4577290732637,-64.9513476100796,6.8174283151761));
#590=CARTESIAN_POINT('',(-67.9724736885806,-65.6888646507998,6.66892146236603));
#591=CARTESIAN_POINT('',(-66.968390858565,-67.131195208645,6.30661185138798));
#592=CARTESIAN_POINT('',(-66.4545971904324,-67.8290492262535,6.09483217741427));
#593=CARTESIAN_POINT('',(-65.6590374827749,-68.8496304133216,5.73714271759739));
#594=CARTESIAN_POINT('',(-65.3906246380725,-69.1842575450265,5.61160794321925));
#595=CARTESIAN_POINT('',(-64.9823997738001,-69.678692985693,5.41420404613243));
#596=CARTESIAN_POINT('',(-64.8455162300557,-69.8421028810995,5.34694719499396));
#597=CARTESIAN_POINT('',(-64.6037149423908,-70.1266071293553,5.22639391785383));
#598=CARTESIAN_POINT('',(-64.3970218924725,-70.3667593765451,5.12301827612568));
#599=CARTESIAN_POINT('',(-64.221976538783,-70.5658188688717,5.03087222343608));
#600=CARTESIAN_POINT('',(-64.1519799025317,-70.6453760115994,4.99520540839938));
#601=CARTESIAN_POINT('',(-64.0115693472096,-70.8034620475861,4.92231882197324));
#602=CARTESIAN_POINT('',(-63.9411474400974,-70.8821655145791,4.88552831861658));
#603=CARTESIAN_POINT('',(-63.7291982330177,-71.1172956957106,4.77412266530318));
#604=CARTESIAN_POINT('',(-63.5870774444199,-71.2726409432883,4.69851970601746));
#605=CARTESIAN_POINT('',(-63.1578527191101,-71.7349065785111,4.4677147007208));
#606=CARTESIAN_POINT('',(-62.8685262597949,-72.0373833842156,4.30893553092867));
#607=CARTESIAN_POINT('',(-61.9895602465636,-72.9294706193517,3.81866450726026));
#608=CARTESIAN_POINT('',(-61.3924981612567,-73.4998805054494,3.47496941935239));
#609=CARTESIAN_POINT('',(-60.171959205485,-74.5907796405676,2.73984124986547));
#610=CARTESIAN_POINT('',(-59.5541919844192,-75.106318512044,2.35092244725208));
#611=CARTESIAN_POINT('',(-57.6784458324745,-76.5558307524057,1.08882590981971));
#612=CARTESIAN_POINT('',(-56.3908635766346,-77.3967545011118,0.116346407859758));
#613=CARTESIAN_POINT('',(-54.5350486152602,-78.3329188183856,-1.61034171236908));
#614=CARTESIAN_POINT('',(-53.9371757405207,-78.5861462407697,-2.22507511102254));
#615=CARTESIAN_POINT('',(-53.0584772097876,-78.8856229289312,-3.22004458961082));
#616=CARTESIAN_POINT('',(-52.7713260962833,-78.9710279797995,-3.56068201100456));
#617=CARTESIAN_POINT('',(-52.205662032892,-79.1151394500075,-4.26133746338961));
#618=CARTESIAN_POINT('',(-51.9291638063138,-79.1731984757563,-4.61903874726858));
#619=CARTESIAN_POINT('',(-51.1081125035837,-79.3101669553008,-5.72338197572383));
#620=CARTESIAN_POINT('',(-50.5892813250379,-79.3478401547293,-6.4797120075188));
#621=CARTESIAN_POINT('',(-49.5859051197629,-79.3275923466789,-8.04906377667402));
#622=CARTESIAN_POINT('',(-49.1115132967824,-79.2686207489142,-8.84757124488274));
#623=CARTESIAN_POINT('',(-48.2104663220492,-79.0621334231046,-10.4670861461141));
#624=CARTESIAN_POINT('',(-47.7905506095065,-78.9166388283728,-11.275707027264));
#625=CARTESIAN_POINT('',(-46.9880292874922,-78.5437954348107,-12.9183782890621));
#626=CARTESIAN_POINT('',(-46.6105846507424,-78.3179036259004,-13.7426361315777));
#627=CARTESIAN_POINT('',(-45.8876008630087,-77.7951518923965,-15.4026929230887));
#628=CARTESIAN_POINT('',(-45.5454336027751,-77.4999321313915,-16.2313630942479));
#629=CARTESIAN_POINT('',(-44.8855854239501,-76.8497719652629,-17.8891626742729));
#630=CARTESIAN_POINT('',(-44.5700272149059,-76.4962600300298,-18.713486479112));
#631=CARTESIAN_POINT('',(-43.6124429891075,-75.3222848216483,-21.2641624632396));
#632=CARTESIAN_POINT('',(-42.9957685819023,-74.4387011828924,-22.9512207581892));
#633=CARTESIAN_POINT('',(-42.1407573222848,-72.9396378086788,-25.4442157589989));
#634=CARTESIAN_POINT('',(-41.8685802307231,-72.4113135149098,-26.2668030519321));
#635=CARTESIAN_POINT('',(-41.3528964479292,-71.2939332875618,-27.8950025729654));
#636=CARTESIAN_POINT('',(-41.1106239180596,-70.707864235063,-28.6959850691778));
#637=CARTESIAN_POINT('',(-40.6610220516493,-69.4882348542959,-30.2606520918378));
#638=CARTESIAN_POINT('',(-40.4537376155136,-68.8599429309318,-31.0198512291151));
#639=CARTESIAN_POINT('',(-40.1032319338731,-67.5330461082855,-32.5019899614927));
#640=CARTESIAN_POINT('',(-39.9617841838784,-66.8443792444146,-33.2147086928125));
#641=CARTESIAN_POINT('',(-39.80932460253,-65.4079887992675,-34.547645818445));
#642=CARTESIAN_POINT('',(-39.7934851853506,-64.6571439169569,-35.1756823183885));
#643=CARTESIAN_POINT('',(-39.9708418925824,-63.1696341795654,-36.2327900547574));
#644=CARTESIAN_POINT('',(-40.1466434094236,-62.4318529347749,-36.6789772047637));
#645=CARTESIAN_POINT('',(-40.6067626505269,-61.3416747643494,-37.1766300766547));
#646=CARTESIAN_POINT('',(-40.7760878071724,-61.0071765626186,-37.3066237843235));
#647=CARTESIAN_POINT('',(-41.1512142924061,-60.3551480991276,-37.5220635622109));
#648=CARTESIAN_POINT('',(-41.3499661318407,-60.0458364952613,-37.606737557862));
#649=CARTESIAN_POINT('',(-41.9714891197267,-59.1502001648596,-37.8101758889711));
#650=CARTESIAN_POINT('',(-42.4173996984507,-58.5910508779475,-37.8846587744318));
#651=CARTESIAN_POINT('',(-43.3356388321908,-57.5026540541251,-37.9675932363483));
#652=CARTESIAN_POINT('',(-43.7998081107982,-56.9825241851635,-37.9765368020562));
#653=CARTESIAN_POINT('',(-44.7302714854333,-55.9483723223302,-37.9619679160006));
#654=CARTESIAN_POINT('',(-45.194993824453,-55.4363057953871,-37.9385614374098));
#655=CARTESIAN_POINT('',(-46.055048342201,-54.4623728483826,-37.8857484304816));
#656=CARTESIAN_POINT('',(-46.4513581498457,-54.002408311467,-37.8574088475324));
#657=CARTESIAN_POINT('',(-47.3070041162002,-52.9564478961795,-37.804708909564));
#658=CARTESIAN_POINT('',(-47.7561316610502,-52.3660751554703,-37.7858815692986));
#659=CARTESIAN_POINT('',(-48.5896968734022,-51.1899066327704,-37.7688545753237));
#660=CARTESIAN_POINT('',(-48.9759587290831,-50.6099716163554,-37.767626152126));
#661=CARTESIAN_POINT('',(-49.7272015975625,-49.4396192849601,-37.7641740469922));
#662=CARTESIAN_POINT('',(-50.0916493866826,-48.8501840296517,-37.7620067737017));
#663=CARTESIAN_POINT('',(-50.8114577577605,-47.6739949866465,-37.7414779835268));
#664=CARTESIAN_POINT('',(-51.1665686475787,-47.087891935472,-37.7232410392012));
#665=CARTESIAN_POINT('',(-51.8831303091546,-45.9277345934246,-37.6546984699679));
#666=CARTESIAN_POINT('',(-52.24329164006,-45.3555330999896,-37.6048528125908));
#667=CARTESIAN_POINT('',(-52.9850697006477,-44.2322374835308,-37.4573294970467));
#668=CARTESIAN_POINT('',(-53.3634658037411,-43.6858134471727,-37.3605555654817));
#669=CARTESIAN_POINT('',(-54.153105125293,-42.6205129143061,-37.1074071875828));
#670=CARTESIAN_POINT('',(-54.5588110509948,-42.1083876557586,-36.9531375574386));
#671=CARTESIAN_POINT('',(-55.4007820694019,-41.1140913134655,-36.5868715274615));
#672=CARTESIAN_POINT('',(-55.8312922170069,-40.6395797632184,-36.3769382094697));
#673=CARTESIAN_POINT('',(-56.7312760637007,-39.7203366725233,-35.8913578774833));
#674=CARTESIAN_POINT('',(-57.1938328191041,-39.2848327609409,-35.6181344749474));
#675=CARTESIAN_POINT('',(-58.1683491011141,-38.4481396299734,-34.9920414563091));
#676=CARTESIAN_POINT('',(-58.6708199152337,-38.0593439067062,-34.6427159579235));
#677=CARTESIAN_POINT('',(-59.4508945545756,-37.5274966953897,-34.0563499480243));
#678=CARTESIAN_POINT('',(-59.7172658686472,-37.3583395812285,-33.8484584061883));
#679=CARTESIAN_POINT('',(-60.2570332694306,-37.0419549524222,-33.410899117335));
#680=CARTESIAN_POINT('',(-60.5282456748575,-36.8966287506992,-33.1826663815547));
#681=CARTESIAN_POINT('',(-61.9891069279876,-36.186115154801,-31.9076355740146));
#682=CARTESIAN_POINT('',(-63.1548681763225,-35.8791986335489,-30.7251648704658));
#683=CARTESIAN_POINT('',(-64.5580947120467,-35.6494344238009,-29.1573196207413));
#684=CARTESIAN_POINT('',(-64.8522427199086,-35.6098385716936,-28.819997298621));
#685=CARTESIAN_POINT('',(-65.4403652605698,-35.5430282866793,-28.1298260970788));
#686=CARTESIAN_POINT('',(-65.7336388731711,-35.5162253370439,-27.7774233931001));
#687=CARTESIAN_POINT('',(-66.6128101698497,-35.4489052892539,-26.6985015249746));
#688=CARTESIAN_POINT('',(-67.1866621775507,-35.4227838325871,-25.9633044422256));
#689=CARTESIAN_POINT('',(-68.3261627423408,-35.3685593172115,-24.4567109703173));
#690=CARTESIAN_POINT('',(-68.8909091100083,-35.3385388452911,-23.6864178208821));
#691=CARTESIAN_POINT('',(-69.7183424534867,-35.2922280453375,-22.5192080176788));
#692=CARTESIAN_POINT('',(-69.9899939762369,-35.2767186682256,-22.1294336334478));
#693=CARTESIAN_POINT('',(-70.5273194818011,-35.2466356069526,-21.3442156337206));
#694=CARTESIAN_POINT('',(-70.7928822091428,-35.2320519822311,-20.9489110558484));
#695=CARTESIAN_POINT('',(-72.112970157949,-35.1637464550681,-18.9446606606868));
#696=CARTESIAN_POINT('',(-73.1080247636189,-35.1257746448567,-17.3060955601173));
#697=CARTESIAN_POINT('',(-74.4905904015025,-35.132759491029,-14.7796784821724));
#698=CARTESIAN_POINT('',(-74.9297418833937,-35.1441674247992,-13.9337293469445));
#699=CARTESIAN_POINT('',(-75.7640122514125,-35.2184926324921,-12.2067998068253));
#700=CARTESIAN_POINT('',(-76.1553962204665,-35.2810510770612,-11.3328926392236));
#701=CARTESIAN_POINT('',(-76.8741601228814,-35.5021306313216,-9.54928462421474));
#702=CARTESIAN_POINT('',(-77.1944109807495,-35.6575846143,-8.65762862782426));
#703=CARTESIAN_POINT('',(-77.7422855664243,-36.1246865308512,-6.848583800508));
#704=CARTESIAN_POINT('',(-77.9635964714404,-36.4345028988422,-5.94687787270407));
#705=CARTESIAN_POINT('',(-78.1136864498423,-36.8502446550413,-5.07505058388495));
#706=CARTESIAN_POINT('',(-33.6230259117997,-67.7682930966116,-36.4538302075244));
#707=CARTESIAN_POINT('',(-32.3291728768321,-67.8618760445888,-37.1107596716193));
#708=CARTESIAN_POINT('',(-31.0410117783718,-67.8325268278302,-37.8152037272267));
#709=CARTESIAN_POINT('',(-29.4884927351376,-67.6076473786574,-38.752240608614));
#710=CARTESIAN_POINT('',(-29.17698676616,-67.5523476918126,-38.9449941532582));
#711=CARTESIAN_POINT('',(-28.5569310769573,-67.4215494585719,-39.338197115493));
#712=CARTESIAN_POINT('',(-28.2496867996425,-67.3461750203096,-39.5378706229379));
#713=CARTESIAN_POINT('',(-27.3257771785494,-67.0878199495894,-40.1523407468703));
#714=CARTESIAN_POINT('',(-26.7271192551984,-66.8766993469183,-40.570109660171));
#715=CARTESIAN_POINT('',(-24.9268520822731,-66.111716509983,-41.8782523536207));
#716=CARTESIAN_POINT('',(-23.7946016328798,-65.4449078975503,-42.7765570030292));
#717=CARTESIAN_POINT('',(-21.6330877586935,-63.7972192644436,-44.6331599448608));
#718=CARTESIAN_POINT('',(-20.6494877545806,-62.8238035718148,-45.5639389765049));
#719=CARTESIAN_POINT('',(-19.5309164338093,-61.4165256300131,-46.7371822963261));
#720=CARTESIAN_POINT('',(-19.3082863577565,-61.1183414872161,-46.9775178135967));
#721=CARTESIAN_POINT('',(-18.8731109279814,-60.5009906480415,-47.4597953256109));
#722=CARTESIAN_POINT('',(-18.661552445422,-60.182385343248,-47.7009589111158));
#723=CARTESIAN_POINT('',(-18.248943023979,-59.5251821290957,-48.1838623472738));
#724=CARTESIAN_POINT('',(-18.0486802200391,-59.1871876202589,-48.4248937132166));
#725=CARTESIAN_POINT('',(-17.6586270733582,-58.4927205100417,-48.9064203274683));
#726=CARTESIAN_POINT('',(-17.4695340134512,-58.1367990936493,-49.1462925523521));
#727=CARTESIAN_POINT('',(-16.9134438641993,-57.035620157354,-49.8688987532271));
#728=CARTESIAN_POINT('',(-16.5691099894176,-56.2764702913823,-50.3407189421462));
#729=CARTESIAN_POINT('',(-15.9083928932841,-54.6904157597137,-51.2803582202896));
#730=CARTESIAN_POINT('',(-15.5945572239438,-53.8665259294143,-51.74479936021));
#731=CARTESIAN_POINT('',(-14.9928221210918,-52.1587382162723,-52.6642702271672));
#732=CARTESIAN_POINT('',(-14.7077364865955,-51.2773825959681,-53.1164000584374));
#733=CARTESIAN_POINT('',(-14.1942607223014,-49.4937536877344,-53.9869568751201));
#734=CARTESIAN_POINT('',(-13.9670927185997,-48.5966543197466,-54.4034009147439));
#735=CARTESIAN_POINT('',(-13.3942181690438,-45.9054491682526,-55.5901013501639));
#736=CARTESIAN_POINT('',(-13.1439774361123,-44.0804334925489,-56.3156235259225));
#737=CARTESIAN_POINT('',(-13.0466856761673,-41.3821490290088,-57.2738367784481));
#738=CARTESIAN_POINT('',(-13.0530431006809,-40.5485375862191,-57.5545459761394));
#739=CARTESIAN_POINT('',(-13.1357432026624,-38.9744877291348,-58.0565249019665));
#740=CARTESIAN_POINT('',(-13.2035035475402,-38.2421649361647,-58.2786066614708));
#741=CARTESIAN_POINT('',(-13.4652349491101,-36.3240172908566,-58.8298352567092));
#742=CARTESIAN_POINT('',(-13.7127935364874,-35.1332618083941,-59.1413753965847));
#743=CARTESIAN_POINT('',(-14.3307274129752,-33.0600615587842,-59.6239939876769));
#744=CARTESIAN_POINT('',(-14.657836838619,-32.1735351663774,-59.8100738662795));
#745=CARTESIAN_POINT('',(-15.3927843556253,-30.5819361800058,-60.0997307940426));
#746=CARTESIAN_POINT('',(-15.7669265652904,-29.8909488193162,-60.2088422170343));
#747=CARTESIAN_POINT('',(-16.582629877706,-28.6371862566644,-60.3670033537166));
#748=CARTESIAN_POINT('',(-16.9971763877626,-28.0855306459219,-60.4202284337455));
#749=CARTESIAN_POINT('',(-17.89186379511,-27.0797318348306,-60.4764205261123));
#750=CARTESIAN_POINT('',(-18.3497096350806,-26.6376872036361,-60.4821014420387));
#751=CARTESIAN_POINT('',(-19.0893779256113,-26.0315390810683,-60.4553346574389));
#752=CARTESIAN_POINT('',(-19.3361273392731,-25.8452115990426,-60.4411349087285));
#753=CARTESIAN_POINT('',(-19.8414604359677,-25.49432620666,-60.4015031796066));
#754=CARTESIAN_POINT('',(-20.0974573693109,-25.3311881706537,-60.376415781562));
#755=CARTESIAN_POINT('',(-20.8958871128626,-24.8671998232616,-60.2824839951013));
#756=CARTESIAN_POINT('',(-21.4451572290476,-24.607789419823,-60.1970708588421));
#757=CARTESIAN_POINT('',(-22.6292415792714,-24.1448430195289,-59.973778986275));
#758=CARTESIAN_POINT('',(-23.2485002188973,-23.953334513039,-59.835940703661));
#759=CARTESIAN_POINT('',(-24.5664137582883,-23.6133903085741,-59.5074830431983));
#760=CARTESIAN_POINT('',(-25.2552358247631,-23.4740013915956,-59.3159879227485));
#761=CARTESIAN_POINT('',(-26.7051844999806,-23.2246510805434,-58.8803250285684));
#762=CARTESIAN_POINT('',(-27.4607041686017,-23.1201387977145,-58.6345898081637));
#763=CARTESIAN_POINT('',(-29.0327091282406,-22.9264354058752,-58.0918479095269));
#764=CARTESIAN_POINT('',(-29.8461597118752,-22.8394300305558,-57.7931937772252));
#765=CARTESIAN_POINT('',(-31.4927103918026,-22.6605695971132,-57.1598715400139));
#766=CARTESIAN_POINT('',(-32.3243338421599,-22.5692315497441,-56.8246679305625));
#767=CARTESIAN_POINT('',(-34.0841125552394,-22.3436490379482,-56.0900798702751));
#768=CARTESIAN_POINT('',(-35.0090742971221,-22.2074128526651,-55.6884381921661));
#769=CARTESIAN_POINT('',(-37.9412274135127,-21.7230307836256,-54.3695276918555));
#770=CARTESIAN_POINT('',(-39.9115021079861,-21.3200652009833,-53.4141611664697));
#771=CARTESIAN_POINT('',(-42.5220322852772,-20.717674716031,-52.0668680808201));
#772=CARTESIAN_POINT('',(-43.185217255858,-20.5590296314609,-51.7172401327216));
#773=CARTESIAN_POINT('',(-44.5332427929525,-20.2247030661747,-50.9920348670555));
#774=CARTESIAN_POINT('',(-45.2172702246118,-20.0478637263111,-50.6164104079498));
#775=CARTESIAN_POINT('',(-47.0027962234759,-19.5834581650492,-49.6116450296404));
#776=CARTESIAN_POINT('',(-48.0961192594991,-19.2970635012175,-48.971915020221));
#777=CARTESIAN_POINT('',(-50.2668987469816,-18.8250454508544,-47.624967618539));
#778=CARTESIAN_POINT('',(-51.3314911747363,-18.6433496557176,-46.9257963958072));
#779=CARTESIAN_POINT('',(-53.582648179222,-18.46142751827,-45.3339179808267));
#780=CARTESIAN_POINT('',(-54.7239075607499,-18.4912872557381,-44.4587973185235));
#781=CARTESIAN_POINT('',(-56.5262601104305,-18.7440690240933,-42.9564898046025));
#782=CARTESIAN_POINT('',(-57.1865291149891,-18.885125677784,-42.3775403985416));
#783=CARTESIAN_POINT('',(-58.4962426337518,-19.2678241687118,-41.1682384438169));
#784=CARTESIAN_POINT('',(-59.1324887076993,-19.5092784978248,-40.5476257329092));
#785=CARTESIAN_POINT('',(-60.359807235774,-20.0973492840037,-39.281251008928));
#786=CARTESIAN_POINT('',(-60.9385217253149,-20.4388089265214,-38.6479353323149));
#787=CARTESIAN_POINT('',(-62.0283859616065,-21.2225552798274,-37.3785380688081));
#788=CARTESIAN_POINT('',(-62.529100166434,-21.6551750023486,-36.7558295422941));
#789=CARTESIAN_POINT('',(-63.4501536904564,-22.6091959387393,-35.5268432096375));
#790=CARTESIAN_POINT('',(-63.8632180796698,-23.1168358667202,-34.9332133574206));
#791=CARTESIAN_POINT('',(-64.6002002677614,-24.2167415398146,-33.7774600650123));
#792=CARTESIAN_POINT('',(-64.9174826242284,-24.7918632564848,-33.2292054341128));
#793=CARTESIAN_POINT('',(-65.4382558905932,-26.014029779314,-32.2017812504273));
#794=CARTESIAN_POINT('',(-65.6444172099569,-26.6511380799219,-31.724671401115));
#795=CARTESIAN_POINT('',(-65.915993418294,-27.969539038778,-30.8902789540746));
#796=CARTESIAN_POINT('',(-65.9890821175272,-28.6390420793214,-30.5304167932348));
#797=CARTESIAN_POINT('',(-65.9843705393354,-29.3522766941256,-30.2359888685949));
#798=CARTESIAN_POINT('',(-13.0500489868302,86.0854265484184,48.0345837714926));
#799=CARTESIAN_POINT('',(-13.1005078438458,85.1416595353968,48.894634063191));
#800=CARTESIAN_POINT('',(-13.2313721226853,84.1919707740496,49.7258445378615));
#801=CARTESIAN_POINT('',(-13.5087541452018,82.7778403416849,50.9150399849592));
#802=CARTESIAN_POINT('',(-13.6086438494822,82.3286201473413,51.2855639353284));
#803=CARTESIAN_POINT('',(-13.8244151031883,81.4418267585736,52.001501216122));
#804=CARTESIAN_POINT('',(-13.9393855078023,81.0053117638604,52.3466442945945));
#805=CARTESIAN_POINT('',(-14.2941330931112,79.7328305782501,53.3298528025027));
#806=CARTESIAN_POINT('',(-14.5521698006125,78.8926571909163,53.9509065755919));
#807=CARTESIAN_POINT('',(-15.0769523814687,77.2468894589222,55.104045494933));
#808=CARTESIAN_POINT('',(-15.3427735461927,76.4468665661811,55.6364787049764));
#809=CARTESIAN_POINT('',(-16.1535658954013,74.1396154292725,57.0769936654526));
#810=CARTESIAN_POINT('',(-16.7344127896275,72.6279554850672,57.9088512698548));
#811=CARTESIAN_POINT('',(-18.0293602144825,69.6820303601661,59.2781386579639));
#812=CARTESIAN_POINT('',(-18.7109988437658,68.2797680949284,59.8227484393057));
#813=CARTESIAN_POINT('',(-19.8713917807425,66.2551544523682,60.4681607205573));
#814=CARTESIAN_POINT('',(-20.2582285455843,65.6258097369101,60.6484500241374));
#815=CARTESIAN_POINT('',(-21.0669219000484,64.4211755555558,60.9574795564037));
#816=CARTESIAN_POINT('',(-21.4807953305185,63.8509825138206,61.0871060099389));
#817=CARTESIAN_POINT('',(-22.7361317613508,62.2822544378089,61.4005855856582));
#818=CARTESIAN_POINT('',(-23.6386221547153,61.3315808497829,61.5382637092594));
#819=CARTESIAN_POINT('',(-25.5674963194865,59.7293478006352,61.6803706050107));
#820=CARTESIAN_POINT('',(-26.5407278895299,59.0847895910936,61.694777160837));
#821=CARTESIAN_POINT('',(-28.0902076473353,58.252845037247,61.6551633840407));
#822=CARTESIAN_POINT('',(-28.5971173046247,58.0084939160615,61.6331451693962));
#823=CARTESIAN_POINT('',(-29.6235303608956,57.5616533649773,61.5713529542057));
#824=CARTESIAN_POINT('',(-30.1384545464431,57.3610928560042,61.5319864558732));
#825=CARTESIAN_POINT('',(-30.6611509951639,57.1784820065423,61.4835154016784));
#826=CARTESIAN_POINT('',(-54.0147201982102,35.0753247208678,58.552384199693));
#827=CARTESIAN_POINT('',(-53.1836456705844,34.2170403380623,59.1473759043207));
#828=CARTESIAN_POINT('',(-52.3864946336019,33.3069873580613,59.6581596919977));
#829=CARTESIAN_POINT('',(-51.293974860738,31.7768760233634,60.3137543043391));
#830=CARTESIAN_POINT('',(-50.9581145160241,31.2563382637562,60.5077553740182));
#831=CARTESIAN_POINT('',(-50.3410267507755,30.1656103455933,60.8584571809815));
#832=CARTESIAN_POINT('',(-50.0653101270906,29.6066594876287,61.0121232003444));
#833=CARTESIAN_POINT('',(-49.58438343076,28.4433705412534,61.2839847252352));
#834=CARTESIAN_POINT('',(-49.3840120707317,27.8536658711463,61.3993937736575));
#835=CARTESIAN_POINT('',(-49.0716062063688,26.6572432028881,61.5938227610125));
#836=CARTESIAN_POINT('',(-48.9600216066367,26.0678626387528,61.6717581030011));
#837=CARTESIAN_POINT('',(-48.7563686029782,24.3106820457079,61.8573478479658));
#838=CARTESIAN_POINT('',(-48.7816536008077,23.1555990690033,61.9225689777777));
#839=CARTESIAN_POINT('',(-49.1141944180254,20.9206325811413,61.9581569261915));
#840=CARTESIAN_POINT('',(-49.4002137548696,19.8660788202625,61.9333715909221));
#841=CARTESIAN_POINT('',(-49.972464964802,18.3418236859043,61.8404209499083));
#842=CARTESIAN_POINT('',(-50.1835091283014,17.850414107745,61.8007894067503));
#843=CARTESIAN_POINT('',(-50.6448594738359,16.8787454569418,61.7039388410843));
#844=CARTESIAN_POINT('',(-50.8928416909775,16.4022248154765,61.6471997465547));
#845=CARTESIAN_POINT('',(-51.419409297394,15.4572706055484,61.5167455423695));
#846=CARTESIAN_POINT('',(-51.6966338512532,14.9913403614561,61.4432705265164));
#847=CARTESIAN_POINT('',(-52.2768724537534,14.0655980157824,61.2785661203446));
#848=CARTESIAN_POINT('',(-52.5793258044117,13.6079881251767,61.187307580442));
#849=CARTESIAN_POINT('',(-53.5299464271306,12.2265339066449,60.8815557479004));
#850=CARTESIAN_POINT('',(-54.1986544501983,11.3317487067696,60.6409626134185));
#851=CARTESIAN_POINT('',(-55.2441951945162,10.0093914794131,60.2143276329674));
#852=CARTESIAN_POINT('',(-55.6039325823529,9.56736247498818,60.058951800219));
#853=CARTESIAN_POINT('',(-56.3395027491412,8.68615324773531,59.721765800657));
#854=CARTESIAN_POINT('',(-56.7144657404014,8.24844341084891,59.5399049831117));
#855=CARTESIAN_POINT('',(-57.4790685961461,7.37599222553702,59.1467728934284));
#856=CARTESIAN_POINT('',(-57.8676334804926,6.94278428845376,58.9355160834149));
#857=CARTESIAN_POINT('',(-58.6588699880134,6.08094217860334,58.4801433759107));
#858=CARTESIAN_POINT('',(-59.0599484216774,5.65369857206803,58.2362195310129));
#859=CARTESIAN_POINT('',(-61.2049374080301,3.42699833707006,56.8609283811073));
#860=CARTESIAN_POINT('',(-62.9367847112682,1.83806239025346,55.5023960037006));
#861=CARTESIAN_POINT('',(-65.778602650497,-0.116043432097637,52.9280785943615));
#862=CARTESIAN_POINT('',(-66.7903220758622,-0.686435972252649,51.9468877446614));
#863=CARTESIAN_POINT('',(-68.9739701971606,-1.66928532623491,49.7206331302828));
#864=CARTESIAN_POINT('',(-70.1338508149954,-2.05076187388233,48.4741559614522));
#865=CARTESIAN_POINT('',(-72.5560804816978,-2.57277632979601,45.7720266052582));
#866=CARTESIAN_POINT('',(-73.8009750158032,-2.67932219981936,44.3220326218667));
#867=CARTESIAN_POINT('',(-75.6744698930889,-2.63465842643559,42.0317318694002));
#868=CARTESIAN_POINT('',(-76.3075052399535,-2.58303422642207,41.2372766422144));
#869=CARTESIAN_POINT('',(-77.5621599737748,-2.40124898999415,39.617910796267));
#870=CARTESIAN_POINT('',(-78.1780703844235,-2.2699328354911,38.7997768579454));
#871=CARTESIAN_POINT('',(-78.7801008909145,-2.09320469785332,37.9747878002606));
#872=CARTESIAN_POINT('',(-73.6419301947869,-56.3413579682952,14.4207734863932));
#873=CARTESIAN_POINT('',(-73.5227843221795,-56.5409554150118,15.2248910098699));
#874=CARTESIAN_POINT('',(-73.3376088480962,-56.8207094729397,16.0060245625322));
#875=CARTESIAN_POINT('',(-72.8901108427974,-57.4369332869678,17.4970842578212));
#876=CARTESIAN_POINT('',(-72.6261559225665,-57.7768570068102,18.2114242346649));
#877=CARTESIAN_POINT('',(-72.0301115233657,-58.4892177852584,19.6110332515737));
#878=CARTESIAN_POINT('',(-71.7014325668598,-58.8574651121203,20.2870493296962));
#879=CARTESIAN_POINT('',(-71.1648346852246,-59.4178528788358,21.2794546097223));
#880=CARTESIAN_POINT('',(-70.9792919370154,-59.6054307169628,21.6052949362554));
#881=CARTESIAN_POINT('',(-70.6904139019775,-59.8893470169896,22.0867299147506));
#882=CARTESIAN_POINT('',(-70.5925069417851,-59.9842545279132,22.24577708742));
#883=CARTESIAN_POINT('',(-70.4679898967609,-60.1033919132148,22.4429755249094));
#884=CARTESIAN_POINT('',(-70.4429962747252,-60.1272289081462,22.4823089644313));
#885=CARTESIAN_POINT('',(-70.4053501969514,-60.1630191675798,22.5411818548074));
#886=CARTESIAN_POINT('',(-70.3927772397618,-60.1749534638742,22.5607823480518));
#887=CARTESIAN_POINT('',(-70.3738791081363,-60.1928635396648,22.590150972668));
#888=CARTESIAN_POINT('',(-70.3675736946138,-60.1988346132373,22.5999345236493));
#889=CARTESIAN_POINT('',(-70.3581059275188,-60.2077933738467,22.6146017845081));
#890=CARTESIAN_POINT('',(-70.3549484997625,-60.2107798889994,22.6194893690236));
#891=CARTESIAN_POINT('',(-70.3487063954019,-60.2166818123484,22.6291443488119));
#892=CARTESIAN_POINT('',(-70.3454543418766,-60.2208529004223,22.6326766480891));
#893=CARTESIAN_POINT('',(-70.3420718174166,-60.221377760545,22.6415553403612));
#894=CARTESIAN_POINT('',(-70.3346070960014,-60.2286388946569,22.6527392614478));
#895=CARTESIAN_POINT('',(-70.3304849751921,-60.2325459885098,22.6590500444729));
#896=CARTESIAN_POINT('',(-70.3273016456765,-60.2355623091131,22.6639198819077));
#897=CARTESIAN_POINT('',(-70.3174612959607,-60.2448837052041,22.6789618385301));
#898=CARTESIAN_POINT('',(-70.3107989126094,-60.2511912841413,22.6891288708526));
#899=CARTESIAN_POINT('',(-70.2908006565403,-60.2701143015618,22.7195957555812));
#900=CARTESIAN_POINT('',(-70.2774441332591,-60.2827390719164,22.7398760358859));
#901=CARTESIAN_POINT('',(-70.2373297930807,-60.3206157262412,22.8005813867284));
#902=CARTESIAN_POINT('',(-70.210490363704,-60.3459048929035,22.8409274930105));
#903=CARTESIAN_POINT('',(-69.7774191495783,-60.7531441968486,23.487619259862));
#904=CARTESIAN_POINT('',(-69.3487105276972,-61.1449002710433,24.0672301754536));
#905=CARTESIAN_POINT('',(-68.4572255052677,-61.9509759581728,25.1630494424005));
#906=CARTESIAN_POINT('',(-67.9998477523379,-62.360698314271,25.6752612856054));
#907=CARTESIAN_POINT('',(-67.0622969246008,-63.2005917900531,26.6374057616329));
#908=CARTESIAN_POINT('',(-66.5869605752107,-63.6264800201682,27.0845330714555));
#909=CARTESIAN_POINT('',(-65.6221414676917,-64.4926110067119,27.9229990399908));
#910=CARTESIAN_POINT('',(-65.1363465818483,-64.9294980455417,28.312779335939));
#911=CARTESIAN_POINT('',(-64.1966361581554,-65.7707690138908,29.0178287800764));
#912=CARTESIAN_POINT('',(-63.7461886794119,-66.1723434379304,29.3355375116006));
#913=CARTESIAN_POINT('',(-62.816967686217,-66.9899367912978,29.9598285682523));
#914=CARTESIAN_POINT('',(-62.3384021893706,-67.4041473344486,30.2663760292454));
#915=CARTESIAN_POINT('',(-60.8112734832098,-68.6993786075927,31.2052545615632));
#916=CARTESIAN_POINT('',(-59.7416651450204,-69.5687711139069,31.8056209622058));
#917=CARTESIAN_POINT('',(-58.1550342910956,-70.8691245187255,32.5752288087836));
#918=CARTESIAN_POINT('',(-57.6583501975925,-71.2781344466287,32.7991168367658));
#919=CARTESIAN_POINT('',(-56.6743930951444,-72.1024962460983,33.2023969627662));
#920=CARTESIAN_POINT('',(-56.1897022269878,-72.5152523447811,33.3821113574875));
#921=CARTESIAN_POINT('',(-55.234333549745,-73.3553357784247,33.6874100952065));
#922=CARTESIAN_POINT('',(-54.7676010677427,-73.7781168451617,33.8134956468689));
#923=CARTESIAN_POINT('',(-53.8526418782037,-74.6466157846877,34.0029788440116));
#924=CARTESIAN_POINT('',(-53.4106133291558,-75.0855938757021,34.0664377460885));
#925=CARTESIAN_POINT('',(-52.5496954580413,-75.9945828258942,34.1198718558737));
#926=CARTESIAN_POINT('',(-52.1399700859779,-76.4549476816616,34.1096391979254));
#927=CARTESIAN_POINT('',(-51.3454461218612,-77.4108963741385,34.008082997569));
#928=CARTESIAN_POINT('',(-50.9697378481753,-77.8947889190388,33.918432332909));
#929=CARTESIAN_POINT('',(-50.2363417265724,-78.888077191315,33.6681908363627));
#930=CARTESIAN_POINT('',(-49.8857135257667,-79.3887292785792,33.5086126393978));
#931=CARTESIAN_POINT('',(-49.1937928432351,-80.4071388211023,33.1278843994062));
#932=CARTESIAN_POINT('',(-48.8568464213148,-80.9189557162449,32.9075678094916));
#933=CARTESIAN_POINT('',(-48.187376637441,-81.9480491718804,32.4142285619741));
#934=CARTESIAN_POINT('',(-47.8581145484499,-82.461263830222,32.1414646703451));
#935=CARTESIAN_POINT('',(-47.1989634669356,-83.4852984705269,31.5492707479759));
#936=CARTESIAN_POINT('',(-46.8705610087333,-83.9930198299993,31.2309862149927));
#937=CARTESIAN_POINT('',(-46.2071722074483,-85.0007866783281,30.5526654289719));
#938=CARTESIAN_POINT('',(-45.8735210024095,-85.4982558375825,30.1934175119333));
#939=CARTESIAN_POINT('',(-45.2063408077054,-86.464722220144,29.4488522993388));
#940=CARTESIAN_POINT('',(-44.8740313620145,-86.9322147426522,29.0655252616104));
#941=CARTESIAN_POINT('',(-44.1939742708293,-87.8642094535027,28.2455943348561));
#942=CARTESIAN_POINT('',(-43.8485807575957,-88.324979866364,27.8090111151709));
#943=CARTESIAN_POINT('',(-43.1570771181109,-89.2249078675997,26.8808480623537));
#944=CARTESIAN_POINT('',(-42.8134848462688,-89.6600142070855,26.3918561963253));
#945=CARTESIAN_POINT('',(-41.7742659199081,-90.9348976371608,24.8164322364675));
#946=CARTESIAN_POINT('',(-41.1065358157094,-91.6960484229344,23.6667796961782));
#947=CARTESIAN_POINT('',(-40.3755750111894,-92.4249586551131,22.2707204017477));
#948=CARTESIAN_POINT('',(-40.2919121227049,-92.5067630249292,22.1088077351954));
#949=CARTESIAN_POINT('',(-40.1439372526098,-92.6482616404889,21.8196055885946));
#950=CARTESIAN_POINT('',(-40.0804280277731,-92.7083882716405,21.6922704658723));
#951=CARTESIAN_POINT('',(-39.8470401290383,-92.9241066444115,21.2249572561162));
#952=CARTESIAN_POINT('',(-39.677193458839,-93.0724548178247,20.8822779488416));
#953=CARTESIAN_POINT('',(-39.1798984650902,-93.4829955300129,19.8634951586029));
#954=CARTESIAN_POINT('',(-38.8544586156174,-93.7206327970557,19.1819692428907));
#955=CARTESIAN_POINT('',(-38.3792010157269,-94.0251287964062,18.1337599435024));
#956=CARTESIAN_POINT('',(-38.2245486657463,-94.117056052337,17.7824859304248));
#957=CARTESIAN_POINT('',(-37.9249186454163,-94.2811521573783,17.0694200192906));
#958=CARTESIAN_POINT('',(-37.7804674649241,-94.3530279901307,16.7094202961724));
#959=CARTESIAN_POINT('',(-37.369850007039,-94.5350784930994,15.6132658996644));
#960=CARTESIAN_POINT('',(-37.1206343510108,-94.6131933758638,14.8441218519308));
#961=CARTESIAN_POINT('',(-36.9464376434737,-94.6260350769103,14.0719822330292));
#962=CARTESIAN_POINT('',(30.6907491155071,98.4275704965556,5.55981604798566));
#963=CARTESIAN_POINT('',(31.5031514613331,98.3332166025967,6.09624857350278));
#964=CARTESIAN_POINT('',(32.3369537480899,98.1809450595849,6.5401785397699));
#965=CARTESIAN_POINT('',(34.0620102492539,97.7653274745682,7.29388109904191));
#966=CARTESIAN_POINT('',(34.9387232691888,97.506027059386,7.59777470739306));
#967=CARTESIAN_POINT('',(36.671296097198,96.9084934607736,8.07595064370711));
#968=CARTESIAN_POINT('',(37.525035037293,96.5728481868402,8.25208085778948));
#969=CARTESIAN_POINT('',(39.2275625890778,95.8271683638123,8.50510856792655));
#970=CARTESIAN_POINT('',(40.0576631400602,95.4260084086255,8.57990294671672));
#971=CARTESIAN_POINT('',(42.5129830681126,94.1317058167456,8.67260821183373));
#972=CARTESIAN_POINT('',(44.1032183774111,93.146791412404,8.5598341292301));
#973=CARTESIAN_POINT('',(47.0662113575734,90.9958571172897,7.91965279125817));
#974=CARTESIAN_POINT('',(48.4447870730919,89.8227304272947,7.38566270183109));
#975=CARTESIAN_POINT('',(50.2423073383074,87.9887904299719,6.20305568249347));
#976=CARTESIAN_POINT('',(50.7871917233275,87.3733406215193,5.74845314338274));
#977=CARTESIAN_POINT('',(51.4136923917499,86.5929930052397,5.10358082369267));
#978=CARTESIAN_POINT('',(51.5358787533974,86.4368703167613,4.97125411418004));
#979=CARTESIAN_POINT('',(51.7145942355349,86.2027816741883,4.76799344040689));
#980=CARTESIAN_POINT('',(51.7733774429598,86.1248011571457,4.69946883466412));
#981=CARTESIAN_POINT('',(51.8350126528806,86.0420081726171,4.62585805607692));
#982=CARTESIAN_POINT('',(51.8386353470301,86.0371380649302,4.62152491289495));
#983=CARTESIAN_POINT('',(51.8440647786426,86.0298333334412,4.61502081866983));
#984=CARTESIAN_POINT('',(51.8458738409745,86.0273984842576,4.61285207310675));
#985=CARTESIAN_POINT('',(51.849499751766,86.0225164122884,4.6085020201514));
#986=CARTESIAN_POINT('',(51.8506732823071,86.0203535221261,4.60570056103136));
#987=CARTESIAN_POINT('',(51.8590860004919,86.0083823289979,4.59409314257812));
#988=CARTESIAN_POINT('',(51.8667537596297,85.9984938863025,4.58596543117005));
#989=CARTESIAN_POINT('',(51.8883229358569,85.9692766118616,4.55979143143282));
#990=CARTESIAN_POINT('',(51.9026507769506,85.9498032049282,4.54229218852206));
#991=CARTESIAN_POINT('',(51.9454881903782,85.8913863761689,4.48963556570503));
#992=CARTESIAN_POINT('',(51.973839476532,85.8524627833981,4.45433396337636));
#993=CARTESIAN_POINT('',(52.2280960858105,85.5010390329807,4.13367650970442));
#994=CARTESIAN_POINT('',(52.4400822443683,85.1911711100547,3.83715220150023));
#995=CARTESIAN_POINT('',(53.0443854427837,84.2584443529408,2.90668753437281));
#996=CARTESIAN_POINT('',(53.3928277747737,83.6502476376494,2.24859667863869));
#997=CARTESIAN_POINT('',(54.0054985796455,82.4399020475627,0.848038319752865));
#998=CARTESIAN_POINT('',(54.2630001660067,81.8491391551679,0.117786042413113));
#999=CARTESIAN_POINT('',(54.6951069683163,80.6825604647306,-1.40976578963075));
#1000=CARTESIAN_POINT('',(54.8649885184024,80.1160649963088,-2.19663656330701));
#1001=CARTESIAN_POINT('',(55.1233803199704,79.0042024124913,-3.82421073832786));
#1002=CARTESIAN_POINT('',(55.2092858707938,78.4662144220734,-4.65521213419489));
#1003=CARTESIAN_POINT('',(55.3485541461263,76.8888030062869,-7.2129725875821));
#1004=CARTESIAN_POINT('',(55.2798836613268,75.9068328032254,-8.97200611604542));
#1005=CARTESIAN_POINT('',(54.6922481498692,73.1494578143468,-14.2564472675431));
#1006=CARTESIAN_POINT('',(53.7968630192511,71.5387816464699,-17.8250771328054));
#1007=CARTESIAN_POINT('',(52.3070226906337,69.5906342494149,-22.1339389127794));
#1008=CARTESIAN_POINT('',(51.9900067654548,69.2030715211765,-22.9902606947781));
#1009=CARTESIAN_POINT('',(51.3193716791204,68.4302623262915,-24.6886669626843));
#1010=CARTESIAN_POINT('',(50.9665218466784,68.0457484188703,-25.5291268894545));
#1011=CARTESIAN_POINT('',(50.2263125741779,67.276601893328,-27.192815121803));
#1012=CARTESIAN_POINT('',(49.8397735843951,66.8926958500862,-28.0145269918556));
#1013=CARTESIAN_POINT('',(48.9829429342801,66.0725775826743,-29.7420918558176));
#1014=CARTESIAN_POINT('',(48.5101022641359,65.6357837590083,-30.6437175814605));
#1015=CARTESIAN_POINT('',(47.1380318612034,64.4187837684517,-33.1082953808729));
#1016=CARTESIAN_POINT('',(46.1873598635724,63.6327331942022,-34.64953064148));
#1017=CARTESIAN_POINT('',(44.5232635942198,62.6492435191834,-36.8317076185682));
#1018=CARTESIAN_POINT('',(43.9503054705394,62.3615663709648,-37.5160091086973));
#1019=CARTESIAN_POINT('',(43.0291750246208,61.9994321447614,-38.4978978867161));
#1020=CARTESIAN_POINT('',(42.7236409788255,61.8933243705587,-38.8070108908126));
#1021=CARTESIAN_POINT('',(42.1028332993665,61.7075524232105,-39.4009477570433));
#1022=CARTESIAN_POINT('',(41.7904528441728,61.6276263938351,-39.6843100257264));
#1023=CARTESIAN_POINT('',(40.2794963942419,61.3047804931496,-40.982337006136));
#1024=CARTESIAN_POINT('',(38.9730796961064,61.2041031424016,-41.8991326090678));
#1025=CARTESIAN_POINT('',(36.4092832011017,61.2381238736207,-43.4012733912427));
#1026=CARTESIAN_POINT('',(35.148614713818,61.3462904865581,-44.0226121531363));
#1027=CARTESIAN_POINT('',(33.2812084108987,61.6232043525377,-44.7875690472523));
#1028=CARTESIAN_POINT('',(32.6824207452406,61.7284075650084,-45.0106620708938));
#1029=CARTESIAN_POINT('',(31.493586760714,61.9703869086282,-45.40958795489));
#1030=CARTESIAN_POINT('',(30.9089470883799,62.1051471474388,-45.5849780440437));
#1031=CARTESIAN_POINT('',(29.746344211978,62.4042467706821,-45.8927035647154));
#1032=CARTESIAN_POINT('',(29.1735602603321,62.5670911778139,-46.0243486163513));
#1033=CARTESIAN_POINT('',(28.0332328308528,62.9242733516542,-46.244712253827));
#1034=CARTESIAN_POINT('',(27.4711007215746,63.1164637227028,-46.3329884857985));
#1035=CARTESIAN_POINT('',(25.7879394043386,63.7468373522474,-46.5318380605029));
#1036=CARTESIAN_POINT('',(24.677815945994,64.2357820251914,-46.5751164898609));
#1037=CARTESIAN_POINT('',(23.067739977066,65.0998046909824,-46.4767669987304));
#1038=CARTESIAN_POINT('',(22.5383850081992,65.411751511619,-46.4154317106385));
#1039=CARTESIAN_POINT('',(21.4823000879335,66.1049048504195,-46.224307771814));
#1040=CARTESIAN_POINT('',(20.9714815253379,66.4798086267425,-46.0935583670611));
#1041=CARTESIAN_POINT('',(19.3780406610018,67.8058941097809,-45.5408556201552));
#1042=CARTESIAN_POINT('',(18.4743391642228,68.8216105185195,-44.9852406197327));
#1043=CARTESIAN_POINT('',(16.8027140053004,71.1387695156294,-43.5164977023826));
#1044=CARTESIAN_POINT('',(16.0967040661382,72.4455243509142,-42.5636137649485));
#1045=CARTESIAN_POINT('',(15.363194816543,74.0536451145335,-41.2670055688473));
#1046=CARTESIAN_POINT('',(15.215129922936,74.3961321751963,-40.9836568110225));
#1047=CARTESIAN_POINT('',(14.9307264201279,75.0846155255361,-40.3990871671998));
#1048=CARTESIAN_POINT('',(14.7946694011233,75.4298868004604,-40.0984951162053));
#1049=CARTESIAN_POINT('',(14.534668089013,76.1217594928312,-39.481290019421));
#1050=CARTESIAN_POINT('',(14.4109169640271,76.4676202857608,-39.1651642505983));
#1051=CARTESIAN_POINT('',(14.1757783721146,77.1590450402224,-38.5179764944284));
#1052=CARTESIAN_POINT('',(14.0648557812424,77.5039289715796,-38.1873521620988));
#1053=CARTESIAN_POINT('',(13.7513305055449,78.5402519549254,-37.1702146094414));
#1054=CARTESIAN_POINT('',(13.5722969774576,79.2201403041912,-36.4707149688623));
#1055=CARTESIAN_POINT('',(13.2718787132703,80.5669899068298,-35.0205110343543));
#1056=CARTESIAN_POINT('',(13.1520967806796,81.228743529856,-34.274629513407));
#1057=CARTESIAN_POINT('',(12.9704840152946,82.5314819824024,-32.7403042047002));
#1058=CARTESIAN_POINT('',(12.9093246701468,83.1678862621226,-31.9568539014308));
#1059=CARTESIAN_POINT('',(12.8451024951092,84.4149488870875,-30.354545717259));
#1060=CARTESIAN_POINT('',(12.8421242985099,85.0214958212392,-29.5407753952395));
#1061=CARTESIAN_POINT('',(12.8990190370262,86.2065910628048,-27.8817936335952));
#1062=CARTESIAN_POINT('',(12.9588255984563,86.7809880561433,-27.0421271835186));
#1063=CARTESIAN_POINT('',(13.1460700684114,87.8976382635635,-25.3384984728894));
#1064=CARTESIAN_POINT('',(13.2727968623068,88.4357508059262,-24.4807776135089));
#1065=CARTESIAN_POINT('',(13.7602912888471,89.9939044416515,-21.8864060364377));
#1066=CARTESIAN_POINT('',(14.2231551204548,90.937154393584,-20.1650582629656));
#1067=CARTESIAN_POINT('',(15.4178650185222,92.6834485623655,-16.6779625282994));
#1068=CARTESIAN_POINT('',(16.1307545965456,93.4635024677262,-14.9588449357306));
#1069=CARTESIAN_POINT('',(17.3965984705196,94.5467827679523,-12.3159452052677));
#1070=CARTESIAN_POINT('',(17.865420426826,94.8990198040374,-11.4034924110616));
#1071=CARTESIAN_POINT('',(18.8554792543669,95.5583331044924,-9.58675841079498));
#1072=CARTESIAN_POINT('',(19.3741145141913,95.8638154210354,-8.68708417778589));
#1073=CARTESIAN_POINT('',(20.9717844400254,96.7044359701817,-6.03573306353114));
#1074=CARTESIAN_POINT('',(22.099301689724,97.1743539242208,-4.31085167506839));
#1075=CARTESIAN_POINT('',(23.7963795117516,97.7522570081437,-1.81903069629128));
#1076=CARTESIAN_POINT('',(24.3296582835506,97.9148491280591,-1.05466445951597));
#1077=CARTESIAN_POINT('',(25.1649135286057,98.1249102281061,0.0733440224551956));
#1078=CARTESIAN_POINT('',(25.4478610506433,98.1889925663674,0.444490766390564));
#1079=CARTESIAN_POINT('',(26.0256971381298,98.3030654198106,1.17359879014363));
#1080=CARTESIAN_POINT('',(26.3196468202152,98.3530403819441,1.53063030361381));
#1081=CARTESIAN_POINT('',(27.2242202520545,98.4789521783541,2.57820406094064));
#1082=CARTESIAN_POINT('',(27.8531560931812,98.5311188993733,3.24121615460638));
#1083=CARTESIAN_POINT('',(28.7046184925639,98.5427532128314,4.02148746822411));
#1084=CARTESIAN_POINT('',(28.8766290142547,98.5423422299883,4.1736160130943));
#1085=CARTESIAN_POINT('',(29.138948991307,98.537376542481,4.39694531098892));
#1086=CARTESIAN_POINT('',(29.2269305296384,98.5350023282485,4.47043380094294));
#1087=CARTESIAN_POINT('',(29.3211720389841,98.5316874696532,4.54760708779489));
#1088=CARTESIAN_POINT('',(29.3267141429955,98.5314897198046,4.55213982792638));
#1089=CARTESIAN_POINT('',(29.3349571723926,98.531191411191,4.55887320715281));
#1090=CARTESIAN_POINT('',(29.3373716617397,98.5312509484112,4.56126928785298));
#1091=CARTESIAN_POINT('',(29.3419257453211,98.5317263458531,4.56685671982291));
#1092=CARTESIAN_POINT('',(29.3450620515349,98.531302262916,4.56852350623544));
#1093=CARTESIAN_POINT('',(29.3589380316388,98.5307693059527,4.57980127704568));
#1094=CARTESIAN_POINT('',(29.3700554128854,98.5303316932417,4.58881583016269));
#1095=CARTESIAN_POINT('',(29.4034404151339,98.5289855545336,4.61582240183694));
#1096=CARTESIAN_POINT('',(29.4257378524711,98.5280438633821,4.63377491721668));
#1097=CARTESIAN_POINT('',(29.4927402478421,98.5250849609427,4.68746463097149));
#1098=CARTESIAN_POINT('',(29.5375616394656,98.5229343588178,4.7230410871222));
#1099=CARTESIAN_POINT('',(29.9423056189485,98.5019490005809,5.04122174560405));
#1100=CARTESIAN_POINT('',(30.3102333771405,98.4717642901999,5.30855998061997));
#1101=CARTESIAN_POINT('',(30.690749115507,98.4275704965556,5.55981604798573));
#1102=CARTESIAN_POINT('',(78.1136864428215,-36.8502446550413,-5.07505058388501));
#1103=CARTESIAN_POINT('',(78.2634138230257,-37.2649820323129,-4.20532951832639));
#1104=CARTESIAN_POINT('',(78.3398284150881,-37.7771076444548,-3.382127212439));
#1105=CARTESIAN_POINT('',(78.3760916242753,-38.9302933582538,-1.84838747946036));
#1106=CARTESIAN_POINT('',(78.3378504742792,-39.5730302450227,-1.13160534803741));
#1107=CARTESIAN_POINT('',(78.1804515584819,-40.9154003868539,0.176267333775162));
#1108=CARTESIAN_POINT('',(78.059078233048,-41.6369973613145,0.78903237163355));
#1109=CARTESIAN_POINT('',(77.7578929760356,-43.1111445436362,1.90607172525309));
#1110=CARTESIAN_POINT('',(77.5776373122371,-43.8694790099602,2.41671278952277));
#1111=CARTESIAN_POINT('',(77.1642078847031,-45.433628262119,3.36023679601821));
#1112=CARTESIAN_POINT('',(76.9343526146265,-46.2268467122563,3.78530402841341));
#1113=CARTESIAN_POINT('',(76.4269976281428,-47.8528874020509,4.55763969835298));
#1114=CARTESIAN_POINT('',(76.1528578313662,-48.6745969660411,4.89928608269409));
#1115=CARTESIAN_POINT('',(75.5650586667611,-50.3394445267462,5.50706755125893));
#1116=CARTESIAN_POINT('',(75.2547527594415,-51.1731624122126,5.7705633553735));
#1117=CARTESIAN_POINT('',(74.6006964353275,-52.8471539922605,6.22717059297641));
#1118=CARTESIAN_POINT('',(74.260178729078,-53.6800218350477,6.41943925174659));
#1119=CARTESIAN_POINT('',(73.1964712230096,-56.1698912071327,6.90411618744424));
#1120=CARTESIAN_POINT('',(72.4249081101351,-57.8341083356876,7.10751664585158));
#1121=CARTESIAN_POINT('',(71.1800530427603,-60.2734973182594,7.20141492307269));
#1122=CARTESIAN_POINT('',(70.7522698270972,-61.074337598056,7.19832735208412));
#1123=CARTESIAN_POINT('',(69.8626285129116,-62.6573557887371,7.11888603205922));
#1124=CARTESIAN_POINT('',(69.4055246320843,-63.4315431119266,7.04337135061444));
#1125=CARTESIAN_POINT('',(68.457729066243,-64.9513476100796,6.8174283151761));
#1126=CARTESIAN_POINT('',(67.9724736815599,-65.6888646507998,6.66892146236603));
#1127=CARTESIAN_POINT('',(66.9683908515443,-67.131195208645,6.30661185138798));
#1128=CARTESIAN_POINT('',(66.4545971834117,-67.8290492262535,6.09483217741427));
#1129=CARTESIAN_POINT('',(65.6590374757541,-68.8496304133216,5.73714271759739));
#1130=CARTESIAN_POINT('',(65.3906246310518,-69.1842575450265,5.61160794321925));
#1131=CARTESIAN_POINT('',(64.9823997667793,-69.678692985693,5.41420404613243));
#1132=CARTESIAN_POINT('',(64.8455162230349,-69.8421028810995,5.34694719499396));
#1133=CARTESIAN_POINT('',(64.6037149353701,-70.1266071293553,5.22639391785383));
#1134=CARTESIAN_POINT('',(64.3970218854517,-70.3667593765451,5.12301827612568));
#1135=CARTESIAN_POINT('',(64.2219765317622,-70.5658188688717,5.03087222343608));
#1136=CARTESIAN_POINT('',(64.151979895511,-70.6453760115994,4.99520540839938));
#1137=CARTESIAN_POINT('',(64.0115693401889,-70.8034620475861,4.92231882197324));
#1138=CARTESIAN_POINT('',(63.9411474330766,-70.8821655145791,4.88552831861658));
#1139=CARTESIAN_POINT('',(63.729198225997,-71.1172956957106,4.77412266530318));
#1140=CARTESIAN_POINT('',(63.5870774373992,-71.2726409432883,4.69851970601746));
#1141=CARTESIAN_POINT('',(63.1578527120893,-71.7349065785111,4.4677147007208));
#1142=CARTESIAN_POINT('',(62.8685262527741,-72.0373833842156,4.30893553092867));
#1143=CARTESIAN_POINT('',(61.9895602395429,-72.9294706193517,3.81866450726026));
#1144=CARTESIAN_POINT('',(61.3924981542359,-73.4998805054494,3.47496941935239));
#1145=CARTESIAN_POINT('',(60.1719591984642,-74.5907796405676,2.73984124986547));
#1146=CARTESIAN_POINT('',(59.5541919773984,-75.106318512044,2.35092244725208));
#1147=CARTESIAN_POINT('',(57.6784458254538,-76.5558307524057,1.08882590981971));
#1148=CARTESIAN_POINT('',(56.3908635696139,-77.3967545011118,0.116346407859758));
#1149=CARTESIAN_POINT('',(54.5350486082394,-78.3329188183856,-1.61034171236908));
#1150=CARTESIAN_POINT('',(53.9371757335,-78.5861462407697,-2.22507511102254));
#1151=CARTESIAN_POINT('',(53.0584772027669,-78.8856229289312,-3.22004458961082));
#1152=CARTESIAN_POINT('',(52.7713260892626,-78.9710279797995,-3.56068201100456));
#1153=CARTESIAN_POINT('',(52.2056620258713,-79.1151394500075,-4.26133746338961));
#1154=CARTESIAN_POINT('',(51.9291637992931,-79.1731984757563,-4.61903874726858));
#1155=CARTESIAN_POINT('',(51.108112496563,-79.3101669553008,-5.72338197572383));
#1156=CARTESIAN_POINT('',(50.5892813180171,-79.3478401547293,-6.4797120075188));
#1157=CARTESIAN_POINT('',(49.5859051127422,-79.3275923466789,-8.04906377667402));
#1158=CARTESIAN_POINT('',(49.1115132897616,-79.2686207489142,-8.84757124488274));
#1159=CARTESIAN_POINT('',(48.2104663150284,-79.0621334231046,-10.4670861461141));
#1160=CARTESIAN_POINT('',(47.7905506024858,-78.9166388283728,-11.275707027264));
#1161=CARTESIAN_POINT('',(46.9880292804715,-78.5437954348107,-12.9183782890621));
#1162=CARTESIAN_POINT('',(46.6105846437217,-78.3179036259004,-13.7426361315777));
#1163=CARTESIAN_POINT('',(45.887600855988,-77.7951518923965,-15.4026929230887));
#1164=CARTESIAN_POINT('',(45.5454335957543,-77.4999321313915,-16.2313630942479));
#1165=CARTESIAN_POINT('',(44.8855854169293,-76.8497719652629,-17.8891626742729));
#1166=CARTESIAN_POINT('',(44.5700272078852,-76.4962600300298,-18.713486479112));
#1167=CARTESIAN_POINT('',(43.6124429820867,-75.3222848216483,-21.2641624632396));
#1168=CARTESIAN_POINT('',(42.9957685748816,-74.4387011828924,-22.9512207581892));
#1169=CARTESIAN_POINT('',(42.140757315264,-72.9396378086788,-25.4442157589989));
#1170=CARTESIAN_POINT('',(41.8685802237024,-72.4113135149098,-26.2668030519321));
#1171=CARTESIAN_POINT('',(41.3528964409084,-71.2939332875618,-27.8950025729654));
#1172=CARTESIAN_POINT('',(41.1106239110388,-70.707864235063,-28.6959850691778));
#1173=CARTESIAN_POINT('',(40.6610220446285,-69.4882348542959,-30.2606520918378));
#1174=CARTESIAN_POINT('',(40.4537376084929,-68.8599429309318,-31.0198512291151));
#1175=CARTESIAN_POINT('',(40.1032319268524,-67.5330461082855,-32.5019899614927));
#1176=CARTESIAN_POINT('',(39.9617841768577,-66.8443792444146,-33.2147086928125));
#1177=CARTESIAN_POINT('',(39.8093245955093,-65.4079887992675,-34.547645818445));
#1178=CARTESIAN_POINT('',(39.7934851783298,-64.6571439169569,-35.1756823183885));
#1179=CARTESIAN_POINT('',(39.9708418855617,-63.1696341795654,-36.2327900547574));
#1180=CARTESIAN_POINT('',(40.1466434024029,-62.4318529347749,-36.6789772047637));
#1181=CARTESIAN_POINT('',(40.6067626435062,-61.3416747643494,-37.1766300766547));
#1182=CARTESIAN_POINT('',(40.7760878001516,-61.0071765626186,-37.3066237843235));
#1183=CARTESIAN_POINT('',(41.1512142853854,-60.3551480991276,-37.5220635622109));
#1184=CARTESIAN_POINT('',(41.34996612482,-60.0458364952613,-37.606737557862));
#1185=CARTESIAN_POINT('',(41.9714891127059,-59.1502001648596,-37.8101758889711));
#1186=CARTESIAN_POINT('',(42.41739969143,-58.5910508779475,-37.8846587744318));
#1187=CARTESIAN_POINT('',(43.33563882517,-57.5026540541251,-37.9675932363483));
#1188=CARTESIAN_POINT('',(43.7998081037775,-56.9825241851635,-37.9765368020562));
#1189=CARTESIAN_POINT('',(44.7302714784126,-55.9483723223302,-37.9619679160006));
#1190=CARTESIAN_POINT('',(45.1949938174322,-55.4363057953871,-37.9385614374098));
#1191=CARTESIAN_POINT('',(46.0550483351803,-54.4623728483826,-37.8857484304816));
#1192=CARTESIAN_POINT('',(46.4513581428249,-54.002408311467,-37.8574088475324));
#1193=CARTESIAN_POINT('',(47.3070041091795,-52.9564478961795,-37.804708909564));
#1194=CARTESIAN_POINT('',(47.7561316540294,-52.3660751554703,-37.7858815692986));
#1195=CARTESIAN_POINT('',(48.5896968663815,-51.1899066327704,-37.7688545753237));
#1196=CARTESIAN_POINT('',(48.9759587220623,-50.6099716163554,-37.767626152126));
#1197=CARTESIAN_POINT('',(49.7272015905418,-49.4396192849601,-37.7641740469922));
#1198=CARTESIAN_POINT('',(50.0916493796618,-48.8501840296517,-37.7620067737017));
#1199=CARTESIAN_POINT('',(50.8114577507398,-47.6739949866465,-37.7414779835268));
#1200=CARTESIAN_POINT('',(51.166568640558,-47.087891935472,-37.7232410392012));
#1201=CARTESIAN_POINT('',(51.8831303021339,-45.9277345934246,-37.6546984699679));
#1202=CARTESIAN_POINT('',(52.2432916330393,-45.3555330999896,-37.6048528125908));
#1203=CARTESIAN_POINT('',(52.985069693627,-44.2322374835308,-37.4573294970467));
#1204=CARTESIAN_POINT('',(53.3634657967203,-43.6858134471727,-37.3605555654817));
#1205=CARTESIAN_POINT('',(54.1531051182722,-42.6205129143061,-37.1074071875828));
#1206=CARTESIAN_POINT('',(54.558811043974,-42.1083876557586,-36.9531375574386));
#1207=CARTESIAN_POINT('',(55.4007820623811,-41.1140913134655,-36.5868715274615));
#1208=CARTESIAN_POINT('',(55.8312922099862,-40.6395797632184,-36.3769382094697));
#1209=CARTESIAN_POINT('',(56.7312760566799,-39.7203366725233,-35.8913578774833));
#1210=CARTESIAN_POINT('',(57.1938328120833,-39.2848327609409,-35.6181344749474));
#1211=CARTESIAN_POINT('',(58.1683490940934,-38.4481396299734,-34.9920414563091));
#1212=CARTESIAN_POINT('',(58.6708199082129,-38.0593439067062,-34.6427159579235));
#1213=CARTESIAN_POINT('',(59.4508945475548,-37.5274966953897,-34.0563499480243));
#1214=CARTESIAN_POINT('',(59.7172658616265,-37.3583395812285,-33.8484584061883));
#1215=CARTESIAN_POINT('',(60.2570332624098,-37.0419549524222,-33.410899117335));
#1216=CARTESIAN_POINT('',(60.5282456678368,-36.8966287506992,-33.1826663815547));
#1217=CARTESIAN_POINT('',(61.9891069209669,-36.186115154801,-31.9076355740146));
#1218=CARTESIAN_POINT('',(63.1548681693017,-35.8791986335489,-30.7251648704658));
#1219=CARTESIAN_POINT('',(64.558094705026,-35.6494344238009,-29.1573196207413));
#1220=CARTESIAN_POINT('',(64.8522427128878,-35.6098385716936,-28.819997298621));
#1221=CARTESIAN_POINT('',(65.440365253549,-35.5430282866793,-28.1298260970788));
#1222=CARTESIAN_POINT('',(65.7336388661503,-35.5162253370439,-27.7774233931001));
#1223=CARTESIAN_POINT('',(66.6128101628289,-35.4489052892539,-26.6985015249746));
#1224=CARTESIAN_POINT('',(67.18666217053,-35.4227838325871,-25.9633044422256));
#1225=CARTESIAN_POINT('',(68.3261627353201,-35.3685593172115,-24.4567109703173));
#1226=CARTESIAN_POINT('',(68.8909091029875,-35.3385388452911,-23.6864178208821));
#1227=CARTESIAN_POINT('',(69.718342446466,-35.2922280453375,-22.5192080176788));
#1228=CARTESIAN_POINT('',(69.9899939692162,-35.2767186682256,-22.1294336334478));
#1229=CARTESIAN_POINT('',(70.5273194747803,-35.2466356069526,-21.3442156337206));
#1230=CARTESIAN_POINT('',(70.792882202122,-35.2320519822311,-20.9489110558484));
#1231=CARTESIAN_POINT('',(72.1129701509283,-35.1637464550681,-18.9446606606868));
#1232=CARTESIAN_POINT('',(73.1080247565982,-35.1257746448567,-17.3060955601173));
#1233=CARTESIAN_POINT('',(74.4905903944818,-35.132759491029,-14.7796784821724));
#1234=CARTESIAN_POINT('',(74.929741876373,-35.1441674247992,-13.9337293469445));
#1235=CARTESIAN_POINT('',(75.7640122443918,-35.2184926324921,-12.2067998068253));
#1236=CARTESIAN_POINT('',(76.1553962134458,-35.2810510770612,-11.3328926392236));
#1237=CARTESIAN_POINT('',(76.8741601158607,-35.5021306313216,-9.54928462421474));
#1238=CARTESIAN_POINT('',(77.1944109737288,-35.6575846143,-8.65762862782426));
#1239=CARTESIAN_POINT('',(77.7422855594036,-36.1246865308512,-6.848583800508));
#1240=CARTESIAN_POINT('',(77.9635964644196,-36.4345028988422,-5.94687787270407));
#1241=CARTESIAN_POINT('',(78.1136864428216,-36.8502446550413,-5.07505058388495));
#1242=CARTESIAN_POINT('',(33.623025904779,-67.7682930966116,-36.4538302075244));
#1243=CARTESIAN_POINT('',(32.3291728698867,-67.8618760445834,-37.110759671581));
#1244=CARTESIAN_POINT('',(31.0410117714984,-67.8325268278336,-37.815203727146));
#1245=CARTESIAN_POINT('',(29.4884927283484,-67.6076473786956,-38.7522406084721));
#1246=CARTESIAN_POINT('',(29.1769867593875,-67.5523476918591,-38.9449941531035));
#1247=CARTESIAN_POINT('',(28.5569310702178,-67.4215494586372,-39.3381971153119));
#1248=CARTESIAN_POINT('',(28.2496867929192,-67.3461750203856,-39.5378706227433));
#1249=CARTESIAN_POINT('',(27.3257771718746,-67.087819949701,-40.1523407466336));
#1250=CARTESIAN_POINT('',(26.7271192485533,-66.8766993470581,-40.5701096599061));
#1251=CARTESIAN_POINT('',(24.9268520757155,-66.111716510221,-41.8782523532674));
#1252=CARTESIAN_POINT('',(23.7946016263758,-65.4449078978744,-42.7765570026121));
#1253=CARTESIAN_POINT('',(21.633087751935,-63.7972192647184,-44.6331599446068));
#1254=CARTESIAN_POINT('',(20.6494877495288,-62.8238035705042,-45.5639389767329));
#1255=CARTESIAN_POINT('',(19.5309164384424,-61.4165256405718,-46.7371822865889));
#1256=CARTESIAN_POINT('',(19.308286369032,-61.1183415118105,-46.9775177937911));
#1257=CARTESIAN_POINT('',(18.8731109558262,-60.5009906990515,-47.459795286397));
#1258=CARTESIAN_POINT('',(18.6615524803747,-60.1823854083746,-47.7009588623226));
#1259=CARTESIAN_POINT('',(18.2489430748704,-59.5251822222392,-48.1838622796492));
#1260=CARTESIAN_POINT('',(18.0486802793273,-59.1871877274819,-48.424893636367));
#1261=CARTESIAN_POINT('',(17.6586271430141,-58.492720650415,-48.9064202316763));
#1262=CARTESIAN_POINT('',(17.4695340888462,-58.1367992508904,-49.1462924471376));
#1263=CARTESIAN_POINT('',(16.9134439568003,-57.0356203668197,-49.8688986199287));
#1264=CARTESIAN_POINT('',(16.5691100923015,-56.276470536659,-50.3407187912685));
#1265=CARTESIAN_POINT('',(15.908392968702,-54.690415998702,-51.2803580864885));
#1266=CARTESIAN_POINT('',(15.5945572823652,-53.8665261168952,-51.7447992576587));
#1267=CARTESIAN_POINT('',(14.9928221303763,-52.1587382012408,-52.6642702326876));
#1268=CARTESIAN_POINT('',(14.7077364559874,-51.2773824326181,-53.1164001374218));
#1269=CARTESIAN_POINT('',(14.1942606619908,-49.4937534081005,-53.9869570029486));
#1270=CARTESIAN_POINT('',(13.9670926546336,-48.5966540783298,-54.4034010243788));
#1271=CARTESIAN_POINT('',(13.3942181422943,-45.9054490248115,-55.5901014072277));
#1272=CARTESIAN_POINT('',(13.1439774262367,-44.0804334180409,-56.3156235524535));
#1273=CARTESIAN_POINT('',(13.0466856694159,-41.3821490343982,-57.2738367765023));
#1274=CARTESIAN_POINT('',(13.0530431169759,-40.5485375991469,-57.554545968116));
#1275=CARTESIAN_POINT('',(13.1357432133325,-38.974487744799,-58.0565248942474));
#1276=CARTESIAN_POINT('',(13.2035035394549,-38.242164943967,-58.2786066592286));
#1277=CARTESIAN_POINT('',(13.4652349421642,-36.3240172903069,-58.8298352568672));
#1278=CARTESIAN_POINT('',(13.7127935296958,-35.1332618072844,-59.1413753968754));
#1279=CARTESIAN_POINT('',(14.3307274066173,-33.0600615568277,-59.6239939881071));
#1280=CARTESIAN_POINT('',(14.6578368324778,-32.1735351641298,-59.8100738667367));
#1281=CARTESIAN_POINT('',(15.3927843499866,-30.5819361772951,-60.0997307944963));
#1282=CARTESIAN_POINT('',(15.7669265599084,-29.8909488164577,-60.2088422174602));
#1283=CARTESIAN_POINT('',(16.5826298726678,-28.6371862539137,-60.3670033540066));
#1284=CARTESIAN_POINT('',(16.9971763827534,-28.085530643407,-60.4202284339524));
#1285=CARTESIAN_POINT('',(17.8918637901613,-27.0797318327346,-60.4764205261682));
#1286=CARTESIAN_POINT('',(18.349709630166,-26.6376872017165,-60.482101442027));
#1287=CARTESIAN_POINT('',(19.0893779207256,-26.0315390794119,-60.4553346573306));
#1288=CARTESIAN_POINT('',(19.336127334397,-25.8452115974687,-60.4411349085894));
#1289=CARTESIAN_POINT('',(19.8414604311087,-25.4943262052424,-60.4015031794084));
#1290=CARTESIAN_POINT('',(20.0974573644618,-25.3311881693126,-60.3764157813343));
#1291=CARTESIAN_POINT('',(20.8958871080739,-24.8671998221255,-60.2824839947821));
#1292=CARTESIAN_POINT('',(21.4451572243021,-24.6077894188143,-60.1970708584621));
#1293=CARTESIAN_POINT('',(22.6292415745991,-24.144843018739,-59.9737789857795));
#1294=CARTESIAN_POINT('',(23.2485002142678,-23.9533345123386,-59.8359407031079));
#1295=CARTESIAN_POINT('',(24.5664137537121,-23.6133903080351,-59.507483042542));
#1296=CARTESIAN_POINT('',(25.2552358202056,-23.4740013911203,-59.3159879220459));
#1297=CARTESIAN_POINT('',(26.7051844954463,-23.2246510801726,-58.8803250277802));
#1298=CARTESIAN_POINT('',(27.4607041640774,-23.1201387973815,-58.6345898073354));
#1299=CARTESIAN_POINT('',(29.0327091237073,-22.9264354055961,-58.0918479086316));
#1300=CARTESIAN_POINT('',(29.8461597073256,-22.8394300302895,-57.7931937763036));
#1301=CARTESIAN_POINT('',(31.4927103836268,-22.6605695972364,-57.1598715404282));
#1302=CARTESIAN_POINT('',(32.3243338304262,-22.5692315502564,-56.8246679324488));
#1303=CARTESIAN_POINT('',(34.0841125410413,-22.3436490389721,-56.0900798733626));
#1304=CARTESIAN_POINT('',(35.009074283955,-22.2074128536188,-55.688438194877));
#1305=CARTESIAN_POINT('',(37.9412274038236,-21.7230307842015,-54.3695276931737));
#1306=CARTESIAN_POINT('',(39.911502100641,-21.3200652010925,-53.4141611666791));
#1307=CARTESIAN_POINT('',(42.5220322802198,-20.7176747155661,-52.0668680797923));
#1308=CARTESIAN_POINT('',(43.1852172507988,-20.559029630986,-51.7172401316806));
#1309=CARTESIAN_POINT('',(44.5332427878917,-20.2247030656765,-50.9920348659862));
#1310=CARTESIAN_POINT('',(45.2172702195514,-20.0478637258013,-50.616410406865));
#1311=CARTESIAN_POINT('',(47.0027962182101,-19.5834581645926,-49.611645028623));
#1312=CARTESIAN_POINT('',(48.0961192540314,-19.2970635008391,-48.9719150192898));
#1313=CARTESIAN_POINT('',(50.2668987413235,-18.8250454505987,-47.6249676176611));
#1314=CARTESIAN_POINT('',(51.3314911690796,-18.6433496555264,-46.9257963948888));
#1315=CARTESIAN_POINT('',(53.5826481735556,-18.4614275182519,-45.3339179798169));
#1316=CARTESIAN_POINT('',(54.7239075550636,-18.4912872558228,-44.4587973174714));
#1317=CARTESIAN_POINT('',(56.5262601046538,-18.7440690243303,-42.9564898035288));
#1318=CARTESIAN_POINT('',(57.1865291091501,-18.8851256780683,-42.3775403974865));
#1319=CARTESIAN_POINT('',(58.4962426277768,-19.2678241690805,-41.1682384428141));
#1320=CARTESIAN_POINT('',(59.1324887016533,-19.5092784982286,-40.5476257319391));
#1321=CARTESIAN_POINT('',(60.3598072295742,-20.0973492844606,-39.2812510080451));
#1322=CARTESIAN_POINT('',(60.9385217190361,-20.4388089269939,-38.647935331484));
#1323=CARTESIAN_POINT('',(62.0283859551743,-21.2225552803106,-37.3785380680899));
#1324=CARTESIAN_POINT('',(62.5291001599301,-21.655175002829,-36.7558295416336));
#1325=CARTESIAN_POINT('',(63.4501536838203,-22.6091959391914,-35.5268432090957));
#1326=CARTESIAN_POINT('',(63.8632180729741,-23.1168358671517,-34.9332133569374));
#1327=CARTESIAN_POINT('',(64.600200260957,-24.2167415401894,-33.7774600646472));
#1328=CARTESIAN_POINT('',(64.9174826173768,-24.7918632568263,-33.2292054338045));
#1329=CARTESIAN_POINT('',(65.4382558836621,-26.0140297795761,-32.2017812502269));
#1330=CARTESIAN_POINT('',(65.6444172029919,-26.6511380801351,-31.7246714009684));
#1331=CARTESIAN_POINT('',(65.9159934112858,-27.9695390388923,-30.8902789540132));
#1332=CARTESIAN_POINT('',(65.9890821105061,-28.6390420793812,-30.5304167932101));
#1333=CARTESIAN_POINT('',(65.9843705323146,-29.3522766941256,-30.2359888685949));
#1334=CARTESIAN_POINT('',(58.3940947909929,-40.0579449452803,48.1143544846107));
#1335=CARTESIAN_POINT('',(59.3778988839486,-40.3819342038131,47.2140201733855));
#1336=CARTESIAN_POINT('',(60.3851463719175,-40.5901778952853,46.2979608412239));
#1337=CARTESIAN_POINT('',(61.9299727294018,-40.7494126187005,44.8916100374695));
#1338=CARTESIAN_POINT('',(62.4627601701743,-40.7750469389149,44.406042510145));
#1339=CARTESIAN_POINT('',(63.543314516477,-40.7714467700434,43.4168365411286));
#1340=CARTESIAN_POINT('',(64.0870358916092,-40.7409989050674,42.9167243665586));
#1341=CARTESIAN_POINT('',(65.7427582349315,-40.5675773856075,41.3813461498482));
#1342=CARTESIAN_POINT('',(66.8290878834772,-40.3423143871916,40.3569138193843));
#1343=CARTESIAN_POINT('',(68.4392384799394,-39.8774194350947,38.7895410141245));
#1344=CARTESIAN_POINT('',(68.9729013295235,-39.7003711980699,38.2615181864346));
#1345=CARTESIAN_POINT('',(70.0297342273542,-39.3107383579189,37.1946070279424));
#1346=CARTESIAN_POINT('',(70.551153869807,-39.0984350912139,36.6572638615126));
#1347=CARTESIAN_POINT('',(71.5858668892681,-38.6436625026572,35.5650720352552));
#1348=CARTESIAN_POINT('',(72.097649474083,-38.4014324153782,35.01118613537));
#1349=CARTESIAN_POINT('',(73.1040255915181,-37.8972917794377,33.8883612482004));
#1350=CARTESIAN_POINT('',(73.5976165489833,-37.6355523665604,33.320445462063));
#1351=CARTESIAN_POINT('',(74.5613984454373,-37.103497698537,32.1694793045426));
#1352=CARTESIAN_POINT('',(75.0307936219602,-36.8326928824707,31.5879000760098));
#1353=CARTESIAN_POINT('',(75.9482851255934,-36.2691201419968,30.4106618678166));
#1354=CARTESIAN_POINT('',(76.3952064818177,-35.9770164895217,29.8161888656883));
#1355=CARTESIAN_POINT('',(77.267482844947,-35.3572475294698,28.6182179538468));
#1356=CARTESIAN_POINT('',(77.6911066513717,-35.030655842663,28.0166287685076));
#1357=CARTESIAN_POINT('',(78.5102143393446,-34.3324778489634,26.821302247244));
#1358=CARTESIAN_POINT('',(78.9035115521297,-33.9628433156598,26.2311180237824));
#1359=CARTESIAN_POINT('',(79.6611325598933,-33.1649227895389,25.0746170606169));
#1360=CARTESIAN_POINT('',(80.0219928460365,-32.7413696889162,24.5136244651003));
#1361=CARTESIAN_POINT('',(80.5431040705346,-32.0470888930993,23.7068864498843));
#1362=CARTESIAN_POINT('',(80.7110113039546,-31.8094417339317,23.4476261839199));
#1363=CARTESIAN_POINT('',(80.9168619211071,-31.4986274919663,23.1334413962414));
#1364=CARTESIAN_POINT('',(80.9575746842542,-31.4361656685217,23.0714961627741));
#1365=CARTESIAN_POINT('',(81.0081831585513,-31.3572448145667,22.9947939562704));
#1366=CARTESIAN_POINT('',(81.0182723748225,-31.3414474553455,22.9795176732351));
#1367=CARTESIAN_POINT('',(81.0307708493585,-31.3217980375298,22.9606128490069));
#1368=CARTESIAN_POINT('',(81.0330956530691,-31.3172161076832,22.9578816720358));
#1369=CARTESIAN_POINT('',(81.0377240669802,-31.3120000489477,22.9491222554055));
#1370=CARTESIAN_POINT('',(81.0397655060611,-31.3088513799634,22.9459645996536));
#1371=CARTESIAN_POINT('',(81.0468792386376,-31.2976542712708,22.9351657866565));
#1372=CARTESIAN_POINT('',(81.0519073177803,-31.2897233402471,22.9275368352362));
#1373=CARTESIAN_POINT('',(81.0769997177626,-31.2500609242802,22.8894842919612));
#1374=CARTESIAN_POINT('',(81.0970098117097,-31.2181650488609,22.8592010682074));
#1375=CARTESIAN_POINT('',(81.1963273271999,-31.0585124547828,22.7092317260887));
#1376=CARTESIAN_POINT('',(81.2747123119115,-30.9282345441636,22.5919469565121));
#1377=CARTESIAN_POINT('',(81.6566051478645,-30.2717535261646,22.0275879049739));
#1378=CARTESIAN_POINT('',(81.9414619669448,-29.7130215980185,21.6301791302868));
#1379=CARTESIAN_POINT('',(82.4846598318311,-28.5177099661543,20.9401652035122));
#1380=CARTESIAN_POINT('',(82.7342701666061,-27.9055557883211,20.6555901788384));
#1381=CARTESIAN_POINT('',(83.2095645034152,-26.6325562141101,20.1786350650705));
#1382=CARTESIAN_POINT('',(83.4293694200432,-25.9894036748027,19.9909987157184));
#1383=CARTESIAN_POINT('',(83.8472347120626,-24.6751614809262,19.6899078139342));
#1384=CARTESIAN_POINT('',(84.0420366897442,-24.0153999901339,19.5780000933022));
#1385=CARTESIAN_POINT('',(84.5877114365462,-22.0495914255514,19.3270595075878));
#1386=CARTESIAN_POINT('',(84.9074113021783,-20.7435122059333,19.2609074505983));
#1387=CARTESIAN_POINT('',(85.5118461937639,-18.0438420946359,19.1857163767612));
#1388=CARTESIAN_POINT('',(85.788311237867,-16.6642093428971,19.1906302409055));
#1389=CARTESIAN_POINT('',(86.1353613115212,-14.5912918682326,19.3342703669918));
#1390=CARTESIAN_POINT('',(86.2379294962312,-13.9142171105447,19.4025163907929));
#1391=CARTESIAN_POINT('',(86.4180940691982,-12.5570836420997,19.5947494279262));
#1392=CARTESIAN_POINT('',(86.4947687393408,-11.8836388825357,19.7179621259683));
#1393=CARTESIAN_POINT('',(86.680938761208,-9.85542759067358,20.1906614137583));
#1394=CARTESIAN_POINT('',(86.7414741430269,-8.53308812673181,20.6396992831994));
#1395=CARTESIAN_POINT('',(86.7061398932116,-6.62198461435299,21.556045565927));
#1396=CARTESIAN_POINT('',(86.6723254635616,-6.00090161409987,21.9020924454036));
#1397=CARTESIAN_POINT('',(86.5852842420397,-5.08978692067576,22.4816366328976));
#1398=CARTESIAN_POINT('',(86.5499701314195,-4.78979239134135,22.6852027271912));
#1399=CARTESIAN_POINT('',(86.5033185064274,-4.45826324745702,22.9236239668062));
#1400=CARTESIAN_POINT('',(86.4980043976618,-4.42127821238069,22.9504154227344));
#1401=CARTESIAN_POINT('',(86.4898854522307,-4.3659191071223,22.9908041226997));
#1402=CARTESIAN_POINT('',(86.4871522871165,-4.34747138926424,23.0043113309876));
#1403=CARTESIAN_POINT('',(86.4830157554801,-4.31983093829156,23.024621036751));
#1404=CARTESIAN_POINT('',(86.481630311223,-4.31061955199267,23.0314013677554));
#1405=CARTESIAN_POINT('',(86.4799071859347,-4.29921988463532,23.039807196422));
#1406=CARTESIAN_POINT('',(86.4799467853503,-4.29641197188966,23.0404719095854));
#1407=CARTESIAN_POINT('',(86.4783497276045,-4.29550767481426,23.0455699728265));
#1408=CARTESIAN_POINT('',(86.4784440137597,-4.29393221548413,23.0457189036217));
#1409=CARTESIAN_POINT('',(86.4781041378724,-4.29167574545358,23.0473736162633));
#1410=CARTESIAN_POINT('',(86.4779305573842,-4.2905240133365,23.0482183834038));
#1411=CARTESIAN_POINT('',(86.4770621247401,-4.28476528024158,23.0524431794573));
#1412=CARTESIAN_POINT('',(86.4763659260666,-4.28015972049844,23.0558248903643));
#1413=CARTESIAN_POINT('',(86.4644875723127,-4.20176890502126,23.1134344355931));
#1414=CARTESIAN_POINT('',(86.4529396017001,-4.12838703086778,23.1681129481784));
#1415=CARTESIAN_POINT('',(86.4170879502977,-3.90870149157048,23.3339961765772));
#1416=CARTESIAN_POINT('',(86.3916993933517,-3.76366107260186,23.44644723951));
#1417=CARTESIAN_POINT('',(86.2554743228535,-3.03555309866858,24.0255056559271));
#1418=CARTESIAN_POINT('',(86.1229270296272,-2.4820576538823,24.513985035405));
#1419=CARTESIAN_POINT('',(85.8870753840759,-1.67945104953726,25.2862872898366));
#1420=CARTESIAN_POINT('',(85.8018208371175,-1.41590084245258,25.5513155602721));
#1421=CARTESIAN_POINT('',(85.618469127716,-0.897660754131106,26.0942560646996));
#1422=CARTESIAN_POINT('',(85.5204986289235,-0.644026269178436,26.3714489619322));
#1423=CARTESIAN_POINT('',(85.416716882821,-0.396560665151309,26.6527419669412));
#1424=CARTESIAN_POINT('',(73.6419301877662,-56.3413579682952,14.4207734863932));
#1425=CARTESIAN_POINT('',(73.5227843151576,-56.5409554150138,15.224891009878));
#1426=CARTESIAN_POINT('',(73.3376088410716,-56.8207094729456,16.0060245625487));
#1427=CARTESIAN_POINT('',(72.8901108357664,-57.4369332869814,17.4970842578519));
#1428=CARTESIAN_POINT('',(72.6261559155316,-57.7768570068282,18.2114242347022));
#1429=CARTESIAN_POINT('',(72.0301115163218,-58.489217785285,19.611033251624));
#1430=CARTESIAN_POINT('',(71.7014325598109,-58.8574651121512,20.2870493297526));
#1431=CARTESIAN_POINT('',(71.1648346781675,-59.417852878873,21.2794546097875));
#1432=CARTESIAN_POINT('',(70.9792919299554,-59.6054307170022,21.6052949363233));
#1433=CARTESIAN_POINT('',(70.690413894913,-59.8893470170323,22.0867299148224));
#1434=CARTESIAN_POINT('',(70.592506934719,-59.9842545279569,22.2457770874931));
#1435=CARTESIAN_POINT('',(70.4679898896929,-60.1033919132599,22.442975524984));
#1436=CARTESIAN_POINT('',(70.4429962676568,-60.1272289081916,22.4823089645062));
#1437=CARTESIAN_POINT('',(70.4053501898824,-60.1630191676255,22.5411818548827));
#1438=CARTESIAN_POINT('',(70.3927772326926,-60.1749534639201,22.5607823481272));
#1439=CARTESIAN_POINT('',(70.3738791010668,-60.192863539711,22.5901509727436));
#1440=CARTESIAN_POINT('',(70.3675736875443,-60.1988346132835,22.599934523725));
#1441=CARTESIAN_POINT('',(70.3581059204491,-60.207793373893,22.614601784584));
#1442=CARTESIAN_POINT('',(70.3549484926928,-60.2107798890458,22.6194893690995));
#1443=CARTESIAN_POINT('',(70.3487063883334,-60.2166818123935,22.6291443488857));
#1444=CARTESIAN_POINT('',(70.3454543348245,-60.2208529003872,22.6326766482267));
#1445=CARTESIAN_POINT('',(70.3420718104708,-60.2213777605459,22.6415553401473));
#1446=CARTESIAN_POINT('',(70.3346070888016,-60.2286388948267,22.6527392617219));
#1447=CARTESIAN_POINT('',(70.3304849681211,-60.2325459885574,22.6590500445498));
#1448=CARTESIAN_POINT('',(70.3273016386046,-60.2355623091616,22.6639198819859));
#1449=CARTESIAN_POINT('',(70.3174612888879,-60.2448837052535,22.6789618386098));
#1450=CARTESIAN_POINT('',(70.3107989055365,-60.2511912841907,22.6891288709323));
#1451=CARTESIAN_POINT('',(70.290800649467,-60.2701143016115,22.7195957556611));
#1452=CARTESIAN_POINT('',(70.2774441261857,-60.2827390719662,22.7398760359659));
#1453=CARTESIAN_POINT('',(70.2373297860067,-60.3206157262914,22.8005813868087));
#1454=CARTESIAN_POINT('',(70.2104903566296,-60.345904892954,22.840927493091));
#1455=CARTESIAN_POINT('',(69.7774191424973,-60.7531441969042,23.4876192599465));
#1456=CARTESIAN_POINT('',(69.3487105206098,-61.1449002711041,24.0672301755411));
#1457=CARTESIAN_POINT('',(68.4572254981674,-61.9509759582444,25.1630494424927));
#1458=CARTESIAN_POINT('',(67.9998477452312,-62.360698314348,25.6752612856992));
#1459=CARTESIAN_POINT('',(67.0622969174814,-63.2005917901414,26.6374057617287));
#1460=CARTESIAN_POINT('',(66.5869605680851,-63.6264800202623,27.0845330715518));
#1461=CARTESIAN_POINT('',(65.6221414605539,-64.492611006817,27.9229990400873));
#1462=CARTESIAN_POINT('',(65.1363465747047,-64.9294980456521,28.3127793360356));
#1463=CARTESIAN_POINT('',(64.1966361510023,-65.770769014009,29.0178287801718));
#1464=CARTESIAN_POINT('',(63.7461886722552,-66.1723434380511,29.335537511695));
#1465=CARTESIAN_POINT('',(62.8169676790503,-66.989936791425,29.9598285683472));
#1466=CARTESIAN_POINT('',(62.3384021821972,-67.4041473345798,30.266376029342));
#1467=CARTESIAN_POINT('',(60.8112734760167,-68.6993786077353,31.2052545616633));
#1468=CARTESIAN_POINT('',(59.7416651378144,-69.5687711140577,31.8056209623057));
#1469=CARTESIAN_POINT('',(58.1550342838726,-70.8691245188918,32.5752288088771));
#1470=CARTESIAN_POINT('',(57.6583501903654,-71.2781344467997,32.7991168368561));
#1471=CARTESIAN_POINT('',(56.6743930879096,-72.1024962462796,33.2023969628483));
#1472=CARTESIAN_POINT('',(56.1897022197499,-72.515252344968,33.3821113575644));
#1473=CARTESIAN_POINT('',(55.2343335425016,-73.3553357786244,33.6874100952704));
#1474=CARTESIAN_POINT('',(54.7676010604975,-73.7781168453681,33.8134956469249));
#1475=CARTESIAN_POINT('',(53.8526418709561,-74.6466157849095,34.0029788440492));
#1476=CARTESIAN_POINT('',(53.4106133219081,-75.0855938759319,34.0664377461152));
#1477=CARTESIAN_POINT('',(52.5496954507948,-75.9945828261421,34.1198718558753));
#1478=CARTESIAN_POINT('',(52.1399700787336,-76.4549476819189,34.1096391979121));
#1479=CARTESIAN_POINT('',(51.3454461146211,-77.4108963744142,34.0080829975255));
#1480=CARTESIAN_POINT('',(50.9697378409372,-77.8947889193233,33.9184323328503));
#1481=CARTESIAN_POINT('',(50.2363417193365,-78.8880771916165,33.6681908362736));
#1482=CARTESIAN_POINT('',(49.8857135185309,-79.3887292788892,33.5086126392936));
#1483=CARTESIAN_POINT('',(49.1937928359987,-80.4071388214264,33.127884399273));
#1484=CARTESIAN_POINT('',(48.8568464140774,-80.918955716575,32.9075678093446));
#1485=CARTESIAN_POINT('',(48.1873766301988,-81.9480491722237,32.4142285617981));
#1486=CARTESIAN_POINT('',(47.8581145412039,-82.4612638305728,32.1414646701536));
#1487=CARTESIAN_POINT('',(47.1989634596796,-83.4852984708916,31.5492707477535));
#1488=CARTESIAN_POINT('',(46.870561001471,-83.9930198303706,31.2309862147547));
#1489=CARTESIAN_POINT('',(46.2071722001726,-85.0007866787111,30.5526654287019));
#1490=CARTESIAN_POINT('',(45.8735209951259,-85.4982558379705,30.1934175116477));
#1491=CARTESIAN_POINT('',(45.2063408004134,-86.4647222205299,29.4488522990286));
#1492=CARTESIAN_POINT('',(44.8740313547217,-86.9322147430314,29.0655252612922));
#1493=CARTESIAN_POINT('',(44.1939742635318,-87.8642094538753,28.245594334512));
#1494=CARTESIAN_POINT('',(43.8485807502942,-88.3249798667359,27.8090111148087));
#1495=CARTESIAN_POINT('',(43.1570771108025,-89.2249078679676,26.8808480619525));
#1496=CARTESIAN_POINT('',(42.8134848389577,-89.6600142074497,26.3918561959034));
#1497=CARTESIAN_POINT('',(41.7742659125897,-90.9348976375093,24.8164322359785));
#1498=CARTESIAN_POINT('',(41.1065358083883,-91.6960484232642,23.6667796956432));
#1499=CARTESIAN_POINT('',(40.3755750038924,-92.4249586553846,22.2707204012151));
#1500=CARTESIAN_POINT('',(40.2919121154347,-92.5067630251704,22.108807734713));
#1501=CARTESIAN_POINT('',(40.143937245364,-92.648261640702,21.8196055881508));
#1502=CARTESIAN_POINT('',(40.0804280205252,-92.7083882718539,21.6922704654157));
#1503=CARTESIAN_POINT('',(39.8470401217877,-92.9241066446147,21.2249572556605));
#1504=CARTESIAN_POINT('',(39.6771934515978,-93.0724548180138,20.8822779483934));
#1505=CARTESIAN_POINT('',(39.1798984578801,-93.4829955301556,19.8634951582081));
#1506=CARTESIAN_POINT('',(38.8544586084327,-93.7206327971691,19.1819692425409));
#1507=CARTESIAN_POINT('',(38.379201008582,-94.0251287964815,18.1337599432227));
#1508=CARTESIAN_POINT('',(38.2245486586148,-94.1170560524008,17.7824859301686));
#1509=CARTESIAN_POINT('',(37.9249186382925,-94.2811521574317,17.0694200190379));
#1510=CARTESIAN_POINT('',(37.7804674577968,-94.3530279901822,16.7094202958981));
#1511=CARTESIAN_POINT('',(37.369849999774,-94.5350784931997,15.613265898999));
#1512=CARTESIAN_POINT('',(37.1206343438961,-94.6131933758881,14.8441218515032));
#1513=CARTESIAN_POINT('',(36.946437636266,-94.6260350769266,14.0719822322261));
#1514=CARTESIAN_POINT('',(69.0691017370596,69.7131398233167,13.9609124293337));
#1515=CARTESIAN_POINT('',(69.1762700502762,69.7295500388039,14.7552915641428));
#1516=CARTESIAN_POINT('',(69.3197544100772,69.6369790360006,15.5471775391688));
#1517=CARTESIAN_POINT('',(69.6284548962227,69.2977847377391,17.0816116496938));
#1518=CARTESIAN_POINT('',(69.7913664861657,69.05588098581,17.8166654635648));
#1519=CARTESIAN_POINT('',(70.1107581366734,68.4676117962493,19.2612785232769));
#1520=CARTESIAN_POINT('',(70.2643383761341,68.1278915901144,19.9522835205961));
#1521=CARTESIAN_POINT('',(70.4786674589532,67.5618602388415,20.9688227882733));
#1522=CARTESIAN_POINT('',(70.5469098618024,67.365420958061,21.3010522984012));
#1523=CARTESIAN_POINT('',(70.6443795091491,67.0588668030745,21.7934911372907));
#1524=CARTESIAN_POINT('',(70.6759643493555,66.9549701541934,21.9563012527484));
#1525=CARTESIAN_POINT('',(70.7143453169749,66.8228334466358,22.1585885276923));
#1526=CARTESIAN_POINT('',(70.7219600681972,66.7963142657702,22.1989538229734));
#1527=CARTESIAN_POINT('',(70.7332962041569,66.7563741234243,22.2594063952046));
#1528=CARTESIAN_POINT('',(70.7370601103465,66.7430355506149,22.2795388035159));
#1529=CARTESIAN_POINT('',(70.742684245526,66.7229878801825,22.3097136392479));
#1530=CARTESIAN_POINT('',(70.7445552297952,66.7162990727933,22.3197673791163));
#1531=CARTESIAN_POINT('',(70.7470175657879,66.7074703222561,22.3330193202784));
#1532=CARTESIAN_POINT('',(70.74888465923,66.7015940191046,22.340805127394));
#1533=CARTESIAN_POINT('',(70.7476698963515,66.7007746085031,22.3486159567446));
#1534=CARTESIAN_POINT('',(70.7498193236418,66.6936481942134,22.3584115252133));
#1535=CARTESIAN_POINT('',(70.7652014879402,66.638422668415,22.440005888955));
#1536=CARTESIAN_POINT('',(70.7799835034114,66.5842861657153,22.5191413249606));
#1537=CARTESIAN_POINT('',(71.0226278420385,65.6779914688423,23.8301567084919));
#1538=CARTESIAN_POINT('',(71.2035939580502,64.7436212995606,24.9833172934129));
#1539=CARTESIAN_POINT('',(71.4682652394099,63.1993530139897,26.5851037614345));
#1540=CARTESIAN_POINT('',(71.5525258006349,62.6801736904333,27.0807492611742));
#1541=CARTESIAN_POINT('',(71.7241831917148,61.6112367474203,28.019736077138));
#1542=CARTESIAN_POINT('',(71.8108805339975,61.0666651590088,28.4601949429473));
#1543=CARTESIAN_POINT('',(71.9903024474104,59.9543507828703,29.2920661290262));
#1544=CARTESIAN_POINT('',(72.0822552424318,59.3911280152081,29.6814883735397));
#1545=CARTESIAN_POINT('',(72.2722068092884,58.2466873313106,30.4185621071556));
#1546=CARTESIAN_POINT('',(72.3697046851664,57.6687528071523,30.7647261295714));
#1547=CARTESIAN_POINT('',(72.5654367022437,56.5137319908092,31.4164978131537));
#1548=CARTESIAN_POINT('',(72.6632691083703,55.9390267454596,31.722012566961));
#1549=CARTESIAN_POINT('',(72.8608606631323,54.7548802264651,32.3259820070922));
#1550=CARTESIAN_POINT('',(72.9600923667887,54.1460673272827,32.623497139102));
#1551=CARTESIAN_POINT('',(73.4287339419197,51.1682648224855,34.0316128353839));
#1552=CARTESIAN_POINT('',(73.7772515272958,48.7139870019209,35.0256140769873));
#1553=CARTESIAN_POINT('',(74.2613917686394,46.1924605763343,35.6992433687435));
#1554=CARTESIAN_POINT('',(-5.96870330628411,1.42075992565895,-65.8464264063402));
#1555=CARTESIAN_POINT('',(-5.24692363989667,1.28086576602174,-65.9091828395326));
#1556=CARTESIAN_POINT('',(-4.51767523383044,1.17932011787473,-65.9648437266498));
#1557=CARTESIAN_POINT('',(-2.51008790662885,0.996792019247825,-66.0852414749922));
#1558=CARTESIAN_POINT('',(-1.25835605050021,0.96974152758428,-66.1277832677249));
#1559=CARTESIAN_POINT('',(0.00100910822302712,0.969822868291989,-66.1273569391106));
#1560=CARTESIAN_POINT('',(1.27094011289173,0.969907053383271,-66.1269271532144));
#1561=CARTESIAN_POINT('',(2.49611820113151,0.996643740401443,-66.0844121025386));
#1562=CARTESIAN_POINT('',(4.44484463895533,1.17169518544874,-65.9681962609084));
#1563=CARTESIAN_POINT('',(5.12256376164556,1.26150423408767,-65.9181095534105));
#1564=CARTESIAN_POINT('',(5.85396335686467,1.39813726201259,-65.8566716770369));
#1565=CARTESIAN_POINT('',(5.91044752007399,1.40893466413683,-65.8518799083707));
#1566=CARTESIAN_POINT('',(5.96685450642601,1.41996241839609,-65.8470495190131));
#1567=CARTESIAN_POINT('',(2.83094631320904E-5,50.9496018563761,64.3418134815949));
#1568=CARTESIAN_POINT('',(2.35820844872717E-5,50.9496018572931,64.3418134815333));
#1569=CARTESIAN_POINT('',(1.82008020487356E-5,50.9496018573858,64.3418134815669));
#1570=CARTESIAN_POINT('',(1.19176443248229E-5,50.9496018574397,64.341813481612));
#1571=CARTESIAN_POINT('',(-1.79687447200376,50.9496015657941,64.341828028666));
#1572=CARTESIAN_POINT('',(-3.55970524232568,50.6836361466907,64.3590927489903));
#1573=CARTESIAN_POINT('',(-6.76505656485655,49.7641874616852,64.4068868673529));
#1574=CARTESIAN_POINT('',(-8.19186442756225,49.1766689806952,64.4345939702973));
#1575=CARTESIAN_POINT('',(-10.1568274301801,48.1034748808199,64.4775840597859));
#1576=CARTESIAN_POINT('',(-10.7495504757752,47.7408489056557,64.4912614791192));
#1577=CARTESIAN_POINT('',(-11.6060857501197,47.1589619580619,64.5117731756832));
#1578=CARTESIAN_POINT('',(-11.8804623992516,46.9631932711418,64.5184639454254));
#1579=CARTESIAN_POINT('',(-12.2831332655415,46.6622643238538,64.5284171269322));
#1580=CARTESIAN_POINT('',(-12.4144342630275,46.5619111966743,64.5316844701723));
#1581=CARTESIAN_POINT('',(-12.6092291585368,46.4097648360442,64.5365583875725));
#1582=CARTESIAN_POINT('',(-12.6734801706008,46.3590279016929,64.5381715053142));
#1583=CARTESIAN_POINT('',(-12.7957320370915,46.2611140214637,64.5412779286004));
#1584=CARTESIAN_POINT('',(-12.8534340757573,46.2135904406769,64.5428192548688));
#1585=CARTESIAN_POINT('',(-12.956564326425,46.1308668598038,64.5453301708521));
#1586=CARTESIAN_POINT('',(-13.0025409319935,46.0964929507589,64.5462222836717));
#1587=CARTESIAN_POINT('',(-13.1142616413174,46.013473094995,64.5483009473289));
#1588=CARTESIAN_POINT('',(-13.1793615568575,45.9640393496771,64.5495595733611));
#1589=CARTESIAN_POINT('',(-13.3727516812988,45.8151223477154,64.553349938678));
#1590=CARTESIAN_POINT('',(-13.5004047149909,45.714892388352,64.5558541141183));
#1591=CARTESIAN_POINT('',(-13.8760920879906,45.4140031673087,64.563248817109));
#1592=CARTESIAN_POINT('',(-14.1210662614083,45.2100536372362,64.568102923464));
#1593=CARTESIAN_POINT('',(-14.8122336856746,44.6111089713808,64.5820362607776));
#1594=CARTESIAN_POINT('',(-15.2466247112176,44.2057922204573,64.5910718770452));
#1595=CARTESIAN_POINT('',(-15.6685801231092,43.7855606008422,64.6001159367692));
#1596=CARTESIAN_POINT('',(-16.4796934116886,42.9777609098801,64.6175010842171));
#1597=CARTESIAN_POINT('',(-17.2332949794299,42.1260652014093,64.6346670071723));
#1598=CARTESIAN_POINT('',(-18.6319912422461,40.3774518211738,64.6706144055496));
#1599=CARTESIAN_POINT('',(-19.2745320932565,39.4953844331742,64.6891735886069));
#1600=CARTESIAN_POINT('',(-21.0319668926446,36.8901379475164,64.7429613584584));
#1601=CARTESIAN_POINT('',(-22.1313603547105,35.0123440965405,64.7795241870944));
#1602=CARTESIAN_POINT('',(-23.3069258003638,32.7185321275416,64.8191349775665));
#1603=CARTESIAN_POINT('',(-23.5409852251261,32.2431100965861,64.827155053129));
#1604=CARTESIAN_POINT('',(-23.9908833007696,31.2803494100409,64.8432873655171));
#1605=CARTESIAN_POINT('',(-24.2063361951605,30.7941384294063,64.851366293771));
#1606=CARTESIAN_POINT('',(-24.8057887996404,29.3272871589974,64.8764671910235));
#1607=CARTESIAN_POINT('',(-25.1438302719501,28.341866732431,64.8942480682421));
#1608=CARTESIAN_POINT('',(-25.6626374536286,26.2407641864015,64.9383193849353));
#1609=CARTESIAN_POINT('',(-25.8182830015044,25.1870442703932,64.9637640164199));
#1610=CARTESIAN_POINT('',(-25.9825538231188,23.0272100362025,65.0188469073166));
#1611=CARTESIAN_POINT('',(-26.001866266421,21.8224020672488,65.0502868738156));
#1612=CARTESIAN_POINT('',(-25.9509150357935,19.6948833944825,65.1042404927271));
#1613=CARTESIAN_POINT('',(-25.8761594771096,18.6309686411426,65.1309756894795));
#1614=CARTESIAN_POINT('',(-25.6125342743554,16.5385418161546,65.1839967872237));
#1615=CARTESIAN_POINT('',(-25.4296181787703,15.5249123596709,65.2098837963538));
#1616=CARTESIAN_POINT('',(-24.9406527085281,13.5431101451368,65.2618192899083));
#1617=CARTESIAN_POINT('',(-24.6432699751911,12.5936327147277,65.2873587304817));
#1618=CARTESIAN_POINT('',(-24.089669729948,11.2051193569632,65.3266390249255));
#1619=CARTESIAN_POINT('',(-23.8920469339469,10.758126983133,65.3395948729766));
#1620=CARTESIAN_POINT('',(-23.4634184349536,9.88372483475546,65.3656632629596));
#1621=CARTESIAN_POINT('',(-23.2343781468189,9.459455194407,65.3786796831784));
#1622=CARTESIAN_POINT('',(-22.0373225567349,7.43733242271164,65.4424688513918));
#1623=CARTESIAN_POINT('',(-20.8697274155325,6.01658629742623,65.4927822839084));
#1624=CARTESIAN_POINT('',(-18.2572903018174,3.66883360254515,65.5858019218342));
#1625=CARTESIAN_POINT('',(-16.8882875290148,2.7287519248519,65.6273197536053));
#1626=CARTESIAN_POINT('',(-14.2520873010878,1.32071407776816,65.6963011093211));
#1627=CARTESIAN_POINT('',(-13.0175966933145,0.801277940297486,65.7244754659974));
#1628=CARTESIAN_POINT('',(-11.2395270009054,0.204542899692844,65.7690081172037));
#1629=CARTESIAN_POINT('',(-10.7309321212452,0.0502970731864032,65.7822674603716));
#1630=CARTESIAN_POINT('',(-9.78858280554182,-0.204640844775962,65.8101916085068));
#1631=CARTESIAN_POINT('',(-9.35754190455128,-0.308509255450598,65.8244288696534));
#1632=CARTESIAN_POINT('',(-8.22392653452502,-0.566135402314398,65.8671251061697));
#1633=CARTESIAN_POINT('',(-7.51978260270715,-0.70705348145243,65.899309987813));
#1634=CARTESIAN_POINT('',(-6.50737803610746,-0.89970878098104,65.9412767046481));
#1635=CARTESIAN_POINT('',(-6.20065218647495,-0.95663429020335,65.9532039955961));
#1636=CARTESIAN_POINT('',(-5.62668677327527,-1.05986275461198,65.9713520831824));
#1637=CARTESIAN_POINT('',(-5.2722184096066,-1.12277587953868,65.9799256513466));
#1638=CARTESIAN_POINT('',(-4.48609431563673,-1.25295994660048,65.9905523669097));
#1639=CARTESIAN_POINT('',(-3.96661153802285,-1.32372096145088,65.9875775324955));
#1640=CARTESIAN_POINT('',(-3.02660787650065,-1.4139461868631,65.9760295215306));
#1641=CARTESIAN_POINT('',(-2.60964770784072,-1.44411207454096,65.9687508262227));
#1642=CARTESIAN_POINT('',(-2.01061856989144,-1.46994328539376,65.962802861038));
#1643=CARTESIAN_POINT('',(-1.82983960430875,-1.47576490951765,65.961828946284));
#1644=CARTESIAN_POINT('',(-1.46842789074048,-1.48669733070001,65.9611823267778));
#1645=CARTESIAN_POINT('',(-1.28781281374241,-1.49137758083209,65.9614253838332));
#1646=CARTESIAN_POINT('',(-0.73843769722836,-1.50299421961416,65.9627451984004));
#1647=CARTESIAN_POINT('',(-0.369732607374803,-1.5074878010928,65.9643699900432));
#1648=CARTESIAN_POINT('',(-0.00090774004233795,-1.50746264252895,65.9644844109314));
#1649=CARTESIAN_POINT('',(-0.000605217689887114,-1.50746265309409,65.9644845037141));
#1650=CARTESIAN_POINT('',(-0.000302687217602454,-1.50746257123769,65.9644845985908));
#1651=CARTESIAN_POINT('',(-1.48271234151333E-7,-1.50746245358676,65.9644846937466));
#1652=CARTESIAN_POINT('',(0.000302487187741227,-1.50746257130806,65.9644845986471));
#1653=CARTESIAN_POINT('',(0.000605114167058632,-1.50746265175225,65.9644845037898));
#1654=CARTESIAN_POINT('',(0.000907732657836873,-1.50746260927731,65.9644844120708));
#1655=CARTESIAN_POINT('',(0.414987907374251,-1.50749092452021,65.9643559492));
#1656=CARTESIAN_POINT('',(0.828900104574967,-1.50163660612374,65.9623030601915));
#1657=CARTESIAN_POINT('',(1.44559440723475,-1.48732873408819,65.961227107034));
#1658=CARTESIAN_POINT('',(1.64828508185801,-1.4811839693652,65.9612298929478));
#1659=CARTESIAN_POINT('',(2.06027918253415,-1.46742100798498,65.9630881878124));
#1660=CARTESIAN_POINT('',(2.26950024229611,-1.45954311161143,65.965228198356));
#1661=CARTESIAN_POINT('',(2.97756444280103,-1.41990643398817,65.9743806502353));
#1662=CARTESIAN_POINT('',(3.49090281777093,-1.37524236427164,65.9832584589978));
#1663=CARTESIAN_POINT('',(4.29078322170426,-1.27714956970511,65.9883721188454));
#1664=CARTESIAN_POINT('',(4.59350733583081,-1.23400897644167,65.9881944413336));
#1665=CARTESIAN_POINT('',(5.22867989195665,-1.13187017312158,65.9811988496468));
#1666=CARTESIAN_POINT('',(5.5604109250116,-1.07201824510964,65.973437949917));
#1667=CARTESIAN_POINT('',(6.61700113892806,-0.881904332761973,65.9400553564672));
#1668=CARTESIAN_POINT('',(7.35162143484486,-0.741880416993421,65.9051287220052));
#1669=CARTESIAN_POINT('',(8.51070567039299,-0.500992013977008,65.8564370050613));
#1670=CARTESIAN_POINT('',(8.94762232711095,-0.404102312230417,65.8392323557715));
#1671=CARTESIAN_POINT('',(9.90856036219927,-0.17424562146773,65.8059499813955));
#1672=CARTESIAN_POINT('',(10.4299181361577,-0.0357978436788464,65.7908410068815));
#1673=CARTESIAN_POINT('',(12.3307903552826,0.537546942090036,65.7398514371162));
#1674=CARTESIAN_POINT('',(13.6759878518557,1.05922464011893,65.7103103886797));
#1675=CARTESIAN_POINT('',(16.5923565130888,2.52838081967484,65.6360200475265));
#1676=CARTESIAN_POINT('',(18.1171821488121,3.54518754060273,65.5907591366795));
#1677=CARTESIAN_POINT('',(20.1975621759066,5.41128455021501,65.5167321772263));
#1678=CARTESIAN_POINT('',(20.860601589046,6.10646172201733,65.4907555944129));
#1679=CARTESIAN_POINT('',(22.1551308711778,7.70530516896732,65.4346960665595));
#1680=CARTESIAN_POINT('',(22.7622447994998,8.61125494684292,65.4049221256812));
#1681=CARTESIAN_POINT('',(24.390316602779,11.5773888957663,65.3135009472269));
#1682=CARTESIAN_POINT('',(25.088475879955,13.7629263352905,65.2552412371323));
#1683=CARTESIAN_POINT('',(25.6085529431492,16.5926845908531,65.1826740928786));
#1684=CARTESIAN_POINT('',(25.6962233334003,17.1776063209984,65.1678051197108));
#1685=CARTESIAN_POINT('',(25.8379485702503,18.3659298244943,65.1377057279412));
#1686=CARTESIAN_POINT('',(25.8908766856843,18.9666650872712,65.1225509463222));
#1687=CARTESIAN_POINT('',(25.9975751805673,20.757680018098,65.0773517468378));
#1688=CARTESIAN_POINT('',(26.006037519592,22.0831800522881,65.0434790836607));
#1689=CARTESIAN_POINT('',(25.9222075892604,23.9008678725063,64.9965324988691));
#1690=CARTESIAN_POINT('',(25.8729497335322,24.5267209628598,64.9805082489661));
#1691=CARTESIAN_POINT('',(25.7190696695016,25.7621826068596,64.950240214062));
#1692=CARTESIAN_POINT('',(25.6155202297852,26.3656929528556,64.9361835909149));
#1693=CARTESIAN_POINT('',(25.2172637730021,28.1303964317166,64.8980329850846));
#1694=CARTESIAN_POINT('',(24.8419667447747,29.2449067293188,64.8778290464));
#1695=CARTESIAN_POINT('',(23.9472007294577,31.422497448081,64.8406492395796));
#1696=CARTESIAN_POINT('',(23.4140752699188,32.5265950526416,64.8226353932115));
#1697=CARTESIAN_POINT('',(22.3380446713757,34.5844863469471,64.7866487210994));
#1698=CARTESIAN_POINT('',(21.7692160812655,35.5931813399677,64.7678431548323));
#1699=CARTESIAN_POINT('',(20.5533515878044,37.596802775013,64.7284837049129));
#1700=CARTESIAN_POINT('',(19.9085861856893,38.5852094337487,64.708011342337));
#1701=CARTESIAN_POINT('',(18.4841639227056,40.5780085993757,64.6665525464095));
#1702=CARTESIAN_POINT('',(17.7075327224738,41.5693078458892,64.6462562057282));
#1703=CARTESIAN_POINT('',(15.9726592273937,43.5220854695227,64.6060269223305));
#1704=CARTESIAN_POINT('',(15.0243090578399,44.455902344889,64.5861056802264));
#1705=CARTESIAN_POINT('',(13.7214215512046,45.5408387751932,64.5601716917043));
#1706=CARTESIAN_POINT('',(13.4496331997995,45.759243105484,64.5546951323315));
#1707=CARTESIAN_POINT('',(13.1006209000771,46.02345082984,64.5480674046));
#1708=CARTESIAN_POINT('',(13.0288616164483,46.0755307115418,64.5468420928336));
#1709=CARTESIAN_POINT('',(12.8874293322745,46.185125201411,64.5437604776124));
#1710=CARTESIAN_POINT('',(12.818118081496,46.2428669171096,64.5418679903662));
#1711=CARTESIAN_POINT('',(12.605635393036,46.4138832441055,64.536413989443));
#1712=CARTESIAN_POINT('',(12.461540383007,46.5258316129362,64.532848381944));
#1713=CARTESIAN_POINT('',(11.7121323387277,47.0967611604147,64.5141976995521));
#1714=CARTESIAN_POINT('',(11.088939323126,47.5240658100734,64.4991743604554));
#1715=CARTESIAN_POINT('',(8.99573722018428,48.8020227640919,64.4511241687817));
#1716=CARTESIAN_POINT('',(7.46828008768793,49.5029549555483,64.4194798604849));
#1717=CARTESIAN_POINT('',(3.95864612143618,50.6196196469922,64.3632709798328));
#1718=CARTESIAN_POINT('',(1.99458872823234,50.9495983806964,64.3418298347973));
#1719=CARTESIAN_POINT('',(2.83094631320904E-5,50.9496018563761,64.3418134815949));
#1720=CARTESIAN_POINT('',(-66.6279851328674,-31.7046969103956,47.4747714562169));
#1721=CARTESIAN_POINT('',(-65.4026134923731,-31.6357760900294,48.6675367663391));
#1722=CARTESIAN_POINT('',(-64.1080697417638,-31.5946393681693,49.8459159271118));
#1723=CARTESIAN_POINT('',(-62.4822858527841,-31.6256156955373,51.1933420044861));
#1724=CARTESIAN_POINT('',(-62.1724281086143,-31.6351549526256,51.4443942147087));
#1725=CARTESIAN_POINT('',(-61.5568171700901,-31.6629066550519,51.9307601108593));
#1726=CARTESIAN_POINT('',(-61.2516936244971,-31.6806467599549,52.1660392006405));
#1727=CARTESIAN_POINT('',(-60.3522941353899,-31.7479226508582,52.8408458525648));
#1728=CARTESIAN_POINT('',(-59.7532908436562,-31.8113710013583,53.2669578673774));
#1729=CARTESIAN_POINT('',(-58.5564783905767,-31.9933731533369,54.0637177641847));
#1730=CARTESIAN_POINT('',(-57.9672779991931,-32.1083786671533,54.4309341889804));
#1731=CARTESIAN_POINT('',(-56.8012123049097,-32.4170846550281,55.0975893345949));
#1732=CARTESIAN_POINT('',(-56.2397190947291,-32.6016363973464,55.3917970327537));
#1733=CARTESIAN_POINT('',(-55.1402020764464,-33.0787442477968,55.9027632974388));
#1734=CARTESIAN_POINT('',(-54.6284900521458,-33.355528126741,56.1103619203841));
#1735=CARTESIAN_POINT('',(-53.6188290986369,-34.049006138737,56.4525302232766));
#1736=CARTESIAN_POINT('',(-53.1544355884751,-34.4434465031411,56.5755108796621));
#1737=CARTESIAN_POINT('',(-52.2575620163099,-35.3487918857497,56.7532358347358));
#1738=CARTESIAN_POINT('',(-51.8487073130053,-35.8372979314681,56.8025009375975));
#1739=CARTESIAN_POINT('',(-51.0678241615781,-36.8918131859869,56.8476390095782));
#1740=CARTESIAN_POINT('',(-50.7082941771996,-37.4444827500577,56.8412783856952));
#1741=CARTESIAN_POINT('',(-50.0213705821144,-38.5927872969767,56.7913153890086));
#1742=CARTESIAN_POINT('',(-49.6989674040794,-39.1819763862673,56.747233823675));
#1743=CARTESIAN_POINT('',(-49.0751477727124,-40.3838086170718,56.6348312608516));
#1744=CARTESIAN_POINT('',(-48.7756072556284,-40.9941209535309,56.5662967740929));
#1745=CARTESIAN_POINT('',(-48.1805936565859,-42.2295560348515,56.4161867116938));
#1746=CARTESIAN_POINT('',(-47.8861205677642,-42.8544096212494,56.3341279306365));
#1747=CARTESIAN_POINT('',(-47.2969109029982,-44.0894410440396,56.1690107337343));
#1748=CARTESIAN_POINT('',(-47.0023269198867,-44.6994968211178,56.086046551577));
#1749=CARTESIAN_POINT('',(-46.4024440849676,-45.8879063211594,55.9296212335984));
#1750=CARTESIAN_POINT('',(-46.0981733788607,-46.4656044722413,55.8561670702505));
#1751=CARTESIAN_POINT('',(-45.487049199769,-47.5567529628508,55.7265915111915));
#1752=CARTESIAN_POINT('',(-45.1845785067876,-48.0708693747566,55.6688932215951));
#1753=CARTESIAN_POINT('',(-44.2232858370561,-49.6788338008801,55.4856385138358));
#1754=CARTESIAN_POINT('',(-43.5512746699835,-50.7629394451422,55.3579635095505));
#1755=CARTESIAN_POINT('',(-42.6363438632318,-52.4334981608329,55.0983628247873));
#1756=CARTESIAN_POINT('',(-42.3496559079795,-52.9925483804717,55.0015239233576));
#1757=CARTESIAN_POINT('',(-41.8225244485225,-54.1512898479031,54.7723112110427));
#1758=CARTESIAN_POINT('',(-41.5876247088973,-54.7431939302202,54.6407088185973));
#1759=CARTESIAN_POINT('',(-41.2922144078367,-55.6645417569964,54.4085527422808));
#1760=CARTESIAN_POINT('',(-41.2032359537438,-55.9797485991827,54.3244195842688));
#1761=CARTESIAN_POINT('',(-41.0872894833736,-56.4602938166993,54.1885507319681));
#1762=CARTESIAN_POINT('',(-41.05139149434,-56.6230969211379,54.1412126738435));
#1763=CARTESIAN_POINT('',(-41.0024071208829,-56.8688980131738,54.0677194701033));
#1764=CARTESIAN_POINT('',(-40.9868289139548,-56.9514998525934,54.0426794071264));
#1765=CARTESIAN_POINT('',(-40.9684325672988,-57.0549399738257,54.0108893055823));
#1766=CARTESIAN_POINT('',(-40.9647946185818,-57.0757107208939,54.0044840333723));
#1767=CARTESIAN_POINT('',(-40.9610780693247,-57.0972624378285,53.9978152295112));
#1768=CARTESIAN_POINT('',(-40.9598353174848,-57.1028523982092,53.9961813183061));
#1769=CARTESIAN_POINT('',(-40.9614861379652,-57.1042305390126,53.9951053564082));
#1770=CARTESIAN_POINT('',(-40.9602042704037,-57.1101720827734,53.9933566690389));
#1771=CARTESIAN_POINT('',(-40.9591908713407,-57.1160342028137,53.991544842202));
#1772=CARTESIAN_POINT('',(-40.9582936777138,-57.1212417615732,53.989934094284));
#1773=CARTESIAN_POINT('',(-40.9556119688955,-57.1368729865292,53.9850947627314));
#1774=CARTESIAN_POINT('',(-40.9538379405858,-57.14729705868,53.9818618803728));
#1775=CARTESIAN_POINT('',(-40.9450200711065,-57.1995155174973,53.9656396864742));
#1776=CARTESIAN_POINT('',(-40.938187070363,-57.24131538667,53.9525648922277));
#1777=CARTESIAN_POINT('',(-40.8219070656763,-57.9768733904724,53.7209136367918));
#1778=CARTESIAN_POINT('',(-40.7761428116598,-58.6588815715551,53.4817107069322));
#1779=CARTESIAN_POINT('',(-40.7977032783692,-60.0699672577922,52.9361186035354));
#1780=CARTESIAN_POINT('',(-40.870678714214,-60.7746281111052,52.6363093317191));
#1781=CARTESIAN_POINT('',(-41.0411226317781,-61.8319471195015,52.1520220045281));
#1782=CARTESIAN_POINT('',(-41.1091543513091,-62.1861191606225,51.9836587457122));
#1783=CARTESIAN_POINT('',(-41.2641504053419,-62.8943011422608,51.6349623516913));
#1784=CARTESIAN_POINT('',(-41.3510815853846,-63.2469976918506,51.4550894202037));
#1785=CARTESIAN_POINT('',(-41.6581446754632,-64.3863064930078,50.8546677639396));
#1786=CARTESIAN_POINT('',(-41.906037771732,-65.1519018664181,50.4204775341805));
#1787=CARTESIAN_POINT('',(-42.4558728967824,-66.6664010416267,49.502006064595));
#1788=CARTESIAN_POINT('',(-42.757188399735,-67.4081159781587,49.0205088134835));
#1789=CARTESIAN_POINT('',(-43.2378162369275,-68.5015426471351,48.263653003988));
#1790=CARTESIAN_POINT('',(-43.4042204816872,-68.8652334525729,48.0035714991118));
#1791=CARTESIAN_POINT('',(-43.7468607480165,-69.5878124661992,47.4699555740678));
#1792=CARTESIAN_POINT('',(-43.9229853398629,-69.9460438215695,47.1966510940707));
#1793=CARTESIAN_POINT('',(-44.147563165785,-70.3883480548553,46.8482556843672));
#1794=CARTESIAN_POINT('',(-44.1930095897591,-70.4771257082297,46.7777609668943));
#1795=CARTESIAN_POINT('',(-44.261533655163,-70.6099130726048,46.6714677526772));
#1796=CARTESIAN_POINT('',(-44.2844653441558,-70.6541721097986,46.6358962379604));
#1797=CARTESIAN_POINT('',(-44.3131960671331,-70.7094030782723,46.5913273395796));
#1798=CARTESIAN_POINT('',(-44.3189505457312,-70.7204542713119,46.5824005340346));
#1799=CARTESIAN_POINT('',(-44.3275877012408,-70.7370250199234,46.5690017149251));
#1800=CARTESIAN_POINT('',(-44.3304681698514,-70.7425485586592,46.5645332225741));
#1801=CARTESIAN_POINT('',(-44.3347902411565,-70.7508323443128,46.5578283302256));
#1802=CARTESIAN_POINT('',(-44.3362312833218,-70.7535935954985,46.5555928119973));
#1803=CARTESIAN_POINT('',(-44.3382815712925,-70.7575212946839,46.5524121374358));
#1804=CARTESIAN_POINT('',(-44.3385248127487,-70.7587182372084,46.551649574687));
#1805=CARTESIAN_POINT('',(-44.3382750602528,-70.7620884256558,46.5500134804408));
#1806=CARTESIAN_POINT('',(-44.3395114482807,-70.7629212285213,46.5489050439304));
#1807=CARTESIAN_POINT('',(-44.3515923039921,-70.7862439148316,46.5300902942956));
#1808=CARTESIAN_POINT('',(-44.3630146469538,-70.8082452224756,46.5123066288923));
#1809=CARTESIAN_POINT('',(-44.4665208224412,-71.0071646955941,46.3512034521867));
#1810=CARTESIAN_POINT('',(-44.5595191421518,-71.1826678032178,46.206796227944));
#1811=CARTESIAN_POINT('',(-44.8207099842676,-71.667087997593,45.8017881599068));
#1812=CARTESIAN_POINT('',(-44.9906462143328,-71.9727556599804,45.5388724081649));
#1813=CARTESIAN_POINT('',(-45.835916012206,-73.4533477671219,44.2290277955433));
#1814=CARTESIAN_POINT('',(-46.5510018454021,-74.5834455659779,43.112471315551));
#1815=CARTESIAN_POINT('',(-47.6626177485486,-76.1451509891734,41.3496576217416));
#1816=CARTESIAN_POINT('',(-48.0497187792424,-76.6544208277333,40.7321056506249));
#1817=CARTESIAN_POINT('',(-48.8513513264111,-77.6260020597426,39.4500925331123));
#1818=CARTESIAN_POINT('',(-49.2632101907545,-78.0834446001208,38.7901392810302));
#1819=CARTESIAN_POINT('',(-50.1617917793138,-78.9724453327704,37.3591578838975));
#1820=CARTESIAN_POINT('',(-50.6457659010984,-79.3891851184832,36.5943529099387));
#1821=CARTESIAN_POINT('',(-51.4134451247699,-79.9268185952328,35.4129347305412));
#1822=CARTESIAN_POINT('',(-51.674646234843,-80.0902039204273,35.0157156528419));
#1823=CARTESIAN_POINT('',(-52.2133941987596,-80.3795055258413,34.2133678915963));
#1824=CARTESIAN_POINT('',(-52.4886081183495,-80.5043145970442,33.8115580593255));
#1825=CARTESIAN_POINT('',(-53.055869531227,-80.7099967994897,33.0053119586315));
#1826=CARTESIAN_POINT('',(-53.3448592645372,-80.7897101751222,32.6054448019114));
#1827=CARTESIAN_POINT('',(-53.94273802444,-80.8980136822452,31.8081224459284));
#1828=CARTESIAN_POINT('',(-54.2472630598284,-80.926078957514,31.4163757528869));
#1829=CARTESIAN_POINT('',(-55.1809542507402,-80.9310145415847,30.2618426205792));
#1830=CARTESIAN_POINT('',(-55.827826182158,-80.8311728346926,29.5209695773406));
#1831=CARTESIAN_POINT('',(-57.1499408779397,-80.4393058008755,28.125672951683));
#1832=CARTESIAN_POINT('',(-57.8067798233398,-80.1572507605275,27.487739163521));
#1833=CARTESIAN_POINT('',(-59.1450775570926,-79.4326387975402,26.2853859001066));
#1834=CARTESIAN_POINT('',(-59.7992582114052,-79.0061500646022,25.7448117805545));
#1835=CARTESIAN_POINT('',(-61.1091446534154,-78.0303598080668,24.7377864774089));
#1836=CARTESIAN_POINT('',(-61.7467699020193,-77.4949300764174,24.2848250786217));
#1837=CARTESIAN_POINT('',(-62.6911813424183,-76.6243644018762,23.6546331995004));
#1838=CARTESIAN_POINT('',(-63.0008211936185,-76.3264842002819,23.4541615130104));
#1839=CARTESIAN_POINT('',(-63.4604047258193,-75.866349013613,23.1655976454276));
#1840=CARTESIAN_POINT('',(-63.6123586416302,-75.7112343960606,23.0716227351003));
#1841=CARTESIAN_POINT('',(-63.8012117353988,-75.5148816823476,22.9564402988292));
#1842=CARTESIAN_POINT('',(-63.8388932745385,-75.4755244719775,22.9335390107939));
#1843=CARTESIAN_POINT('',(-63.8812216431474,-75.4311141341966,22.9079020895916));
#1844=CARTESIAN_POINT('',(-63.885923005679,-75.4261787520813,22.9050558611221));
#1845=CARTESIAN_POINT('',(-63.8929736517058,-75.4187729837346,22.9007892128465));
#1846=CARTESIAN_POINT('',(-63.8953235894668,-75.4163040145965,22.8993674217906));
#1847=CARTESIAN_POINT('',(-63.9000201054745,-75.4113680938729,22.896526771962));
#1848=CARTESIAN_POINT('',(-63.902346687992,-75.408546415187,22.8959688699403));
#1849=CARTESIAN_POINT('',(-63.9071611799692,-75.4044644343174,22.8908424953812));
#1850=CARTESIAN_POINT('',(-63.9303563855151,-75.379968873773,22.8769893829848));
#1851=CARTESIAN_POINT('',(-63.9516200064188,-75.357615142387,22.8640143911465));
#1852=CARTESIAN_POINT('',(-63.9704065606711,-75.3378196819115,22.8525716581303));
#1853=CARTESIAN_POINT('',(-64.0642068781176,-75.2387565246623,22.7955362597877));
#1854=CARTESIAN_POINT('',(-64.1389981074557,-75.1590515747872,22.7503631657736));
#1855=CARTESIAN_POINT('',(-64.807821130543,-74.4399504084184,22.3490642308507));
#1856=CARTESIAN_POINT('',(-65.3847081322373,-73.7751818429177,22.0213085951453));
#1857=CARTESIAN_POINT('',(-66.5089211087697,-72.3998043075859,21.4145740126074));
#1858=CARTESIAN_POINT('',(-67.051856983044,-71.6947907342286,21.138606438045));
#1859=CARTESIAN_POINT('',(-68.1082653075578,-70.2442851296259,20.645525493673));
#1860=CARTESIAN_POINT('',(-68.6175583370583,-69.5053192208012,20.4298754435367));
#1861=CARTESIAN_POINT('',(-69.606499298369,-67.9941752033465,20.063000456286));
#1862=CARTESIAN_POINT('',(-70.0820298061706,-67.229068083074,19.9128280855426));
#1863=CARTESIAN_POINT('',(-71.0042086373251,-65.670107011135,19.6815983626568));
#1864=CARTESIAN_POINT('',(-71.4467266082862,-64.8838388762388,19.6011603318342));
#1865=CARTESIAN_POINT('',(-72.3014272265787,-63.2899996619687,19.51145014399));
#1866=CARTESIAN_POINT('',(-72.7097576650596,-62.4902783962628,19.5019973126067));
#1867=CARTESIAN_POINT('',(-73.8859096161066,-60.0718524323232,19.5790129386667));
#1868=CARTESIAN_POINT('',(-74.5919466272137,-58.4656342345446,19.7667902981386));
#1869=CARTESIAN_POINT('',(-75.9008532325153,-55.1580503570458,20.3958803828269));
#1870=CARTESIAN_POINT('',(-76.4807944588219,-53.5056570144597,20.833087801463));
#1871=CARTESIAN_POINT('',(-77.2494927169243,-51.0116688963373,21.6332640461225));
#1872=CARTESIAN_POINT('',(-77.4861539864668,-50.1868359166056,21.9207530310318));
#1873=CARTESIAN_POINT('',(-77.9231538121519,-48.5446906020288,22.5315880888035));
#1874=CARTESIAN_POINT('',(-78.1230416659141,-47.7306642374729,22.8530184297945));
#1875=CARTESIAN_POINT('',(-78.4747378907548,-46.1602852094486,23.5100147656114));
#1876=CARTESIAN_POINT('',(-78.6398500170906,-45.3460874289493,23.8697719793033));
#1877=CARTESIAN_POINT('',(-78.9051826985305,-43.8327094731044,24.5974843177765));
#1878=CARTESIAN_POINT('',(-79.0154358258849,-43.0799793893849,24.9908707376868));
#1879=CARTESIAN_POINT('',(-79.1337087899828,-41.967144601103,25.6408282195543));
#1880=CARTESIAN_POINT('',(-79.1650930826536,-41.6001273195999,25.8666503425279));
#1881=CARTESIAN_POINT('',(-79.2096680003731,-40.8712412154492,26.3412848130888));
#1882=CARTESIAN_POINT('',(-79.222431478913,-40.5116894377941,26.5890853887378));
#1883=CARTESIAN_POINT('',(-79.2259867415712,-39.7984893992032,27.1123182522468));
#1884=CARTESIAN_POINT('',(-79.216436572278,-39.4477364536101,27.3860355344195));
#1885=CARTESIAN_POINT('',(-79.1712500522402,-38.7556136427967,27.9635629779153));
#1886=CARTESIAN_POINT('',(-79.1352735268744,-38.4180126611019,28.2650781707119));
#1887=CARTESIAN_POINT('',(-78.8584368686222,-36.6329401380556,29.9796447207341));
#1888=CARTESIAN_POINT('',(-78.3556343435995,-35.499238559148,31.5238439565929));
#1889=CARTESIAN_POINT('',(-77.355204345292,-34.438288987564,33.6322929938191));
#1890=CARTESIAN_POINT('',(-77.1317910080697,-34.2426632361182,34.0697920458677));
#1891=CARTESIAN_POINT('',(-76.6523223170301,-33.8856864604902,34.9535305086879));
#1892=CARTESIAN_POINT('',(-76.3983354047262,-33.7266321843544,35.395382627218));
#1893=CARTESIAN_POINT('',(-75.5990894873493,-33.2905030773859,36.7219107487751));
#1894=CARTESIAN_POINT('',(-75.0263040386725,-33.0608544224952,37.5909495798108));
#1895=CARTESIAN_POINT('',(-73.8209770959112,-32.6748020686509,39.3010412038279));
#1896=CARTESIAN_POINT('',(-73.1961466841726,-32.5197478190689,40.1324344679935));
#1897=CARTESIAN_POINT('',(-71.9142049850112,-32.2592402845687,41.7490074130356));
#1898=CARTESIAN_POINT('',(-71.2622255514612,-32.1533320082163,42.5300733992676));
#1899=CARTESIAN_POINT('',(-70.263958381289,-32.0201959835712,43.6721386939399));
#1900=CARTESIAN_POINT('',(-69.9333120577601,-31.9805685478012,44.0420936995242));
#1901=CARTESIAN_POINT('',(-69.270946683752,-31.9084884932918,44.7676811498688));
#1902=CARTESIAN_POINT('',(-68.9396365059601,-31.8759796246434,45.1231704986402));
#1903=CARTESIAN_POINT('',(-68.2774014790993,-31.8173222904359,45.8194599525919));
#1904=CARTESIAN_POINT('',(-67.9468767364261,-31.7910370067598,46.1601847712727));
#1905=CARTESIAN_POINT('',(-67.287707229399,-31.7441087850494,46.8265395225065));
#1906=CARTESIAN_POINT('',(-66.9594388474554,-31.723339468431,47.1521375061507));
#1907=CARTESIAN_POINT('',(-66.6279851328674,-31.7046969103956,47.4747714562169));
#1908=CARTESIAN_POINT('',(-23.0721676415332,-36.7754712051138,-59.1432410706495));
#1909=CARTESIAN_POINT('',(-23.3816791807252,-35.6690631039739,-59.3978421884282));
#1910=CARTESIAN_POINT('',(-23.58417253193,-34.6074522663616,-59.6502064404846));
#1911=CARTESIAN_POINT('',(-23.8324915445754,-32.3055060154271,-60.2137303321694));
#1912=CARTESIAN_POINT('',(-23.865222174089,-31.1454908169517,-60.5044319752437));
#1913=CARTESIAN_POINT('',(-23.816101346982,-28.7806174616551,-61.0925489906037));
#1914=CARTESIAN_POINT('',(-23.7310970271282,-27.5902962932024,-61.386353775796));
#1915=CARTESIAN_POINT('',(-23.5651404223528,-25.8188529607912,-61.8067856203504));
#1916=CARTESIAN_POINT('',(-23.5049573544731,-25.2409858146425,-61.9412011002859));
#1917=CARTESIAN_POINT('',(-23.3808557673093,-24.1063605450233,-62.1981284326779));
#1918=CARTESIAN_POINT('',(-23.3173466129268,-23.5498035684412,-62.3208445171617));
#1919=CARTESIAN_POINT('',(-23.0166762620531,-21.0435784615028,-62.8598103421595));
#1920=CARTESIAN_POINT('',(-22.7440827314422,-19.0962200273322,-63.2411265151886));
#1921=CARTESIAN_POINT('',(-22.0445154594175,-15.3864991982228,-63.9373733019205));
#1922=CARTESIAN_POINT('',(-21.6397596778786,-13.6659008709579,-64.2486893379714));
#1923=CARTESIAN_POINT('',(-20.8854819468085,-11.1599862327493,-64.7041219068868));
#1924=CARTESIAN_POINT('',(-20.630822285771,-10.3889559244015,-64.8442350790372));
#1925=CARTESIAN_POINT('',(-20.0966294873817,-8.90471906805443,-65.1144264731728));
#1926=CARTESIAN_POINT('',(-19.8202385899748,-8.19311427350284,-65.2442135995402));
#1927=CARTESIAN_POINT('',(-19.2520012497063,-6.83122456704934,-65.4933030619101));
#1928=CARTESIAN_POINT('',(-18.9635046576712,-6.18178096916479,-65.6123405711274));
#1929=CARTESIAN_POINT('',(-18.3828500660011,-4.9515104092102,-65.8385828615157));
#1930=CARTESIAN_POINT('',(-18.0961305408871,-4.36952719882795,-65.945257812663));
#1931=CARTESIAN_POINT('',(-17.2724958931343,-2.75867611434843,-66.2373601331039));
#1932=CARTESIAN_POINT('',(-16.7177850100571,-1.7414973985703,-66.4182412282361));
#1933=CARTESIAN_POINT('',(-15.6198880534092,0.111876410859725,-66.7399042958484));
#1934=CARTESIAN_POINT('',(-15.0890719597153,0.948028075025481,-66.8819960608029));
#1935=CARTESIAN_POINT('',(-14.0450886059444,2.45504840086305,-67.1318528441215));
#1936=CARTESIAN_POINT('',(-13.5451793009154,3.12703302512854,-67.2407618811245));
#1937=CARTESIAN_POINT('',(-12.5566761974893,4.34193417430904,-67.4330848575708));
#1938=CARTESIAN_POINT('',(-12.0798044462137,4.88572486250822,-67.5170993990677));
#1939=CARTESIAN_POINT('',(-10.769953051726,6.23681931153009,-67.7240587354078));
#1940=CARTESIAN_POINT('',(-9.91504148964648,6.9906504819531,-67.8377950423435));
#1941=CARTESIAN_POINT('',(-8.4571586255746,8.0493538728975,-67.99819194543));
#1942=CARTESIAN_POINT('',(-7.9222155346588,8.39811090373748,-68.0509037297371));
#1943=CARTESIAN_POINT('',(-7.36687407360508,8.71852294626406,-68.0993433070821));
#1944=CARTESIAN_POINT('',(-67.6713254404964,-29.9584887270153,-31.6774402855755));
#1945=CARTESIAN_POINT('',(-67.67092540843,-30.5030422936341,-31.4488983545663));
#1946=CARTESIAN_POINT('',(-67.6264572044961,-31.0503644446426,-31.2667157080583));
#1947=CARTESIAN_POINT('',(-67.4623318355704,-32.1613185517779,-30.9791290629117));
#1948=CARTESIAN_POINT('',(-67.3487633884067,-32.7020740968606,-30.876679022524));
#1949=CARTESIAN_POINT('',(-66.9342034216222,-34.3174237594846,-30.6553008834153));
#1950=CARTESIAN_POINT('',(-66.5600552422628,-35.3918748209333,-30.618927781341));
#1951=CARTESIAN_POINT('',(-65.753844637382,-37.4495866246514,-30.6373273653212));
#1952=CARTESIAN_POINT('',(-65.2858427149204,-38.5197203658402,-30.6944144241043));
#1953=CARTESIAN_POINT('',(-64.6021253358692,-40.036612428866,-30.7781345372243));
#1954=CARTESIAN_POINT('',(-64.3671984893227,-40.5503788493184,-30.806784981123));
#1955=CARTESIAN_POINT('',(-63.8946099509119,-41.5798470573846,-30.8579163706151));
#1956=CARTESIAN_POINT('',(-63.6564059000767,-42.0951880458,-30.8811777689101));
#1957=CARTESIAN_POINT('',(-62.4404927219983,-44.7012419837342,-30.9878925880615));
#1958=CARTESIAN_POINT('',(-61.4349880684511,-46.7765824017631,-31.0374455191216));
#1959=CARTESIAN_POINT('',(-59.8237894468463,-49.8661001010319,-31.0732045075312));
#1960=CARTESIAN_POINT('',(-59.265663090769,-50.8988979454012,-31.0781203704463));
#1961=CARTESIAN_POINT('',(-58.1028499321648,-52.9558606244075,-31.0780900794284));
#1962=CARTESIAN_POINT('',(-57.4990262553022,-53.9774668575168,-31.0730650661072));
#1963=CARTESIAN_POINT('',(-55.580074190756,-56.9982529336035,-31.0887483799404));
#1964=CARTESIAN_POINT('',(-54.1489287023853,-58.9575818613187,-31.1417065593471));
#1965=CARTESIAN_POINT('',(-51.6863916372999,-61.5524607067564,-31.5180845281296));
#1966=CARTESIAN_POINT('',(-50.8464746211238,-62.3260569652547,-31.6892849394448));
#1967=CARTESIAN_POINT('',(-48.9888854012086,-63.8071650357646,-32.1659183433321));
#1968=CARTESIAN_POINT('',(-48.0160995294662,-64.474039017926,-32.459936457363));
#1969=CARTESIAN_POINT('',(-45.0338785876565,-66.2503739886785,-33.4609042531308));
#1970=CARTESIAN_POINT('',(-42.961957884094,-67.1534976666855,-34.2774355731474));
#1971=CARTESIAN_POINT('',(-39.8179976453713,-68.1737654031864,-35.6029764946354));
#1972=CARTESIAN_POINT('',(-38.7689037838776,-68.4562279813494,-36.0604768640049));
#1973=CARTESIAN_POINT('',(-36.6492262765519,-68.8941173527139,-37.0304980027514));
#1974=CARTESIAN_POINT('',(-35.5973991801252,-69.0455629586493,-37.5345706043653));
#1975=CARTESIAN_POINT('',(-34.5423505356765,-69.1195632597223,-38.0721561709708));
#1976=CARTESIAN_POINT('',(-41.5646593139384,24.7722426101293,-56.9254718320699));
#1977=CARTESIAN_POINT('',(-39.3875931318344,25.6676708232057,-57.8981237907239));
#1978=CARTESIAN_POINT('',(-37.1648133780726,26.5155807228442,-58.7830341914231));
#1979=CARTESIAN_POINT('',(-33.9048183373967,27.7310775661575,-59.9164533177996));
#1980=CARTESIAN_POINT('',(-32.9076375966313,28.0987188333477,-60.2418159333525));
#1981=CARTESIAN_POINT('',(-30.9844593770475,28.8051460785561,-60.827827732653));
#1982=CARTESIAN_POINT('',(-30.0606381621789,29.1422800485406,-61.0914744116822));
#1983=CARTESIAN_POINT('',(-28.2849679842707,29.7964926186597,-61.5623205295989));
#1984=CARTESIAN_POINT('',(-27.4351937253278,30.1126984990339,-61.771960021637));
#1985=CARTESIAN_POINT('',(-26.1859740917518,30.5947108571401,-62.0546567635136));
#1986=CARTESIAN_POINT('',(-25.7871598947283,30.7511776984858,-62.1410816292315));
#1987=CARTESIAN_POINT('',(-25.0060883726339,31.0648849855865,-62.3023620472545));
#1988=CARTESIAN_POINT('',(-24.624094982909,31.2217567515501,-62.3774742920252));
#1989=CARTESIAN_POINT('',(-22.8469975736713,31.9731051470032,-62.7081194862887));
#1990=CARTESIAN_POINT('',(-21.4353207487422,32.6297368046764,-62.9159926052171));
#1991=CARTESIAN_POINT('',(-19.469423565074,33.7537657058364,-63.0968249717873));
#1992=CARTESIAN_POINT('',(-18.8551459449788,34.1391589245963,-63.1360227256348));
#1993=CARTESIAN_POINT('',(-17.6569989017931,34.9838063867804,-63.1713267620163));
#1994=CARTESIAN_POINT('',(-17.0846368209344,35.435649448903,-63.1668277561668));
#1995=CARTESIAN_POINT('',(-15.955356966071,36.450185972602,-63.1073378704608));
#1996=CARTESIAN_POINT('',(-15.4188365132935,37.0038503619495,-63.0498308488873));
#1997=CARTESIAN_POINT('',(-14.3470234723922,38.2991328896237,-62.8613646220171));
#1998=CARTESIAN_POINT('',(-13.8439441372063,39.0398377133443,-62.7218608428149));
#1999=CARTESIAN_POINT('',(-13.0815431139492,40.4620539016794,-62.4011554799193));
#2000=CARTESIAN_POINT('',(-12.801779751916,41.1109577838752,-62.237120752151));
#2001=CARTESIAN_POINT('',(-12.4399598295062,42.1928205926369,-61.9377203088809));
#2002=CARTESIAN_POINT('',(-12.3260538175466,42.6016739237687,-61.8188812546205));
#2003=CARTESIAN_POINT('',(-12.1178067940651,43.4962174155202,-61.5478726199551));
#2004=CARTESIAN_POINT('',(-12.0306078528766,43.9779261104305,-61.3951768650088));
#2005=CARTESIAN_POINT('',(-11.7977551415617,45.6259377028515,-60.8523436130653));
#2006=CARTESIAN_POINT('',(-11.7409999289493,46.7935999811274,-60.4333844042923));
#2007=CARTESIAN_POINT('',(-11.7374492376138,49.2536723374861,-59.4901162814542));
#2008=CARTESIAN_POINT('',(-11.8061905370815,50.543010992479,-58.958953673223));
#2009=CARTESIAN_POINT('',(-11.9410719329898,52.4711823553099,-58.1147651336669));
#2010=CARTESIAN_POINT('',(-11.9895630788647,53.1158782689564,-57.8241261166231));
#2011=CARTESIAN_POINT('',(-12.1188233474047,54.5364875980168,-57.1630805970811));
#2012=CARTESIAN_POINT('',(-12.2062815532854,55.3075533625462,-56.7902313004212));
#2013=CARTESIAN_POINT('',(-12.4013783417062,56.4661337405174,-56.2039463092616));
#2014=CARTESIAN_POINT('',(-12.4786949605251,56.8586449419667,-56.0006463605241));
#2015=CARTESIAN_POINT('',(-12.6599658859677,57.6375268277857,-55.5871138211416));
#2016=CARTESIAN_POINT('',(-12.7635972959681,58.0219880720673,-55.3778639731597));
#2017=CARTESIAN_POINT('',(-13.1160136140251,59.1516197811224,-54.7468451732654));
#2018=CARTESIAN_POINT('',(-13.4032911141349,59.8698034915744,-54.3243814257041));
#2019=CARTESIAN_POINT('',(-14.1923307927768,61.4485112722197,-53.3435647508899));
#2020=CARTESIAN_POINT('',(-14.7151094503632,62.264638856679,-52.7986147916426));
#2021=CARTESIAN_POINT('',(-15.8800806911966,63.7646052689175,-51.7210991084964));
#2022=CARTESIAN_POINT('',(-16.4979037635418,64.4329373007023,-51.2043819141879));
#2023=CARTESIAN_POINT('',(-17.7976760087726,65.674309391492,-50.1744680521989));
#2024=CARTESIAN_POINT('',(-18.4656494785357,66.2423610243728,-49.6684995031826));
#2025=CARTESIAN_POINT('',(-19.8395386352396,67.303347488465,-48.6537312294489));
#2026=CARTESIAN_POINT('',(-20.5377784238992,67.7939343462034,-48.1491191170359));
#2027=CARTESIAN_POINT('',(-22.6504984247645,69.1476837275678,-46.6452783538532));
#2028=CARTESIAN_POINT('',(-24.1335166401908,69.9361540795905,-45.614901659814));
#2029=CARTESIAN_POINT('',(-26.3872821816528,70.8867751004225,-44.0882261376028));
#2030=CARTESIAN_POINT('',(-27.1410319970545,71.165457974313,-43.584389562699));
#2031=CARTESIAN_POINT('',(-28.1022635177933,71.4645055115124,-42.9554964492669));
#2032=CARTESIAN_POINT('',(-28.2934580848499,71.5212812836927,-42.8310590305264));
#2033=CARTESIAN_POINT('',(-28.5813150910684,71.6024150186039,-42.6449179411443));
#2034=CARTESIAN_POINT('',(-28.677234464086,71.6287359544326,-42.5830896823816));
#2035=CARTESIAN_POINT('',(-28.7973835550363,71.660789791168,-42.505908351142));
#2036=CARTESIAN_POINT('',(-28.8213952604714,71.6671501852294,-42.490496893045));
#2037=CARTESIAN_POINT('',(-28.8484231277818,71.6742579777027,-42.4731646348222));
#2038=CARTESIAN_POINT('',(-28.8514254281588,71.6750468209298,-42.471239537075));
#2039=CARTESIAN_POINT('',(-28.8560215850467,71.6762533116746,-42.4682927980071));
#2040=CARTESIAN_POINT('',(-28.8560869108349,71.6777993297163,-42.4669719840926));
#2041=CARTESIAN_POINT('',(-28.8591807610073,71.6786115169167,-42.4649861234114));
#2042=CARTESIAN_POINT('',(-28.8606818047891,71.6790053841104,-42.464022697379));
#2043=CARTESIAN_POINT('',(-28.8681865851836,71.6809736998994,-42.4592061170259));
#2044=CARTESIAN_POINT('',(-28.8741911468422,71.6825456545811,-42.455353234318));
#2045=CARTESIAN_POINT('',(-28.8922040592192,71.6872526088499,-42.4437976754563));
#2046=CARTESIAN_POINT('',(-28.9042150454758,71.6903796036352,-42.4360958937357));
#2047=CARTESIAN_POINT('',(-28.9642418292526,71.7059491488995,-42.3976224092167));
#2048=CARTESIAN_POINT('',(-29.0123095552264,71.7182311353147,-42.3668694740991));
#2049=CARTESIAN_POINT('',(-29.4427287370678,71.8265342497783,-42.0920035122599));
#2050=CARTESIAN_POINT('',(-29.8279133137841,71.911698891746,-41.8495863717147));
#2051=CARTESIAN_POINT('',(-30.6023787747012,72.0556762540652,-41.3725551637145));
#2052=CARTESIAN_POINT('',(-30.9898912702487,72.1144734724378,-41.1389470158346));
#2053=CARTESIAN_POINT('',(-31.7686764803741,72.2023135831068,-40.6830224086915));
#2054=CARTESIAN_POINT('',(-32.1575313527717,72.2316644520256,-40.4618353589267));
#2055=CARTESIAN_POINT('',(-32.9381331139019,72.259197979289,-40.0328936474741));
#2056=CARTESIAN_POINT('',(-33.3270909439881,72.2577421980842,-39.826486166008));
#2057=CARTESIAN_POINT('',(-34.1067230397546,72.2229030098596,-39.4288752853557));
#2058=CARTESIAN_POINT('',(-34.4943295963236,72.190143606391,-39.2389712133705));
#2059=CARTESIAN_POINT('',(-35.652452722596,72.0470508751869,-38.694586803933));
#2060=CARTESIAN_POINT('',(-36.4139203155984,71.8928023102041,-38.36816516198));
#2061=CARTESIAN_POINT('',(-37.9381868750545,71.4654737331137,-37.776603845045));
#2062=CARTESIAN_POINT('',(-38.6790569275931,71.2009698545641,-37.5185915557666));
#2063=CARTESIAN_POINT('',(-40.1494447626027,70.5765696630208,-37.0531481662028));
#2064=CARTESIAN_POINT('',(-40.8642739278385,70.2239236857566,-36.8497713473595));
#2065=CARTESIAN_POINT('',(-42.2771293667717,69.4518148827757,-36.4731935193979));
#2066=CARTESIAN_POINT('',(-42.9679928191819,69.0364225522729,-36.3017212814563));
#2067=CARTESIAN_POINT('',(-44.3349167579669,68.168746552646,-35.9615036316863));
#2068=CARTESIAN_POINT('',(-45.0089857711605,67.7192833003345,-35.7916835082052));
#2069=CARTESIAN_POINT('',(-46.3417331185291,66.7885173378656,-35.4513408464845));
#2070=CARTESIAN_POINT('',(-46.9984876514279,66.3076050807114,-35.2819511476429));
#2071=CARTESIAN_POINT('',(-48.294217543465,65.3108871472007,-34.947854243337));
#2072=CARTESIAN_POINT('',(-48.9313076722825,64.7963222855115,-34.7836183824671));
#2073=CARTESIAN_POINT('',(-50.1853219362035,63.7309149841582,-34.4638885459364));
#2074=CARTESIAN_POINT('',(-50.8001296187116,63.1815749131365,-34.3090004982824));
#2075=CARTESIAN_POINT('',(-52.0071148226143,62.0456601226108,-34.0119559025636));
#2076=CARTESIAN_POINT('',(-52.5970401501396,61.4609956530396,-33.8703468948264));
#2077=CARTESIAN_POINT('',(-53.7520114495021,60.2545715273969,-33.6029041227107));
#2078=CARTESIAN_POINT('',(-54.3143381991438,59.6350879821319,-33.4779737118361));
#2079=CARTESIAN_POINT('',(-55.4067416489146,58.3519274989743,-33.25839921003));
#2080=CARTESIAN_POINT('',(-55.9328755233373,57.692203774424,-33.1649235936228));
#2081=CARTESIAN_POINT('',(-56.9461323372312,56.3252799103622,-33.0194597397822));
#2082=CARTESIAN_POINT('',(-57.4289005472366,55.6241533311373,-32.967940806834));
#2083=CARTESIAN_POINT('',(-58.8189985040031,53.4478775004796,-32.8763803204565));
#2084=CARTESIAN_POINT('',(-59.637929629147,51.9489729016456,-32.9017354840074));
#2085=CARTESIAN_POINT('',(-60.7532746193115,49.6174538955881,-33.0306798381326));
#2086=CARTESIAN_POINT('',(-61.1025421375564,48.8337547596502,-33.0884044946443));
#2087=CARTESIAN_POINT('',(-61.7656372950452,47.2478349811564,-33.2266463828492));
#2088=CARTESIAN_POINT('',(-62.0783968046391,46.4485034981672,-33.3066551830263));
#2089=CARTESIAN_POINT('',(-62.9674402038889,44.028693795959,-33.5742405714126));
#2090=CARTESIAN_POINT('',(-63.4904488123233,42.4020335312019,-33.7856814275017));
#2091=CARTESIAN_POINT('',(-64.1769048163515,39.9309467289886,-34.1576626594585));
#2092=CARTESIAN_POINT('',(-64.3878195119607,39.1060131413367,-34.2907540016306));
#2093=CARTESIAN_POINT('',(-64.7731047410182,37.4489027702182,-34.5792499697805));
#2094=CARTESIAN_POINT('',(-64.9466664878469,36.6194575680272,-34.7344144801387));
#2095=CARTESIAN_POINT('',(-65.252092483828,34.9539669172329,-35.0735833217443));
#2096=CARTESIAN_POINT('',(-65.3829955444992,34.1218594544347,-35.2570832009274));
#2097=CARTESIAN_POINT('',(-65.5936119142851,32.4357079357867,-35.6703726855841));
#2098=CARTESIAN_POINT('',(-65.6725587002231,31.5886453090056,-35.8978033820065));
#2099=CARTESIAN_POINT('',(-65.7107906791018,30.7440744608593,-36.1601215167634));
#2100=CARTESIAN_POINT('',(-70.9774266336562,70.9652249507509,13.6773266757928));
#2101=CARTESIAN_POINT('',(-71.102349091174,70.9856384607962,14.608593296342));
#2102=CARTESIAN_POINT('',(-71.2707378380752,70.8709330928825,15.5396231578122));
#2103=CARTESIAN_POINT('',(-71.6229959177511,70.4620958721023,17.3309357848368));
#2104=CARTESIAN_POINT('',(-71.8097807396276,70.1657902877062,18.2123674765663));
#2105=CARTESIAN_POINT('',(-72.158642062776,69.4646079612539,19.9049184726014));
#2106=CARTESIAN_POINT('',(-72.3224929167591,69.0591760147127,20.7197691673366));
#2107=CARTESIAN_POINT('',(-72.4787562859787,68.580793905302,21.5712343675613));
#2108=CARTESIAN_POINT('',(-72.4878233090759,68.5526665554545,21.620923957109));
#2109=CARTESIAN_POINT('',(-72.5013199490564,68.5102370668069,21.6953311904844));
#2110=CARTESIAN_POINT('',(-72.5058005726018,68.4960571853852,21.7201071733967));
#2111=CARTESIAN_POINT('',(-72.5124952720969,68.4747283989569,21.7572394765465));
#2112=CARTESIAN_POINT('',(-72.5147222651016,68.4676096237237,21.7696105128773));
#2113=CARTESIAN_POINT('',(-72.5180561452223,68.4569168576928,21.7881590635674));
#2114=CARTESIAN_POINT('',(-72.5191662820139,68.4533503460566,21.794340272926));
#2115=CARTESIAN_POINT('',(-72.5213483643951,68.4463282631259,21.8064995198406));
#2116=CARTESIAN_POINT('',(-72.5229356784528,68.4421922545267,21.8119034390376));
#2117=CARTESIAN_POINT('',(-72.5416863078308,68.3815908531158,21.9166839681791));
#2118=CARTESIAN_POINT('',(-72.5590873682699,68.3238190833605,22.0151599417883));
#2119=CARTESIAN_POINT('',(-72.6103783891973,68.1488217589644,22.3094137705779));
#2120=CARTESIAN_POINT('',(-72.6433866806567,68.0298310425674,22.5041731700841));
#2121=CARTESIAN_POINT('',(-72.6771347931514,67.900999251448,22.7099110545174));
#2122=CARTESIAN_POINT('',(-72.6791131121165,67.8934197435753,22.7219966759138));
#2123=CARTESIAN_POINT('',(-72.6820731342826,67.8820378245715,22.7401177563283));
#2124=CARTESIAN_POINT('',(-72.6830585269935,67.8782418916296,22.7461566537111));
#2125=CARTESIAN_POINT('',(-72.6845349618647,67.8725440111782,22.755214478956));
#2126=CARTESIAN_POINT('',(-72.6851662788547,67.870465580526,22.7580864881886));
#2127=CARTESIAN_POINT('',(-72.6858332449979,67.8670619236872,22.7644782894893));
#2128=CARTESIAN_POINT('',(-72.6858120621876,67.8658521739689,22.7679303927089));
#2129=CARTESIAN_POINT('',(-72.690335533849,67.8486745460167,22.7947294627901));
#2130=CARTESIAN_POINT('',(-72.6943242575353,67.8334378084032,22.8184259225181));
#2131=CARTESIAN_POINT('',(-72.7062281605581,67.7876875535506,22.889366274428));
#2132=CARTESIAN_POINT('',(-72.7140974086118,67.7570745798948,22.9365521041978));
#2133=CARTESIAN_POINT('',(-72.7374658364774,67.6650725091921,23.0775142807347));
#2134=CARTESIAN_POINT('',(-72.7527863546168,67.6032929373743,23.1710524560286));
#2135=CARTESIAN_POINT('',(-72.7978557536556,67.4172771645548,23.4493456594806));
#2136=CARTESIAN_POINT('',(-72.8269357958739,67.2915289957209,23.6330958580778));
#2137=CARTESIAN_POINT('',(-72.9660026782112,66.6634722038987,24.5292272865463));
#2138=CARTESIAN_POINT('',(-73.0642953159577,66.1341503541346,25.2187642686627));
#2139=CARTESIAN_POINT('',(-73.2490342050904,65.0268996263599,26.5280025087932));
#2140=CARTESIAN_POINT('',(-73.3348940305237,64.457156370224,27.1425733826442));
#2141=CARTESIAN_POINT('',(-73.4661031872703,63.5636700546246,28.0180689633931));
#2142=CARTESIAN_POINT('',(-73.5093797455215,63.2650198763893,28.2974616209543));
#2143=CARTESIAN_POINT('',(-73.5971600430331,62.6595799331666,28.8381804900277));
#2144=CARTESIAN_POINT('',(-73.6415438241866,62.3537632319887,29.0990113876116));
#2145=CARTESIAN_POINT('',(-73.7765113175364,61.4322802168507,29.8503814336386));
#2146=CARTESIAN_POINT('',(-73.8701838864068,60.8041407308293,30.3186992910104));
#2147=CARTESIAN_POINT('',(-74.1629022818887,58.8994506563945,31.6267813325884));
#2148=CARTESIAN_POINT('',(-74.3741647761045,57.6105274489762,32.3729968182197));
#2149=CARTESIAN_POINT('',(-74.6972483639447,55.5818724500417,33.4382955796021));
#2150=CARTESIAN_POINT('',(-74.8043122911716,54.8924486217211,33.783405715481));
#2151=CARTESIAN_POINT('',(-75.0061679260015,53.5460886919925,34.4317670050053));
#2152=CARTESIAN_POINT('',(-75.1023146704321,52.8902918660144,34.7343158383901));
#2153=CARTESIAN_POINT('',(-75.3004798910243,51.5525496213149,35.3175843349102));
#2154=CARTESIAN_POINT('',(-75.4023096452237,50.8719380681533,35.5971197272195));
#2155=CARTESIAN_POINT('',(-75.6168200731622,49.4999102305231,36.118230948994));
#2156=CARTESIAN_POINT('',(-75.7290482716619,48.8111522766766,36.3590332799401));
#2157=CARTESIAN_POINT('',(-76.0909456364234,46.7331191050841,37.0126795556289));
#2158=CARTESIAN_POINT('',(-76.3674112505875,45.3250139789437,37.359195341407));
#2159=CARTESIAN_POINT('',(-77.0393180356734,42.478750376251,37.8046209776793));
#2160=CARTESIAN_POINT('',(-77.4325983920395,41.0554791621444,37.8989918991411));
#2161=CARTESIAN_POINT('',(-78.1293309760237,38.9215323012959,37.8139524078116));
#2162=CARTESIAN_POINT('',(-78.3784059565972,38.2144945132196,37.7468980845473));
#2163=CARTESIAN_POINT('',(-78.9128520676111,36.7963174709434,37.5345216465251));
#2164=CARTESIAN_POINT('',(-79.194450512601,36.0958410927824,37.3898660276466));
#2165=CARTESIAN_POINT('',(-79.7896332476998,34.6981533183854,37.021150344474));
#2166=CARTESIAN_POINT('',(-80.0995743615503,34.0115123138846,36.7979157283894));
#2167=CARTESIAN_POINT('',(-80.747515359004,32.6474805275212,36.2700350024969));
#2168=CARTESIAN_POINT('',(-81.0816044075808,31.9809066090901,35.9666905644294));
#2169=CARTESIAN_POINT('',(-81.5982360100017,31.0005494999546,35.4492816369944));
#2170=CARTESIAN_POINT('',(-81.773957022484,30.6755675393051,35.2652146126097));
#2171=CARTESIAN_POINT('',(-82.1306879189948,30.0325325769689,34.874809383415));
#2172=CARTESIAN_POINT('',(-82.3110513856462,29.7159037828337,34.6689375168121));
#2173=CARTESIAN_POINT('',(-82.6763747336109,29.0907449419768,34.2344148861754));
#2174=CARTESIAN_POINT('',(-82.860636422403,28.783658189939,34.0063374930131));
#2175=CARTESIAN_POINT('',(-83.2328310049579,28.1787613242089,33.5270988113154));
#2176=CARTESIAN_POINT('',(-83.4200329571276,27.8823938503667,33.2765964621204));
#2177=CARTESIAN_POINT('',(-83.9899824600614,27.0012827590866,32.4841588465657));
#2178=CARTESIAN_POINT('',(-84.3678641736573,26.446379172125,31.9180051798308));
#2179=CARTESIAN_POINT('',(-85.1225198737616,25.3780317654717,30.6980312507019));
#2180=CARTESIAN_POINT('',(-85.4937960720463,24.8737502187669,30.0506953069087));
#2181=CARTESIAN_POINT('',(-86.2202863765144,23.9076608437606,28.6756187931263));
#2182=CARTESIAN_POINT('',(-86.5705376063128,23.4530942731852,27.9546264749797));
#2183=CARTESIAN_POINT('',(-87.238745506524,22.5838938972829,26.4420196516659));
#2184=CARTESIAN_POINT('',(-87.5524190438335,22.1747919965887,25.6574031384472));
#2185=CARTESIAN_POINT('',(-87.9851619288338,21.5916263588658,24.4394351633225));
#2186=CARTESIAN_POINT('',(-88.1230544665065,21.4022062246845,24.0262991943817));
#2187=CARTESIAN_POINT('',(-88.3851921382358,21.0321801524899,23.184721913142));
#2188=CARTESIAN_POINT('',(-88.5086533610937,20.8555667379669,22.7559468883328));
#2189=CARTESIAN_POINT('',(-88.8497823263193,20.3435212439564,21.4615091380156));
#2190=CARTESIAN_POINT('',(-89.0399380415941,20.0280189632171,20.5887421661895));
#2191=CARTESIAN_POINT('',(-89.3447604835511,19.4764438087621,18.8037505785283));
#2192=CARTESIAN_POINT('',(-89.4577732431964,19.2441647411069,17.9091830002185));
#2193=CARTESIAN_POINT('',(-89.6029461014849,18.8985481446989,16.0821235569034));
#2194=CARTESIAN_POINT('',(-89.6348895246124,18.7863361874692,15.1579478151745));
#2195=CARTESIAN_POINT('',(-89.6214147579079,18.7646775952386,14.2321139739368));
#2196=CARTESIAN_POINT('',(-89.1084709840439,-15.2891073715834,14.8360442856669));
#2197=CARTESIAN_POINT('',(-89.0219714932483,-15.360451457325,15.5788676321954));
#2198=CARTESIAN_POINT('',(-88.8996329603202,-15.5180858413016,16.3157817517943));
#2199=CARTESIAN_POINT('',(-88.7511455377713,-15.7243814685377,17.0287071754483));
#2200=CARTESIAN_POINT('',(-88.5120077367391,-16.0566189187737,18.1768678424326));
#2201=CARTESIAN_POINT('',(-88.1961085887676,-16.5259094681717,19.3013422881929));
#2202=CARTESIAN_POINT('',(-87.6616963423583,-17.2699209405178,20.8836873239269));
#2203=CARTESIAN_POINT('',(-87.4698712851043,-17.5306034822082,21.4045996034584));
#2204=CARTESIAN_POINT('',(-87.0621968217392,-18.0615624394782,22.4355046743695));
#2205=CARTESIAN_POINT('',(-86.8468462692096,-18.3315573682684,22.9437977056128));
#2206=CARTESIAN_POINT('',(-86.3943904953978,-18.8696603639794,23.9509524157163));
#2207=CARTESIAN_POINT('',(-86.1577108877969,-19.1401948497231,24.4472009681547));
#2208=CARTESIAN_POINT('',(-85.6671632523336,-19.6823706508943,25.4254040737723));
#2209=CARTESIAN_POINT('',(-85.4136936873785,-19.9537345284903,25.9063815431618));
#2210=CARTESIAN_POINT('',(-84.6349155180957,-20.7712690251956,27.3156146537434));
#2211=CARTESIAN_POINT('',(-84.0873253068463,-21.3252974890285,28.2203358798019));
#2212=CARTESIAN_POINT('',(-83.5122114760406,-21.9132378571916,29.091405783299));
#2213=CARTESIAN_POINT('',(8.67473691891624,-81.9145355862824,48.118259097457));
#2214=CARTESIAN_POINT('',(8.8501633170688,-82.5353014477831,47.8111977648462));
#2215=CARTESIAN_POINT('',(9.04135993004001,-83.1454866892889,47.4948485103949));
#2216=CARTESIAN_POINT('',(9.44387652852903,-84.3529939554657,46.8384151071107));
#2217=CARTESIAN_POINT('',(9.65452905180208,-84.9485515930691,46.4991436783066));
#2218=CARTESIAN_POINT('',(10.0798114869239,-86.0990130741307,45.8121542115453));
#2219=CARTESIAN_POINT('',(10.2933533809113,-86.653314161065,45.4661246943116));
#2220=CARTESIAN_POINT('',(10.7358100194774,-87.7451850295854,44.75305662499));
#2221=CARTESIAN_POINT('',(10.9646117203219,-88.2814063233073,44.38713885572));
#2222=CARTESIAN_POINT('',(11.4431354954714,-89.3466604728532,43.6282729630525));
#2223=CARTESIAN_POINT('',(11.6924526032864,-89.873686058018,43.2356815135407));
#2224=CARTESIAN_POINT('',(12.2143102790509,-90.9151069142664,42.4220259554007));
#2225=CARTESIAN_POINT('',(12.4862875904092,-91.4273694941143,42.0019010245053));
#2226=CARTESIAN_POINT('',(13.0543910410219,-92.4331759872329,41.1332607060745));
#2227=CARTESIAN_POINT('',(13.349741607215,-92.9243639868839,40.6861305963336));
#2228=CARTESIAN_POINT('',(13.9648510435823,-93.8821620629763,39.763782033305));
#2229=CARTESIAN_POINT('',(14.2834720555554,-94.3462473097616,39.2903294744639));
#2230=CARTESIAN_POINT('',(14.953619299253,-95.2562363814493,38.3026091187984));
#2231=CARTESIAN_POINT('',(15.3041416006635,-95.6984507541329,37.7901005197517));
#2232=CARTESIAN_POINT('',(16.0293103868512,-96.5462799427647,36.7359672620465));
#2233=CARTESIAN_POINT('',(16.4021688529641,-96.949012997211,36.1971963804358));
#2234=CARTESIAN_POINT('',(17.1713254398717,-97.7143171681575,35.0899693164925));
#2235=CARTESIAN_POINT('',(17.5652232834776,-98.0741451808979,34.5246069491402));
#2236=CARTESIAN_POINT('',(18.3734166025296,-98.748126052173,33.364695041223));
#2237=CARTESIAN_POINT('',(18.7852123497692,-99.0595193086083,32.7738396825545));
#2238=CARTESIAN_POINT('',(19.626898707968,-99.6317003292638,31.5638405373228));
#2239=CARTESIAN_POINT('',(20.0531380802413,-99.8902772026945,30.9485712529746));
#2240=CARTESIAN_POINT('',(20.9254534680262,-100.349625189792,29.6944094641435));
#2241=CARTESIAN_POINT('',(21.3681672475782,-100.547912793745,29.0606964437931));
#2242=CARTESIAN_POINT('',(22.2781362106102,-100.879124552231,27.777548055474));
#2243=CARTESIAN_POINT('',(22.7414124843915,-101.009675281865,27.1347043624478));
#2244=CARTESIAN_POINT('',(23.6993655671867,-101.196917450172,25.8481725960734));
#2245=CARTESIAN_POINT('',(24.1877682200546,-101.252512914632,25.2122151930143));
#2246=CARTESIAN_POINT('',(25.2238354323484,-101.28341729053,23.9388526981289));
#2247=CARTESIAN_POINT('',(25.7632474917519,-101.256266157792,23.3127777406511));
#2248=CARTESIAN_POINT('',(26.6158601597515,-101.148742498608,22.4093664757652));
#2249=CARTESIAN_POINT('',(26.9027414520978,-101.10277248531,22.1173796434457));
#2250=CARTESIAN_POINT('',(27.4846619651471,-100.989371751837,21.5626271527333));
#2251=CARTESIAN_POINT('',(27.7763756465447,-100.923596091602,21.3005672268223));
#2252=CARTESIAN_POINT('',(29.2092208961345,-100.5627107144,20.0894814612494));
#2253=CARTESIAN_POINT('',(30.4278075484296,-100.145849812021,19.2865549496422));
#2254=CARTESIAN_POINT('',(32.9368408463045,-99.1674350679009,17.9930279504529));
#2255=CARTESIAN_POINT('',(34.2329405879275,-98.6047794926096,17.4944519432265));
#2256=CARTESIAN_POINT('',(36.8223305945764,-97.4039799687504,16.7568207411993));
#2257=CARTESIAN_POINT('',(38.1338892934405,-96.7573100676849,16.5100724186123));
#2258=CARTESIAN_POINT('',(40.757112327133,-95.3957608417656,16.2437302393038));
#2259=CARTESIAN_POINT('',(42.0553393496566,-94.6874878065786,16.2280952852677));
#2260=CARTESIAN_POINT('',(43.995861992797,-93.5716155501973,16.3649166963516));
#2261=CARTESIAN_POINT('',(44.633391981755,-93.1952713841198,16.4365146312213));
#2262=CARTESIAN_POINT('',(45.8981380800334,-92.42706646412,16.6295217735569));
#2263=CARTESIAN_POINT('',(46.5213723561709,-92.0375938559958,16.7498939674134));
#2264=CARTESIAN_POINT('',(48.3636722133957,-90.8493807468097,17.1837337526867));
#2265=CARTESIAN_POINT('',(49.5758919705825,-90.0176368887027,17.5808175327601));
#2266=CARTESIAN_POINT('',(51.2520687847523,-88.7601831817949,18.4060815826095));
#2267=CARTESIAN_POINT('',(51.7894572265346,-88.3373739471516,18.721022959896));
#2268=CARTESIAN_POINT('',(52.5576729653401,-87.692826755476,19.2742891332546));
#2269=CARTESIAN_POINT('',(52.806144595066,-87.4770765333061,19.4716690388706));
#2270=CARTESIAN_POINT('',(53.2875192628764,-87.041711277366,19.8967755167753));
#2271=CARTESIAN_POINT('',(53.517727545955,-86.8242378672636,20.1230364327581));
#2272=CARTESIAN_POINT('',(53.9621319249134,-86.3819158679588,20.6127990963653));
#2273=CARTESIAN_POINT('',(54.1726980679057,-86.1598237650711,20.874453219392));
#2274=CARTESIAN_POINT('',(54.5680135827196,-85.7122437648311,21.434677600705));
#2275=CARTESIAN_POINT('',(54.7491322769796,-85.4900291262783,21.7301428904439));
#2276=CARTESIAN_POINT('',(55.0808109278366,-85.0433158946656,22.3524491486396));
#2277=CARTESIAN_POINT('',(55.2293074860621,-84.8211301550488,22.6752585074383));
#2278=CARTESIAN_POINT('',(55.4994660943806,-84.3709539276691,23.3424838276047));
#2279=CARTESIAN_POINT('',(55.6187585496434,-84.1453040548366,23.6848170860343));
#2280=CARTESIAN_POINT('',(55.9364852789337,-83.4571647602667,24.7398081355332));
#2281=CARTESIAN_POINT('',(56.0860413051027,-82.9991097184371,25.4561746777676));
#2282=CARTESIAN_POINT('',(56.2932446234802,-82.0542386456048,26.9074815837932));
#2283=CARTESIAN_POINT('',(56.3486547626607,-81.574930385373,27.6308906842537));
#2284=CARTESIAN_POINT('',(56.3882855445624,-80.5854248470115,29.0676502862797));
#2285=CARTESIAN_POINT('',(56.3723837883825,-80.0803564117445,29.7738197735639));
#2286=CARTESIAN_POINT('',(56.3131955889773,-79.2992111990062,30.8098522462369));
#2287=CARTESIAN_POINT('',(56.2879523897121,-79.0381138686213,31.1474355062253));
#2288=CARTESIAN_POINT('',(56.230185884427,-78.5159696680258,31.8029269879391));
#2289=CARTESIAN_POINT('',(56.1978662593451,-78.255719445441,32.1207156406864));
#2290=CARTESIAN_POINT('',(56.0896488355596,-77.4709799843126,33.0552851081472));
#2291=CARTESIAN_POINT('',(56.0023145347985,-76.937280305762,33.6602689233791));
#2292=CARTESIAN_POINT('',(55.795968142017,-75.8564915811136,34.8389864457274));
#2293=CARTESIAN_POINT('',(55.6773997876484,-75.3121717310903,35.4110076702226));
#2294=CARTESIAN_POINT('',(55.2634862662188,-73.6576448007929,37.1091264711377));
#2295=CARTESIAN_POINT('',(54.9093081055059,-72.5210627148146,38.2202261393006));
#2296=CARTESIAN_POINT('',(54.3453897925231,-71.1530839037058,39.5662265372804));
#2297=CARTESIAN_POINT('',(54.2278527438236,-70.8872568713187,39.8292601615208));
#2298=CARTESIAN_POINT('',(53.9824235984477,-70.3579843396713,40.3526491650203));
#2299=CARTESIAN_POINT('',(53.8539804172586,-70.0954246268665,40.6129170666336));
#2300=CARTESIAN_POINT('',(53.4470411802374,-69.3049140428163,41.3990189295664));
#2301=CARTESIAN_POINT('',(53.1511899255157,-68.7843210487865,41.9202733944746));
#2302=CARTESIAN_POINT('',(52.5245486634429,-67.7561414251271,42.94994654423));
#2303=CARTESIAN_POINT('',(52.1946960241137,-67.2503930624721,43.4569004649634));
#2304=CARTESIAN_POINT('',(51.5150675762167,-66.2560947085731,44.4484951926454));
#2305=CARTESIAN_POINT('',(51.1665743056989,-65.7682545857324,44.9324772188092));
#2306=CARTESIAN_POINT('',(50.4638475365408,-64.8083380391269,45.8733761102856));
#2307=CARTESIAN_POINT('',(50.1107164845309,-64.3364683209765,46.3301911295286));
#2308=CARTESIAN_POINT('',(49.3216154937481,-63.2928014645953,47.3245328032086));
#2309=CARTESIAN_POINT('',(48.8850210658678,-62.7200055655648,47.8593861274061));
#2310=CARTESIAN_POINT('',(48.0699741245431,-61.7017568693925,48.8046263850591));
#2311=CARTESIAN_POINT('',(47.6983213335443,-61.2557106093731,49.2174488779681));
#2312=CARTESIAN_POINT('',(46.9336167128578,-60.4024359555798,50.0156938528922));
#2313=CARTESIAN_POINT('',(46.5437006934032,-59.9965919846058,50.3997257572247));
#2314=CARTESIAN_POINT('',(45.3776223690604,-58.9018731362909,51.4626312265363));
#2315=CARTESIAN_POINT('',(44.5478065654736,-58.2516099100647,52.1262471840487));
#2316=CARTESIAN_POINT('',(42.7916193938597,-57.2717781666077,53.2635731074748));
#2317=CARTESIAN_POINT('',(41.9491169753176,-56.9432534641787,53.7168466874958));
#2318=CARTESIAN_POINT('',(40.8845696204913,-56.6791135369985,54.1776869599097));
#2319=CARTESIAN_POINT('',(40.7750661108949,-56.6535056323778,54.2239009669063));
#2320=CARTESIAN_POINT('',(40.6511917205399,-56.6261989433521,54.2748694766587));
#2321=CARTESIAN_POINT('',(40.6375249706237,-56.6232087967874,54.2804749232377));
#2322=CARTESIAN_POINT('',(40.6170187877024,-56.6187557505909,54.2888590042011));
#2323=CARTESIAN_POINT('',(40.6101869454824,-56.6172777399444,54.2916478296362));
#2324=CARTESIAN_POINT('',(40.601633715368,-56.6154342583408,54.2951338252554));
#2325=CARTESIAN_POINT('',(40.5999177993312,-56.6150602222607,54.2958345479785));
#2326=CARTESIAN_POINT('',(40.5973820178653,-56.6143597794476,54.2969235021885));
#2327=CARTESIAN_POINT('',(40.596534538308,-56.6141246670788,54.2972877719099));
#2328=CARTESIAN_POINT('',(40.5946795745277,-56.6137133407974,54.2980474855563));
#2329=CARTESIAN_POINT('',(40.594783911584,-56.6125377084037,54.2984400784417));
#2330=CARTESIAN_POINT('',(40.5903656646467,-56.6115977998857,54.3002359441496));
#2331=CARTESIAN_POINT('',(40.5869454911056,-56.6108715813868,54.3016250269979));
#2332=CARTESIAN_POINT('',(40.5562180413226,-56.6043596142276,54.3140948248453));
#2333=CARTESIAN_POINT('',(40.528872737814,-56.5986538451807,54.3251211097283));
#2334=CARTESIAN_POINT('',(40.4470333099147,-56.5818386142505,54.3579105636071));
#2335=CARTESIAN_POINT('',(40.3924329022976,-56.5709663215811,54.3795083903196));
#2336=CARTESIAN_POINT('',(40.1225689271941,-56.5188929022807,54.4848971119126));
#2337=CARTESIAN_POINT('',(39.9055753006141,-56.482245946604,54.5653856432311));
#2338=CARTESIAN_POINT('',(39.2653282839642,-56.3873845098512,54.7910531161931));
#2339=CARTESIAN_POINT('',(38.8396967301905,-56.3411400438867,54.9262014071404));
#2340=CARTESIAN_POINT('',(37.6002997841942,-56.2481808531997,55.2794448393634));
#2341=CARTESIAN_POINT('',(36.7883944732352,-56.2354061435513,55.4637361430669));
#2342=CARTESIAN_POINT('',(35.5714338505005,-56.2696519421686,55.6809227049366));
#2343=CARTESIAN_POINT('',(35.1813509722754,-56.2886757173666,55.741714955621));
#2344=CARTESIAN_POINT('',(34.4067860756085,-56.3411173663793,55.8463356266319));
#2345=CARTESIAN_POINT('',(34.0237807429978,-56.3741125543164,55.8903091535973));
#2346=CARTESIAN_POINT('',(32.1778721974311,-56.5641918349359,56.0684233212737));
#2347=CARTESIAN_POINT('',(30.6939796064349,-56.8096551528613,56.1079383209023));
#2348=CARTESIAN_POINT('',(29.2543047513648,-57.129253133608,56.0828350443275));
#2349=CARTESIAN_POINT('',(50.470868026881,-30.8729223146223,58.9700236077639));
#2350=CARTESIAN_POINT('',(50.8817682051255,-32.054619584532,58.4585718483004));
#2351=CARTESIAN_POINT('',(51.3800067490809,-33.2270497342693,57.8776201877656));
#2352=CARTESIAN_POINT('',(52.2711362865175,-34.8493174021088,56.911009858307));
#2353=CARTESIAN_POINT('',(52.5907762780095,-35.3644467029113,56.5747531790716));
#2354=CARTESIAN_POINT('',(53.2898469898715,-36.343961563658,55.8629007485518));
#2355=CARTESIAN_POINT('',(53.6627497069355,-36.7985210492378,55.4941119079913));
#2356=CARTESIAN_POINT('',(54.4611899875651,-37.6455183234534,54.7218813091739));
#2357=CARTESIAN_POINT('',(54.8810050697727,-38.0331386595723,54.3235024547994));
#2358=CARTESIAN_POINT('',(55.7621616346216,-38.7475577307689,53.496326817989));
#2359=CARTESIAN_POINT('',(56.2202066172646,-39.0715462441681,53.0706831517862));
#2360=CARTESIAN_POINT('',(57.6485902504162,-39.9531798039385,51.7511910678466));
#2361=CARTESIAN_POINT('',(58.6655535855184,-40.415981278609,50.8217060369854));
#2362=CARTESIAN_POINT('',(59.7430914037801,-40.7587647608318,49.8404541049476));
#2363=CARTESIAN_POINT('',(85.3709971815107,25.0442298315086,30.2511946628837));
#2364=CARTESIAN_POINT('',(85.9540842284133,24.2505312453767,29.2230335993484));
#2365=CARTESIAN_POINT('',(86.5004974570741,23.5446621456243,28.1338210593876));
#2366=CARTESIAN_POINT('',(87.2584126251717,22.5580067093939,26.3835349192206));
#2367=CARTESIAN_POINT('',(87.5000729464679,22.2421751129106,25.7801451287028));
#2368=CARTESIAN_POINT('',(87.9556738623239,21.6332943303478,24.5372591282604));
#2369=CARTESIAN_POINT('',(88.167900485524,21.3414595208294,23.9016114015172));
#2370=CARTESIAN_POINT('',(88.4537630236881,20.9324997736715,22.944875893637));
#2371=CARTESIAN_POINT('',(88.5586903700816,20.7809392016185,22.5686475084582));
#2372=CARTESIAN_POINT('',(88.7273268979732,20.5267406076677,21.9227933983029));
#2373=CARTESIAN_POINT('',(88.8088392918518,20.3995180102507,21.5875038456192));
#2374=CARTESIAN_POINT('',(89.0360200674288,20.0322818211821,20.5782130591304));
#2375=CARTESIAN_POINT('',(89.1651127755655,19.8063796382898,19.8994700753168));
#2376=CARTESIAN_POINT('',(89.4803243052094,19.2138388795786,17.8554760564358));
#2377=CARTESIAN_POINT('',(89.6043821336736,18.9115644136532,16.4340042737254));
#2378=CARTESIAN_POINT('',(89.6221813844203,18.8035643406198,15.0102460885164));
#2379=CARTESIAN_POINT('',(-7.36956428831773,8.71166497697415,-68.1004773409966));
#2380=CARTESIAN_POINT('',(-7.22945068114738,8.79479022670212,-68.1127124689181));
#2381=CARTESIAN_POINT('',(-7.08810539426744,8.87594494352145,-68.1247134544583));
#2382=CARTESIAN_POINT('',(-6.6136573718626,9.13906117055253,-68.1637930546311));
#2383=CARTESIAN_POINT('',(-6.27640766252204,9.31082962133148,-68.1896471151523));
#2384=CARTESIAN_POINT('',(-5.28648641251341,9.77145441817361,-68.2593142052687));
#2385=CARTESIAN_POINT('',(-4.62808739561868,10.0265291414251,-68.2981108310529));
#2386=CARTESIAN_POINT('',(-3.30161253611504,10.4360877222793,-68.3583740493679));
#2387=CARTESIAN_POINT('',(-2.65112952306975,10.5903829174125,-68.3802014205005));
#2388=CARTESIAN_POINT('',(-1.32408392291483,10.8005457410437,-68.4092569295098));
#2389=CARTESIAN_POINT('',(-0.66656610255397,10.8540780681474,-68.4162472776917));
#2390=CARTESIAN_POINT('',(0.0015449621578487,10.8541214999376,-68.41604783447));
#2391=CARTESIAN_POINT('',(0.668381522109714,10.8541648005979,-68.4158487748629));
#2392=CARTESIAN_POINT('',(1.32464843589857,10.8009197312743,-68.4085008174528));
#2393=CARTESIAN_POINT('',(2.64968598738445,10.59098084342,-68.379171362726));
#2394=CARTESIAN_POINT('',(3.2993025237145,10.4365159155081,-68.3574581746309));
#2395=CARTESIAN_POINT('',(4.62483283053673,10.0261355391157,-68.2977129922352));
#2396=CARTESIAN_POINT('',(5.28306677225144,9.77034365116233,-68.2592731888586));
#2397=CARTESIAN_POINT('',(6.27268380545606,9.30916265907768,-68.1899257785529));
#2398=CARTESIAN_POINT('',(6.60981595588229,9.13738074587584,-68.1641395635035));
#2399=CARTESIAN_POINT('',(7.08562979999871,8.87355981071558,-68.1249481510631));
#2400=CARTESIAN_POINT('',(7.22840981522847,8.79158525935514,-68.1128108010428));
#2401=CARTESIAN_POINT('',(7.36994318098499,8.70761594832253,-68.100421552054));
#2402=CARTESIAN_POINT('',(-3.51037311082139E-9,-83.4761384865317,-35.4962103712507));
#2403=CARTESIAN_POINT('',(-2.04460245433969,-83.4759950474369,-35.4960614910014));
#2404=CARTESIAN_POINT('',(-4.07378066749036,-83.2847232347293,-35.5565586747745));
#2405=CARTESIAN_POINT('',(-7.05557950001244,-82.6336605338276,-35.8434739229677));
#2406=CARTESIAN_POINT('',(-7.97599842577621,-82.3728977126932,-35.9649394761997));
#2407=CARTESIAN_POINT('',(-9.89191125844327,-81.711710590919,-36.2824385035286));
#2408=CARTESIAN_POINT('',(-10.8319650581285,-81.3287694001505,-36.4680029623884));
#2409=CARTESIAN_POINT('',(-12.6992104307075,-80.5042137044816,-36.845286956803));
#2410=CARTESIAN_POINT('',(-13.6205633876179,-80.063591341599,-37.0370039430255));
#2411=CARTESIAN_POINT('',(-15.3846168320794,-79.1767565054048,-37.3960181868665));
#2412=CARTESIAN_POINT('',(-16.2272398013475,-78.735002899303,-37.5625496745421));
#2413=CARTESIAN_POINT('',(-18.8683025345201,-77.2895145147332,-38.0760265231995));
#2414=CARTESIAN_POINT('',(-20.6143034650392,-76.2321913501821,-38.4147523396735));
#2415=CARTESIAN_POINT('',(-23.0673013887183,-74.3987268187586,-39.0823909385974));
#2416=CARTESIAN_POINT('',(-23.8404084646253,-73.7593942674803,-39.3267779012264));
#2417=CARTESIAN_POINT('',(-25.3261391081619,-72.3670060575925,-39.8975584051015));
#2418=CARTESIAN_POINT('',(-26.0171070520361,-71.6282660299571,-40.2194084807616));
#2419=CARTESIAN_POINT('',(-27.3078457336306,-70.0138659251482,-40.9699160306182));
#2420=CARTESIAN_POINT('',(-27.8771179119725,-69.1607186081157,-41.3914520781679));
#2421=CARTESIAN_POINT('',(-28.6417566009908,-67.8076630630481,-42.0824084118514));
#2422=CARTESIAN_POINT('',(-28.8815425095306,-67.342682809577,-42.3234739089829));
#2423=CARTESIAN_POINT('',(-29.1321829587923,-66.8110491281017,-42.6019999937656));
#2424=CARTESIAN_POINT('',(-29.1599995534808,-66.7513490076162,-42.633317901563));
#2425=CARTESIAN_POINT('',(-29.2013277808488,-66.6616031018269,-42.6804553476526));
#2426=CARTESIAN_POINT('',(-29.2150511208516,-66.631625403248,-42.6962102730151));
#2427=CARTESIAN_POINT('',(-29.2295574063661,-66.5997495416463,-42.712972786279));
#2428=CARTESIAN_POINT('',(-29.2304110306936,-66.5978731069731,-42.713959581056));
#2429=CARTESIAN_POINT('',(-29.232099060971,-66.5941611080717,-42.7159117499721));
#2430=CARTESIAN_POINT('',(-29.2338756417147,-66.592578060867,-42.7162755681239));
#2431=CARTESIAN_POINT('',(-29.2322002843954,-66.5863804863112,-42.7215272366396));
#2432=CARTESIAN_POINT('',(-29.2353045931733,-66.5831474712156,-42.722498340241));
#2433=CARTESIAN_POINT('',(-29.2403781303085,-66.5719807011956,-42.7283639075505));
#2434=CARTESIAN_POINT('',(-29.2437857767963,-66.5644694737435,-42.7323099158629));
#2435=CARTESIAN_POINT('',(-29.253998309352,-66.5419255617924,-42.7441550656916));
#2436=CARTESIAN_POINT('',(-29.2607899212639,-66.5268889400035,-42.7520580279762));
#2437=CARTESIAN_POINT('',(-29.3218921127502,-66.3912091931352,-42.8233895178105));
#2438=CARTESIAN_POINT('',(-29.3750774078248,-66.2702532300526,-42.8871284000086));
#2439=CARTESIAN_POINT('',(-29.531995021446,-65.9047953778966,-43.0801107470129));
#2440=CARTESIAN_POINT('',(-29.6322540847489,-65.6594996277093,-43.2101786250107));
#2441=CARTESIAN_POINT('',(-30.1197572485289,-64.4072227792123,-43.8762908021701));
#2442=CARTESIAN_POINT('',(-30.4358989750367,-63.392431025662,-44.4230049472692));
#2443=CARTESIAN_POINT('',(-30.9392833414535,-61.2910119243544,-45.5645973676507));
#2444=CARTESIAN_POINT('',(-31.1206805491873,-60.2002697006353,-46.1622719744178));
#2445=CARTESIAN_POINT('',(-31.255715111996,-58.5571053404715,-47.0782418130057));
#2446=CARTESIAN_POINT('',(-31.2774327179792,-57.9961857915033,-47.3936768328827));
#2447=CARTESIAN_POINT('',(-31.2672717195833,-56.852759335712,-48.0442238759902));
#2448=CARTESIAN_POINT('',(-31.2340007133178,-56.275404870835,-48.3764557959479));
#2449=CARTESIAN_POINT('',(-31.0328577457702,-54.4880009240287,-49.4208431826545));
#2450=CARTESIAN_POINT('',(-30.7582850381051,-53.297861898483,-50.138813623943));
#2451=CARTESIAN_POINT('',(-30.0742786847704,-51.5942909371952,-51.2297975443373));
#2452=CARTESIAN_POINT('',(-29.7861820845623,-51.0162003887625,-51.6121927716965));
#2453=CARTESIAN_POINT('',(-29.1447843487297,-49.9717907597367,-52.3306601497793));
#2454=CARTESIAN_POINT('',(-28.788636580591,-49.4898693659792,-52.6761258982075));
#2455=CARTESIAN_POINT('',(-28.0230317470572,-48.6062416861727,-53.3336693632905));
#2456=CARTESIAN_POINT('',(-27.6284812208158,-48.2088731363607,-53.639861940213));
#2457=CARTESIAN_POINT('',(-26.8183657726659,-47.4916635631372,-54.2120297916508));
#2458=CARTESIAN_POINT('',(-26.4141545957791,-47.1730292814737,-54.4750276696493));
#2459=CARTESIAN_POINT('',(-25.2473478095838,-46.3571592012564,-55.174537667507));
#2460=CARTESIAN_POINT('',(-24.4465940768435,-45.9067447105018,-55.5917934900197));
#2461=CARTESIAN_POINT('',(-22.8918544991492,-45.2004245350284,-56.3014786855357));
#2462=CARTESIAN_POINT('',(-22.1594162656819,-44.9267005733771,-56.6003150140234));
#2463=CARTESIAN_POINT('',(-20.0867881191845,-44.2926245089673,-57.3582694849095));
#2464=CARTESIAN_POINT('',(-18.71493193201,-44.018871538133,-57.7680450639624));
#2465=CARTESIAN_POINT('',(-16.0941811890335,-43.7251074655019,-58.4020154923049));
#2466=CARTESIAN_POINT('',(-14.8679153327641,-43.6766381467548,-58.6409877433311));
#2467=CARTESIAN_POINT('',(-12.4623409360187,-43.6689166801991,-59.0318832652888));
#2468=CARTESIAN_POINT('',(-11.2988510562174,-43.7056438666442,-59.1852675810765));
#2469=CARTESIAN_POINT('',(-8.99908645947165,-43.8034031775577,-59.4351487106745));
#2470=CARTESIAN_POINT('',(-7.86723832851801,-43.8636717405587,-59.5327362814127));
#2471=CARTESIAN_POINT('',(-5.61233685846974,-43.9755397339233,-59.6850325222374));
#2472=CARTESIAN_POINT('',(-4.49143653800314,-44.026099138244,-59.7404661850141));
#2473=CARTESIAN_POINT('',(-2.24597361453818,-44.097449747511,-59.8143476397067));
#2474=CARTESIAN_POINT('',(-1.12391875129882,-44.1181830130711,-59.8327316450462));
#2475=CARTESIAN_POINT('',(-0.000322353991400764,-44.1182007678172,-59.8327985280327));
#2476=CARTESIAN_POINT('',(-0.000214909636502636,-44.1182007751172,-59.832798532458));
#2477=CARTESIAN_POINT('',(-0.000107465221394556,-44.1182007817803,-59.832798536873));
#2478=CARTESIAN_POINT('',(-3.50943541213831E-9,-44.1182007121684,-59.83279856788));
#2479=CARTESIAN_POINT('',(0.000107458287046323,-44.1182006237727,-59.8327985924452));
#2480=CARTESIAN_POINT('',(0.000214902787121684,-44.1182006100791,-59.8327985905028));
#2481=CARTESIAN_POINT('',(0.000322347227451535,-44.1182005954361,-59.83279858866));
#2482=CARTESIAN_POINT('',(1.12378875020943,-44.1181830122199,-59.8327316538021));
#2483=CARTESIAN_POINT('',(2.24571413464074,-44.0974545121448,-59.8143518971428));
#2484=CARTESIAN_POINT('',(4.49091612140262,-44.02611903453,-59.7404876316581));
#2485=CARTESIAN_POINT('',(5.6116857748692,-43.9755700228597,-59.6850669277865));
#2486=CARTESIAN_POINT('',(7.86736229561108,-43.8636676245258,-59.5327376017359));
#2487=CARTESIAN_POINT('',(9.00011074088319,-43.8033453149616,-59.4350664703729));
#2488=CARTESIAN_POINT('',(11.3016861340574,-43.7055380214648,-59.1849295153113));
#2489=CARTESIAN_POINT('',(12.46607297647,-43.6688174926127,-59.0313731694627));
#2490=CARTESIAN_POINT('',(14.8725666125772,-43.6767724034156,-58.6401285058597));
#2491=CARTESIAN_POINT('',(16.0988326588056,-43.7253966759852,-58.4010399190776));
#2492=CARTESIAN_POINT('',(18.7196272453035,-44.0196656202322,-57.7667366399099));
#2493=CARTESIAN_POINT('',(20.0915363666528,-44.2937208789049,-57.3567551321236));
#2494=CARTESIAN_POINT('',(22.1634594081417,-44.9281453729868,-56.5987068138317));
#2495=CARTESIAN_POINT('',(22.8952532098713,-45.2018331265233,-56.3000130343209));
#2496=CARTESIAN_POINT('',(24.4484557361194,-45.9077535099425,-55.5908408335209));
#2497=CARTESIAN_POINT('',(25.2487121382866,-46.3580428637425,-55.1737580014184));
#2498=CARTESIAN_POINT('',(26.414247675743,-47.1731346359768,-54.4749498944759));
#2499=CARTESIAN_POINT('',(26.8180287803018,-47.491407257818,-54.2122423995618));
#2500=CARTESIAN_POINT('',(27.6272496550558,-48.2077216441673,-53.6407660234482));
#2501=CARTESIAN_POINT('',(28.0213765374226,-48.6045598464545,-53.3349642656694));
#2502=CARTESIAN_POINT('',(28.5831666088491,-49.2526067608989,-52.852660582037));
#2503=CARTESIAN_POINT('',(28.7686777590991,-49.4838706414473,-52.683762449501));
#2504=CARTESIAN_POINT('',(29.1269157894029,-49.9687867948443,-52.3364507682754));
#2505=CARTESIAN_POINT('',(29.2978619911212,-50.2213228233523,-52.1590407088349));
#2506=CARTESIAN_POINT('',(29.7835111359172,-51.0113057390947,-51.6154832914516));
#2507=CARTESIAN_POINT('',(30.0716404233936,-51.5886955722587,-51.2334659425662));
#2508=CARTESIAN_POINT('',(30.7566679719294,-53.2919376309678,-50.1424422601472));
#2509=CARTESIAN_POINT('',(31.0318903866139,-54.4826789759212,-49.4240134899055));
#2510=CARTESIAN_POINT('',(31.2336825794029,-56.2710422883813,-48.3789766965624));
#2511=CARTESIAN_POINT('',(31.2671155973963,-56.8487065478902,-48.0465453162101));
#2512=CARTESIAN_POINT('',(31.2775209899313,-57.9927595140916,-47.3956096815584));
#2513=CARTESIAN_POINT('',(31.2558895971978,-58.5539843069774,-47.0799909487058));
#2514=CARTESIAN_POINT('',(31.1210229808963,-60.1980380488152,-46.1634971721467));
#2515=CARTESIAN_POINT('',(30.9396293507206,-61.2893372890209,-45.5655110465649));
#2516=CARTESIAN_POINT('',(30.4361076704426,-63.391780355666,-44.4233548978541));
#2517=CARTESIAN_POINT('',(30.1198227325394,-64.407008922935,-43.8764165243568));
#2518=CARTESIAN_POINT('',(29.6323571745984,-65.6594771273266,-43.2101477547173));
#2519=CARTESIAN_POINT('',(29.5321649872713,-65.9045269776115,-43.0802258293132));
#2520=CARTESIAN_POINT('',(29.3753476637848,-66.2696752047331,-42.8874250250858));
#2521=CARTESIAN_POINT('',(29.3221830163936,-66.3905642904669,-42.823726690664));
#2522=CARTESIAN_POINT('',(29.2611121672109,-66.5261767276641,-42.752431992923));
#2523=CARTESIAN_POINT('',(29.2543216449771,-66.5412115079587,-42.7445300915411));
#2524=CARTESIAN_POINT('',(29.2441106812576,-66.5637533385374,-42.7326860702238));
#2525=CARTESIAN_POINT('',(29.2407033998233,-66.5712643079183,-42.7287401917576));
#2526=CARTESIAN_POINT('',(29.2364389376269,-66.580651113808,-42.7238095558715));
#2527=CARTESIAN_POINT('',(29.2355858646142,-66.5825281873953,-42.7228236153038));
#2528=CARTESIAN_POINT('',(29.234458152375,-66.5850086627692,-42.7215207825165));
#2529=CARTESIAN_POINT('',(29.2324043144115,-66.5890746070962,-42.7194759726893));
#2530=CARTESIAN_POINT('',(29.2338759586781,-66.5912130835408,-42.717269720372));
#2531=CARTESIAN_POINT('',(29.2298258583609,-66.5991595082453,-42.7132830482553));
#2532=CARTESIAN_POINT('',(29.215589596017,-66.6304468711166,-42.6968297560921));
#2533=CARTESIAN_POINT('',(29.2018659508878,-66.6604296785524,-42.6810719360326));
#2534=CARTESIAN_POINT('',(29.1605280824017,-66.7502095627655,-42.6339160416454));
#2535=CARTESIAN_POINT('',(29.1327017352067,-66.8099384530916,-42.6025827460619));
#2536=CARTESIAN_POINT('',(28.8818963255822,-67.3419889239587,-42.3238356929586));
#2537=CARTESIAN_POINT('',(28.6419352763552,-67.8073475003346,-42.082569920274));
#2538=CARTESIAN_POINT('',(27.8771164568928,-69.1607196065332,-41.3914509532011));
#2539=CARTESIAN_POINT('',(27.307875755018,-70.0138168531647,-40.9699409546637));
#2540=CARTESIAN_POINT('',(26.0172272618432,-71.6281264225035,-40.2194714501383));
#2541=CARTESIAN_POINT('',(25.3263092789735,-72.3668283009135,-39.8976350031245));
#2542=CARTESIAN_POINT('',(23.8406872386726,-73.7591505264454,-39.3268742803052));
#2543=CARTESIAN_POINT('',(23.0676359863916,-74.3984571416995,-39.0824926323348));
#2544=CARTESIAN_POINT('',(20.6146471146377,-76.2319746552805,-38.4148238249144));
#2545=CARTESIAN_POINT('',(18.868583179391,-77.2893532611177,-38.0760807902722));
#2546=CARTESIAN_POINT('',(16.2274143350667,-78.7349109301334,-37.5625837287397));
#2547=CARTESIAN_POINT('',(15.3847577609806,-79.1766840046226,-37.3960465725607));
#2548=CARTESIAN_POINT('',(13.6206355259566,-80.0635568403622,-37.037018951678));
#2549=CARTESIAN_POINT('',(12.6992473986187,-80.5041973449764,-36.8452944464684));
#2550=CARTESIAN_POINT('',(10.8319656581743,-81.3287691148634,-36.4680031150215));
#2551=CARTESIAN_POINT('',(9.89191183399632,-81.711710327354,-36.2824386518682));
#2552=CARTESIAN_POINT('',(7.97599891540156,-82.372897519988,-35.9649395920208));
#2553=CARTESIAN_POINT('',(7.05557974062176,-82.6336604322773,-35.843473992264));
#2554=CARTESIAN_POINT('',(4.07378078945516,-83.2847231987547,-35.5565587030481));
#2555=CARTESIAN_POINT('',(2.04460250699466,-83.4759950577825,-35.4960614801121));
#2556=CARTESIAN_POINT('',(-3.51037311082139E-9,-83.4761384865317,-35.4962103712507));
#2557=CARTESIAN_POINT('',(-51.5016169842683,78.9552531261655,-4.09522035599705));
#2558=CARTESIAN_POINT('',(-51.995102320826,78.8990781103435,-3.32528858511639));
#2559=CARTESIAN_POINT('',(-52.5145347240695,78.7812554702612,-2.59576549903139));
#2560=CARTESIAN_POINT('',(-53.614837604208,78.4192159054106,-1.19836444047985));
#2561=CARTESIAN_POINT('',(-54.1759014194731,78.1836922753558,-0.552564456948802));
#2562=CARTESIAN_POINT('',(-55.3391444415922,77.599202778524,0.669702031065773));
#2563=CARTESIAN_POINT('',(-55.9238544145202,77.2604369661046,1.22985036061657));
#2564=CARTESIAN_POINT('',(-57.1155301681156,76.4862143702077,2.28081170119879));
#2565=CARTESIAN_POINT('',(-57.7087825074195,76.0604499719671,2.76071876680907));
#2566=CARTESIAN_POINT('',(-58.9022564787703,75.1299409727323,3.657464822448));
#2567=CARTESIAN_POINT('',(-59.492666099655,74.6330882237991,4.06735502007448));
#2568=CARTESIAN_POINT('',(-60.6698842712738,73.5752974770368,4.83233755108857));
#2569=CARTESIAN_POINT('',(-61.2499422648256,73.020724425085,5.18371273925141));
#2570=CARTESIAN_POINT('',(-62.977784775994,71.2752707767072,6.17141458977271));
#2571=CARTESIAN_POINT('',(-64.0924834359872,70.0232933095407,6.7325211147373));
#2572=CARTESIAN_POINT('',(-65.6959708363146,68.0028188381333,7.37948686910947));
#2573=CARTESIAN_POINT('',(-66.2159805026456,67.3094194601197,7.56130646015039));
#2574=CARTESIAN_POINT('',(-67.2328027080271,65.8741928927212,7.85467298051195));
#2575=CARTESIAN_POINT('',(-67.7233957330937,65.1408166046759,7.96408752623743));
#2576=CARTESIAN_POINT('',(-68.6769252529035,63.6318370152569,8.10907483886176));
#2577=CARTESIAN_POINT('',(-69.133976703877,62.865281868403,8.14329304025382));
#2578=CARTESIAN_POINT('',(-70.01709838943,61.2979254533834,8.13883087812142));
#2579=CARTESIAN_POINT('',(-70.4380114865278,60.5057913860764,8.09977121592629));
#2580=CARTESIAN_POINT('',(-71.2464634495198,58.8956539505249,7.95411342852823));
#2581=CARTESIAN_POINT('',(-71.6299347175633,58.0852215869105,7.84783194255131));
#2582=CARTESIAN_POINT('',(-72.3625391263584,56.4463491347934,7.57619227963471));
#2583=CARTESIAN_POINT('',(-72.7086972863092,55.6240214434495,7.41148290627719));
#2584=CARTESIAN_POINT('',(-73.6989333311528,53.1332852526314,6.84111813507004));
#2585=CARTESIAN_POINT('',(-74.2796158968645,51.4771618246863,6.36662875851794));
#2586=CARTESIAN_POINT('',(-75.0745104824013,48.9486785762537,5.54596381030379));
#2587=CARTESIAN_POINT('',(-75.3290326039795,48.088787480371,5.25066463465996));
#2588=CARTESIAN_POINT('',(-75.7986172432972,46.4022052846373,4.63767715789045));
#2589=CARTESIAN_POINT('',(-76.013316679536,45.5787571000033,4.32064625552477));
#2590=CARTESIAN_POINT('',(-76.4064440361679,43.938818724027,3.6319676764024));
#2591=CARTESIAN_POINT('',(-76.5838085345475,43.1276122844273,3.26320044861766));
#2592=CARTESIAN_POINT('',(-76.8932132705725,41.5202694254766,2.44738717223923));
#2593=CARTESIAN_POINT('',(-77.0232870638262,40.7346851456933,2.00597037290267));
#2594=CARTESIAN_POINT('',(-77.1705899553921,39.5865837526806,1.26073348275771));
#2595=CARTESIAN_POINT('',(-77.2112157292532,39.2124578543206,1.00064634215219));
#2596=CARTESIAN_POINT('',(-77.2722355719733,38.4798353136303,0.445501375399398));
#2597=CARTESIAN_POINT('',(-77.2923358726976,38.1252202571346,0.153524667255494));
#2598=CARTESIAN_POINT('',(-77.307920098639,37.4397153131254,-0.469917627849084));
#2599=CARTESIAN_POINT('',(-77.3028114169709,37.1151123613612,-0.796983956870637));
#2600=CARTESIAN_POINT('',(-77.2616410675774,36.4959140160813,-1.50194559265191));
#2601=CARTESIAN_POINT('',(-77.2254288225394,36.2099317977873,-1.87194476240531));
#2602=CARTESIAN_POINT('',(-77.0579106431418,35.4202726498687,-3.06844419374292));
#2603=CARTESIAN_POINT('',(-76.8774911949825,35.0451233941345,-3.89895699772095));
#2604=CARTESIAN_POINT('',(-76.3522058281646,34.5770353425665,-5.70040509110504));
#2605=CARTESIAN_POINT('',(-76.0185023611242,34.4945486069203,-6.62960076541437));
#2606=CARTESIAN_POINT('',(-75.3246561649535,34.4995001317636,-8.35247558401182));
#2607=CARTESIAN_POINT('',(-74.9463621667481,34.5780674399158,-9.2022796583811));
#2608=CARTESIAN_POINT('',(-74.1807084754485,34.8099887072774,-10.811115227677));
#2609=CARTESIAN_POINT('',(-73.7813702002303,34.9656917791511,-11.5977621257172));
#2610=CARTESIAN_POINT('',(-72.9585216132133,35.3205399016385,-13.1428805039629));
#2611=CARTESIAN_POINT('',(-72.5376523007957,35.5179642352297,-13.8973708650789));
#2612=CARTESIAN_POINT('',(-71.6785615990893,35.9336668191535,-15.3809801742741));
#2613=CARTESIAN_POINT('',(-71.2415535900475,36.1511257145345,-16.1086932538416));
#2614=CARTESIAN_POINT('',(-70.3533923974383,36.5911287102029,-17.5437229198569));
#2615=CARTESIAN_POINT('',(-69.9028656997099,36.813437311829,-18.2504405771236));
#2616=CARTESIAN_POINT('',(-68.9793505811507,37.256356463174,-19.6631228340541));
#2617=CARTESIAN_POINT('',(-68.5065575498892,37.4761849993036,-20.3687131665494));
#2618=CARTESIAN_POINT('',(-67.4761465127437,37.9315226265773,-21.8730756343692));
#2619=CARTESIAN_POINT('',(-66.9165797849063,38.1641920513098,-22.6702693610761));
#2620=CARTESIAN_POINT('',(-65.7518420213029,38.6264836773486,-24.2823689073053));
#2621=CARTESIAN_POINT('',(-65.1464163805774,38.8554608655034,-25.0958165938357));
#2622=CARTESIAN_POINT('',(-64.0076405836535,39.2729479437525,-26.5741103228713));
#2623=CARTESIAN_POINT('',(-63.4789838927748,39.4617435317329,-27.2410664894718));
#2624=CARTESIAN_POINT('',(-62.4050944354098,39.8452726211364,-28.5505245770018));
#2625=CARTESIAN_POINT('',(-61.8608360594872,40.0395339864742,-29.1923155582082));
#2626=CARTESIAN_POINT('',(-60.7624503751616,40.4420065290928,-30.4375322821664));
#2627=CARTESIAN_POINT('',(-60.2102196384785,40.6491848398511,-31.0400022045496));
#2628=CARTESIAN_POINT('',(-59.1061047985259,41.0912439290729,-32.1881424763948));
#2629=CARTESIAN_POINT('',(-58.5580603576723,41.3234671846226,-32.7321633146476));
#2630=CARTESIAN_POINT('',(-56.9614329476474,42.0741364729022,-34.2239562281748));
#2631=CARTESIAN_POINT('',(-55.9054787441749,42.6568768270983,-35.1010579628841));
#2632=CARTESIAN_POINT('',(-54.3590943371797,43.8586063489641,-36.1214045633684));
#2633=CARTESIAN_POINT('',(-53.8897084433477,44.271202387653,-36.3945668334367));
#2634=CARTESIAN_POINT('',(-52.9764645145072,45.1654714077155,-36.8565709711766));
#2635=CARTESIAN_POINT('',(-52.5459773690851,45.6312173456109,-37.0408600001546));
#2636=CARTESIAN_POINT('',(-51.7091233991308,46.6047837285453,-37.3431946246807));
#2637=CARTESIAN_POINT('',(-51.310070817609,47.102562451138,-37.4597856705667));
#2638=CARTESIAN_POINT('',(-50.5262320051885,48.1210027835684,-37.6475082337649));
#2639=CARTESIAN_POINT('',(-50.1448843308406,48.6373370577538,-37.7178574196742));
#2640=CARTESIAN_POINT('',(-49.0065246408716,50.197635805994,-37.8878187267909));
#2641=CARTESIAN_POINT('',(-48.2589361602804,51.2478030283467,-37.9462033741184));
#2642=CARTESIAN_POINT('',(-47.0916999623298,52.7886285930331,-38.0337528751583));
#2643=CARTESIAN_POINT('',(-46.6964071273864,53.2949740283459,-38.062628016441));
#2644=CARTESIAN_POINT('',(-45.8793363732399,54.2929739859867,-38.1310821819376));
#2645=CARTESIAN_POINT('',(-45.4580548395251,54.7834437526755,-38.1707888105617));
#2646=CARTESIAN_POINT('',(-44.6103152970559,55.7615680797004,-38.2349997154282));
#2647=CARTESIAN_POINT('',(-44.1845381965806,56.2485684580515,-38.2593797266986));
#2648=CARTESIAN_POINT('',(-43.3354367606394,57.257043274774,-38.2624005411266));
#2649=CARTESIAN_POINT('',(-42.916562968194,57.7736642353955,-38.2401163139205));
#2650=CARTESIAN_POINT('',(-42.055534681142,58.9537698904141,-38.0910005361876));
#2651=CARTESIAN_POINT('',(-41.6464243749749,59.5946917922894,-37.9504297799427));
#2652=CARTESIAN_POINT('',(-40.9290002524574,61.0320348374606,-37.4526050738391));
#2653=CARTESIAN_POINT('',(-40.6751776890945,61.7743860648494,-37.0902221080522));
#2654=CARTESIAN_POINT('',(-40.3616559097798,63.3702293221597,-36.0967691205395));
#2655=CARTESIAN_POINT('',(-40.3533189567374,64.155647741095,-35.4727350776098));
#2656=CARTESIAN_POINT('',(-40.4587588812613,65.3040432192418,-34.4287071717495));
#2657=CARTESIAN_POINT('',(-40.5168534764127,65.6852161937403,-34.0563918071645));
#2658=CARTESIAN_POINT('',(-40.6451807887959,66.3499890647686,-33.371468604531));
#2659=CARTESIAN_POINT('',(-40.7102648598234,66.6355225316,-33.0642900829734));
#2660=CARTESIAN_POINT('',(-40.9309122638281,67.4984820636434,-32.1009183899657));
#2661=CARTESIAN_POINT('',(-41.1061744579634,68.0512553026285,-31.4339179905234));
#2662=CARTESIAN_POINT('',(-41.4909124794344,69.1209452027038,-30.0602503166891));
#2663=CARTESIAN_POINT('',(-41.6998185672502,69.6335921840474,-29.3577129419437));
#2664=CARTESIAN_POINT('',(-42.3345846588479,71.0605288909957,-27.2887880162731));
#2665=CARTESIAN_POINT('',(-42.7825767303424,71.9158758357227,-25.903910563603));
#2666=CARTESIAN_POINT('',(-43.5193721022874,73.1766599305511,-23.6612156183451));
#2667=CARTESIAN_POINT('',(-43.7950480396004,73.6173422429818,-22.8306822311653));
#2668=CARTESIAN_POINT('',(-44.354957278568,74.4610606326836,-21.1516329893031));
#2669=CARTESIAN_POINT('',(-44.6380897770936,74.8634367660274,-20.3051983946059));
#2670=CARTESIAN_POINT('',(-45.5021181367734,76.0108918724846,-17.745281534377));
#2671=CARTESIAN_POINT('',(-46.0933253685649,76.6931409200316,-16.0219600878477));
#2672=CARTESIAN_POINT('',(-47.3746563410263,77.8410355716835,-12.5525752631394));
#2673=CARTESIAN_POINT('',(-48.073867328917,78.3164006466281,-10.7803395031334));
#2674=CARTESIAN_POINT('',(-49.2449176023113,78.7744516006891,-8.19867837658247));
#2675=CARTESIAN_POINT('',(-49.6542332133804,78.8855054221437,-7.3529798827659));
#2676=CARTESIAN_POINT('',(-50.5354403660264,79.0042940263333,-5.68638850858347));
#2677=CARTESIAN_POINT('',(-50.9967366427528,79.0127252718845,-4.88293052006659));
#2678=CARTESIAN_POINT('',(-51.5016169842683,78.9552531261655,-4.09522035599705));
#2679=CARTESIAN_POINT('',(-83.2665862203363,3.33356166291928,26.259344582246));
#2680=CARTESIAN_POINT('',(-83.7525376740333,4.26120275721407,25.2114546725746));
#2681=CARTESIAN_POINT('',(-84.1329707866919,5.27598765297642,24.2627697910912));
#2682=CARTESIAN_POINT('',(-84.5633600000491,7.00252154265776,22.9794143156809));
#2683=CARTESIAN_POINT('',(-84.6783674008615,7.58211320081673,22.5935094428952));
#2684=CARTESIAN_POINT('',(-84.8659432100158,8.77768432728765,21.8710706693952));
#2685=CARTESIAN_POINT('',(-84.9371548248656,9.38529123941085,21.540290454433));
#2686=CARTESIAN_POINT('',(-85.0423089149093,10.6282572338542,20.9275074878512));
#2687=CARTESIAN_POINT('',(-85.0760893320421,11.2559701080297,20.6483452636136));
#2688=CARTESIAN_POINT('',(-85.1116779928987,12.5319592214142,20.1364008269105));
#2689=CARTESIAN_POINT('',(-85.113657521339,13.1739797321647,19.9052678246445));
#2690=CARTESIAN_POINT('',(-85.0902901944387,14.4730180599751,19.4864296857876));
#2691=CARTESIAN_POINT('',(-85.0652441136288,15.1248944895229,19.2997400200178));
#2692=CARTESIAN_POINT('',(-84.991445292328,16.4398590363424,18.9687646306829));
#2693=CARTESIAN_POINT('',(-84.943039724829,17.0983374745198,18.8254011071425));
#2694=CARTESIAN_POINT('',(-84.7661866075906,19.0837603434382,18.4667654601626));
#2695=CARTESIAN_POINT('',(-84.6063170137904,20.422189217696,18.3218710589232));
#2696=CARTESIAN_POINT('',(-84.2210461187156,23.0936361900657,18.2661704424887));
#2697=CARTESIAN_POINT('',(-83.9964106441227,24.424903195338,18.3557456150933));
#2698=CARTESIAN_POINT('',(-83.6158748471908,26.3940175715955,18.7002149212956));
#2699=CARTESIAN_POINT('',(-83.4821847787592,27.0422221336601,18.8499921167743));
#2700=CARTESIAN_POINT('',(-83.1972087483681,28.332079820293,19.2217971949295));
#2701=CARTESIAN_POINT('',(-83.0477943285534,28.9644200313969,19.4417058376304));
#2702=CARTESIAN_POINT('',(-82.728400102643,30.2174032933144,19.9510921677782));
#2703=CARTESIAN_POINT('',(-82.5603628416456,30.8288067327454,20.2384682316415));
#2704=CARTESIAN_POINT('',(-82.1983155527585,32.0341620537288,20.8829459726734));
#2705=CARTESIAN_POINT('',(-82.0064858484063,32.6183719720668,21.2374142003595));
#2706=CARTESIAN_POINT('',(-81.5892290310865,33.7613490162505,22.0171056108384));
#2707=CARTESIAN_POINT('',(-81.3661029147999,34.3104313673273,22.4372451552568));
#2708=CARTESIAN_POINT('',(-80.8807618583456,35.3714117270104,23.3499294366636));
#2709=CARTESIAN_POINT('',(-80.6216013135438,35.8724808400396,23.836398561129));
#2710=CARTESIAN_POINT('',(-80.0584921381611,36.8299852480864,24.8728086307487));
#2711=CARTESIAN_POINT('',(-79.7580826828197,37.2774276651644,25.4154436859693));
#2712=CARTESIAN_POINT('',(-79.1105563108574,38.1247139639795,26.5490104233289));
#2713=CARTESIAN_POINT('',(-78.7668076867294,38.5172953661507,27.1334188694971));
#2714=CARTESIAN_POINT('',(-78.0335641548721,39.2546851843118,28.3356050238238));
#2715=CARTESIAN_POINT('',(-77.6471301126653,39.594518543339,28.9475722043773));
#2716=CARTESIAN_POINT('',(-76.8315638746045,40.2286777879203,30.1921878173939));
#2717=CARTESIAN_POINT('',(-76.4050790721532,40.5201230199769,30.8198401502555));
#2718=CARTESIAN_POINT('',(-75.0657986449001,41.3323906299169,32.7225139996405));
#2719=CARTESIAN_POINT('',(-74.1018542708483,41.7811828423036,34.0014982709173));
#2720=CARTESIAN_POINT('',(-72.5948311665891,42.3009114222838,35.9058577786966));
#2721=CARTESIAN_POINT('',(-72.0791997310342,42.4493030719327,36.542369646456));
#2722=CARTESIAN_POINT('',(-71.0295166167399,42.6941695922148,37.8127949591422));
#2723=CARTESIAN_POINT('',(-70.4983433630092,42.7901000395488,38.4432211373108));
#2724=CARTESIAN_POINT('',(-69.4236337901255,42.9294727762103,39.697519200832));
#2725=CARTESIAN_POINT('',(-68.8830176019863,42.9732254377725,40.3179924177871));
#2726=CARTESIAN_POINT('',(-67.7998938177284,43.0058257036035,41.5448646125862));
#2727=CARTESIAN_POINT('',(-67.2606544457477,42.995485476398,42.1478897370147));
#2728=CARTESIAN_POINT('',(-66.1873005451928,42.9165689490808,43.3377496035003));
#2729=CARTESIAN_POINT('',(-65.656739368396,42.8496833132439,43.9208106087848));
#2730=CARTESIAN_POINT('',(-64.6154550674028,42.6571680950256,45.0596084859446));
#2731=CARTESIAN_POINT('',(-64.108454964971,42.5348584891562,45.6114290962806));
#2732=CARTESIAN_POINT('',(-63.1313256002721,42.2376854008081,46.6732456951133));
#2733=CARTESIAN_POINT('',(-62.6646514511833,42.0677256792388,47.1796813073402));
#2734=CARTESIAN_POINT('',(-61.7640324123156,41.6807421335357,48.157712942881));
#2735=CARTESIAN_POINT('',(-61.3329170172481,41.467919859932,48.6260205261684));
#2736=CARTESIAN_POINT('',(-60.9046497247984,41.2321033413404,49.0885376669391));
#2737=CARTESIAN_POINT('',(-37.4015290876778,95.4331463623457,14.2394112577017));
#2738=CARTESIAN_POINT('',(-37.4812676001196,95.5152144956665,15.0613925920952));
#2739=CARTESIAN_POINT('',(-37.580164623619,95.5491719862434,15.8776688067828));
#2740=CARTESIAN_POINT('',(-37.8188713449517,95.5093838800739,17.5385654564106));
#2741=CARTESIAN_POINT('',(-37.956032985154,95.4340876888016,18.363433672694));
#2742=CARTESIAN_POINT('',(-38.1934533662761,95.2287436245796,19.6029822410667));
#2743=CARTESIAN_POINT('',(-38.2778493146435,95.144584171589,20.0149108448294));
#2744=CARTESIAN_POINT('',(-38.4590217515513,94.9435591945373,20.8354737185175));
#2745=CARTESIAN_POINT('',(-38.55548815841,94.8271043933527,21.240526668041));
#2746=CARTESIAN_POINT('',(-38.7672865502482,94.5561253645035,22.0560356517936));
#2747=CARTESIAN_POINT('',(-38.8826632844043,94.40127796521,22.4617168749881));
#2748=CARTESIAN_POINT('',(-39.1358766676993,94.058846360375,23.2613533884586));
#2749=CARTESIAN_POINT('',(-39.2722910917834,93.8724949032312,23.6510402213746));
#2750=CARTESIAN_POINT('',(-39.5587894141053,93.4822292169763,24.3908437031654));
#2751=CARTESIAN_POINT('',(-39.7064281865015,93.2815846815488,24.7387070800566));
#2752=CARTESIAN_POINT('',(-40.0181414664685,92.8619877349456,25.4095649055474));
#2753=CARTESIAN_POINT('',(-40.1807228512819,92.6450835368397,25.7301783019726));
#2754=CARTESIAN_POINT('',(-40.6857343272824,91.980188938373,26.6445385683978));
#2755=CARTESIAN_POINT('',(-41.0472967905528,91.5156296362354,27.1997243998785));
#2756=CARTESIAN_POINT('',(-41.8101121934076,90.5577031967551,28.2187617195269));
#2757=CARTESIAN_POINT('',(-42.2020431468122,90.0751829807368,28.6764200333944));
#2758=CARTESIAN_POINT('',(-43.0032795514092,89.0988384766694,29.519543811253));
#2759=CARTESIAN_POINT('',(-43.4073420959768,88.611121111671,29.9029792306644));
#2760=CARTESIAN_POINT('',(-44.1815567540291,87.6700500924205,30.5937885023046));
#2761=CARTESIAN_POINT('',(-44.5485215056616,87.2205530371533,30.9041349827271));
#2762=CARTESIAN_POINT('',(-45.3033881401707,86.2741905833154,31.5322923158449));
#2763=CARTESIAN_POINT('',(-45.689011995316,85.776893843833,31.8499143912071));
#2764=CARTESIAN_POINT('',(-46.8358859906482,84.2681829087444,32.770459793452));
#2765=CARTESIAN_POINT('',(-47.6092533674819,83.2109833338893,33.3571169150816));
#2766=CARTESIAN_POINT('',(-48.7633483669704,81.6718174541652,34.07006229915));
#2767=CARTESIAN_POINT('',(-49.1339603328709,81.183359029063,34.2759215366364));
#2768=CARTESIAN_POINT('',(-49.889045415645,80.2177576763779,34.6299511855346));
#2769=CARTESIAN_POINT('',(-50.2689426558754,79.7454586093465,34.7781896809019));
#2770=CARTESIAN_POINT('',(-51.4417034555103,78.3549811143997,35.1183763671647));
#2771=CARTESIAN_POINT('',(-52.2234303079728,77.5126618933351,35.20308066597));
#2772=CARTESIAN_POINT('',(-53.5451827133835,76.2478604679633,35.1000383495239));
#2773=CARTESIAN_POINT('',(-53.988452921368,75.8455451281663,35.0300769994661));
#2774=CARTESIAN_POINT('',(-54.9007562780772,75.0490735340844,34.82776408131));
#2775=CARTESIAN_POINT('',(-55.3634931731572,74.6611419455928,34.6954182163682));
#2776=CARTESIAN_POINT('',(-56.3076671505664,73.8897098307075,34.3776590557779));
#2777=CARTESIAN_POINT('',(-56.7849290875045,73.5103878493209,34.1920469596752));
#2778=CARTESIAN_POINT('',(-57.7551489679929,72.7507374408205,33.7736570587529));
#2779=CARTESIAN_POINT('',(-58.245189622768,72.3728590148583,33.5408675844745));
#2780=CARTESIAN_POINT('',(-59.281050886142,71.5774434457871,33.0112733968491));
#2781=CARTESIAN_POINT('',(-59.8237976932867,71.1629267917203,32.7109691934824));
#2782=CARTESIAN_POINT('',(-60.9171514823279,70.3229295277972,32.0672828852782));
#2783=CARTESIAN_POINT('',(-61.4657236485953,69.8985914184929,31.7238875415815));
#2784=CARTESIAN_POINT('',(-62.4974603315994,69.088743912546,31.0427442064776));
#2785=CARTESIAN_POINT('',(-62.9810363580837,68.7037090995594,30.7083918612115));
#2786=CARTESIAN_POINT('',(-63.8977452759728,67.9677545239298,30.0374813820331));
#2787=CARTESIAN_POINT('',(-64.3308716049795,67.6175483381208,29.7035228288845));
#2788=CARTESIAN_POINT('',(-65.2637930900601,66.8604919178797,28.9389761116928));
#2789=CARTESIAN_POINT('',(-65.7583230562748,66.4573440674388,28.5040854414486));
#2790=CARTESIAN_POINT('',(-66.4866507431725,65.8592038929494,27.8115798320991));
#2791=CARTESIAN_POINT('',(-66.7291455734365,65.6591950892397,27.5718199430664));
#2792=CARTESIAN_POINT('',(-67.2094246913572,65.2606050302768,27.0771757391257));
#2793=CARTESIAN_POINT('',(-67.4466865778698,65.0624068916365,26.8226034031521));
#2794=CARTESIAN_POINT('',(-68.1551983848769,64.464911865913,26.0292632020739));
#2795=CARTESIAN_POINT('',(-68.6093771457695,64.0741499587102,25.4744788147806));
#2796=CARTESIAN_POINT('',(-69.4894178493112,63.2883465605015,24.292394955006));
#2797=CARTESIAN_POINT('',(-69.9093714173673,62.8975927742039,23.6684322572158));
#2798=CARTESIAN_POINT('',(-70.7058441342503,62.1047992341871,22.3452910342608));
#2799=CARTESIAN_POINT('',(-71.0753454756422,61.7083513985238,21.6511205134241));
#2800=CARTESIAN_POINT('',(-71.7178498063226,60.9311370830968,20.2459387537872));
#2801=CARTESIAN_POINT('',(-71.990845647446,60.5576591864357,19.5464424693111));
#2802=CARTESIAN_POINT('',(-72.4389709951659,59.8510341007488,18.0989622624406));
#2803=CARTESIAN_POINT('',(-72.6111941346893,59.5252276016831,17.3705855203388));
#2804=CARTESIAN_POINT('',(-72.8327910890838,58.9618204502338,15.8451952255633));
#2805=CARTESIAN_POINT('',(-72.8815288278515,58.7252018824832,15.052158826999));
#2806=CARTESIAN_POINT('',(-72.8417549000937,58.5904624105327,14.2472516153667));
#2807=CARTESIAN_POINT('',(52.717950120782,-75.4372488201535,-4.15086896962476));
#2808=CARTESIAN_POINT('',(52.6722291297407,-75.9174720925083,-3.30404183751396));
#2809=CARTESIAN_POINT('',(52.5967389565027,-76.3994212032139,-2.46347511884275));
#2810=CARTESIAN_POINT('',(52.3600684596335,-77.3878998095622,-0.799757110060765));
#2811=CARTESIAN_POINT('',(52.2004420385404,-77.8887461066887,0.013923572241838));
#2812=CARTESIAN_POINT('',(51.7614391794456,-78.9349875923488,1.60329420694983));
#2813=CARTESIAN_POINT('',(51.4806085658341,-79.480888568651,2.37854404772082));
#2814=CARTESIAN_POINT('',(50.9440813918945,-80.3274482946014,3.44912654225958));
#2815=CARTESIAN_POINT('',(50.7476556703485,-80.6121825621116,3.78829275537587));
#2816=CARTESIAN_POINT('',(50.31226346543,-81.1912275457432,4.42740831372033));
#2817=CARTESIAN_POINT('',(50.0778077137681,-81.4803061597704,4.7223108025731));
#2818=CARTESIAN_POINT('',(49.3088333485803,-82.3612174105965,5.54174203080909));
#2819=CARTESIAN_POINT('',(48.7170366623467,-82.9570008972329,5.9914741937729));
#2820=CARTESIAN_POINT('',(47.4320148616619,-84.1303634197337,6.72762506672327));
#2821=CARTESIAN_POINT('',(46.7534818636204,-84.696647697935,7.01006584498681));
#2822=CARTESIAN_POINT('',(45.3202815840934,-85.8106756729744,7.46327115404113));
#2823=CARTESIAN_POINT('',(44.5857025476048,-86.3434869161553,7.6289512679122));
#2824=CARTESIAN_POINT('',(43.0713596383566,-87.3801198084535,7.87771718610829));
#2825=CARTESIAN_POINT('',(42.3028464068786,-87.8765919034078,7.95958769880465));
#2826=CARTESIAN_POINT('',(39.971449148043,-89.3093059738805,8.1161004181612));
#2827=CARTESIAN_POINT('',(38.3577997197451,-90.2034218534295,8.09886192372547));
#2828=CARTESIAN_POINT('',(35.113293245115,-91.8004711608999,7.71892313306764));
#2829=CARTESIAN_POINT('',(33.4805269564158,-92.5065945719155,7.35794911078967));
#2830=CARTESIAN_POINT('',(30.2538330915297,-93.6853523756808,6.19190039152289));
#2831=CARTESIAN_POINT('',(28.6763845231653,-94.1517960806396,5.39021580717409));
#2832=CARTESIAN_POINT('',(25.6933832278065,-94.8153249651666,3.44088055906018));
#2833=CARTESIAN_POINT('',(24.2737888728357,-95.0130423630569,2.28381368180003));
#2834=CARTESIAN_POINT('',(22.3492733550155,-95.0786020029252,0.340717008753867));
#2835=CARTESIAN_POINT('',(21.7458025110816,-95.0616195430584,-0.338716917676605));
#2836=CARTESIAN_POINT('',(20.5960280759687,-94.9510766516538,-1.77278547925831));
#2837=CARTESIAN_POINT('',(20.0620533569232,-94.858150671672,-2.51284227701446));
#2838=CARTESIAN_POINT('',(18.541314955312,-94.4694609677172,-4.82663196285887));
#2839=CARTESIAN_POINT('',(17.6722884625922,-94.0662252502613,-6.44904267491209));
#2840=CARTESIAN_POINT('',(16.5599867455918,-93.2849161640959,-8.91945635493171));
#2841=CARTESIAN_POINT('',(16.2202146565523,-92.9928875220145,-9.75372946625159));
#2842=CARTESIAN_POINT('',(15.5931240228097,-92.3498104802454,-11.4394282904415));
#2843=CARTESIAN_POINT('',(15.3091244387092,-92.0010324595317,-12.2835369425924));
#2844=CARTESIAN_POINT('',(14.5190046636122,-90.8682323354372,-14.8418098533294));
#2845=CARTESIAN_POINT('',(14.0935444504358,-90.0200173706425,-16.526629412994));
#2846=CARTESIAN_POINT('',(13.5330205184609,-88.6589262605354,-18.9703699424988));
#2847=CARTESIAN_POINT('',(13.3650636836652,-88.2108259959296,-19.7394678316847));
#2848=CARTESIAN_POINT('',(13.0445590371833,-87.2807094319017,-21.2684971392709));
#2849=CARTESIAN_POINT('',(12.8930766944863,-86.7994314716136,-22.026608987373));
#2850=CARTESIAN_POINT('',(12.4661772142364,-85.296488371328,-24.2952099960421));
#2851=CARTESIAN_POINT('',(12.2242024014714,-84.2333809667001,-25.7711931360935));
#2852=CARTESIAN_POINT('',(11.9244183129458,-82.4613216981491,-28.0340290919165));
#2853=CARTESIAN_POINT('',(11.8310400657879,-81.8015614577179,-28.8387317403591));
#2854=CARTESIAN_POINT('',(11.6841380185181,-80.3992595585982,-30.4688112962164));
#2855=CARTESIAN_POINT('',(11.6343680322707,-79.6583039912649,-31.2876133870948));
#2856=CARTESIAN_POINT('',(11.6031824280497,-77.370738280783,-33.6809069322177));
#2857=CARTESIAN_POINT('',(11.736623845385,-75.7646332677513,-35.1888100451922));
#2858=CARTESIAN_POINT('',(12.5014672053384,-72.6623670516041,-37.745934697741));
#2859=CARTESIAN_POINT('',(13.0510275928412,-71.2186453154547,-38.8023906762693));
#2860=CARTESIAN_POINT('',(13.9792361249168,-69.4333226250216,-39.9506103700258));
#2861=CARTESIAN_POINT('',(14.1632464425097,-69.0998885045654,-40.1583224227026));
#2862=CARTESIAN_POINT('',(14.5449339712397,-68.4458209840998,-40.5528145885163));
#2863=CARTESIAN_POINT('',(14.7411796072008,-68.1263704385718,-40.7393370615401));
#2864=CARTESIAN_POINT('',(15.3361587212258,-67.203406610116,-41.2608138393572));
#2865=CARTESIAN_POINT('',(15.754619376413,-66.6084664777836,-41.5752692792937));
#2866=CARTESIAN_POINT('',(16.6228308030634,-65.4638682559864,-42.140438286314));
#2867=CARTESIAN_POINT('',(17.0648267981753,-64.9192224733929,-42.3911234289586));
#2868=CARTESIAN_POINT('',(17.9697943259757,-63.8699417963803,-42.8400403986164));
#2869=CARTESIAN_POINT('',(18.426408432328,-63.3683794089931,-43.038981033857));
#2870=CARTESIAN_POINT('',(19.7881731286224,-61.9556695041567,-43.5534141451631));
#2871=CARTESIAN_POINT('',(20.7521725345571,-61.0518882803436,-43.8256556120785));
#2872=CARTESIAN_POINT('',(22.2406763808012,-59.8226558284835,-44.0990887227738));
#2873=CARTESIAN_POINT('',(22.7324072251266,-59.4406111221703,-44.168230181311));
#2874=CARTESIAN_POINT('',(23.736196157693,-58.7179708006563,-44.2615043332563));
#2875=CARTESIAN_POINT('',(24.2410705908203,-58.3809241386617,-44.2863382628639));
#2876=CARTESIAN_POINT('',(25.7985179616549,-57.4369983232432,-44.2863487481053));
#2877=CARTESIAN_POINT('',(26.8591232567441,-56.9217705093247,-44.1864781453107));
#2878=CARTESIAN_POINT('',(28.5580999834084,-56.3396914073183,-43.8400493385467));
#2879=CARTESIAN_POINT('',(29.1268943012402,-56.1831345117493,-43.6943764095856));
#2880=CARTESIAN_POINT('',(30.3065840765921,-55.9370582123464,-43.3299461856202));
#2881=CARTESIAN_POINT('',(30.8982195364046,-55.8552035716716,-43.1142779106985));
#2882=CARTESIAN_POINT('',(32.8249439987503,-55.720571097125,-42.3042234887891));
#2883=CARTESIAN_POINT('',(34.0873329407913,-55.839878976152,-41.6036163649894));
#2884=CARTESIAN_POINT('',(35.9929264285818,-56.3316345190803,-40.275837598459));
#2885=CARTESIAN_POINT('',(36.6730681527762,-56.5916743615632,-39.7294663186016));
#2886=CARTESIAN_POINT('',(37.666221638628,-57.0756523853252,-38.8322198446631));
#2887=CARTESIAN_POINT('',(37.9991399083628,-57.2582706460467,-38.5119220665421));
#2888=CARTESIAN_POINT('',(38.6558834031461,-57.6518972480205,-37.8453219750827));
#2889=CARTESIAN_POINT('',(38.9768922589664,-57.862604841063,-37.5004533597911));
#2890=CARTESIAN_POINT('',(39.93016657292,-58.5304889502853,-36.426941775458));
#2891=CARTESIAN_POINT('',(40.5245952521124,-59.0077365261373,-35.6866447921013));
#2892=CARTESIAN_POINT('',(41.6357906869279,-59.9470109912879,-34.2129287728255));
#2893=CARTESIAN_POINT('',(42.152178542957,-60.406990485011,-33.484434095759));
#2894=CARTESIAN_POINT('',(43.5594372174719,-61.639790788195,-31.4420682887938));
#2895=CARTESIAN_POINT('',(44.435864460625,-62.3822354895946,-30.1071283244052));
#2896=CARTESIAN_POINT('',(46.1248579334661,-63.8252743727959,-27.3580118724915));
#2897=CARTESIAN_POINT('',(46.9328547423523,-64.52233130118,-25.9504472334386));
#2898=CARTESIAN_POINT('',(48.5283609456818,-65.9852634452466,-22.9050769808209));
#2899=CARTESIAN_POINT('',(49.2977186394891,-66.7439291156936,-21.2715721425878));
#2900=CARTESIAN_POINT('',(50.3142320213586,-67.9150484984845,-18.7596917457352));
#2901=CARTESIAN_POINT('',(50.6288604779787,-68.3092688523925,-17.9152806298369));
#2902=CARTESIAN_POINT('',(51.2021259146795,-69.1154713418956,-16.2095612088036));
#2903=CARTESIAN_POINT('',(51.4593559557896,-69.5254974640662,-15.3523482109174));
#2904=CARTESIAN_POINT('',(51.906804389673,-70.3698940353122,-13.6264496991764));
#2905=CARTESIAN_POINT('',(52.0959215194519,-70.8013517200344,-12.7631915038841));
#2906=CARTESIAN_POINT('',(52.4051297631392,-71.687701349493,-11.0290727953337));
#2907=CARTESIAN_POINT('',(52.5242304069609,-72.1395690751817,-10.1640532320803));
#2908=CARTESIAN_POINT('',(52.7789200691068,-73.52329143562,-7.56642367976417));
#2909=CARTESIAN_POINT('',(52.8102602307636,-74.4676840299502,-5.86060237479157));
#2910=CARTESIAN_POINT('',(52.717950120782,-75.4372488201535,-4.15086896962476));
#2911=CARTESIAN_POINT('',(16.1352021291124,28.2146693364069,63.0344807042421));
#2912=CARTESIAN_POINT('',(16.5115596424682,27.5537423462679,63.0418362999778));
#2913=CARTESIAN_POINT('',(16.8960368121862,26.8988427060366,63.0478110663495));
#2914=CARTESIAN_POINT('',(17.7121747103916,25.6501927925735,63.0539626449963));
#2915=CARTESIAN_POINT('',(18.1373934109786,25.0622707269367,63.0543111977565));
#2916=CARTESIAN_POINT('',(19.6109170159958,23.3147846274422,63.0430283605849));
#2917=CARTESIAN_POINT('',(20.7403365111172,22.3569533300986,63.0182425268363));
#2918=CARTESIAN_POINT('',(22.9183982170738,21.1202484954583,62.9396407907261));
#2919=CARTESIAN_POINT('',(23.7725560819705,20.7552576380449,62.9026741582301));
#2920=CARTESIAN_POINT('',(25.2017725832675,20.2777910398275,62.8308386347719));
#2921=CARTESIAN_POINT('',(25.7402983912515,20.1255845605411,62.8016437951391));
#2922=CARTESIAN_POINT('',(26.9026958948987,19.8382774455757,62.7340530774367));
#2923=CARTESIAN_POINT('',(27.5240324614034,19.7094475977209,62.6951955502546));
#2924=CARTESIAN_POINT('',(29.6205533089926,19.3342454328477,62.5544415545062));
#2925=CARTESIAN_POINT('',(31.1308480558071,19.1621315841278,62.4369171047147));
#2926=CARTESIAN_POINT('',(34.3301806725912,18.9242560636889,62.1461443776583));
#2927=CARTESIAN_POINT('',(36.0857683727936,18.8746722299661,61.9602035615843));
#2928=CARTESIAN_POINT('',(38.6922654049217,18.8975627354844,61.6313938848871));
#2929=CARTESIAN_POINT('',(39.5850913571904,18.9231121929276,61.5092689959984));
#2930=CARTESIAN_POINT('',(41.3646808746825,19.0125107257812,61.2432182745686));
#2931=CARTESIAN_POINT('',(42.2484060798272,19.0763178093156,61.0998473675307));
#2932=CARTESIAN_POINT('',(43.9951579283371,19.259728584042,60.7890953501858));
#2933=CARTESIAN_POINT('',(44.8527018712195,19.3776333120627,60.6231837239565));
#2934=CARTESIAN_POINT('',(46.5449458636212,19.6950847199712,60.26280872323));
#2935=CARTESIAN_POINT('',(47.3684549195542,19.8916623251707,60.070746103055));
#2936=CARTESIAN_POINT('',(49.0015342522077,20.4030334852967,59.6362470664922));
#2937=CARTESIAN_POINT('',(49.7891414054202,20.7131639586879,59.3991007844906));
#2938=CARTESIAN_POINT('',(50.9391032583212,21.2910043204676,59.0005632955348));
#2939=CARTESIAN_POINT('',(51.3156229023565,21.5026072335493,58.8606799010485));
#2940=CARTESIAN_POINT('',(52.0560572578653,21.9654047293653,58.5657307080906));
#2941=CARTESIAN_POINT('',(52.4156021925488,22.2147418165081,58.4119817375132));
#2942=CARTESIAN_POINT('',(53.4914770719934,23.0366446608827,57.9189879574902));
#2943=CARTESIAN_POINT('',(54.1468733344371,23.6466756351935,57.5710437798553));
#2944=CARTESIAN_POINT('',(55.3988040820454,25.0204700723877,56.8126434218966));
#2945=CARTESIAN_POINT('',(55.9676759591606,25.7680013985624,56.4125206006234));
#2946=CARTESIAN_POINT('',(56.7739843946004,27.0070282867769,55.7668336740687));
#2947=CARTESIAN_POINT('',(57.0442690367289,27.4627162077041,55.5327195786929));
#2948=CARTESIAN_POINT('',(57.5580196900698,28.4085087401694,55.0539854927079));
#2949=CARTESIAN_POINT('',(57.7989785240949,28.8961545042991,54.8107135650729));
#2950=CARTESIAN_POINT('',(58.4860459006963,30.4200063178831,54.0622825925556));
#2951=CARTESIAN_POINT('',(58.8732041205624,31.4905363381998,53.5555307044537));
#2952=CARTESIAN_POINT('',(59.4400133545562,33.7303773596007,52.6026640785378));
#2953=CARTESIAN_POINT('',(59.6182739965788,34.9141158457694,52.1526808709699));
#2954=CARTESIAN_POINT('',(59.6466189280085,36.7388494654409,51.6125245819507));
#2955=CARTESIAN_POINT('',(59.6161172858785,37.3460353385458,51.4577948045096));
#2956=CARTESIAN_POINT('',(59.4647539294599,38.5751145991514,51.2050234117447));
#2957=CARTESIAN_POINT('',(59.3465348127577,39.1768335691211,51.1111476955205));
#2958=CARTESIAN_POINT('',(59.0350700203609,40.376661924687,50.9747360253867));
#2959=CARTESIAN_POINT('',(58.8470305852856,40.9597201331191,50.9329473939792));
#2960=CARTESIAN_POINT('',(58.4184344463996,42.1100374025042,50.886918780856));
#2961=CARTESIAN_POINT('',(58.181179608537,42.6685181661371,50.8831206191782));
#2962=CARTESIAN_POINT('',(57.6690923442904,43.7640917505816,50.9031917016086));
#2963=CARTESIAN_POINT('',(57.3968090592668,44.2963159560083,50.9268900952177));
#2964=CARTESIAN_POINT('',(56.8928989836662,45.2196910183239,50.9844155860291));
#2965=CARTESIAN_POINT('',(56.6683094153191,45.6122861084719,51.0142370946115));
#2966=CARTESIAN_POINT('',(55.9964042119985,46.7415182190338,51.1121662214753));
#2967=CARTESIAN_POINT('',(55.5340760888251,47.4653772409019,51.1894532898734));
#2968=CARTESIAN_POINT('',(54.5911420020907,48.8688093973084,51.3550443896771));
#2969=CARTESIAN_POINT('',(54.1122165861944,49.5459496911255,51.4436921002496));
#2970=CARTESIAN_POINT('',(53.35577402136,50.5691976858992,51.5874989108456));
#2971=CARTESIAN_POINT('',(53.0887284506446,50.9220040766284,51.6389820590146));
#2972=CARTESIAN_POINT('',(52.5534879317309,51.613737843838,51.7430730533313));
#2973=CARTESIAN_POINT('',(52.2856312276305,51.9526215131729,51.7955774008935));
#2974=CARTESIAN_POINT('',(51.4929608567777,52.936206596007,51.9513011444339));
#2975=CARTESIAN_POINT('',(50.9601535447221,53.5732338317703,52.0564096312245));
#2976=CARTESIAN_POINT('',(49.8510175738166,54.8598373271825,52.2717279421868));
#2977=CARTESIAN_POINT('',(49.2450713335053,55.5443444214354,52.3863641004872));
#2978=CARTESIAN_POINT('',(48.0740729149367,56.8166408569872,52.6036774046501));
#2979=CARTESIAN_POINT('',(47.4790653836815,57.4375875005027,52.7125958499716));
#2980=CARTESIAN_POINT('',(45.7262661620938,59.1534496951748,53.0383814288635));
#2981=CARTESIAN_POINT('',(44.5182855337241,60.2029469242145,53.2689269006832));
#2982=CARTESIAN_POINT('',(42.605029938081,61.5312636646119,53.6754215714622));
#2983=CARTESIAN_POINT('',(41.9795730337063,61.9192132628163,53.8142004673014));
#2984=CARTESIAN_POINT('',(40.6820706323714,62.6241746023675,54.1140647350542));
#2985=CARTESIAN_POINT('',(40.0204721964076,62.9363220155671,54.2723477783036));
#2986=CARTESIAN_POINT('',(38.0010702700882,63.757187463495,54.7649932970113));
#2987=CARTESIAN_POINT('',(36.6084508147223,64.1530694460897,55.1168179829022));
#2988=CARTESIAN_POINT('',(33.7350524170569,64.651890278806,55.8597510194464));
#2989=CARTESIAN_POINT('',(32.2718685242911,64.7425882879557,56.2485117561947));
#2990=CARTESIAN_POINT('',(29.2095823954301,64.5966918033798,57.0860933632785));
#2991=CARTESIAN_POINT('',(27.6418901787862,64.3350777903746,57.5255911679506));
#2992=CARTESIAN_POINT('',(25.7080967419836,63.7806275198507,58.0647134717001));
#2993=CARTESIAN_POINT('',(25.3099176378669,63.6535378569134,58.1755584155307));
#2994=CARTESIAN_POINT('',(24.5123202370012,63.3728895415427,58.3968785835494));
#2995=CARTESIAN_POINT('',(24.1147203038976,63.2194294218213,58.5068592834288));
#2996=CARTESIAN_POINT('',(22.9138777940825,62.7151932600924,58.8372507089407));
#2997=CARTESIAN_POINT('',(22.1321456053328,62.331415561574,59.0496871164107));
#2998=CARTESIAN_POINT('',(20.5487060809701,61.4254783106683,59.4760207288842));
#2999=CARTESIAN_POINT('',(19.7681705862614,60.9055782908825,59.6839969498846));
#3000=CARTESIAN_POINT('',(18.6419986594097,60.0194281963747,59.9857790268192));
#3001=CARTESIAN_POINT('',(18.27566873928,59.7065482121516,60.0842732163467));
#3002=CARTESIAN_POINT('',(17.5635055547501,59.0399214232211,60.2782642311717));
#3003=CARTESIAN_POINT('',(17.2217575357065,58.6890243154905,60.3726984229396));
#3004=CARTESIAN_POINT('',(16.2140117711684,57.5453663183388,60.6580845817515));
#3005=CARTESIAN_POINT('',(15.642825226425,56.7342609841608,60.8322199596705));
#3006=CARTESIAN_POINT('',(14.8993122609578,55.3520339708685,61.0914478549199));
#3007=CARTESIAN_POINT('',(14.6756299177602,54.8708826770953,61.1755011552904));
#3008=CARTESIAN_POINT('',(14.2665078934419,53.8708244058444,61.3392283377028));
#3009=CARTESIAN_POINT('',(14.0849746212889,53.3569579516138,61.4177901220227));
#3010=CARTESIAN_POINT('',(13.5898910777678,51.7668431361769,61.6461901176291));
#3011=CARTESIAN_POINT('',(13.3424693107932,50.6831029033661,61.7821377371272));
#3012=CARTESIAN_POINT('',(13.0282904492042,49.0250834261344,61.9683750191733));
#3013=CARTESIAN_POINT('',(12.9335478233437,48.4653656250576,62.027537436846));
#3014=CARTESIAN_POINT('',(12.7608637032121,47.3680358504945,62.1373292723689));
#3015=CARTESIAN_POINT('',(12.6814679716546,46.8311680904684,62.1882042114738));
#3016=CARTESIAN_POINT('',(12.5386346724292,45.7989264804425,62.2810607887707));
#3017=CARTESIAN_POINT('',(12.4752662277948,45.3039159790401,62.3233771784667));
#3018=CARTESIAN_POINT('',(12.3637190480845,44.319365354964,62.4033335896925));
#3019=CARTESIAN_POINT('',(12.3153056180818,43.8304174922606,62.4409953505822));
#3020=CARTESIAN_POINT('',(12.203181049427,42.4257116438076,62.5435115221373));
#3021=CARTESIAN_POINT('',(12.1620986227611,41.5121574555216,62.6033586172143));
#3022=CARTESIAN_POINT('',(12.1789067157865,39.5228567031388,62.7195021737232));
#3023=CARTESIAN_POINT('',(12.2535848341196,38.4665038166004,62.7723974933671));
#3024=CARTESIAN_POINT('',(12.6538956878319,36.0514099505565,62.8735920705322));
#3025=CARTESIAN_POINT('',(13.0346979637705,34.7618257007267,62.9133495846536));
#3026=CARTESIAN_POINT('',(14.245929858823,31.6492032998781,62.9887819502661));
#3027=CARTESIAN_POINT('',(15.1653148975327,29.9179026350797,63.0155250619652));
#3028=CARTESIAN_POINT('',(16.135202129423,28.2146693364227,63.0344807042302));
#3029=CARTESIAN_POINT('',(63.5709177640352,-30.4794848626022,44.2633369755603));
#3030=CARTESIAN_POINT('',(62.4166644123556,-30.4008825998294,45.3920988847679));
#3031=CARTESIAN_POINT('',(61.198937058317,-30.347460303815,46.5064345341588));
#3032=CARTESIAN_POINT('',(59.3905464420176,-30.3728344228366,48.0087741399066));
#3033=CARTESIAN_POINT('',(58.8178790437906,-30.3951659454175,48.4634670514488));
#3034=CARTESIAN_POINT('',(57.6842919343565,-30.4816556413606,49.3136399132212));
#3035=CARTESIAN_POINT('',(57.1294002440836,-30.5431746827901,49.7075752351436));
#3036=CARTESIAN_POINT('',(56.0224247168326,-30.7228290436315,50.4407363300262));
#3037=CARTESIAN_POINT('',(55.4796302628278,-30.8368960433007,50.7762618747178));
#3038=CARTESIAN_POINT('',(54.4048098176574,-31.1449180563844,51.3827019861601));
#3039=CARTESIAN_POINT('',(53.8890806598858,-31.3292569408072,51.6477656618268));
#3040=CARTESIAN_POINT('',(52.8763755368195,-31.8062027340944,52.1056207576534));
#3041=CARTESIAN_POINT('',(52.4064189919762,-32.0828190861727,52.2885577093874));
#3042=CARTESIAN_POINT('',(51.4756040834996,-32.7731848023872,52.5868881037908));
#3043=CARTESIAN_POINT('',(51.0475573928783,-33.1656730457494,52.6904932114926));
#3044=CARTESIAN_POINT('',(50.2178412460462,-34.0624118911008,52.8352750798014));
#3045=CARTESIAN_POINT('',(49.8381587427984,-34.546614837305,52.8708749541539));
#3046=CARTESIAN_POINT('',(49.1103421885649,-35.5890113490544,52.8932512232407));
#3047=CARTESIAN_POINT('',(48.7735111425301,-36.135758529417,52.8776883583785));
#3048=CARTESIAN_POINT('',(48.1278852338404,-37.2703340343142,52.8123485921924));
#3049=CARTESIAN_POINT('',(47.8235393018178,-37.8527308503296,52.7619876971769));
#3050=CARTESIAN_POINT('',(47.2332479036075,-39.0402380903778,52.6387662366889));
#3051=CARTESIAN_POINT('',(46.9489747774047,-39.6433841658161,52.5656516946443));
#3052=CARTESIAN_POINT('',(46.3838271657806,-40.8643026673445,52.4069668288251));
#3053=CARTESIAN_POINT('',(46.1038618668356,-41.4818383382115,52.3209424506737));
#3054=CARTESIAN_POINT('',(45.5441288376203,-42.7027958617052,52.1476996777273));
#3055=CARTESIAN_POINT('',(45.2644875426229,-43.306118241189,52.0605725191583));
#3056=CARTESIAN_POINT('',(44.6965554233501,-44.4819402590791,51.8948485053247));
#3057=CARTESIAN_POINT('',(44.4091419499695,-45.0539391893368,51.8162690824885));
#3058=CARTESIAN_POINT('',(43.8337056820939,-46.13523606165,51.6753670885335));
#3059=CARTESIAN_POINT('',(43.5495830250972,-46.6451684794387,51.6116682691781));
#3060=CARTESIAN_POINT('',(42.6473667583721,-48.2412075114675,51.4090433613886));
#3061=CARTESIAN_POINT('',(42.0179855776806,-49.3191639729224,51.2672767203181));
#3062=CARTESIAN_POINT('',(41.1591808070738,-50.9750077583361,50.9923788144803));
#3063=CARTESIAN_POINT('',(40.8891048688313,-51.5296157272178,50.8911835172313));
#3064=CARTESIAN_POINT('',(40.3898334807806,-52.676825453981,50.6563022926067));
#3065=CARTESIAN_POINT('',(40.1653413565826,-53.2631144267142,50.5231401705053));
#3066=CARTESIAN_POINT('',(39.7782394114763,-54.4927148000789,50.2109369351744));
#3067=CARTESIAN_POINT('',(39.6237409207617,-55.1232650974898,50.033612314837));
#3068=CARTESIAN_POINT('',(39.4025329746573,-56.4435335683137,49.6220271436745));
#3069=CARTESIAN_POINT('',(39.3449378934533,-57.1135626768203,49.3915137420682));
#3070=CARTESIAN_POINT('',(39.3305903266783,-58.4939374716872,48.8707248529167));
#3071=CARTESIAN_POINT('',(39.3786895807317,-59.1841503427471,48.5858112302486));
#3072=CARTESIAN_POINT('',(39.5513680741444,-60.5735245796661,47.9691182160552));
#3073=CARTESIAN_POINT('',(39.6770731744065,-61.2600654139386,47.6414959681083));
#3074=CARTESIAN_POINT('',(40.0042690693374,-62.6999913432204,46.9074243038744));
#3075=CARTESIAN_POINT('',(40.2115365238598,-63.4413022375353,46.5009033910737));
#3076=CARTESIAN_POINT('',(40.6799111605238,-64.9038176400404,45.6414496002359));
#3077=CARTESIAN_POINT('',(40.9401552129441,-65.6178315666925,45.1916712561377));
#3078=CARTESIAN_POINT('',(41.7841421500315,-67.7208378753323,43.774875258191));
#3079=CARTESIAN_POINT('',(42.4160592579764,-69.0295925552321,42.765618087406));
#3080=CARTESIAN_POINT('',(43.4076368795849,-70.8238935131346,41.1970467326814));
#3081=CARTESIAN_POINT('',(43.7215581375781,-71.3591964944802,40.7016518920299));
#3082=CARTESIAN_POINT('',(44.3721775488935,-72.4058598115007,39.6717818876883));
#3083=CARTESIAN_POINT('',(44.7077850288705,-72.9139371468444,39.1392095538396));
#3084=CARTESIAN_POINT('',(45.4017653959661,-73.8949135457114,38.0346749297647));
#3085=CARTESIAN_POINT('',(45.7583177763073,-74.3641619510389,37.4657100167565));
#3086=CARTESIAN_POINT('',(46.4969856116912,-75.2531470506153,36.2888521112294));
#3087=CARTESIAN_POINT('',(46.8762290473499,-75.6684979219075,35.6858085871867));
#3088=CARTESIAN_POINT('',(47.7039804114121,-76.4682170218205,34.3833955582655));
#3089=CARTESIAN_POINT('',(48.1493802562821,-76.838955616508,33.6909264908442));
#3090=CARTESIAN_POINT('',(49.0939184549817,-77.4668189752896,32.2676798206984));
#3091=CARTESIAN_POINT('',(49.5798785389911,-77.7156637126272,31.5563580956149));
#3092=CARTESIAN_POINT('',(50.3662546810524,-77.9655825904469,30.4756523415631));
#3093=CARTESIAN_POINT('',(50.6316154173039,-78.0265364473749,30.1218769006308));
#3094=CARTESIAN_POINT('',(51.1812105217714,-78.1004279498237,29.4182559030128));
#3095=CARTESIAN_POINT('',(51.4610054437201,-78.1130294591484,29.0739761884869));
#3096=CARTESIAN_POINT('',(52.3211570288129,-78.0776427179761,28.0596980868536));
#3097=CARTESIAN_POINT('',(52.915640043804,-77.9584435371718,27.4146986194977));
#3098=CARTESIAN_POINT('',(53.8272642091603,-77.6495246755382,26.5073875047207));
#3099=CARTESIAN_POINT('',(54.1310577914421,-77.5266054002571,26.2178382680602));
#3100=CARTESIAN_POINT('',(54.7441427036677,-77.2417205332687,25.657676089279));
#3101=CARTESIAN_POINT('',(55.0497008538033,-77.0815589221157,25.3904507225815));
#3102=CARTESIAN_POINT('',(55.9719624524343,-76.5490100653444,24.6156249164803));
#3103=CARTESIAN_POINT('',(56.5758994637921,-76.1352953975564,24.1508559070551));
#3104=CARTESIAN_POINT('',(57.7835626553641,-75.2009126634211,23.2864678636931));
#3105=CARTESIAN_POINT('',(58.3718025036887,-74.6922634332223,22.8974180321627));
#3106=CARTESIAN_POINT('',(59.5329100912686,-73.5961093987472,22.1768708284038));
#3107=CARTESIAN_POINT('',(60.096783314951,-73.0174279904138,21.8507301077271));
#3108=CARTESIAN_POINT('',(61.2034923156807,-71.8040825151408,21.2398974635499));
#3109=CARTESIAN_POINT('',(61.7409747628823,-71.1745938999853,20.9585091657879));
#3110=CARTESIAN_POINT('',(62.7909947083757,-69.8727367636383,20.4349750312934));
#3111=CARTESIAN_POINT('',(63.2998253787174,-69.2046654276055,20.1954260302098));
#3112=CARTESIAN_POINT('',(64.7837780143732,-67.1493323689413,19.551135368642));
#3113=CARTESIAN_POINT('',(65.7173852475276,-65.7111865902733,19.2196388816216));
#3114=CARTESIAN_POINT('',(67.0325441706742,-63.4840237900589,18.9009349337764));
#3115=CARTESIAN_POINT('',(67.4540742038941,-62.7349227750949,18.8246711668024));
#3116=CARTESIAN_POINT('',(68.2698855608841,-61.2160507502947,18.7328764119868));
#3117=CARTESIAN_POINT('',(68.661041923073,-60.4524760681347,18.7174205844543));
#3118=CARTESIAN_POINT('',(69.7925168278066,-58.1382346399988,18.7614255981398));
#3119=CARTESIAN_POINT('',(70.4776607216773,-56.5939151607761,18.9095369068359));
#3120=CARTESIAN_POINT('',(71.7572640513733,-53.4095388338437,19.4261206078597));
#3121=CARTESIAN_POINT('',(72.3321764372188,-51.8090949431361,19.7933709136246));
#3122=CARTESIAN_POINT('',(73.1038762057672,-49.3899327785113,20.4719344360985));
#3123=CARTESIAN_POINT('',(73.3437209799586,-48.5877755713401,20.7170165295056));
#3124=CARTESIAN_POINT('',(73.7907184722605,-46.9890378317055,21.2395312522151));
#3125=CARTESIAN_POINT('',(73.9974491703107,-46.1952573802228,21.5154982588691));
#3126=CARTESIAN_POINT('',(74.5484849516132,-43.9048022482612,22.3602848565943));
#3127=CARTESIAN_POINT('',(74.8542371535805,-42.3905890648566,22.988715844508));
#3128=CARTESIAN_POINT('',(75.1379169881273,-40.2128282697752,24.1351883682212));
#3129=CARTESIAN_POINT('',(75.2026705775607,-39.5001782835622,24.5528586334836));
#3130=CARTESIAN_POINT('',(75.2382943778809,-38.4531486623907,25.2545543429326));
#3131=CARTESIAN_POINT('',(75.2395031220649,-38.1092230671707,25.5004698376724));
#3132=CARTESIAN_POINT('',(75.2170975698942,-37.4308792946918,26.0211719040022));
#3133=CARTESIAN_POINT('',(75.1931880214977,-37.1002019665286,26.2937066737644));
#3134=CARTESIAN_POINT('',(74.9862358185384,-35.3628020641116,27.839955470398));
#3135=CARTESIAN_POINT('',(74.5516079748805,-34.2570056858554,29.2514227743211));
#3136=CARTESIAN_POINT('',(73.6392168461428,-33.2176006452781,31.2107622274909));
#3137=CARTESIAN_POINT('',(73.4350478216288,-33.0267136270282,31.616559581807));
#3138=CARTESIAN_POINT('',(72.9945059936548,-32.677784120059,32.4386678207786));
#3139=CARTESIAN_POINT('',(72.7601609855729,-32.5222325794346,32.850522926953));
#3140=CARTESIAN_POINT('',(72.0187732004276,-32.0940260597984,34.0921042891289));
#3141=CARTESIAN_POINT('',(71.4849896943233,-31.8682698137959,34.9073009223676));
#3142=CARTESIAN_POINT('',(70.3572824344106,-31.4856527806384,36.5165955693533));
#3143=CARTESIAN_POINT('',(69.7705957925972,-31.3306850531217,37.3011040827362));
#3144=CARTESIAN_POINT('',(68.5645286409035,-31.067600334931,38.8294695492425));
#3145=CARTESIAN_POINT('',(67.949902031252,-30.9592579667634,39.5692766852026));
#3146=CARTESIAN_POINT('',(66.7061325743034,-30.7767047977452,40.9989915088318));
#3147=CARTESIAN_POINT('',(66.0807224800231,-30.7012576523501,41.6871724895951));
#3148=CARTESIAN_POINT('',(64.8295302313776,-30.5745499733611,43.0088329157159));
#3149=CARTESIAN_POINT('',(64.2066667213086,-30.5227780499466,43.6416284002771));
#3150=CARTESIAN_POINT('',(63.5709177640352,-30.4794848626022,44.2633369755603));
#3151=CARTESIAN_POINT('',(51.5016169772475,78.9552531261655,-4.09522035599705));
#3152=CARTESIAN_POINT('',(51.9951023138053,78.8990781103435,-3.32528858511639));
#3153=CARTESIAN_POINT('',(52.5145347170487,78.7812554702612,-2.59576549903139));
#3154=CARTESIAN_POINT('',(53.6148375971873,78.4192159054106,-1.19836444047985));
#3155=CARTESIAN_POINT('',(54.1759014124523,78.1836922753558,-0.552564456948802));
#3156=CARTESIAN_POINT('',(55.3391444345715,77.599202778524,0.669702031065773));
#3157=CARTESIAN_POINT('',(55.9238544074994,77.2604369661046,1.22985036061657));
#3158=CARTESIAN_POINT('',(57.1155301610949,76.4862143702077,2.28081170119879));
#3159=CARTESIAN_POINT('',(57.7087825003988,76.0604499719671,2.76071876680907));
#3160=CARTESIAN_POINT('',(58.9022564717496,75.1299409727323,3.657464822448));
#3161=CARTESIAN_POINT('',(59.4926660926342,74.6330882237991,4.06735502007448));
#3162=CARTESIAN_POINT('',(60.669884264253,73.5752974770368,4.83233755108857));
#3163=CARTESIAN_POINT('',(61.2499422578048,73.020724425085,5.18371273925141));
#3164=CARTESIAN_POINT('',(62.9777847689732,71.2752707767072,6.17141458977271));
#3165=CARTESIAN_POINT('',(64.0924834289665,70.0232933095407,6.7325211147373));
#3166=CARTESIAN_POINT('',(65.6959708292939,68.0028188381333,7.37948686910947));
#3167=CARTESIAN_POINT('',(66.2159804956248,67.3094194601197,7.56130646015039));
#3168=CARTESIAN_POINT('',(67.2328027010063,65.8741928927212,7.85467298051195));
#3169=CARTESIAN_POINT('',(67.723395726073,65.1408166046759,7.96408752623743));
#3170=CARTESIAN_POINT('',(68.6769252458828,63.6318370152569,8.10907483886176));
#3171=CARTESIAN_POINT('',(69.1339766968562,62.865281868403,8.14329304025382));
#3172=CARTESIAN_POINT('',(70.0170983824093,61.2979254533834,8.13883087812142));
#3173=CARTESIAN_POINT('',(70.438011479507,60.5057913860764,8.09977121592629));
#3174=CARTESIAN_POINT('',(71.2464634424991,58.8956539505249,7.95411342852823));
#3175=CARTESIAN_POINT('',(71.6299347105426,58.0852215869105,7.84783194255131));
#3176=CARTESIAN_POINT('',(72.3625391193377,56.4463491347934,7.57619227963471));
#3177=CARTESIAN_POINT('',(72.7086972792885,55.6240214434495,7.41148290627719));
#3178=CARTESIAN_POINT('',(73.6989333241321,53.1332852526314,6.84111813507004));
#3179=CARTESIAN_POINT('',(74.2796158898438,51.4771618246863,6.36662875851794));
#3180=CARTESIAN_POINT('',(75.0745104753806,48.9486785762537,5.54596381030379));
#3181=CARTESIAN_POINT('',(75.3290325969588,48.088787480371,5.25066463465996));
#3182=CARTESIAN_POINT('',(75.7986172362765,46.4022052846373,4.63767715789045));
#3183=CARTESIAN_POINT('',(76.0133166725153,45.5787571000033,4.32064625552477));
#3184=CARTESIAN_POINT('',(76.4064440291472,43.938818724027,3.6319676764024));
#3185=CARTESIAN_POINT('',(76.5838085275268,43.1276122844273,3.26320044861766));
#3186=CARTESIAN_POINT('',(76.8932132635518,41.5202694254766,2.44738717223923));
#3187=CARTESIAN_POINT('',(77.0232870568054,40.7346851456933,2.00597037290267));
#3188=CARTESIAN_POINT('',(77.1705899483714,39.5865837526806,1.26073348275771));
#3189=CARTESIAN_POINT('',(77.2112157222325,39.2124578543206,1.00064634215219));
#3190=CARTESIAN_POINT('',(77.2722355649526,38.4798353136303,0.445501375399398));
#3191=CARTESIAN_POINT('',(77.2923358656769,38.1252202571346,0.153524667255494));
#3192=CARTESIAN_POINT('',(77.3079200916182,37.4397153131254,-0.469917627849084));
#3193=CARTESIAN_POINT('',(77.3028114099502,37.1151123613612,-0.796983956870637));
#3194=CARTESIAN_POINT('',(77.2616410605567,36.4959140160813,-1.50194559265191));
#3195=CARTESIAN_POINT('',(77.2254288155187,36.2099317977873,-1.87194476240531));
#3196=CARTESIAN_POINT('',(77.0579106361211,35.4202726498687,-3.06844419374292));
#3197=CARTESIAN_POINT('',(76.8774911879617,35.0451233941345,-3.89895699772095));
#3198=CARTESIAN_POINT('',(76.3522058211438,34.5770353425665,-5.70040509110504));
#3199=CARTESIAN_POINT('',(76.0185023541035,34.4945486069203,-6.62960076541437));
#3200=CARTESIAN_POINT('',(75.3246561579328,34.4995001317636,-8.35247558401182));
#3201=CARTESIAN_POINT('',(74.9463621597273,34.5780674399158,-9.2022796583811));
#3202=CARTESIAN_POINT('',(74.1807084684278,34.8099887072774,-10.811115227677));
#3203=CARTESIAN_POINT('',(73.7813701932096,34.9656917791511,-11.5977621257172));
#3204=CARTESIAN_POINT('',(72.9585216061926,35.3205399016385,-13.1428805039629));
#3205=CARTESIAN_POINT('',(72.537652293775,35.5179642352297,-13.8973708650789));
#3206=CARTESIAN_POINT('',(71.6785615920686,35.9336668191535,-15.3809801742741));
#3207=CARTESIAN_POINT('',(71.2415535830268,36.1511257145345,-16.1086932538416));
#3208=CARTESIAN_POINT('',(70.3533923904176,36.5911287102029,-17.5437229198569));
#3209=CARTESIAN_POINT('',(69.9028656926891,36.813437311829,-18.2504405771236));
#3210=CARTESIAN_POINT('',(68.97935057413,37.256356463174,-19.6631228340541));
#3211=CARTESIAN_POINT('',(68.5065575428685,37.4761849993036,-20.3687131665494));
#3212=CARTESIAN_POINT('',(67.476146505723,37.9315226265773,-21.8730756343692));
#3213=CARTESIAN_POINT('',(66.9165797778856,38.1641920513098,-22.6702693610761));
#3214=CARTESIAN_POINT('',(65.7518420142822,38.6264836773486,-24.2823689073053));
#3215=CARTESIAN_POINT('',(65.1464163735567,38.8554608655034,-25.0958165938357));
#3216=CARTESIAN_POINT('',(64.0076405766328,39.2729479437525,-26.5741103228713));
#3217=CARTESIAN_POINT('',(63.478983885754,39.4617435317329,-27.2410664894718));
#3218=CARTESIAN_POINT('',(62.405094428389,39.8452726211364,-28.5505245770018));
#3219=CARTESIAN_POINT('',(61.8608360524664,40.0395339864742,-29.1923155582082));
#3220=CARTESIAN_POINT('',(60.7624503681409,40.4420065290928,-30.4375322821664));
#3221=CARTESIAN_POINT('',(60.2102196314578,40.6491848398511,-31.0400022045496));
#3222=CARTESIAN_POINT('',(59.1061047915052,41.0912439290729,-32.1881424763948));
#3223=CARTESIAN_POINT('',(58.5580603506516,41.3234671846226,-32.7321633146476));
#3224=CARTESIAN_POINT('',(56.9614329406266,42.0741364729022,-34.2239562281748));
#3225=CARTESIAN_POINT('',(55.9054787371541,42.6568768270983,-35.1010579628841));
#3226=CARTESIAN_POINT('',(54.359094330159,43.8586063489641,-36.1214045633684));
#3227=CARTESIAN_POINT('',(53.8897084363269,44.271202387653,-36.3945668334367));
#3228=CARTESIAN_POINT('',(52.9764645074865,45.1654714077155,-36.8565709711766));
#3229=CARTESIAN_POINT('',(52.5459773620643,45.6312173456109,-37.0408600001546));
#3230=CARTESIAN_POINT('',(51.70912339211,46.6047837285453,-37.3431946246807));
#3231=CARTESIAN_POINT('',(51.3100708105882,47.102562451138,-37.4597856705667));
#3232=CARTESIAN_POINT('',(50.5262319981678,48.1210027835684,-37.6475082337649));
#3233=CARTESIAN_POINT('',(50.1448843238198,48.6373370577538,-37.7178574196742));
#3234=CARTESIAN_POINT('',(49.0065246338509,50.197635805994,-37.8878187267909));
#3235=CARTESIAN_POINT('',(48.2589361532596,51.2478030283467,-37.9462033741184));
#3236=CARTESIAN_POINT('',(47.0916999553091,52.7886285930331,-38.0337528751583));
#3237=CARTESIAN_POINT('',(46.6964071203656,53.2949740283459,-38.062628016441));
#3238=CARTESIAN_POINT('',(45.8793363662191,54.2929739859867,-38.1310821819376));
#3239=CARTESIAN_POINT('',(45.4580548325043,54.7834437526755,-38.1707888105617));
#3240=CARTESIAN_POINT('',(44.6103152900351,55.7615680797004,-38.2349997154282));
#3241=CARTESIAN_POINT('',(44.1845381895598,56.2485684580515,-38.2593797266986));
#3242=CARTESIAN_POINT('',(43.3354367536186,57.257043274774,-38.2624005411266));
#3243=CARTESIAN_POINT('',(42.9165629611732,57.7736642353955,-38.2401163139205));
#3244=CARTESIAN_POINT('',(42.0555346741212,58.9537698904141,-38.0910005361876));
#3245=CARTESIAN_POINT('',(41.6464243679542,59.5946917922894,-37.9504297799427));
#3246=CARTESIAN_POINT('',(40.9290002454367,61.0320348374606,-37.4526050738391));
#3247=CARTESIAN_POINT('',(40.6751776820737,61.7743860648494,-37.0902221080522));
#3248=CARTESIAN_POINT('',(40.361655902759,63.3702293221597,-36.0967691205395));
#3249=CARTESIAN_POINT('',(40.3533189497167,64.155647741095,-35.4727350776098));
#3250=CARTESIAN_POINT('',(40.4587588742406,65.3040432192418,-34.4287071717495));
#3251=CARTESIAN_POINT('',(40.516853469392,65.6852161937403,-34.0563918071645));
#3252=CARTESIAN_POINT('',(40.6451807817752,66.3499890647686,-33.371468604531));
#3253=CARTESIAN_POINT('',(40.7102648528026,66.6355225316,-33.0642900829734));
#3254=CARTESIAN_POINT('',(40.9309122568074,67.4984820636434,-32.1009183899657));
#3255=CARTESIAN_POINT('',(41.1061744509426,68.0512553026285,-31.4339179905234));
#3256=CARTESIAN_POINT('',(41.4909124724136,69.1209452027038,-30.0602503166891));
#3257=CARTESIAN_POINT('',(41.6998185602294,69.6335921840474,-29.3577129419437));
#3258=CARTESIAN_POINT('',(42.3345846518271,71.0605288909957,-27.2887880162731));
#3259=CARTESIAN_POINT('',(42.7825767233217,71.9158758357227,-25.903910563603));
#3260=CARTESIAN_POINT('',(43.5193720952666,73.1766599305511,-23.6612156183451));
#3261=CARTESIAN_POINT('',(43.7950480325796,73.6173422429818,-22.8306822311653));
#3262=CARTESIAN_POINT('',(44.3549572715473,74.4610606326836,-21.1516329893031));
#3263=CARTESIAN_POINT('',(44.6380897700728,74.8634367660274,-20.3051983946059));
#3264=CARTESIAN_POINT('',(45.5021181297526,76.0108918724846,-17.745281534377));
#3265=CARTESIAN_POINT('',(46.0933253615442,76.6931409200316,-16.0219600878477));
#3266=CARTESIAN_POINT('',(47.3746563340056,77.8410355716835,-12.5525752631394));
#3267=CARTESIAN_POINT('',(48.0738673218962,78.3164006466281,-10.7803395031334));
#3268=CARTESIAN_POINT('',(49.2449175952906,78.7744516006891,-8.19867837658247));
#3269=CARTESIAN_POINT('',(49.6542332063596,78.8855054221437,-7.3529798827659));
#3270=CARTESIAN_POINT('',(50.5354403590056,79.0042940263333,-5.68638850858347));
#3271=CARTESIAN_POINT('',(50.996736635732,79.0127252718845,-4.88293052006659));
#3272=CARTESIAN_POINT('',(51.5016169772475,78.9552531261655,-4.09522035599705));
#3273=CARTESIAN_POINT('',(29.0355289398312,-55.7982939938123,51.6847324018963));
#3274=CARTESIAN_POINT('',(28.4910619247447,-55.9333215990456,51.6709532644732));
#3275=CARTESIAN_POINT('',(27.9504016958212,-56.0791509184443,51.6479802787609));
#3276=CARTESIAN_POINT('',(26.8637386585049,-56.3943164607072,51.5877026897533));
#3277=CARTESIAN_POINT('',(26.3191930334986,-56.5635059830722,51.5502445443972));
#3278=CARTESIAN_POINT('',(25.2212167038832,-56.924672581977,51.4643299481977));
#3279=CARTESIAN_POINT('',(24.6689320108041,-57.1167800273311,51.4156906894009));
#3280=CARTESIAN_POINT('',(23.5516892564361,-57.5233164149437,51.3100688512237));
#3281=CARTESIAN_POINT('',(22.9876191759669,-57.7380447897292,51.2529180617135));
#3282=CARTESIAN_POINT('',(22.1004395010458,-58.0872555875435,51.1596988471426));
#3283=CARTESIAN_POINT('',(21.7758052057818,-58.2174022345664,51.1248931204302));
#3284=CARTESIAN_POINT('',(21.1202795726395,-58.4846719294101,51.0536012157397));
#3285=CARTESIAN_POINT('',(20.7894964163583,-58.6218816982033,51.0170957367048));
#3286=CARTESIAN_POINT('',(19.9270104267222,-58.9853378845344,50.9209699860327));
#3287=CARTESIAN_POINT('',(19.3965601651558,-59.2139389590205,50.8611291699956));
#3288=CARTESIAN_POINT('',(17.5753408381709,-60.0365732430366,50.6482456411297));
#3289=CARTESIAN_POINT('',(16.2872766606465,-60.6838363549411,50.4845270292953));
#3290=CARTESIAN_POINT('',(14.4193127910552,-61.8525220080767,50.1833237727529));
#3291=CARTESIAN_POINT('',(13.782831375185,-62.2986314384298,50.0673905584308));
#3292=CARTESIAN_POINT('',(12.5307102936325,-63.3140650416676,49.7988962357));
#3293=CARTESIAN_POINT('',(11.9381957832828,-63.8762089265459,49.647961106728));
#3294=CARTESIAN_POINT('',(10.1916244228096,-65.8572252652917,49.103777419335));
#3295=CARTESIAN_POINT('',(9.25559239359555,-67.44176785823,48.652285778041));
#3296=CARTESIAN_POINT('',(8.27564752517039,-70.0047929700181,47.8623719923103));
#3297=CARTESIAN_POINT('',(8.02147320234461,-70.9148626353771,47.5711671522467));
#3298=CARTESIAN_POINT('',(7.69585331004538,-72.757978915764,46.9487727125992));
#3299=CARTESIAN_POINT('',(7.62844893066239,-73.6512875585456,46.6321121723079));
#3300=CARTESIAN_POINT('',(7.65606705079442,-75.4784333290549,45.9427184173482));
#3301=CARTESIAN_POINT('',(7.75193039035559,-76.3796005192729,45.5813117456907));
#3302=CARTESIAN_POINT('',(8.06141699283364,-78.1750231894329,44.8093199842384));
#3303=CARTESIAN_POINT('',(8.27259568488375,-79.0504591801764,44.406354643404));
#3304=CARTESIAN_POINT('',(8.51928213944527,-79.9116171208107,43.980209221204));
#3305=CARTESIAN_POINT('',(83.1274291148944,29.0043598456584,14.2803149001186));
#3306=CARTESIAN_POINT('',(83.1948155083977,28.9496620314954,15.0773834398049));
#3307=CARTESIAN_POINT('',(83.2602346086698,28.7614620198324,15.8693388265214));
#3308=CARTESIAN_POINT('',(83.3324370517823,28.3629626144271,17.00698392148));
#3309=CARTESIAN_POINT('',(83.3526496366964,28.2078230985409,17.3836963029584));
#3310=CARTESIAN_POINT('',(83.3827207872193,27.8672089788944,18.1243415321203));
#3311=CARTESIAN_POINT('',(83.392524072816,27.6835475059218,18.4849342538095));
#3312=CARTESIAN_POINT('',(83.4054317014617,27.094259902137,19.5543028364689));
#3313=CARTESIAN_POINT('',(83.3914732630848,26.6598903710521,20.2368780064663));
#3314=CARTESIAN_POINT('',(83.3138565085917,25.7320600868351,21.5758836525323));
#3315=CARTESIAN_POINT('',(83.2493400495178,25.2451066104718,22.2238901735141));
#3316=CARTESIAN_POINT('',(83.0755109590666,24.2401161642666,23.4902754203662));
#3317=CARTESIAN_POINT('',(82.9680668483015,23.724432410542,24.1021952646609));
#3318=CARTESIAN_POINT('',(82.722687122139,22.6544897233008,25.2859523603404));
#3319=CARTESIAN_POINT('',(82.5859743160084,22.1044121535361,25.8533931453646));
#3320=CARTESIAN_POINT('',(82.2942292012218,20.967018358478,26.9397669819209));
#3321=CARTESIAN_POINT('',(82.1405054381396,20.3846334345699,27.4551193909491));
#3322=CARTESIAN_POINT('',(81.8240981240437,19.1837540065133,28.4350430193946));
#3323=CARTESIAN_POINT('',(81.6627571853358,18.5702562014025,28.8963080660577));
#3324=CARTESIAN_POINT('',(81.178755693351,16.6897505679892,30.1954210553126));
#3325=CARTESIAN_POINT('',(80.8590783002477,15.3928077303523,30.9469385917579));
#3326=CARTESIAN_POINT('',(80.3931851426153,13.3631626002709,31.9382861813516));
#3327=CARTESIAN_POINT('',(80.243331679356,12.6867959196374,32.2396289826872));
#3328=CARTESIAN_POINT('',(79.9563602715343,11.3203678478599,32.7878455521898));
#3329=CARTESIAN_POINT('',(79.8198666400259,10.6354812611228,33.0340813858942));
#3330=CARTESIAN_POINT('',(79.5612489985091,9.24777401402223,33.4748835507993));
#3331=CARTESIAN_POINT('',(79.4400789509794,8.55012847384412,33.6680618165685));
#3332=CARTESIAN_POINT('',(79.2169425825162,7.14178687600675,33.9985112547246));
#3333=CARTESIAN_POINT('',(79.1156206598364,6.4372065129946,34.1351681963048));
#3334=CARTESIAN_POINT('',(78.9358591903879,5.0171257822555,34.3497758964333));
#3335=CARTESIAN_POINT('',(78.8579838244446,4.30855504442078,34.4274047070388));
#3336=CARTESIAN_POINT('',(78.7283519567205,2.88288536522389,34.5211425001949));
#3337=CARTESIAN_POINT('',(78.6770430214711,2.17357900070549,34.53730388041));
#3338=CARTESIAN_POINT('',(78.5662227563998,0.032484698640463,34.4891532033489));
#3339=CARTESIAN_POINT('',(78.5511219215722,-1.36357955826771,34.3322358392595));
#3340=CARTESIAN_POINT('',(78.6039464558286,-3.46783327906759,33.9213486814562));
#3341=CARTESIAN_POINT('',(78.6341991403509,-4.16078459085271,33.7563170059452));
#3342=CARTESIAN_POINT('',(78.7178001441684,-5.54162723013003,33.3703281075381));
#3343=CARTESIAN_POINT('',(78.7709626265403,-6.22330644204335,33.1506007594078));
#3344=CARTESIAN_POINT('',(78.8976653736709,-7.57790538044209,32.6580314451066));
#3345=CARTESIAN_POINT('',(78.9708483635981,-8.2454033388944,32.3867323894074));
#3346=CARTESIAN_POINT('',(79.1352098123073,-9.57029446964851,31.7922322939157));
#3347=CARTESIAN_POINT('',(79.226108465738,-10.2226725595688,31.4704193861956));
#3348=CARTESIAN_POINT('',(79.4226107955628,-11.5148800838336,30.7768783774336));
#3349=CARTESIAN_POINT('',(79.5276588027291,-12.150372299284,30.4069417731886));
#3350=CARTESIAN_POINT('',(79.7500892442545,-13.4050626122293,29.6168890510812));
#3351=CARTESIAN_POINT('',(79.8669610959231,-14.0199510928114,29.1985884526785));
#3352=CARTESIAN_POINT('',(80.1091484935527,-15.230171865521,28.3125464528094));
#3353=CARTESIAN_POINT('',(80.2338242417468,-15.8215255469359,27.8468708672063));
#3354=CARTESIAN_POINT('',(80.4846530687253,-16.9804317495227,26.8715339564824));
#3355=CARTESIAN_POINT('',(80.6102262780316,-17.5446051839939,26.3640009552242));
#3356=CARTESIAN_POINT('',(80.9770813490116,-19.1967725354514,24.7856801324126));
#3357=CARTESIAN_POINT('',(81.2091838277182,-20.252063750432,23.6513820626241));
#3358=CARTESIAN_POINT('',(81.4405369444793,-21.4880487317274,22.1799398166903));
#3359=CARTESIAN_POINT('',(81.4843367433241,-21.7347136171212,21.8785188867363));
#3360=CARTESIAN_POINT('',(81.564424681485,-22.2179947189662,21.2728522948639));
#3361=CARTESIAN_POINT('',(81.6011630536751,-22.4536510397325,20.968588361216));
#3362=CARTESIAN_POINT('',(81.7047790222155,-23.1468441141848,20.0349323607201));
#3363=CARTESIAN_POINT('',(81.7636291860972,-23.5829991458961,19.3956144165881));
#3364=CARTESIAN_POINT('',(81.8712110339854,-24.363060112027,18.0594599565092));
#3365=CARTESIAN_POINT('',(81.9184558542307,-24.6996042447383,17.3815071401678));
#3366=CARTESIAN_POINT('',(82.0179526621718,-25.230026389197,15.924691301122));
#3367=CARTESIAN_POINT('',(82.0682735204895,-25.413297106545,15.1659248961552));
#3368=CARTESIAN_POINT('',(82.1284641848878,-25.4687056300504,14.384349911023));
#3369=CARTESIAN_POINT('',(21.943555990344,-35.4899741084307,-54.8732354442768));
#3370=CARTESIAN_POINT('',(21.5898324869483,-36.7806543471062,-54.5740607849709));
#3371=CARTESIAN_POINT('',(21.104473826651,-38.0402989312602,-54.2931341998679));
#3372=CARTESIAN_POINT('',(19.9500677915051,-40.4318843321432,-53.7680894317703));
#3373=CARTESIAN_POINT('',(19.2936938290569,-41.5544794021146,-53.5257863830095));
#3374=CARTESIAN_POINT('',(17.1287901758924,-44.741246092578,-52.8386381018072));
#3375=CARTESIAN_POINT('',(15.3978201468436,-46.7073685677574,-52.4133079669596));
#3376=CARTESIAN_POINT('',(12.4472644240599,-49.1120764508223,-51.924127259301));
#3377=CARTESIAN_POINT('',(11.42009870451,-49.8203654270012,-51.7854988661767));
#3378=CARTESIAN_POINT('',(9.26988268489746,-51.0294034566805,-51.5613519254871));
#3379=CARTESIAN_POINT('',(8.17236696820778,-51.5229168910797,-51.4769863564403));
#3380=CARTESIAN_POINT('',(4.7690090291557,-52.7173971168631,-51.2809164075344));
#3381=CARTESIAN_POINT('',(2.38818534468101,-53.1302315072042,-51.2250982310453));
#3382=CARTESIAN_POINT('',(4.87894935293991E-5,-53.1303040556604,-51.2252594666741));
#3383=CARTESIAN_POINT('',(4.85595286720655E-5,-53.1303040556792,-51.2252594666842));
#3384=CARTESIAN_POINT('',(4.83295638145827E-5,-53.1303040556981,-51.2252594666942));
#3385=CARTESIAN_POINT('',(4.80995986498761E-5,-53.1303040550895,-51.2252594669948));
#3386=CARTESIAN_POINT('',(4.79228722807039E-5,-53.130304055104,-51.2252594670025));
#3387=CARTESIAN_POINT('',(4.77461459114437E-5,-53.1303040551184,-51.2252594670103));
#3388=CARTESIAN_POINT('',(4.75694195170701E-5,-53.1303040250802,-51.2252594809376));
#3389=CARTESIAN_POINT('',(3.17117768051904E-5,-53.1303040263785,-51.2252594816297));
#3390=CARTESIAN_POINT('',(1.58541333840958E-5,-53.1303040276643,-51.2252594823217));
#3391=CARTESIAN_POINT('',(-3.50999466320651E-9,-53.1303040424699,-51.2252594767467));
#3392=CARTESIAN_POINT('',(-1.58079169842813E-5,-53.1303040558745,-51.2252594692598));
#3393=CARTESIAN_POINT('',(-3.16123235189601E-5,-53.1303040557859,-51.2252594680176));
#3394=CARTESIAN_POINT('',(-4.7416729349222E-5,-53.1303040557379,-51.2252594667508));
#3395=CARTESIAN_POINT('',(-4.7646692696708E-5,-53.130304055719,-51.2252594667407));
#3396=CARTESIAN_POINT('',(-4.7876656044045E-5,-53.1303040557002,-51.2252594667307));
#3397=CARTESIAN_POINT('',(-4.81066193907571E-5,-53.1303040551168,-51.2252594669822));
#3398=CARTESIAN_POINT('',(-4.82833452005915E-5,-53.1303040551023,-51.2252594669745));
#3399=CARTESIAN_POINT('',(-4.84600710103377E-5,-53.1303040550878,-51.2252594669668));
#3400=CARTESIAN_POINT('',(-4.8636803336622E-5,-53.1303040585463,-51.2252594653505));
#3401=CARTESIAN_POINT('',(-2.38903760802724,-53.1302312819164,-51.2250982717978));
#3402=CARTESIAN_POINT('',(-4.77071781755792,-52.7170998105642,-51.2809554329738));
#3403=CARTESIAN_POINT('',(-8.17517120578528,-51.5217767841521,-51.4771786477685));
#3404=CARTESIAN_POINT('',(-9.27301223302232,-51.0279114537287,-51.5616137602976));
#3405=CARTESIAN_POINT('',(-11.4238164599084,-49.8180006643656,-51.7859524394448));
#3406=CARTESIAN_POINT('',(-12.4512282161312,-49.1092155537155,-51.9246938050392));
#3407=CARTESIAN_POINT('',(-15.4022614787645,-46.7029826459742,-52.4142320363512));
#3408=CARTESIAN_POINT('',(-17.1335778364419,-44.7355001278099,-52.8398724834459));
#3409=CARTESIAN_POINT('',(-19.2983385462298,-41.5469628961789,-53.5274097056442));
#3410=CARTESIAN_POINT('',(-19.9545957218798,-40.4237185295654,-53.7698594361274));
#3411=CARTESIAN_POINT('',(-21.1085655995849,-38.0305668991712,-54.2952943482171));
#3412=CARTESIAN_POINT('',(-21.5935017126271,-36.7702144532438,-54.5764171546803));
#3413=CARTESIAN_POINT('',(-21.9466516638781,-35.4786644002509,-54.8758573533817));
#3414=CARTESIAN_POINT('',(-21.5577837160151,76.7864532744667,-33.7268748196455));
#3415=CARTESIAN_POINT('',(-22.0365860554725,76.3464929049761,-34.0508181099548));
#3416=CARTESIAN_POINT('',(-22.4812865131278,75.8894808290483,-34.3881629656263));
#3417=CARTESIAN_POINT('',(-23.3065627599869,74.9212931487486,-35.1093997899487));
#3418=CARTESIAN_POINT('',(-23.6772165829371,74.4199745837421,-35.4861499141024));
#3419=CARTESIAN_POINT('',(-24.6879784820553,72.787567614349,-36.7323713919479));
#3420=CARTESIAN_POINT('',(-25.1167740852554,71.6548932355949,-37.6278078305623));
#3421=CARTESIAN_POINT('',(-25.5486015174709,69.8325762906551,-39.06065582036));
#3422=CARTESIAN_POINT('',(-25.6533321187163,69.2000218262319,-39.5557677575475));
#3423=CARTESIAN_POINT('',(-25.8060006120198,67.9070916050517,-40.5537860393489));
#3424=CARTESIAN_POINT('',(-25.8520845287543,67.2512925374573,-41.0530207528438));
#3425=CARTESIAN_POINT('',(-25.9076944453159,65.9326643227312,-42.0346823429613));
#3426=CARTESIAN_POINT('',(-25.9171279468734,65.2721082052138,-42.515776979968));
#3427=CARTESIAN_POINT('',(-25.9238289583157,63.9414228981521,-43.4558787461416));
#3428=CARTESIAN_POINT('',(-25.9212311862142,63.2723830749756,-43.9143137392276));
#3429=CARTESIAN_POINT('',(-25.8832547074325,61.2416679356395,-45.2691023479456));
#3430=CARTESIAN_POINT('',(-25.8216371731533,59.8689892123306,-46.1349727448499));
#3431=CARTESIAN_POINT('',(-25.5852433560406,57.7779659761824,-47.4155920872773));
#3432=CARTESIAN_POINT('',(-25.4793644859888,57.0735555881187,-47.8410613447911));
#3433=CARTESIAN_POINT('',(-25.1822267239637,55.6277505015119,-48.7114840588657));
#3434=CARTESIAN_POINT('',(-24.9861498152671,54.8973582712998,-49.1505562178382));
#3435=CARTESIAN_POINT('',(-24.4592470603093,53.4515491186292,-50.0332893844466));
#3436=CARTESIAN_POINT('',(-24.1327987522947,52.7574033514679,-50.4647986734667));
#3437=CARTESIAN_POINT('',(-23.3424774718953,51.4337183078029,-51.3083746492945));
#3438=CARTESIAN_POINT('',(-22.8960593708775,50.8241420596169,-51.706951214083));
#3439=CARTESIAN_POINT('',(-21.5445220764614,49.2546216453968,-52.7517109828111));
#3440=CARTESIAN_POINT('',(-20.5507363740898,48.362127270034,-53.3657889273467));
#3441=CARTESIAN_POINT('',(-19.0199698587428,47.2202821209352,-54.1571505266816));
#3442=CARTESIAN_POINT('',(-18.5502094345029,46.8972460188062,-54.3820405058235));
#3443=CARTESIAN_POINT('',(-17.6224862115593,46.3095561800476,-54.7927915995742));
#3444=CARTESIAN_POINT('',(-17.1708708193724,46.0434570035477,-54.9791983528319));
#3445=CARTESIAN_POINT('',(-15.885130410328,45.3439821194327,-55.471378715096));
#3446=CARTESIAN_POINT('',(-15.0373655456131,44.946753047736,-55.753676882682));
#3447=CARTESIAN_POINT('',(-13.371760026333,44.2874268981248,-56.2286935147984));
#3448=CARTESIAN_POINT('',(-12.5772853365532,44.0175229572525,-56.424986412493));
#3449=CARTESIAN_POINT('',(-11.0063201020149,43.5573319556249,-56.7600446201561));
#3450=CARTESIAN_POINT('',(-10.2412875383746,43.3643048194786,-56.9003795451748));
#3451=CARTESIAN_POINT('',(-8.71291432049507,43.0329158122009,-57.1398680636359));
#3452=CARTESIAN_POINT('',(-7.956388982401,42.8941189272335,-57.2393436796264));
#3453=CARTESIAN_POINT('',(-6.42881926442457,42.6598145693954,-57.4059686736941));
#3454=CARTESIAN_POINT('',(-5.66273501536653,42.564493135732,-57.472805593771));
#3455=CARTESIAN_POINT('',(-3.26366816172579,42.3294821607393,-57.6361665502846));
#3456=CARTESIAN_POINT('',(-1.63830521616874,42.2616736940094,-57.6815765572303));
#3457=CARTESIAN_POINT('',(-1.23640964745823E-5,42.2616831636427,-57.6816062256707));
#3458=CARTESIAN_POINT('',(-1.05035659594693E-5,42.2616831635552,-57.6816062257376));
#3459=CARTESIAN_POINT('',(-8.6430352997628E-6,42.2616831634675,-57.6816062258046));
#3460=CARTESIAN_POINT('',(2.72603191155711E-6,42.2616831634361,-57.6816062257978));
#3461=CARTESIAN_POINT('',(1.2275404133025E-5,42.2616831634943,-57.6816062257225));
#3462=CARTESIAN_POINT('',(1.23162399474034E-5,42.2616831634963,-57.681606225721));
#3463=CARTESIAN_POINT('',(1.2357075761711E-5,42.2616831634949,-57.6816062257207));
#3464=CARTESIAN_POINT('',(0.838037774444559,42.2616783282542,-57.6815910466676));
#3465=CARTESIAN_POINT('',(1.67451082608042,42.2791419540097,-57.669689574089));
#3466=CARTESIAN_POINT('',(3.30717955190203,42.3553068475848,-57.6176846054238));
#3467=CARTESIAN_POINT('',(4.09990067197988,42.4116153369603,-57.5791501519178));
#3468=CARTESIAN_POINT('',(6.4261495996184,42.6386132670918,-57.4210493726128));
#3469=CARTESIAN_POINT('',(7.97027287917944,42.8718185416876,-57.2562604276179));
#3470=CARTESIAN_POINT('',(11.0730153668698,43.5447431644288,-56.7700192348209));
#3471=CARTESIAN_POINT('',(12.6515391513662,44.0021808092099,-56.4341469894288));
#3472=CARTESIAN_POINT('',(15.0328872880563,44.9450228983381,-55.7549392791309));
#3473=CARTESIAN_POINT('',(15.8766583944022,45.3400877067772,-55.4741708455852));
#3474=CARTESIAN_POINT('',(17.6721282622171,46.3157153621123,-54.7876977747624));
#3475=CARTESIAN_POINT('',(18.6058142917748,46.911532944562,-54.3711868497345));
#3476=CARTESIAN_POINT('',(20.5556696648368,48.365659150337,-53.3632945763253));
#3477=CARTESIAN_POINT('',(21.545970930075,49.2554669419573,-52.7511035409654));
#3478=CARTESIAN_POINT('',(22.8989216598395,50.8280203876645,-51.7044094201096));
#3479=CARTESIAN_POINT('',(23.3435246087368,51.4360776602466,-51.3069794666636));
#3480=CARTESIAN_POINT('',(24.132535352079,52.7569358777582,-50.4650896742673));
#3481=CARTESIAN_POINT('',(24.4588428285393,53.450324590308,-50.0339970181693));
#3482=CARTESIAN_POINT('',(25.2324566828778,55.5743546044766,-48.7374001629074));
#3483=CARTESIAN_POINT('',(25.5028644630145,57.0514353551573,-47.8610355589291));
#3484=CARTESIAN_POINT('',(25.7446367249256,59.1890387836284,-46.5512467448413));
#3485=CARTESIAN_POINT('',(25.7982689900652,59.8775845656807,-46.1233461340231));
#3486=CARTESIAN_POINT('',(25.8738902236261,61.2460102036161,-45.2540363443311));
#3487=CARTESIAN_POINT('',(25.8962824014413,61.9241348900306,-44.8137015464989));
#3488=CARTESIAN_POINT('',(25.9211826537692,63.2816452260999,-43.9082131110886));
#3489=CARTESIAN_POINT('',(25.9234399468933,63.9597559805042,-43.4434792576028));
#3490=CARTESIAN_POINT('',(25.9168763467694,65.3030963764198,-42.4934563352405));
#3491=CARTESIAN_POINT('',(25.9068255213434,65.9675004475109,-42.0091977835935));
#3492=CARTESIAN_POINT('',(25.8225607625311,67.9156087042668,-40.5576525502616));
#3493=CARTESIAN_POINT('',(25.6951038350883,69.212662750062,-39.5481399631174));
#3494=CARTESIAN_POINT('',(25.1174079539782,71.6546215263805,-37.6278917625082));
#3495=CARTESIAN_POINT('',(24.6829138824735,72.8009318163831,-36.7216237638114));
#3496=CARTESIAN_POINT('',(23.6682039119399,74.4329107748517,-35.4763359587539));
#3497=CARTESIAN_POINT('',(23.2974498749763,74.9326498454445,-35.1009657152175));
#3498=CARTESIAN_POINT('',(22.4751875617083,75.8957830051394,-34.3834975836202));
#3499=CARTESIAN_POINT('',(22.0334031473586,76.34958514004,-34.0484812015929));
#3500=CARTESIAN_POINT('',(21.5579080293635,76.7865113870961,-33.7267703540959));
#3501=CARTESIAN_POINT('',(7.27543178327513E-6,101.241246473027,8.43899622809709));
#3502=CARTESIAN_POINT('',(-3.34377314877266E-5,101.241246473164,8.43899622799168));
#3503=CARTESIAN_POINT('',(-3.82903595651268E-5,101.241246472885,8.43899622818665));
#3504=CARTESIAN_POINT('',(-4.31429872717537E-5,101.241246472608,8.43899622838697));
#3505=CARTESIAN_POINT('',(-2.15729601014128,101.241123120986,8.43908554835598));
#3506=CARTESIAN_POINT('',(-4.29822331799388,101.132482801424,8.21307607705875));
#3507=CARTESIAN_POINT('',(-8.32859711823706,100.69711778039,7.37487588789025));
#3508=CARTESIAN_POINT('',(-10.1941656094171,100.391203653368,6.8027048556723));
#3509=CARTESIAN_POINT('',(-13.664556984047,99.6084766051613,5.40567471399517));
#3510=CARTESIAN_POINT('',(-15.2756698425481,99.14779113533,4.60601582518016));
#3511=CARTESIAN_POINT('',(-17.5034587373501,98.3522304119454,3.24667053781917));
#3512=CARTESIAN_POINT('',(-18.2002715762917,98.0768945494917,2.77889758873927));
#3513=CARTESIAN_POINT('',(-19.530489657001,97.4932088847774,1.78791506788757));
#3514=CARTESIAN_POINT('',(-20.1562193375762,97.1892762710165,1.27208045235458));
#3515=CARTESIAN_POINT('',(-21.3365663323823,96.5495968129479,0.179442277461991));
#3516=CARTESIAN_POINT('',(-21.8819605905681,96.2194676430971,-0.388026354768328));
#3517=CARTESIAN_POINT('',(-22.8888747750035,95.5286148892763,-1.59320471298398));
#3518=CARTESIAN_POINT('',(-23.338800585837,95.1758084351876,-2.2175552562126));
#3519=CARTESIAN_POINT('',(-24.1322666291506,94.441050132676,-3.55176524546884));
#3520=CARTESIAN_POINT('',(-24.4603323392382,94.0712204034452,-4.24097553221238));
#3521=CARTESIAN_POINT('',(-24.9782056571872,93.3118599305071,-5.70650802136674));
#3522=CARTESIAN_POINT('',(-25.1590265873381,92.9368604631431,-6.45392803557329));
#3523=CARTESIAN_POINT('',(-25.5145188191175,91.8014402167191,-8.77213914685674));
#3524=CARTESIAN_POINT('',(-25.4880936505146,91.0557418105264,-10.3690070754087));
#3525=CARTESIAN_POINT('',(-25.2437955857089,89.9567395395089,-12.716592071358));
#3526=CARTESIAN_POINT('',(-25.127341735169,89.5894550295881,-13.4998426452368));
#3527=CARTESIAN_POINT('',(-24.8494767434701,88.8484566708275,-15.059740469466));
#3528=CARTESIAN_POINT('',(-24.6887048322588,88.4760095132881,-15.8335845869183));
#3529=CARTESIAN_POINT('',(-24.345798071344,87.7190938852306,-17.3697907018439));
#3530=CARTESIAN_POINT('',(-24.1636814266189,87.33524425356,-18.1311292496079));
#3531=CARTESIAN_POINT('',(-23.8885955991258,86.7449533320437,-19.2655171159319));
#3532=CARTESIAN_POINT('',(-23.7966218943526,86.5458744183042,-19.6421836654442));
#3533=CARTESIAN_POINT('',(-23.6142796750991,86.1418431885698,-20.3933712391836));
#3534=CARTESIAN_POINT('',(-23.523538264178,85.9370621756148,-20.7677761953657));
#3535=CARTESIAN_POINT('',(-23.2493000464661,85.3157739318732,-21.8863840983443));
#3536=CARTESIAN_POINT('',(-23.0638216603928,84.8924606886703,-22.6257756200997));
#3537=CARTESIAN_POINT('',(-22.6698346998425,84.0323497201023,-24.0902806842348));
#3538=CARTESIAN_POINT('',(-22.461982008292,83.5961820206188,-24.8142429243073));
#3539=CARTESIAN_POINT('',(-22.0009924126045,82.7172435661114,-26.2450160572853));
#3540=CARTESIAN_POINT('',(-21.7492420895047,82.2762523807501,-26.9488698953199));
#3541=CARTESIAN_POINT('',(-21.1729603463739,81.4013971098301,-28.3290550899574));
#3542=CARTESIAN_POINT('',(-20.8524110182013,80.9722481956444,-28.998155821743));
#3543=CARTESIAN_POINT('',(-20.1067536984627,80.1487386513666,-30.2831342204538));
#3544=CARTESIAN_POINT('',(-19.6830773751688,79.7530187033661,-30.9010758772313));
#3545=CARTESIAN_POINT('',(-18.7214566001835,79.0522759404754,-32.0195054624813));
#3546=CARTESIAN_POINT('',(-18.1852283133704,78.7399155670543,-32.5303609071369));
#3547=CARTESIAN_POINT('',(-17.0018033899558,78.2287131201767,-33.4126062552371));
#3548=CARTESIAN_POINT('',(-16.3825689359326,78.0343508197152,-33.7741657773706));
#3549=CARTESIAN_POINT('',(-15.0487728817605,77.7318683413617,-34.3909170157711));
#3550=CARTESIAN_POINT('',(-14.3737769648969,77.6256253920971,-34.6364943665158));
#3551=CARTESIAN_POINT('',(-12.297946940703,77.3794211133984,-35.263118771938));
#3552=CARTESIAN_POINT('',(-10.8131617535787,77.3086328240763,-35.5412786939319));
#3553=CARTESIAN_POINT('',(-7.89111321467603,77.2283374805531,-35.9359770650722));
#3554=CARTESIAN_POINT('',(-6.34965438394683,77.2224032081926,-36.057005544557));
#3555=CARTESIAN_POINT('',(-4.0503440951015,77.2242776360586,-36.1674566982881));
#3556=CARTESIAN_POINT('',(-3.25669005073614,77.2271889043795,-36.1926018797131));
#3557=CARTESIAN_POINT('',(-1.64173874676326,77.2316486318175,-36.2259514930873));
#3558=CARTESIAN_POINT('',(-0.820994187372873,77.2325276760064,-36.2341953274202));
#3559=CARTESIAN_POINT('',(-3.22542772553931E-5,77.2325568756002,-36.2342237623424));
#3560=CARTESIAN_POINT('',(-2.85461312516729E-5,77.2325568756168,-36.234223762592));
#3561=CARTESIAN_POINT('',(-2.48379849583122E-5,77.2325568756332,-36.2342237628417));
#3562=CARTESIAN_POINT('',(5.35292041650267E-6,77.2325568755424,-36.2342237628184));
#3563=CARTESIAN_POINT('',(3.19728716436341E-5,77.2325568754346,-36.2342237625362));
#3564=CARTESIAN_POINT('',(3.21100640785555E-5,77.232556875434,-36.234223762527));
#3565=CARTESIAN_POINT('',(3.22472565130753E-5,77.232556875427,-36.2342237625245));
#3566=CARTESIAN_POINT('',(0.721205072168425,77.232531222977,-36.2341987861257));
#3567=CARTESIAN_POINT('',(1.44223029170436,77.2320740226859,-36.2275959816268));
#3568=CARTESIAN_POINT('',(2.84986676029136,77.2284429550871,-36.2024721082091));
#3569=CARTESIAN_POINT('',(3.53615151279618,77.2259104449229,-36.1840067365059));
#3570=CARTESIAN_POINT('',(4.89048496699735,77.2230969469152,-36.130071056702));
#3571=CARTESIAN_POINT('',(5.55798391148563,77.2227544899144,-36.0950895487128));
#3572=CARTESIAN_POINT('',(6.87662465932712,77.2279693225359,-36.0039667056225));
#3573=CARTESIAN_POINT('',(7.52681684491719,77.2334965399458,-35.9482920498324));
#3574=CARTESIAN_POINT('',(8.81567089378585,77.2541495982907,-35.8111222052955));
#3575=CARTESIAN_POINT('',(9.45280224747999,77.2690554378385,-35.7302542548586));
#3576=CARTESIAN_POINT('',(10.7138467104964,77.3138295772599,-35.5364442230458));
#3577=CARTESIAN_POINT('',(11.3350485653773,77.3435557004221,-35.4242503252941));
#3578=CARTESIAN_POINT('',(12.5659788780109,77.4273231676805,-35.1567555582446));
#3579=CARTESIAN_POINT('',(13.1704723287299,77.4810429733062,-35.0027182378021));
#3580=CARTESIAN_POINT('',(14.3690504840035,77.6269571739879,-34.6347358118128));
#3581=CARTESIAN_POINT('',(14.9522661205889,77.7187038736306,-34.4231203424492));
#3582=CARTESIAN_POINT('',(16.1074241878965,77.9649765551978,-33.9111887766007));
#3583=CARTESIAN_POINT('',(16.6550964107296,78.1191476267261,-33.6157494569806));
#3584=CARTESIAN_POINT('',(17.440083756051,78.4146309611991,-33.0905034145755));
#3585=CARTESIAN_POINT('',(17.6929607846152,78.5234678455708,-32.902592115758));
#3586=CARTESIAN_POINT('',(18.1858237603397,78.7630582625078,-32.4982884843218));
#3587=CARTESIAN_POINT('',(18.4218412962094,78.8925189558004,-32.2842071504248));
#3588=CARTESIAN_POINT('',(19.5896810463091,79.6073566021719,-31.1202247836092));
#3589=CARTESIAN_POINT('',(20.3015332405558,80.3070358660375,-30.0370530976647));
#3590=CARTESIAN_POINT('',(21.162708738204,81.3886652102234,-28.3476618072949));
#3591=CARTESIAN_POINT('',(21.4203201811037,81.7634860224426,-27.7598266047873));
#3592=CARTESIAN_POINT('',(21.8900589342609,82.5211678761318,-26.5575723077282));
#3593=CARTESIAN_POINT('',(22.1003671368613,82.9015451606009,-25.9469307217227));
#3594=CARTESIAN_POINT('',(22.687250915544,84.0396573875753,-24.087446952023));
#3595=CARTESIAN_POINT('',(23.0159956849737,84.786025690735,-22.8240622102512));
#3596=CARTESIAN_POINT('',(23.4925504024122,85.867472391665,-20.8979364136249));
#3597=CARTESIAN_POINT('',(23.6491023821679,86.220979719979,-20.251434120626));
#3598=CARTESIAN_POINT('',(23.9648693988325,86.9124833824055,-18.9499571136179));
#3599=CARTESIAN_POINT('',(24.124575001516,87.2500564039697,-18.2954347335438));
#3600=CARTESIAN_POINT('',(24.58942962455,88.2470097281026,-16.3172374391658));
#3601=CARTESIAN_POINT('',(24.8802952751445,88.8873617038954,-14.9846274039809));
#3602=CARTESIAN_POINT('',(25.3141457880536,90.1598145896732,-12.2885226581091));
#3603=CARTESIAN_POINT('',(25.4575453101262,90.7943404628131,-10.9203268853618));
#3604=CARTESIAN_POINT('',(25.4487923286166,91.7596498855283,-8.87920655701188));
#3605=CARTESIAN_POINT('',(25.4088023374601,92.0814462295746,-8.20550439456072));
#3606=CARTESIAN_POINT('',(25.2332104669755,92.7347921402747,-6.86355551217005));
#3607=CARTESIAN_POINT('',(25.1000000769682,93.059702800112,-6.20877482592843));
#3608=CARTESIAN_POINT('',(24.7207903799494,93.7159472691936,-4.92096382719634));
#3609=CARTESIAN_POINT('',(24.480683168889,94.0381367864727,-4.30584126896166));
#3610=CARTESIAN_POINT('',(23.8865508339858,94.6828470971902,-3.10847184760714));
#3611=CARTESIAN_POINT('',(23.5431081108022,94.996171721653,-2.54200161795268));
#3612=CARTESIAN_POINT('',(22.7682666643371,95.6143204370046,-1.44266419646476));
#3613=CARTESIAN_POINT('',(22.3443098885707,95.9127361057255,-0.921442896195518));
#3614=CARTESIAN_POINT('',(21.4233187286885,96.4959589206075,0.0875521839376265));
#3615=CARTESIAN_POINT('',(20.9325110019435,96.7761826956577,0.567159497176503));
#3616=CARTESIAN_POINT('',(19.8878425762634,97.3197387022296,1.49373803436193));
#3617=CARTESIAN_POINT('',(19.3395196109432,97.5796209627508,1.9347912196105));
#3618=CARTESIAN_POINT('',(18.1848430185211,98.0806908625471,2.78538772026991));
#3619=CARTESIAN_POINT('',(17.5833901751862,98.3190287046051,3.19013494023879));
#3620=CARTESIAN_POINT('',(16.3265446684035,98.7755714384658,3.96926853462203));
#3621=CARTESIAN_POINT('',(15.6756813703446,98.9913483655936,4.33966403952061));
#3622=CARTESIAN_POINT('',(14.6662911269798,99.2966131198706,4.86783018372868));
#3623=CARTESIAN_POINT('',(14.3223019896176,99.395763179405,5.04018007573502));
#3624=CARTESIAN_POINT('',(13.6213222601297,99.5880693821451,5.37594024603306));
#3625=CARTESIAN_POINT('',(13.264944967185,99.6809302318781,5.53895313736972));
#3626=CARTESIAN_POINT('',(12.9047376206684,99.770045817005,5.69630030055243));
#3627=CARTESIAN_POINT('',(11.0976234995066,100.217127293426,6.48569086479818));
#3628=CARTESIAN_POINT('',(9.09405587853777,100.59036615502,7.17321731270995));
#3629=CARTESIAN_POINT('',(4.76444838305339,101.1009137625,8.14929347533221));
#3630=CARTESIAN_POINT('',(2.4400068658031,101.241074892794,8.4389852467387));
#3631=CARTESIAN_POINT('',(7.27543178327513E-6,101.241246473027,8.43899622809709));
#3632=CARTESIAN_POINT('',(79.0161039553008,-63.4582313219226,2.36528816765633));
#3633=CARTESIAN_POINT('',(79.4562025248612,-62.5685313262646,1.54924429562291));
#3634=CARTESIAN_POINT('',(79.8992770552606,-61.6439141835179,0.784795392421485));
#3635=CARTESIAN_POINT('',(80.7956442647296,-59.7091403428326,-0.651273325475438));
#3636=CARTESIAN_POINT('',(81.2439768286915,-58.709463580805,-1.31405068896812));
#3637=CARTESIAN_POINT('',(81.915350019061,-57.1626657080084,-2.24738228144747));
#3638=CARTESIAN_POINT('',(82.1381239384373,-56.641137856058,-2.54704676289663));
#3639=CARTESIAN_POINT('',(82.581530075895,-55.58677289219,-3.1292895684211));
#3640=CARTESIAN_POINT('',(82.801910613231,-55.0545518716094,-3.41111240841339));
#3641=CARTESIAN_POINT('',(83.4604593217465,-53.4402151618819,-4.22889390655741));
#3642=CARTESIAN_POINT('',(83.8935305578718,-52.3466498023424,-4.73444455449909));
#3643=CARTESIAN_POINT('',(84.7579706767375,-50.1043289118698,-5.64162129093667));
#3644=CARTESIAN_POINT('',(85.1845606395304,-48.9680473974869,-6.03897995230533));
#3645=CARTESIAN_POINT('',(85.8270089797915,-47.2172367797544,-6.52256666845044));
#3646=CARTESIAN_POINT('',(86.0399583476404,-46.6303310762352,-6.66381341702372));
#3647=CARTESIAN_POINT('',(86.4662268866077,-45.4435617841926,-6.8989958108195));
#3648=CARTESIAN_POINT('',(86.6779775704866,-44.8480779350079,-6.99202177192142));
#3649=CARTESIAN_POINT('',(87.1023840222633,-43.644162382795,-7.12057992187831));
#3650=CARTESIAN_POINT('',(87.312891772773,-43.0420493834746,-7.15538600038617));
#3651=CARTESIAN_POINT('',(87.7329648916703,-41.8286712407687,-7.1578630762306));
#3652=CARTESIAN_POINT('',(87.9397569324941,-41.2253307164383,-7.12533910610889));
#3653=CARTESIAN_POINT('',(88.5548185012253,-39.410504879049,-6.93074924313166));
#3654=CARTESIAN_POINT('',(88.9511574916897,-38.2134019189808,-6.67429164433008));
#3655=CARTESIAN_POINT('',(89.7092180308257,-35.8618419091616,-5.9671286049464));
#3656=CARTESIAN_POINT('',(90.0662117406903,-34.7224151282749,-5.52157617350583));
#3657=CARTESIAN_POINT('',(90.7497887728882,-32.4726902856465,-4.47789330636622));
#3658=CARTESIAN_POINT('',(91.0695287076194,-31.3848235200484,-3.88842331658445));
#3659=CARTESIAN_POINT('',(91.6767632602784,-29.24601944262,-2.59413851922662));
#3660=CARTESIAN_POINT('',(91.9598870137404,-28.2100725664939,-1.89675003198646));
#3661=CARTESIAN_POINT('',(92.4886504814225,-26.2000761791591,-0.386051081896865));
#3662=CARTESIAN_POINT('',(92.7309720106472,-25.2391187088573,0.416654708161795));
#3663=CARTESIAN_POINT('',(93.1815241777479,-23.378471897378,2.12852151641107));
#3664=CARTESIAN_POINT('',(93.387025439539,-22.4899205348068,3.02809935583139));
#3665=CARTESIAN_POINT('',(93.7525354615441,-20.8396686444569,4.82911602908728));
#3666=CARTESIAN_POINT('',(93.9533225864321,-19.8878587938822,5.93253906692013));
#3667=CARTESIAN_POINT('',(94.1772799482619,-18.7761407205919,7.35259183560358));
#3668=CARTESIAN_POINT('',(94.2504391789253,-18.403594215984,7.85628527721762));
#3669=CARTESIAN_POINT('',(94.3844803015196,-17.7061850791512,8.90910962820662));
#3670=CARTESIAN_POINT('',(94.4444383618156,-17.3860825275195,9.45052106174881));
#3671=CARTESIAN_POINT('',(94.5994796052148,-16.5441058587626,11.1731335143418));
#3672=CARTESIAN_POINT('',(94.6660025399966,-16.1620797078933,12.43277208254));
#3673=CARTESIAN_POINT('',(94.6560943189124,-16.2182215221298,13.7512396455289));
#3674=CARTESIAN_POINT('',(94.6546512657701,-16.2263981282792,13.9432638992855));
#3675=CARTESIAN_POINT('',(94.6515992555805,-16.2436913481502,14.1338550071255));
#3676=CARTESIAN_POINT('',(94.6470967062375,-16.2691399888947,14.3242972255232));
#3677=CARTESIAN_POINT('',(93.7986216481941,-20.6129000303268,2.10160954612429));
#3678=CARTESIAN_POINT('',(94.0090250546876,-19.6265959193067,1.2286164353501));
#3679=CARTESIAN_POINT('',(94.2176635876296,-18.5938732853508,0.427622821782519));
#3680=CARTESIAN_POINT('',(94.6280178089369,-16.405717336413,-1.06455494515362));
#3681=CARTESIAN_POINT('',(94.8260969469202,-15.2673590980342,-1.74045547526254));
#3682=CARTESIAN_POINT('',(95.1033644059192,-13.5099382514782,-2.68621620154578));
#3683=CARTESIAN_POINT('',(95.1919238098633,-12.9196024279836,-2.98789077388809));
#3684=CARTESIAN_POINT('',(95.3607250957847,-11.7285200303753,-3.57216316085808));
#3685=CARTESIAN_POINT('',(95.440845812087,-11.1288141854221,-3.85423586921209));
#3686=CARTESIAN_POINT('',(95.6685347065049,-9.30760670931336,-4.66659656842243));
#3687=CARTESIAN_POINT('',(95.8020680415349,-8.07550062758436,-5.15763708996276));
#3688=CARTESIAN_POINT('',(96.0292810464622,-5.54216565724762,-6.01537830336672));
#3689=CARTESIAN_POINT('',(96.1207618858108,-4.26006034549199,-6.37566935761892));
#3690=CARTESIAN_POINT('',(96.2234335908506,-2.29130935171817,-6.79108995482635));
#3691=CARTESIAN_POINT('',(96.2516246989053,-1.63448636651192,-6.90739774862953));
#3692=CARTESIAN_POINT('',(96.2962570647999,-0.309479710979826,-7.09058567484942));
#3693=CARTESIAN_POINT('',(96.3125423170453,0.353694793547551,-7.15678768513303));
#3694=CARTESIAN_POINT('',(96.3437388909625,2.36582188065045,-7.27042378686727));
#3695=CARTESIAN_POINT('',(96.3402535006321,3.69010980707866,-7.22660155341789));
#3696=CARTESIAN_POINT('',(96.2876245483228,6.3624888651154,-6.90426019111631));
#3697=CARTESIAN_POINT('',(96.2393955895199,7.66335180986882,-6.63534059632863));
#3698=CARTESIAN_POINT('',(96.1032801616249,10.2473145356198,-5.91215765884679));
#3699=CARTESIAN_POINT('',(96.0171276937896,11.4978050127702,-5.46647269457245));
#3700=CARTESIAN_POINT('',(95.8124806750637,13.9599766140494,-4.42554541906264));
#3701=CARTESIAN_POINT('',(95.6957827539408,15.1496640322635,-3.83883656652955));
#3702=CARTESIAN_POINT('',(95.4372041547935,17.4780190244918,-2.54128004511737));
#3703=CARTESIAN_POINT('',(95.2970557935765,18.6006418111346,-1.83956794734144));
#3704=CARTESIAN_POINT('',(94.9998321758339,20.7761487369537,-0.30919877206295));
#3705=CARTESIAN_POINT('',(94.844955456741,21.813400371726,0.509063711270096));
#3706=CARTESIAN_POINT('',(94.5257519028715,23.8106652526106,2.25688274838233));
#3707=CARTESIAN_POINT('',(94.3633989056977,24.7585985681884,3.1754886036015));
#3708=CARTESIAN_POINT('',(94.1160666408799,26.1274738749191,4.61488842585327));
#3709=CARTESIAN_POINT('',(94.0333117541483,26.5730474933703,5.10288334027556));
#3710=CARTESIAN_POINT('',(93.8666023006622,27.4488854402686,6.09613994282786));
#3711=CARTESIAN_POINT('',(93.7828180291446,27.8780371094858,6.60042911495768));
#3712=CARTESIAN_POINT('',(93.6186238070224,28.7009630257939,7.64002663989328));
#3713=CARTESIAN_POINT('',(93.5385501301037,29.0930710326582,8.1710982554595));
#3714=CARTESIAN_POINT('',(93.3874756802087,29.8199159712802,9.28586842938981));
#3715=CARTESIAN_POINT('',(93.3176195078219,30.1491172349457,9.85911774564202));
#3716=CARTESIAN_POINT('',(93.197463056234,30.7085654426585,11.070603624348));
#3717=CARTESIAN_POINT('',(93.1474769978001,30.937365238018,11.709347681834));
#3718=CARTESIAN_POINT('',(93.0866766694833,31.2145416410373,13.0181087001648));
#3719=CARTESIAN_POINT('',(93.0771777527483,31.2573707673891,13.656829762165));
#3720=CARTESIAN_POINT('',(93.0901639405409,31.1984022081409,14.3242972255232));
#3721=CARTESIAN_POINT('',(43.5354132341414,103.791366036582,1.81200240747825));
#3722=CARTESIAN_POINT('',(42.8945616015575,104.11614766855,1.04502996717817));
#3723=CARTESIAN_POINT('',(42.2274287439657,104.442504239684,0.307229587910361));
#3724=CARTESIAN_POINT('',(40.8078750006264,105.107477362782,-1.09592354134194));
#3725=CARTESIAN_POINT('',(40.0650406033819,105.441505413169,-1.75143177263143));
#3726=CARTESIAN_POINT('',(37.6930373161654,106.456090048865,-3.57990226610324));
#3727=CARTESIAN_POINT('',(35.9675038172196,107.127650764057,-4.58142127655482));
#3728=CARTESIAN_POINT('',(33.1771009195959,108.083167475659,-5.73015505785293));
#3729=CARTESIAN_POINT('',(32.2288005451122,108.388095046079,-6.04648639448635));
#3730=CARTESIAN_POINT('',(30.2616780269769,108.978002124673,-6.54665798421824));
#3731=CARTESIAN_POINT('',(29.2679357061022,109.255330916,-6.72460888920172));
#3732=CARTESIAN_POINT('',(27.2285151435196,109.782494739073,-6.92164687236995));
#3733=CARTESIAN_POINT('',(26.2139012281001,110.024418083023,-6.93616069282806));
#3734=CARTESIAN_POINT('',(24.1531510697873,110.476796545378,-6.804144227057));
#3735=CARTESIAN_POINT('',(23.1365448244287,110.680690632071,-6.65961674931162));
#3736=CARTESIAN_POINT('',(20.0937312098429,111.239367435075,-6.03867820445071));
#3737=CARTESIAN_POINT('',(18.0985032568934,111.536344306032,-5.37854458230593));
#3738=CARTESIAN_POINT('',(15.2091594675722,111.889711331576,-4.19478241459357));
#3739=CARTESIAN_POINT('',(14.2588368985717,111.992788525726,-3.76545698493683));
#3740=CARTESIAN_POINT('',(12.3749008921687,112.174357199948,-2.85691355186342));
#3741=CARTESIAN_POINT('',(11.4452639485507,112.252466070011,-2.37927906165688));
#3742=CARTESIAN_POINT('',(8.67824216778121,112.45463855073,-0.890083297178726));
#3743=CARTESIAN_POINT('',(6.87816249902134,112.545407933745,0.169871324933411));
#3744=CARTESIAN_POINT('',(4.28673666454986,112.630370180121,1.85748250886899));
#3745=CARTESIAN_POINT('',(3.46617551421535,112.65012169327,2.41638454258315));
#3746=CARTESIAN_POINT('',(2.25034206198251,112.670036418715,3.27822276544764));
#3747=CARTESIAN_POINT('',(1.8480195060417,112.675047009718,3.5690863652445));
#3748=CARTESIAN_POINT('',(1.24816979667628,112.680306292815,4.0108278992552));
#3749=CARTESIAN_POINT('',(1.04881115263218,112.681682840284,4.1589947182564));
#3750=CARTESIAN_POINT('',(0.750662840588557,112.683203306211,4.38255733174612));
#3751=CARTESIAN_POINT('',(0.651410662555309,112.683619401311,4.45731048257504));
#3752=CARTESIAN_POINT('',(0.502752201771689,112.684109832939,4.56976239027342));
#3753=CARTESIAN_POINT('',(0.45322994865136,112.684251032502,4.60730468911789));
#3754=CARTESIAN_POINT('',(0.33873677689907,112.684526608767,4.69428773063555));
#3755=CARTESIAN_POINT('',(0.27374772470335,112.68464503896,4.74370410436096));
#3756=CARTESIAN_POINT('',(0.165638089308546,112.684779395097,4.82612191885895));
#3757=CARTESIAN_POINT('',(0.122474870261856,112.684816366782,4.85906659705222));
#3758=CARTESIAN_POINT('',(0.0528495442667102,112.684849357279,4.91250423659108));
#3759=CARTESIAN_POINT('',(0.0261355132188788,112.684855621515,4.93265998176763));
#3760=CARTESIAN_POINT('',(5.23601408735807E-5,112.684855724823,4.9536478602209));
#3761=CARTESIAN_POINT('',(-0.668543489657574,112.684858372961,5.49166061096904));
#3762=CARTESIAN_POINT('',(-1.29457069670272,112.680746815393,6.11031650867444));
#3763=CARTESIAN_POINT('',(-2.38530463954517,112.66856097307,7.45455626876425));
#3764=CARTESIAN_POINT('',(-2.8435460070096,112.660693216142,8.17065911165006));
#3765=CARTESIAN_POINT('',(-3.9821454900982,112.637863736026,10.5272887576584));
#3766=CARTESIAN_POINT('',(-4.33894724450789,112.626601818063,12.2274155654543));
#3767=CARTESIAN_POINT('',(-4.30249995451249,112.627593730316,13.967143954387));
#3768=CARTESIAN_POINT('',(-4.30000431628994,112.627661649059,14.086267561787));
#3769=CARTESIAN_POINT('',(-4.29578880654147,112.627776340534,14.2052940188282));
#3770=CARTESIAN_POINT('',(-4.28986442500022,112.627937067885,14.3242972255232));
#3771=CARTESIAN_POINT('',(-49.9326873159848,100.130937441545,14.3242972255232));
#3772=CARTESIAN_POINT('',(-49.9730090169416,100.105093921995,13.6570428840384));
#3773=CARTESIAN_POINT('',(-49.9333468895761,100.130671377875,13.015912272442));
#3774=CARTESIAN_POINT('',(-49.6957115620365,100.282355978256,11.7078426282616));
#3775=CARTESIAN_POINT('',(-49.5091381762491,100.40103812572,11.0940852953507));
#3776=CARTESIAN_POINT('',(-48.7935480028063,100.849186108926,9.27353223630524));
#3777=CARTESIAN_POINT('',(-48.1226517746827,101.260041713597,8.14463508838706));
#3778=CARTESIAN_POINT('',(-47.0501760254059,101.888442760848,6.52293105838881));
#3779=CARTESIAN_POINT('',(-46.6619041616565,102.11134843218,5.96432335737627));
#3780=CARTESIAN_POINT('',(-45.8903752051826,102.544595736854,4.87431324301885));
#3781=CARTESIAN_POINT('',(-45.5070582443671,102.755428322244,4.34382368047604));
#3782=CARTESIAN_POINT('',(-44.3933155914345,103.354611202249,2.85331247387188));
#3783=CARTESIAN_POINT('',(-43.6451281304738,103.741772323738,1.91193098145772));
#3784=CARTESIAN_POINT('',(-42.0074631015071,104.549937145449,0.0657070382521683));
#3785=CARTESIAN_POINT('',(-41.1246636295568,104.965972575701,-0.820498508305533));
#3786=CARTESIAN_POINT('',(-39.1889825291696,105.824739337612,-2.47138942279942));
#3787=CARTESIAN_POINT('',(-38.1608602625683,106.255463335766,-3.21115114997039));
#3788=CARTESIAN_POINT('',(-35.9698359531953,107.109379195307,-4.51898662113309));
#3789=CARTESIAN_POINT('',(-34.8133433147564,107.529850943959,-5.08274829287521));
#3790=CARTESIAN_POINT('',(-32.4318254980557,108.327707078833,-5.99748566904547));
#3791=CARTESIAN_POINT('',(-31.1919464218488,108.710296738044,-6.35269971839691));
#3792=CARTESIAN_POINT('',(-29.288397117702,109.245604519345,-6.70414149951357));
#3793=CARTESIAN_POINT('',(-28.6491426639098,109.417007720512,-6.79124857924563));
#3794=CARTESIAN_POINT('',(-27.3548975014596,109.747349561824,-6.89936612724696));
#3795=CARTESIAN_POINT('',(-26.7081804626186,109.904214535519,-6.91991652430582));
#3796=CARTESIAN_POINT('',(-25.4005741504703,110.205349539542,-6.89413489744686));
#3797=CARTESIAN_POINT('',(-24.7480035020077,110.347614024417,-6.84754220647394));
#3798=CARTESIAN_POINT('',(-23.4395537880493,110.617660271354,-6.69425149278693));
#3799=CARTESIAN_POINT('',(-22.7905547283437,110.744035658333,-6.58827016772254));
#3800=CARTESIAN_POINT('',(-20.8470022408447,111.101429764641,-6.19392783959157));
#3801=CARTESIAN_POINT('',(-19.5827515064558,111.306094926741,-5.83501583029926));
#3802=CARTESIAN_POINT('',(-17.0695654716273,111.666212356459,-4.9709507790047));
#3803=CARTESIAN_POINT('',(-15.8426642493649,111.818452237082,-4.47217489381375));
#3804=CARTESIAN_POINT('',(-13.4151996058107,112.08059138667,-3.37649098677612));
#3805=CARTESIAN_POINT('',(-12.2248519934601,112.189389687378,-2.78535497736546));
#3806=CARTESIAN_POINT('',(-9.86817226755053,112.371563301036,-1.53925074157124));
#3807=CARTESIAN_POINT('',(-8.70660868070401,112.444447798734,-0.888458466195915));
#3808=CARTESIAN_POINT('',(-6.4145284530795,112.559574205584,0.476951714123999));
#3809=CARTESIAN_POINT('',(-5.28980681512182,112.601568685853,1.19024933375203));
#3810=CARTESIAN_POINT('',(-3.07609463797963,112.660029594074,2.67996112353651));
#3811=CARTESIAN_POINT('',(-1.99164073725741,112.676394848722,3.45354997185024));
#3812=CARTESIAN_POINT('',(-0.92359435335177,112.682311645223,4.25282426656281));
#3813=CARTESIAN_POINT('',(-81.9576822836163,63.1774914721628,14.3242972255232));
#3814=CARTESIAN_POINT('',(-82.000994682024,63.0914153571774,13.6493176391033));
#3815=CARTESIAN_POINT('',(-81.9943276054104,63.1047589741477,13.003046073789));
#3816=CARTESIAN_POINT('',(-81.878421954135,63.3348711871126,11.657634858177));
#3817=CARTESIAN_POINT('',(-81.7723554300424,63.5450441399465,11.0111648492939));
#3818=CARTESIAN_POINT('',(-81.4973507279405,64.0833067170555,9.77414565347089));
#3819=CARTESIAN_POINT('',(-81.331635981568,64.4049962518805,9.19673161450585));
#3820=CARTESIAN_POINT('',(-80.9552974885496,65.1249892966519,8.06873737457766));
#3821=CARTESIAN_POINT('',(-80.7481659534117,65.516460321674,7.53241267279259));
#3822=CARTESIAN_POINT('',(-80.4185452384094,66.1296689997197,6.75073103667269));
#3823=CARTESIAN_POINT('',(-80.3061405792927,66.3372750153586,6.49558507779398));
#3824=CARTESIAN_POINT('',(-80.0785506335133,66.7543714556588,5.99535171155145));
#3825=CARTESIAN_POINT('',(-79.9636511238956,66.9633934807203,5.75017858061946));
#3826=CARTESIAN_POINT('',(-79.6133157111977,67.5957925247763,5.02181824102641));
#3827=CARTESIAN_POINT('',(-79.3722949818954,68.0244319425319,4.54721574607978));
#3828=CARTESIAN_POINT('',(-78.6230184272874,69.3354304943676,3.15307649941276));
#3829=CARTESIAN_POINT('',(-78.0938892214978,70.2337201774484,2.27263912605315));
#3830=CARTESIAN_POINT('',(-76.9534066455705,72.101466597056,0.612023666370257));
#3831=CARTESIAN_POINT('',(-76.349415361335,73.0585063803531,-0.156911574976416));
#3832=CARTESIAN_POINT('',(-75.0616420328236,75.022052951169,-1.59140527513063));
#3833=CARTESIAN_POINT('',(-74.3858720652862,76.0161698208437,-2.24960706586481));
#3834=CARTESIAN_POINT('',(-72.9653233737529,78.0241581795574,-3.48287922208865));
#3835=CARTESIAN_POINT('',(-72.2269924683939,79.0292298012597,-4.05037583962411));
#3836=CARTESIAN_POINT('',(-70.6702334777479,81.0619449953287,-5.06927283924703));
#3837=CARTESIAN_POINT('',(-69.8621683211841,82.0759862015988,-5.51249586465423));
#3838=CARTESIAN_POINT('',(-68.1574462463543,84.1231731400288,-6.2446428272457));
#3839=CARTESIAN_POINT('',(-67.2789305916334,85.1345306522526,-6.52504824725121));
#3840=CARTESIAN_POINT('',(-65.8950665770409,86.655716068711,-6.79025025179176));
#3841=CARTESIAN_POINT('',(-65.428837910053,87.1567592808111,-6.85157919487434));
#3842=CARTESIAN_POINT('',(-64.4796769102888,88.1532701931855,-6.91424935663021));
#3843=CARTESIAN_POINT('',(-64.0015370477641,88.6437707386193,-6.9154241922055));
#3844=CARTESIAN_POINT('',(-63.0300768031227,89.6170988064194,-6.85481381376872));
#3845=CARTESIAN_POINT('',(-62.5419235524185,90.0947288770549,-6.79316631435589));
#3846=CARTESIAN_POINT('',(-61.5548546538244,91.0377919362628,-6.61324393281851));
#3847=CARTESIAN_POINT('',(-61.0603445722205,91.4990037904349,-6.49593686863786));
#3848=CARTESIAN_POINT('',(-59.5592686943065,92.8658940051426,-6.07074437194395));
#3849=CARTESIAN_POINT('',(-58.5600731094292,93.7319417938307,-5.69621557323309));
#3850=CARTESIAN_POINT('',(-56.5389459740995,95.4014494951529,-4.81674171895795));
#3851=CARTESIAN_POINT('',(-55.531733020173,96.1928429772548,-4.31800067474535));
#3852=CARTESIAN_POINT('',(-54.0081688577934,97.3323951854095,-3.51094429829094));
#3853=CARTESIAN_POINT('',(-53.5008009062116,97.7023802644196,-3.23356769740025));
#3854=CARTESIAN_POINT('',(-52.481514801567,98.4271057956409,-2.66487036746448));
#3855=CARTESIAN_POINT('',(-51.9702271581862,98.7813769839516,-2.3739653272108));
#3856=CARTESIAN_POINT('',(-50.4313480410085,99.8205120443743,-1.47693242763674));
#3857=CARTESIAN_POINT('',(-49.4081744688832,100.475126244808,-0.847726906375245));
#3858=CARTESIAN_POINT('',(-47.4025929473117,101.692902838738,0.594288615205236));
#3859=CARTESIAN_POINT('',(-46.428863547699,102.249900161803,1.40229462140874));
#3860=CARTESIAN_POINT('',(-45.5478170310542,102.73160957024,2.35232503572856));
#3861=CARTESIAN_POINT('',(-95.1719681339174,19.5152345011632,14.3242972255232));
#3862=CARTESIAN_POINT('',(-95.1767107552855,19.4801862182188,13.6600217672072));
#3863=CARTESIAN_POINT('',(-95.1721466029126,19.5141882313457,13.0094741411084));
#3864=CARTESIAN_POINT('',(-95.1451094018772,19.7129138716645,11.6926351550839));
#3865=CARTESIAN_POINT('',(-95.1234607379978,19.8713706115644,11.0548031801687));
#3866=CARTESIAN_POINT('',(-95.0369726639689,20.4912264228926,9.15338198197267));
#3867=CARTESIAN_POINT('',(-94.9515279540114,21.0879222288939,7.93767943771159));
#3868=CARTESIAN_POINT('',(-94.8007830313944,22.0799071970046,6.21471844191839));
#3869=CARTESIAN_POINT('',(-94.74640525548,22.429606647083,5.65259773149444));
#3870=CARTESIAN_POINT('',(-94.6315575492415,23.1490148154413,4.53970245673263));
#3871=CARTESIAN_POINT('',(-94.5712848370288,23.5176840435219,3.99008622272299));
#3872=CARTESIAN_POINT('',(-94.4433514962476,24.2801849932706,2.90736601175517));
#3873=CARTESIAN_POINT('',(-94.3758712982144,24.6729423398703,2.37569854216819));
#3874=CARTESIAN_POINT('',(-94.2319631582785,25.488770569802,1.33396701313934));
#3875=CARTESIAN_POINT('',(-94.155839739591,25.9101204320977,0.826033520593127));
#3876=CARTESIAN_POINT('',(-93.910829953817,27.2303918235962,-0.6607515403986));
#3877=CARTESIAN_POINT('',(-93.729373824415,28.1643605267377,-1.5780930591152));
#3878=CARTESIAN_POINT('',(-93.4139751506253,29.6959092266645,-2.83575145506639));
#3879=CARTESIAN_POINT('',(-93.3031829822909,30.2204963029126,-3.2287705584091));
#3880=CARTESIAN_POINT('',(-93.0673013053817,31.3067707050417,-3.96814284791747));
#3881=CARTESIAN_POINT('',(-92.9434042484952,31.862951913147,-4.31052633775167));
#3882=CARTESIAN_POINT('',(-92.5516922676861,33.5738432270389,-5.26271244278289));
#3883=CARTESIAN_POINT('',(-92.262990357037,34.7741236138974,-5.79779468259673));
#3884=CARTESIAN_POINT('',(-91.6405028787131,37.2248543801758,-6.62930656294676));
#3885=CARTESIAN_POINT('',(-91.3029359802992,38.4895318321085,-6.93211953971382));
#3886=CARTESIAN_POINT('',(-90.5831792736056,41.0451321883491,-7.27816128098417));
#3887=CARTESIAN_POINT('',(-90.2086552476889,42.3098126053531,-7.31488506345398));
#3888=CARTESIAN_POINT('',(-89.4113260263584,44.8693529536016,-7.14830395932076));
#3889=CARTESIAN_POINT('',(-89.0035607209534,46.115778607505,-6.95080378387147));
#3890=CARTESIAN_POINT('',(-88.1537988120518,48.5944199902921,-6.38955708787122));
#3891=CARTESIAN_POINT('',(-87.7205877149453,49.8008900773869,-6.03027771234652));
#3892=CARTESIAN_POINT('',(-86.8269925457286,52.1827760006725,-5.21031070617307));
#3893=CARTESIAN_POINT('',(-86.3707897536784,53.34714970393,-4.75248315054838));
#3894=CARTESIAN_POINT('',(-85.4301388285223,55.6496319325654,-3.78334139590033));
#3895=CARTESIAN_POINT('',(-84.947054879289,56.784277640657,-3.27449093488438));
#3896=CARTESIAN_POINT('',(-83.9479250088728,59.0370148386118,-2.24747655936583));
#3897=CARTESIAN_POINT('',(-83.4329796752645,60.1520922518191,-1.72753479980713));
#3898=CARTESIAN_POINT('',(-82.3813635928253,62.3410112336128,-0.609661028112589));
#3899=CARTESIAN_POINT('',(-81.8482411191104,63.4074136460599,-0.0138924955771786));
#3900=CARTESIAN_POINT('',(-80.7789965240094,65.4689961078689,1.31402138936201));
#3901=CARTESIAN_POINT('',(-80.2507503663549,66.4494063979831,2.03454550968527));
#3902=CARTESIAN_POINT('',(-79.7293625752321,67.3857712413711,2.83369771689382));
#3903=CARTESIAN_POINT('',(-40.4787284855483,-101.704758925838,14.3242972255232));
#3904=CARTESIAN_POINT('',(-40.3353801857444,-101.776289875722,13.6729185016007));
#3905=CARTESIAN_POINT('',(-40.2666037765147,-101.810351512234,13.0099698483515));
#3906=CARTESIAN_POINT('',(-40.3909998962398,-101.748512135451,11.6455244525377));
#3907=CARTESIAN_POINT('',(-40.5897539095639,-101.649782612456,11.0043815134128));
#3908=CARTESIAN_POINT('',(-41.150019572254,-101.367431923301,9.79027064336516));
#3909=CARTESIAN_POINT('',(-41.507418241616,-101.185669061942,9.22378548436713));
#3910=CARTESIAN_POINT('',(-42.0779084476855,-100.8906848152,8.43300025877926));
#3911=CARTESIAN_POINT('',(-42.2772694641341,-100.786868270169,8.17490147861526));
#3912=CARTESIAN_POINT('',(-42.6825424086193,-100.574105295021,7.67153926182805));
#3913=CARTESIAN_POINT('',(-42.8877625224035,-100.465548314752,7.42670596021868));
#3914=CARTESIAN_POINT('',(-43.5229582519707,-100.126785050229,6.68561884093062));
#3915=CARTESIAN_POINT('',(-43.9597378083195,-99.8899797144591,6.19898447616874));
#3916=CARTESIAN_POINT('',(-44.8002622501712,-99.4264328396126,5.23396520694063));
#3917=CARTESIAN_POINT('',(-45.1380599146636,-99.2372068126349,4.8330231638892));
#3918=CARTESIAN_POINT('',(-46.3453099939669,-98.5512178940842,3.31271139517565));
#3919=CARTESIAN_POINT('',(-47.1095801111717,-98.1026400976345,2.23984458293636));
#3920=CARTESIAN_POINT('',(-48.6228217971217,-97.1869525408816,0.153533919095643));
#3921=CARTESIAN_POINT('',(-49.3971277990304,-96.7051326310561,-0.892697906752567));
#3922=CARTESIAN_POINT('',(-50.6328100824534,-95.9075202198932,-2.28836000203194));
#3923=CARTESIAN_POINT('',(-51.0614642833502,-95.626256009654,-2.72916975875339));
#3924=CARTESIAN_POINT('',(-51.970202537048,-95.0176733357942,-3.54760607479766));
#3925=CARTESIAN_POINT('',(-52.4411140085072,-94.6963709437499,-3.91666084551363));
#3926=CARTESIAN_POINT('',(-53.907660712932,-93.6729994241617,-4.9243686684291));
#3927=CARTESIAN_POINT('',(-54.9302804683658,-92.9295956099702,-5.44832012843976));
#3928=CARTESIAN_POINT('',(-56.4826629754379,-91.7422418868916,-6.06043656121311));
#3929=CARTESIAN_POINT('',(-57.0003143239352,-91.3367676150366,-6.23462041559948));
#3930=CARTESIAN_POINT('',(-58.0395253894639,-90.5017297053889,-6.53123318801286));
#3931=CARTESIAN_POINT('',(-58.5565720883897,-90.0757821885941,-6.65229898249185));
#3932=CARTESIAN_POINT('',(-60.1086409815126,-88.7631717331356,-6.94641648074091));
#3933=CARTESIAN_POINT('',(-61.1191950781786,-87.8632623596088,-7.04439542543428));
#3934=CARTESIAN_POINT('',(-63.1172064851005,-85.9834852961843,-7.0709583679824));
#3935=CARTESIAN_POINT('',(-64.08085513756,-85.0257593276859,-6.99703883141293));
#3936=CARTESIAN_POINT('',(-65.9630881667705,-83.0464662183501,-6.69168853169927));
#3937=CARTESIAN_POINT('',(-66.8624891011109,-82.0446867446738,-6.46308373191497));
#3938=CARTESIAN_POINT('',(-68.5912203595534,-80.0042973173662,-5.86626475940385));
#3939=CARTESIAN_POINT('',(-69.4059616777236,-78.98399764389,-5.50249990457302));
#3940=CARTESIAN_POINT('',(-70.9699310470687,-76.9190251097706,-4.63927921229044));
#3941=CARTESIAN_POINT('',(-71.707555470299,-75.8895918789104,-4.14659846393893));
#3942=CARTESIAN_POINT('',(-72.7654939583415,-74.3395638898767,-3.32440723114919));
#3943=CARTESIAN_POINT('',(-73.1084952709862,-73.8240995794959,-3.03755424637611));
#3944=CARTESIAN_POINT('',(-73.7778000255643,-72.7942001686498,-2.44004980231202));
#3945=CARTESIAN_POINT('',(-74.1033171484445,-72.280962909605,-2.13020632217864));
#3946=CARTESIAN_POINT('',(-75.0537246658714,-70.7482488302295,-1.1615674827195));
#3947=CARTESIAN_POINT('',(-75.647943220937,-69.743413761802,-0.467994377236761));
#3948=CARTESIAN_POINT('',(-76.7717020105117,-67.7661485001091,1.0379097010373));
#3949=CARTESIAN_POINT('',(-77.2946963469559,-66.8054028848582,1.84044743808756));
#3950=CARTESIAN_POINT('',(-77.7883549978735,-65.8663148874129,2.69626259324558));
#3951=CARTESIAN_POINT('',(4.01622109063119,-112.280502783455,14.3242972255232));
#3952=CARTESIAN_POINT('',(4.24448510200733,-112.266994119225,13.2766367213137));
#3953=CARTESIAN_POINT('',(4.31556917066179,-112.262187908331,12.2489401938592));
#3954=CARTESIAN_POINT('',(4.16662601326099,-112.271479261554,10.1253542301761));
#3955=CARTESIAN_POINT('',(3.94953834566382,-112.285333362972,9.08981731102747));
#3956=CARTESIAN_POINT('',(3.23448061174391,-112.323304525098,7.09852525686311));
#3957=CARTESIAN_POINT('',(2.74194976642122,-112.346960076103,6.1591597522994));
#3958=CARTESIAN_POINT('',(1.8266808484955,-112.376136348656,4.86050392511232));
#3959=CARTESIAN_POINT('',(1.49650038867774,-112.384630786538,4.45030046954952));
#3960=CARTESIAN_POINT('',(0.909180365367509,-112.394711904271,3.80522724542023));
#3961=CARTESIAN_POINT('',(0.6701554428196,-112.397634783286,3.5624477114779));
#3962=CARTESIAN_POINT('',(0.297192163973433,-112.400016546268,3.21119988380757));
#3963=CARTESIAN_POINT('',(0.17089271703433,-112.400474008076,3.09667840836471));
#3964=CARTESIAN_POINT('',(0.0289480747125969,-112.400565483801,2.97272384883008));
#3965=CARTESIAN_POINT('',(0.0144514001388073,-112.400570485075,2.96252867337863));
#3966=CARTESIAN_POINT('',(-3.64511384174477E-9,-112.40057048752,2.95218317893302));
#3967=CARTESIAN_POINT('',(-0.0488966609149093,-112.400570479236,2.91717883201708));
#3968=CARTESIAN_POINT('',(-0.0958661737117927,-112.400517411514,2.87979090943997));
#3969=CARTESIAN_POINT('',(-0.382585409714344,-112.399894918804,2.65195770019207));
#3970=CARTESIAN_POINT('',(-0.623689738545519,-112.398065971797,2.46341491504974));
#3971=CARTESIAN_POINT('',(-1.35200804204387,-112.388532375142,1.90587220134251));
#3972=CARTESIAN_POINT('',(-1.84401623230279,-112.376804313414,1.54458806967948));
#3973=CARTESIAN_POINT('',(-3.34592845294221,-112.324260579613,0.489975894080677));
#3974=CARTESIAN_POINT('',(-4.3719465654766,-112.266437985394,-0.166268371243484));
#3975=CARTESIAN_POINT('',(-6.37984570498601,-112.107381201574,-1.33117379738245));
#3976=CARTESIAN_POINT('',(-7.34677725856741,-112.011710918713,-1.84294088992547));
#3977=CARTESIAN_POINT('',(-9.31681870493822,-111.77609054106,-2.80190104842999));
#3978=CARTESIAN_POINT('',(-10.3120508865603,-111.63709128441,-3.24636588771941));
#3979=CARTESIAN_POINT('',(-12.3265877703268,-111.314780352145,-4.07440949243325));
#3980=CARTESIAN_POINT('',(-13.3391406060934,-111.132660294616,-4.45472716264908));
#3981=CARTESIAN_POINT('',(-15.3925477192107,-110.722358027603,-5.14396934184413));
#3982=CARTESIAN_POINT('',(-16.4249803858688,-110.495706082685,-5.45013740709522));
#3983=CARTESIAN_POINT('',(-18.5097132795647,-109.997091773959,-5.97661450617254));
#3984=CARTESIAN_POINT('',(-19.551327000199,-109.727784973315,-6.19462228640471));
#3985=CARTESIAN_POINT('',(-21.6520771123869,-109.14465023952,-6.526503686997));
#3986=CARTESIAN_POINT('',(-22.6970211263861,-108.834809969164,-6.63826086514858));
#3987=CARTESIAN_POINT('',(-24.799480050151,-108.172983261692,-6.73606856720324));
#3988=CARTESIAN_POINT('',(-25.8382006783468,-107.826898332841,-6.71895783576215));
#3989=CARTESIAN_POINT('',(-27.9131779445804,-107.09981282502,-6.54790702821959));
#3990=CARTESIAN_POINT('',(-28.930244031529,-106.725601104311,-6.39777769346152));
#3991=CARTESIAN_POINT('',(-30.9491045454824,-105.950689757359,-5.98254601756949));
#3992=CARTESIAN_POINT('',(-31.9366151975565,-105.555528191953,-5.72090014153385));
#3993=CARTESIAN_POINT('',(-33.8872651876864,-104.746035855919,-5.10471649329195));
#3994=CARTESIAN_POINT('',(-34.8410185593628,-104.335709065391,-4.75319305180464));
#3995=CARTESIAN_POINT('',(-36.7227268414417,-103.498976853574,-3.98485717516416));
#3996=CARTESIAN_POINT('',(-37.6453213797222,-103.074684807347,-3.57017522281299));
#3997=CARTESIAN_POINT('',(-39.0105853245815,-102.425294885442,-2.91470747390254));
#3998=CARTESIAN_POINT('',(-39.4618585295821,-102.206994799177,-2.69080080194521));
#3999=CARTESIAN_POINT('',(-40.3563102802096,-101.766986928537,-2.23052174968125));
#4000=CARTESIAN_POINT('',(-40.7986665613737,-101.545687316331,-1.99369568404402));
#4001=CARTESIAN_POINT('',(-42.9994692201858,-100.426332188059,-0.75123357467228));
#4002=CARTESIAN_POINT('',(-44.6179842775758,-99.5429513633595,0.373893553989087));
#4003=CARTESIAN_POINT('',(-46.0934596316975,-98.6919143951895,1.80795010795753));
#4004=CARTESIAN_POINT('',(41.5057830101152,-103.76260446746,14.3242972255232));
#4005=CARTESIAN_POINT('',(41.3500106882434,-103.840337387548,13.6305474119191));
#4006=CARTESIAN_POINT('',(41.2808262996294,-103.874596138453,12.9247775223845));
#4007=CARTESIAN_POINT('',(41.4503963223149,-103.790268378596,11.4903734088696));
#4008=CARTESIAN_POINT('',(41.6866457492854,-103.672762042369,10.8227440536281));
#4009=CARTESIAN_POINT('',(42.3145206866326,-103.355604204396,9.57965854931844));
#4010=CARTESIAN_POINT('',(42.7106872197723,-103.15341690846,8.99653451612279));
#4011=CARTESIAN_POINT('',(43.5414801851975,-102.721922847331,7.91205688141913));
#4012=CARTESIAN_POINT('',(43.9861235479004,-102.487486816334,7.39728446980035));
#4013=CARTESIAN_POINT('',(44.8893815950444,-102.002630382302,6.38147616275153));
#4014=CARTESIAN_POINT('',(45.3473070200899,-101.752566107134,5.88257086551632));
#4015=CARTESIAN_POINT('',(46.0053773552084,-101.386933823116,5.13115695086801));
#4016=CARTESIAN_POINT('',(46.2140322171131,-101.270047383226,4.88725524276148));
#4017=CARTESIAN_POINT('',(46.647271104766,-101.02543777149,4.36526642401413));
#4018=CARTESIAN_POINT('',(46.8711314403981,-100.897915049027,4.08692596631503));
#4019=CARTESIAN_POINT('',(47.9321601745223,-100.288336892549,2.73801605132647));
#4020=CARTESIAN_POINT('',(48.7257729488162,-99.8174533799505,1.63090342891425));
#4021=CARTESIAN_POINT('',(49.5399244815457,-99.3185745015332,0.551099482865489));
#4022=CARTESIAN_POINT('',(97.451208314609,19.8237109026599,14.3242972255232));
#4023=CARTESIAN_POINT('',(97.4559018016345,19.7890268096748,13.6777957371688));
#4024=CARTESIAN_POINT('',(97.4516347837096,19.8208043606628,13.0443139537174));
#4025=CARTESIAN_POINT('',(97.4258463384102,20.0104261561831,11.7647181108291));
#4026=CARTESIAN_POINT('',(97.4050627577207,20.1626496511753,11.1460011846234));
#4027=CARTESIAN_POINT('',(97.3227587203124,20.7535996238335,9.30854488409527));
#4028=CARTESIAN_POINT('',(97.2415166189305,21.323012650617,8.13505048722318));
#4029=CARTESIAN_POINT('',(97.0974982135591,22.2769894786371,6.46813872319231));
#4030=CARTESIAN_POINT('',(97.0452170557139,22.6157747216159,5.92149277312607));
#4031=CARTESIAN_POINT('',(96.9344038957204,23.3157911179643,4.84135842581561));
#4032=CARTESIAN_POINT('',(96.8763392934332,23.6742256964598,4.30793571492402));
#4033=CARTESIAN_POINT('',(96.6918681093714,24.7849084702758,2.72564780086517));
#4034=CARTESIAN_POINT('',(96.556541409417,25.564960762319,1.70792400582077));
#4035=CARTESIAN_POINT('',(96.401811154227,26.4103435817491,0.736340131642441));
#4036=CARTESIAN_POINT('',(51.1735702613198,102.067529709049,14.3242972255232));
#4037=CARTESIAN_POINT('',(51.2126231439373,102.042500619028,13.6972598805403));
#4038=CARTESIAN_POINT('',(51.1790522867713,102.064138321382,13.0930322008839));
#4039=CARTESIAN_POINT('',(50.9661288846969,102.200137177855,11.8618556218374));
#4040=CARTESIAN_POINT('',(50.7974781616054,102.307553156809,11.2829822051388));
#4041=CARTESIAN_POINT('',(50.3609778265768,102.581722854087,10.1394988294622));
#4042=CARTESIAN_POINT('',(50.1028859554096,102.742280378181,9.59818577785802));
#4043=CARTESIAN_POINT('',(49.5272286377016,103.09444928652,8.54023287041901));
#4044=CARTESIAN_POINT('',(49.2141896190354,103.28324590698,8.03269235729628));
#4045=CARTESIAN_POINT('',(48.5572897893976,103.672199967099,7.03565693865456));
#4046=CARTESIAN_POINT('',(48.2156103607437,103.871068863689,6.54814665086862));
#4047=CARTESIAN_POINT('',(47.5211874090793,104.267672321323,5.57848403325659));
#4048=CARTESIAN_POINT('',(47.1687786451138,104.465261661715,5.09674009921178));
#4049=CARTESIAN_POINT('',(46.0944994117961,105.056029796418,3.65947695079061));
#4050=CARTESIAN_POINT('',(45.3567321991435,105.446834592431,2.71867358852719));
#4051=CARTESIAN_POINT('',(44.5751451037412,105.842940587131,1.81200240747825));
#4052=CARTESIAN_POINT('',(-46.6511860669092,104.749671974321,2.35232503572855));
#4053=CARTESIAN_POINT('',(-45.9267123597023,105.145775628335,3.10958636776066));
#4054=CARTESIAN_POINT('',(-45.2741015648734,105.486930766506,3.94567709078984));
#4055=CARTESIAN_POINT('',(-44.4524496059555,105.905663492227,5.33302850536213));
#4056=CARTESIAN_POINT('',(-44.2092427709653,106.027518650461,5.81010611132894));
#4057=CARTESIAN_POINT('',(-43.7813130788253,106.239741913225,6.80722622873076));
#4058=CARTESIAN_POINT('',(-43.6000913813083,106.32838952863,7.31605807941284));
#4059=CARTESIAN_POINT('',(-43.2901939853083,106.478927176419,8.36153120113024));
#4060=CARTESIAN_POINT('',(-43.1646719421821,106.539275837025,8.89006042722297));
#4061=CARTESIAN_POINT('',(-42.9601998678648,106.637169357996,9.96393236904706));
#4062=CARTESIAN_POINT('',(-42.8828893120752,106.673917134432,10.5031958538041));
#4063=CARTESIAN_POINT('',(-42.7170959152328,106.752584226481,12.1326558070024));
#4064=CARTESIAN_POINT('',(-42.6947873646711,106.763036697517,13.2354373918346));
#4065=CARTESIAN_POINT('',(-42.7493170352346,106.73724026958,14.3242972255232));
#4066=CARTESIAN_POINT('',(-81.7388427142828,68.5046931621501,2.83369771689382));
#4067=CARTESIAN_POINT('',(-81.25922665051,69.3660393260135,3.55393514313015));
#4068=CARTESIAN_POINT('',(-80.7934499499243,70.1763297732154,4.32401690183892));
#4069=CARTESIAN_POINT('',(-79.8920629806757,71.7037232935307,5.97016398042256));
#4070=CARTESIAN_POINT('',(-79.4442030892792,72.4406848041962,6.86244737090214));
#4071=CARTESIAN_POINT('',(-78.8430302244315,73.4082714581879,8.26373751122141));
#4072=CARTESIAN_POINT('',(-78.6518947368002,73.7120504830128,8.74770820962937));
#4073=CARTESIAN_POINT('',(-78.2981194197636,74.2690513546372,9.76323770693248));
#4074=CARTESIAN_POINT('',(-78.1391250731924,74.5165363652886,10.2848925408627));
#4075=CARTESIAN_POINT('',(-77.8692832890296,74.9338272736886,11.3814471833081));
#4076=CARTESIAN_POINT('',(-77.7593188722182,75.1022806456547,11.9532196844144));
#4077=CARTESIAN_POINT('',(-77.6191277547797,75.3165265328427,13.1328867621746));
#4078=CARTESIAN_POINT('',(-77.5935389324859,75.355381963232,13.7179438294866));
#4079=CARTESIAN_POINT('',(-77.6159088697355,75.3212897670866,14.3242972255232));
#4080=CARTESIAN_POINT('',(-95.4700195432554,-23.6793562801723,2.37491734008642));
#4081=CARTESIAN_POINT('',(-95.6685024601076,-22.8289493682269,3.20616610119783));
#4082=CARTESIAN_POINT('',(-95.8507851080036,-22.0130921869719,4.07006460035374));
#4083=CARTESIAN_POINT('',(-96.1052335913244,-20.8260235527713,5.40937158838161));
#4084=CARTESIAN_POINT('',(-96.1868428054163,-20.4365758952579,5.86103410881205));
#4085=CARTESIAN_POINT('',(-96.3431078904366,-19.6743357300029,6.77983039828206));
#4086=CARTESIAN_POINT('',(-96.4173016417961,-19.3037537593856,7.24670409779078));
#4087=CARTESIAN_POINT('',(-96.6223054767354,-18.2578078605574,8.67278701486915));
#4088=CARTESIAN_POINT('',(-96.7439884039915,-17.6027683072599,9.7196989022453));
#4089=CARTESIAN_POINT('',(-96.863186957862,-16.9446524167437,11.3755805537024));
#4090=CARTESIAN_POINT('',(-96.8931617840692,-16.7758199309091,11.9510514927191));
#4091=CARTESIAN_POINT('',(-96.9253285307351,-16.5941523499497,13.1415930807722));
#4092=CARTESIAN_POINT('',(-96.9263943498616,-16.5880653627211,13.7233868543197));
#4093=CARTESIAN_POINT('',(-96.9119165024554,-16.6698933177168,14.3242972255232));
#4094=CARTESIAN_POINT('',(-4.15208305238426,-114.576480044526,14.3242972255232));
#4095=CARTESIAN_POINT('',(-4.26833182981841,-114.569600542812,13.8076207343981));
#4096=CARTESIAN_POINT('',(-4.34598967304959,-114.564755387441,13.2894932668151));
#4097=CARTESIAN_POINT('',(-4.42387651352622,-114.559895542347,12.2332075498201));
#4098=CARTESIAN_POINT('',(-4.42202405869492,-114.560011668549,11.7094425356255));
#4099=CARTESIAN_POINT('',(-4.30760639243747,-114.567149256239,10.1251707393825));
#4100=CARTESIAN_POINT('',(-4.08320273589761,-114.581465913105,9.0897963768652));
#4101=CARTESIAN_POINT('',(-3.52964485818919,-114.610866491271,7.59739078307858));
#4102=CARTESIAN_POINT('',(-3.31133413697374,-114.621772486377,7.11705720831095));
#4103=CARTESIAN_POINT('',(-2.80553023154335,-114.643997217,6.17700121072612));
#4104=CARTESIAN_POINT('',(-2.52508718207724,-114.655006297701,5.7268001964024));
#4105=CARTESIAN_POINT('',(-1.89810688910671,-114.675054907524,4.85602214850305));
#4106=CARTESIAN_POINT('',(-1.55773703717282,-114.68387546207,4.44587643269084));
#4107=CARTESIAN_POINT('',(-0.812885031432792,-114.696743055817,3.6653091293849));
#4108=CARTESIAN_POINT('',(-0.415652785202786,-114.700570173999,3.30403207046877));
#4109=CARTESIAN_POINT('',(-3.64764692831721E-9,-114.70057048752,2.95879371804457));
#4110=CARTESIAN_POINT('',(0.0851333690332465,-114.700570414304,2.88808362515177));
#4111=CARTESIAN_POINT('',(0.447074024729553,-114.699162011696,2.61421348617911));
#4112=CARTESIAN_POINT('',(0.715004400254363,-114.69706328981,2.41209593216025));
#4113=CARTESIAN_POINT('',(0.895614787920153,-114.694942772715,2.27779214662413));
#4114=CARTESIAN_POINT('',(1.0771856017514,-114.692092467071,2.1447581652073));
#4115=CARTESIAN_POINT('',(4.0750867180351,104.707809811322,13.9578819045105));
#4116=CARTESIAN_POINT('',(4.04279577145714,104.811426033561,14.7783416617497));
#4117=CARTESIAN_POINT('',(3.85036722721968,104.95530940929,16.4217924560112));
#4118=CARTESIAN_POINT('',(3.20163350086553,104.952196546023,18.8281169959441));
#4119=CARTESIAN_POINT('',(2.20207294596832,104.732764287176,21.0988541595271));
#4120=CARTESIAN_POINT('',(0.889980116810909,104.314166626081,23.1788497696487));
#4121=CARTESIAN_POINT('',(-0.819158326284498,103.809615170019,24.9170659426448));
#4122=CARTESIAN_POINT('',(-2.59438929886797,103.209580370479,26.5452134952998));
#4123=CARTESIAN_POINT('',(-4.43872674583791,102.526894895473,28.0630152156596));
#4124=CARTESIAN_POINT('',(-6.36181921906013,101.790260810059,29.4518169821489));
#4125=CARTESIAN_POINT('',(-8.3687380919197,101.023743736945,30.6989904034471));
#4126=CARTESIAN_POINT('',(-10.4572824836542,100.247693373012,31.7973165892658));
#4127=CARTESIAN_POINT('',(-12.6215121180944,99.4775659934464,32.7428218573904));
#4128=CARTESIAN_POINT('',(-14.8569229551292,98.7286691148162,33.5263134481035));
#4129=CARTESIAN_POINT('',(-17.158508566072,98.016801597186,34.1342732791335));
#4130=CARTESIAN_POINT('',(-19.5211297017966,97.3619684106257,34.5418179982738));
#4131=CARTESIAN_POINT('',(-21.934529951365,96.7889486355933,34.7150143340001));
#4132=CARTESIAN_POINT('',(-24.376378114415,96.3265259878718,34.6119310123071));
#4133=CARTESIAN_POINT('',(-26.8086564358295,95.9787461475184,34.2257611429286));
#4134=CARTESIAN_POINT('',(-29.1948243781501,95.732528517835,33.5714931197782));
#4135=CARTESIAN_POINT('',(-31.5075284969792,95.5605077761018,32.6765700611705));
#4136=CARTESIAN_POINT('',(-33.7295935604861,95.4329321456943,31.5719429002637));
#4137=CARTESIAN_POINT('',(-35.8556425853383,95.3128120427405,30.2909828461443));
#4138=CARTESIAN_POINT('',(-37.8479149948474,95.2115804807169,28.8073168492817));
#4139=CARTESIAN_POINT('',(-39.6635444833181,95.129047902156,27.1100941920417));
#4140=CARTESIAN_POINT('',(-41.2770857296272,95.0372564793669,25.2209586111764));
#4141=CARTESIAN_POINT('',(-42.6843195238444,94.8961765512591,23.1756891614031));
#4142=CARTESIAN_POINT('',(-43.8687719723091,94.6687520361929,21.0031782145161));
#4143=CARTESIAN_POINT('',(-44.8372454683542,94.3036954201371,18.7416479899916));
#4144=CARTESIAN_POINT('',(-45.5059298100608,93.8652719905399,16.3843719575568));
#4145=CARTESIAN_POINT('',(-45.6743851361366,93.5757686358508,14.7551813335302));
#4146=CARTESIAN_POINT('',(-45.6560512902022,93.4581245312109,13.9356070903563));
#4147=CARTESIAN_POINT('',(-77.4019288488998,39.2929307591355,-5.61698222506501));
#4148=CARTESIAN_POINT('',(-78.2838536397094,38.5120375411306,-4.00217071345328));
#4149=CARTESIAN_POINT('',(-79.1139171288745,37.800643827529,-2.33078666325881));
#4150=CARTESIAN_POINT('',(-80.7244990554591,36.1008226730979,0.903417175358603));
#4151=CARTESIAN_POINT('',(-81.516222700371,35.0996471002931,2.49130079496945));
#4152=CARTESIAN_POINT('',(-83.0124773918785,32.4085116231922,5.05827568964134));
#4153=CARTESIAN_POINT('',(-83.6988835559493,30.7718681625124,6.01804970299048));
#4154=CARTESIAN_POINT('',(-84.9010253659752,27.2668445804832,7.45528109126616));
#4155=CARTESIAN_POINT('',(-85.4319956819955,25.3400015489033,7.94448070181594));
#4156=CARTESIAN_POINT('',(-86.3110185921214,21.5167949899108,8.5277802188579));
#4157=CARTESIAN_POINT('',(-86.678292257382,19.5494710836476,8.63857406316627));
#4158=CARTESIAN_POINT('',(-87.2381825093916,15.6701890401719,8.31101882778681));
#4159=CARTESIAN_POINT('',(-87.4342423028236,13.7622933359007,7.87892527279199));
#4160=CARTESIAN_POINT('',(-87.5688477166555,11.0683855567307,6.67016683120302));
#4161=CARTESIAN_POINT('',(-87.5861537495304,10.2271931627935,6.1915020806236));
#4162=CARTESIAN_POINT('',(-87.576966381009,9.20785503592645,5.50589968893428));
#4163=CARTESIAN_POINT('',(-87.5734058160092,9.00719470145358,5.36452752280443));
#4164=CARTESIAN_POINT('',(-87.5635003270164,8.60945485458193,5.07582803038022));
#4165=CARTESIAN_POINT('',(-87.557004320375,8.4132799145968,4.92795567785443));
#4166=CARTESIAN_POINT('',(-87.5328645283436,7.83087339315749,4.47334631247791));
#4167=CARTESIAN_POINT('',(-87.5106760724578,7.45374929222244,4.15791017512522));
#4168=CARTESIAN_POINT('',(-87.453870301196,6.71413775334058,3.5014636769367));
#4169=CARTESIAN_POINT('',(-87.4193002262322,6.35367618340998,3.16196940351116));
#4170=CARTESIAN_POINT('',(-87.3375153475493,5.64598125103722,2.46076791111057));
#4171=CARTESIAN_POINT('',(-87.2903366774756,5.3003594300849,2.10028546458479));
#4172=CARTESIAN_POINT('',(-87.1296734537832,4.28402379518629,0.99226061444701));
#4173=CARTESIAN_POINT('',(-86.9984275051261,3.64341723798605,0.228527172636634));
#4174=CARTESIAN_POINT('',(-86.6855382473076,2.41346509901353,-1.34203400840892));
#4175=CARTESIAN_POINT('',(-86.5052796298961,1.83060169342297,-2.14174910291228));
#4176=CARTESIAN_POINT('',(-86.087649598442,0.7228120883285,-3.79186655570579));
#4177=CARTESIAN_POINT('',(-85.8519967326198,0.204516334337247,-4.63362819088514));
#4178=CARTESIAN_POINT('',(-85.3183634189813,-0.762354495526903,-6.36847541155605));
#4179=CARTESIAN_POINT('',(-85.0231278703899,-1.20336265610178,-7.25060668309979));
#4180=CARTESIAN_POINT('',(-84.3663074508316,-1.99908943483957,-9.06599369429201));
#4181=CARTESIAN_POINT('',(-84.0090840026698,-2.34588538820288,-9.98511689164927));
#4182=CARTESIAN_POINT('',(-83.2288707470541,-2.93288546979603,-11.8661273416381));
#4183=CARTESIAN_POINT('',(-82.8124263086739,-3.16697341892968,-12.8107422821485));
#4184=CARTESIAN_POINT('',(-81.9175419768151,-3.51918011625493,-14.732075644472));
#4185=CARTESIAN_POINT('',(-81.4470768762497,-3.6316924817735,-15.6902937413953));
#4186=CARTESIAN_POINT('',(-80.4529103280966,-3.72792483331882,-17.6217426818826));
#4187=CARTESIAN_POINT('',(-79.9391309431501,-3.70864820585406,-18.5749636152407));
#4188=CARTESIAN_POINT('',(-78.8723933223015,-3.52855295244906,-20.4741229427574));
#4189=CARTESIAN_POINT('',(-78.3312570501506,-3.36879943568966,-21.3990721794642));
#4190=CARTESIAN_POINT('',(-77.2273733133414,-2.91183040277958,-23.216333371048));
#4191=CARTESIAN_POINT('',(-76.6762253150189,-2.62078031827077,-24.0901855768462));
#4192=CARTESIAN_POINT('',(-75.84119769317,-2.09536741501479,-25.3675540330039));
#4193=CARTESIAN_POINT('',(-75.5654938248934,-1.90819472293505,-25.7817818914423));
#4194=CARTESIAN_POINT('',(-75.0161738276138,-1.50893137723132,-26.5926374259498));
#4195=CARTESIAN_POINT('',(-74.7436405631348,-1.29804029774187,-26.9878615834368));
#4196=CARTESIAN_POINT('',(-74.2021614517728,-0.85427495811599,-27.7595067155614));
#4197=CARTESIAN_POINT('',(-73.9341693644155,-0.622658090382753,-28.1347811836395));
#4198=CARTESIAN_POINT('',(-73.4030604435766,-0.140155651030295,-28.8657178545839));
#4199=CARTESIAN_POINT('',(-73.1408015400435,0.109496071931506,-29.2204255910586));
#4200=CARTESIAN_POINT('',(-72.622222740057,0.625564519708907,-29.9097861269214));
#4201=CARTESIAN_POINT('',(-72.3666628295532,0.890750041896287,-30.243660546042));
#4202=CARTESIAN_POINT('',(-71.8623044738027,1.43554643705487,-30.8912587248445));
#4203=CARTESIAN_POINT('',(-71.6141776263454,1.71395761409291,-31.2043522607278));
#4204=CARTESIAN_POINT('',(-71.125284793218,2.28307130500143,-31.8105804508109));
#4205=CARTESIAN_POINT('',(-70.8850985366728,2.57259694168532,-32.1032243847652));
#4206=CARTESIAN_POINT('',(-70.412807767603,3.16173561119301,-32.6685862961959));
#4207=CARTESIAN_POINT('',(-70.1811941483983,3.46018319992745,-32.9409504966952));
#4208=CARTESIAN_POINT('',(-69.7263986050898,4.06537173312608,-33.466234203595));
#4209=CARTESIAN_POINT('',(-69.5036847931839,4.37107957069172,-33.718836126022));
#4210=CARTESIAN_POINT('',(-69.0659476728958,4.99028446104565,-34.2062760871637));
#4211=CARTESIAN_POINT('',(-68.8512919433445,5.30277820009529,-34.440890370303));
#4212=CARTESIAN_POINT('',(-67.8288238220897,6.83445335730521,-35.5374309426707));
#4213=CARTESIAN_POINT('',(-67.0609727175323,8.1172646918321,-36.2980074543731));
#4214=CARTESIAN_POINT('',(-65.6339580868312,10.7493124538436,-37.593894673741));
#4215=CARTESIAN_POINT('',(-64.9812571379158,12.0569562554679,-38.1333020925744));
#4216=CARTESIAN_POINT('',(-63.7091454594266,14.6675293662865,-39.0992551888617));
#4217=CARTESIAN_POINT('',(-63.0930753425097,15.9604919993663,-39.5268845546656));
#4218=CARTESIAN_POINT('',(-62.1329393133407,17.9067200411482,-40.1531237997242));
#4219=CARTESIAN_POINT('',(-61.8021532847083,18.5613314375151,-40.3629286960738));
#4220=CARTESIAN_POINT('',(-61.1437359958881,19.838664715796,-40.7684775966614));
#4221=CARTESIAN_POINT('',(-60.8176339207095,20.4621431697942,-40.9631686259625));
#4222=CARTESIAN_POINT('',(-60.1782414892871,21.7072323260864,-41.3251801740875));
#4223=CARTESIAN_POINT('',(-59.8650355680828,22.3273466605389,-41.4930213628672));
#4224=CARTESIAN_POINT('',(-59.2626967680427,23.574910472726,-41.7898510413925));
#4225=CARTESIAN_POINT('',(-58.9745297388304,24.199066176034,-41.9189961920989));
#4226=CARTESIAN_POINT('',(-58.1547067951166,26.0973048933345,-42.2383414481179));
#4227=CARTESIAN_POINT('',(-57.6864886066267,27.349024992642,-42.3557628979498));
#4228=CARTESIAN_POINT('',(-57.0546760039617,29.3291195004311,-42.398244032208));
#4229=CARTESIAN_POINT('',(-56.8613342571309,29.9871369320475,-42.3900882025646));
#4230=CARTESIAN_POINT('',(-56.4994646521126,31.321137885814,-42.3312252838361));
#4231=CARTESIAN_POINT('',(-56.3327087098968,31.9924357581512,-42.2801021917269));
#4232=CARTESIAN_POINT('',(-56.0249195642261,33.3549694602893,-42.1324121329425));
#4233=CARTESIAN_POINT('',(-55.885866367472,34.0410993541426,-42.0353430440207));
#4234=CARTESIAN_POINT('',(-55.6374891181692,35.4368347056891,-41.7888011502854));
#4235=CARTESIAN_POINT('',(-55.5304121259638,36.1399210388049,-41.6389937896355));
#4236=CARTESIAN_POINT('',(-55.354935354483,37.5752864484932,-41.2735093892066));
#4237=CARTESIAN_POINT('',(-55.2892700881386,38.2979991144866,-41.0580064699171));
#4238=CARTESIAN_POINT('',(-55.2324265971247,39.3896513572274,-40.6755154762586));
#4239=CARTESIAN_POINT('',(-55.2214142415783,39.7591661248989,-40.5351737671761));
#4240=CARTESIAN_POINT('',(-55.2153507246942,40.5039821716389,-40.2303236905332));
#4241=CARTESIAN_POINT('',(-55.2214536958293,40.8766424997754,-40.0656550741207));
#4242=CARTESIAN_POINT('',(-55.2759952899353,42.1672013383436,-39.4506638576247));
#4243=CARTESIAN_POINT('',(-55.3730724464293,43.0562748772305,-38.9468649779426));
#4244=CARTESIAN_POINT('',(-55.7122557985259,44.8150564844424,-37.7515729804316));
#4245=CARTESIAN_POINT('',(-55.9683405835881,45.6729111584878,-37.0459357610192));
#4246=CARTESIAN_POINT('',(-56.494444827639,46.827462528337,-35.8542570930445));
#4247=CARTESIAN_POINT('',(-56.6998828140625,47.1941489252057,-35.424725626342));
#4248=CARTESIAN_POINT('',(-57.1251123565538,47.7961942759596,-34.6041649376463));
#4249=CARTESIAN_POINT('',(-57.3297966491411,48.0374134065778,-34.2301588183197));
#4250=CARTESIAN_POINT('',(-57.9904464764127,48.6627773788377,-33.0915751671235));
#4251=CARTESIAN_POINT('',(-58.4696190213626,48.9371203929321,-32.3468691653497));
#4252=CARTESIAN_POINT('',(-59.5120701567014,49.273278823185,-30.8347679118552));
#4253=CARTESIAN_POINT('',(-60.0574355201602,49.3372051012698,-30.0893623141631));
#4254=CARTESIAN_POINT('',(-60.8692787495867,49.3282618374693,-29.0109915131087));
#4255=CARTESIAN_POINT('',(-61.1386105673314,49.3088996354576,-28.6581590074529));
#4256=CARTESIAN_POINT('',(-61.6775582604582,49.2429119978242,-27.9586333905577));
#4257=CARTESIAN_POINT('',(-61.9458637569566,49.1966418990521,-27.6136409925854));
#4258=CARTESIAN_POINT('',(-62.7473771805094,49.0263103869197,-26.5877513568411));
#4259=CARTESIAN_POINT('',(-63.2773909714821,48.8711065300864,-25.9158527695779));
#4260=CARTESIAN_POINT('',(-64.3290316660777,48.5060746230717,-24.5781556996219));
#4261=CARTESIAN_POINT('',(-64.8479187459437,48.2967289058877,-23.9163618274794));
#4262=CARTESIAN_POINT('',(-66.4815939509596,47.5790942139437,-21.8049413586655));
#4263=CARTESIAN_POINT('',(-67.5658344463636,47.0054139563348,-20.3682837727553));
#4264=CARTESIAN_POINT('',(-69.6898758370875,45.7039959991596,-17.4870172955636));
#4265=CARTESIAN_POINT('',(-70.7201257604562,44.9809745605751,-16.0543331399145));
#4266=CARTESIAN_POINT('',(-72.7337355718531,43.4178780053455,-13.1704739528867));
#4267=CARTESIAN_POINT('',(-73.7115316229865,42.5796622566184,-11.7265047677951));
#4268=CARTESIAN_POINT('',(-75.6120692180171,40.9014110059896,-8.74617380184882));
#4269=CARTESIAN_POINT('',(-76.5294151048984,40.0654910413806,-7.21456203292993));
#4270=CARTESIAN_POINT('',(-77.4019288488998,39.2929307591355,-5.616982225065));
#4271=CARTESIAN_POINT('',(-22.8545624838789,-14.5475390326522,64.4043783876046));
#4272=CARTESIAN_POINT('',(-21.3624013573202,-15.1868594545549,64.4140269668314));
#4273=CARTESIAN_POINT('',(-20.0179909063967,-16.1035449778241,64.3662225203317));
#4274=CARTESIAN_POINT('',(-18.2263084215598,-17.664597025002,64.2033052997101));
#4275=CARTESIAN_POINT('',(-17.6810558991923,-18.1977532447423,64.1365458859239));
#4276=CARTESIAN_POINT('',(-16.6188900218585,-19.3368745119221,63.9681408968407));
#4277=CARTESIAN_POINT('',(-16.1124218668064,-19.9372764828758,63.8660247222517));
#4278=CARTESIAN_POINT('',(-15.1478179520424,-21.2022593823659,63.631865467078));
#4279=CARTESIAN_POINT('',(-14.6966011812768,-21.8584948650011,63.5010658320691));
#4280=CARTESIAN_POINT('',(-14.0623803100969,-22.894149740215,63.2855987601672));
#4281=CARTESIAN_POINT('',(-13.8556430969264,-23.2530716948753,63.2093516085401));
#4282=CARTESIAN_POINT('',(-13.240571208571,-24.4000232786799,62.9618138123054));
#4283=CARTESIAN_POINT('',(-12.8770650182753,-25.1984781441431,62.784081560605));
#4284=CARTESIAN_POINT('',(-12.1667280190099,-27.0907581912875,62.3530933097263));
#4285=CARTESIAN_POINT('',(-11.8696355839922,-28.1682769651948,62.1008795277249));
#4286=CARTESIAN_POINT('',(-11.5321605914602,-30.0207688791693,61.6542552965103));
#4287=CARTESIAN_POINT('',(-11.442056584571,-30.7603805376914,61.4724901715822));
#4288=CARTESIAN_POINT('',(-11.3282125524456,-32.4563452912537,61.046786430229));
#4289=CARTESIAN_POINT('',(-11.328695656149,-33.4002016681439,60.8035456186389));
#4290=CARTESIAN_POINT('',(-11.3728318101224,-34.4287425523755,60.5316846848905));
#4291=CARTESIAN_POINT('',(-11.3766518956021,-34.5107314443361,60.509967122573));
#4292=CARTESIAN_POINT('',(-11.3828367980253,-34.6340567557962,60.4772306876309));
#4293=CARTESIAN_POINT('',(-11.3849849151268,-34.675409032401,60.4662420515484));
#4294=CARTESIAN_POINT('',(-11.3877627819485,-34.7271294781585,60.4524835967778));
#4295=CARTESIAN_POINT('',(-11.3883245575173,-34.7375034718974,60.4497232125646));
#4296=CARTESIAN_POINT('',(-11.3890316024657,-34.7504549480414,60.4462760736508));
#4297=CARTESIAN_POINT('',(-11.3894821583172,-34.752998036919,60.4455923258494));
#4298=CARTESIAN_POINT('',(-11.3892590104103,-34.7561679150443,60.4447572419965));
#4299=CARTESIAN_POINT('',(-11.3885047564932,-34.7561362794135,60.4447820498558));
#4300=CARTESIAN_POINT('',(-11.3885887049359,-34.7580380609895,60.4442761080239));
#4301=CARTESIAN_POINT('',(-11.3886743741039,-34.7593362756857,60.4439301119193));
#4302=CARTESIAN_POINT('',(-11.3890331657937,-34.7658339347611,60.442199843381));
#4303=CARTESIAN_POINT('',(-11.3893213422338,-34.7710324123868,60.4408153518589));
#4304=CARTESIAN_POINT('',(-11.3907689821927,-34.7970455025441,60.4338864633348));
#4305=CARTESIAN_POINT('',(-11.3919452107336,-34.8178585212064,60.4283397348073));
#4306=CARTESIAN_POINT('',(-11.4027635726393,-35.0064314548292,60.3780579142604));
#4307=CARTESIAN_POINT('',(-11.4135379692947,-35.1740659161446,60.3331683761723));
#4308=CARTESIAN_POINT('',(-11.4495615443537,-35.6840386747589,60.1960339799155));
#4309=CARTESIAN_POINT('',(-11.4781650603236,-36.0258667924451,60.103327395536));
#4310=CARTESIAN_POINT('',(-11.5774551239808,-37.0779366696207,59.8156803093663));
#4311=CARTESIAN_POINT('',(-11.6599448866458,-37.7857918667501,59.618880482905));
#4312=CARTESIAN_POINT('',(-11.8435246463757,-39.2111382455546,59.2169444831401));
#4313=CARTESIAN_POINT('',(-11.9450070644138,-39.927957829046,59.0118977521678));
#4314=CARTESIAN_POINT('',(-12.1507636541842,-41.3387690107525,58.6037262281265));
#4315=CARTESIAN_POINT('',(-12.2539073546127,-42.0328382052845,58.4007431468313));
#4316=CARTESIAN_POINT('',(-12.5457027746063,-43.996349164262,57.8217099861665));
#4317=CARTESIAN_POINT('',(-12.7401357188679,-45.2630138830458,57.442244886607));
#4318=CARTESIAN_POINT('',(-13.0999953380718,-47.138743269039,56.8744218207544));
#4319=CARTESIAN_POINT('',(-13.2293614664354,-47.7521652781019,56.6877860699534));
#4320=CARTESIAN_POINT('',(-13.5184529254547,-48.9622091521532,56.3184376008518));
#4321=CARTESIAN_POINT('',(-13.6771104087131,-49.5570051682071,56.1363027881644));
#4322=CARTESIAN_POINT('',(-14.1998806710327,-51.2755806072848,55.6095862304961));
#4323=CARTESIAN_POINT('',(-14.6055096906363,-52.3416576932523,55.2820734610644));
#4324=CARTESIAN_POINT('',(-15.5810390158839,-54.3788898732804,54.6633260465295));
#4325=CARTESIAN_POINT('',(-16.1087709750067,-55.3053430679357,54.3861200582985));
#4326=CARTESIAN_POINT('',(-16.9886566087767,-56.6287779844464,53.9975016572899));
#4327=CARTESIAN_POINT('',(-17.2837318290251,-57.0432584972841,53.8771262558664));
#4328=CARTESIAN_POINT('',(-17.8934877417928,-57.8450017444396,53.645656451885));
#4329=CARTESIAN_POINT('',(-18.2060395562488,-58.230799004961,53.5349464221335));
#4330=CARTESIAN_POINT('',(-18.8479828209688,-58.9759206126639,53.3211693248153));
#4331=CARTESIAN_POINT('',(-19.1753939428441,-59.3340461450117,53.2184419558297));
#4332=CARTESIAN_POINT('',(-19.8448010902837,-60.0242926391095,53.0191710788258));
#4333=CARTESIAN_POINT('',(-20.1848459833197,-60.3554916517767,52.9229300775656));
#4334=CARTESIAN_POINT('',(-21.2263453938592,-61.3119483977909,52.6410947547536));
#4335=CARTESIAN_POINT('',(-21.9488088633121,-61.9025636094596,52.4618852690779));
#4336=CARTESIAN_POINT('',(-23.0797307883294,-62.7156066925715,52.1987545338225));
#4337=CARTESIAN_POINT('',(-23.4544063339942,-62.9683118251212,52.1141789446773));
#4338=CARTESIAN_POINT('',(-24.2119778084776,-63.445303682289,51.9474348473358));
#4339=CARTESIAN_POINT('',(-24.5927580626393,-63.6690103096138,51.8656409380018));
#4340=CARTESIAN_POINT('',(-26.4491853593807,-64.6798887350278,51.4747232847104));
#4341=CARTESIAN_POINT('',(-27.9994745085453,-65.2912628327624,51.1720102885003));
#4342=CARTESIAN_POINT('',(-30.3928195743549,-65.8513604509332,50.7038165514184));
#4343=CARTESIAN_POINT('',(-31.1604517044827,-65.9757696530641,50.5536560492063));
#4344=CARTESIAN_POINT('',(-32.7019168051923,-66.1171143526397,50.2465078810144));
#4345=CARTESIAN_POINT('',(-33.4578251772987,-66.1348322654355,50.0933499372368));
#4346=CARTESIAN_POINT('',(-34.5968291992138,-66.0785634263313,49.8588522614699));
#4347=CARTESIAN_POINT('',(-34.9718641917948,-66.046628233244,49.7809853484292));
#4348=CARTESIAN_POINT('',(-35.725699972821,-65.9540188236596,49.6238556831891));
#4349=CARTESIAN_POINT('',(-36.1019034088758,-65.8932618883536,49.545144732351));
#4350=CARTESIAN_POINT('',(-36.853680487306,-65.7410094267851,49.3883788560331));
#4351=CARTESIAN_POINT('',(-37.2263424546766,-65.6499264497098,49.3109308147027));
#4352=CARTESIAN_POINT('',(-37.9644422705325,-65.4360477839329,49.1597898884757));
#4353=CARTESIAN_POINT('',(-38.3266875429942,-65.3142312632765,49.0867972863294));
#4354=CARTESIAN_POINT('',(-39.0674620342936,-65.028132922552,48.9419793557875));
#4355=CARTESIAN_POINT('',(-39.4412571712355,-64.8631758691954,48.8713862336286));
#4356=CARTESIAN_POINT('',(-40.184040113965,-64.4887320869552,48.7399183055638));
#4357=CARTESIAN_POINT('',(-40.5474755136842,-64.2808656643888,48.6803113791814));
#4358=CARTESIAN_POINT('',(-41.6537623569887,-63.5688906648173,48.5177007888427));
#4359=CARTESIAN_POINT('',(-42.3340704477144,-63.0143938322155,48.4462369809487));
#4360=CARTESIAN_POINT('',(-43.6810421296358,-61.724517835628,48.3592698007928));
#4361=CARTESIAN_POINT('',(-44.3122617297435,-61.0055962324714,48.3511283962788));
#4362=CARTESIAN_POINT('',(-45.5587136878795,-59.4260674733726,48.3832899994935));
#4363=CARTESIAN_POINT('',(-46.1550194477264,-58.5747253512024,48.4269101091379));
#4364=CARTESIAN_POINT('',(-47.3062282430303,-56.8246286049706,48.5372807238858));
#4365=CARTESIAN_POINT('',(-47.8770239828254,-55.9017661832662,48.6047099104288));
#4366=CARTESIAN_POINT('',(-48.6744857905576,-54.5809124104385,48.6988498128401));
#4367=CARTESIAN_POINT('',(-48.9260230806804,-54.1583347928004,48.7290162528186));
#4368=CARTESIAN_POINT('',(-49.4277091306837,-53.3035708102985,48.7902766555236));
#4369=CARTESIAN_POINT('',(-49.6777275622635,-52.8714196180708,48.8213725269582));
#4370=CARTESIAN_POINT('',(-50.1758042276605,-51.9981033268925,48.8845921015057));
#4371=CARTESIAN_POINT('',(-50.4237346479424,-51.5569789375568,48.916722354747));
#4372=CARTESIAN_POINT('',(-50.9170756880882,-50.6663718398556,48.9820890037617));
#4373=CARTESIAN_POINT('',(-51.1623874119192,-50.2169462856099,49.0153157142746));
#4374=CARTESIAN_POINT('',(-51.89730737342,-48.8510071723395,49.117039148508));
#4375=CARTESIAN_POINT('',(-52.3782175177391,-47.9303850813495,49.1866011556382));
#4376=CARTESIAN_POINT('',(-53.8239847906227,-45.081004430943,49.4054434030616));
#4377=CARTESIAN_POINT('',(-54.7539379910962,-43.1397660751001,49.5564846035461));
#4378=CARTESIAN_POINT('',(-56.04763884655,-40.1701931725236,49.8264484819813));
#4379=CARTESIAN_POINT('',(-56.4620723863339,-39.1696291741831,49.923947825289));
#4380=CARTESIAN_POINT('',(-57.0547110180411,-37.6483589245604,50.0861337789617));
#4381=CARTESIAN_POINT('',(-57.2485422144389,-37.1345451756823,50.1432617688119));
#4382=CARTESIAN_POINT('',(-57.6297918649901,-36.0862519382278,50.2656012825521));
#4383=CARTESIAN_POINT('',(-57.8167567949613,-35.5521732533266,50.3308428316051));
#4384=CARTESIAN_POINT('',(-58.3704313337047,-33.8883855227214,50.5477471006296));
#4385=CARTESIAN_POINT('',(-58.7056747554484,-32.7581553484603,50.7146541579757));
#4386=CARTESIAN_POINT('',(-59.2438872112485,-30.4303065197152,51.1492857843117));
#4387=CARTESIAN_POINT('',(-59.4426507804039,-29.2334453981575,51.4193407464766));
#4388=CARTESIAN_POINT('',(-59.5974920709916,-26.8443913701579,52.1120935952283));
#4389=CARTESIAN_POINT('',(-59.5458441360701,-25.7007139971329,52.5250174210632));
#4390=CARTESIAN_POINT('',(-59.232497654727,-24.0022937172192,53.2793906937251));
#4391=CARTESIAN_POINT('',(-59.0937530781203,-23.4607521131774,53.5427016576208));
#4392=CARTESIAN_POINT('',(-58.7465608799144,-22.4051639966552,54.0962610321308));
#4393=CARTESIAN_POINT('',(-58.5415610552826,-21.9024022766026,54.3809076804235));
#4394=CARTESIAN_POINT('',(-57.8832846328154,-20.565585173297,55.1906706052716));
#4395=CARTESIAN_POINT('',(-57.3592734068629,-19.7735355025824,55.733436541823));
#4396=CARTESIAN_POINT('',(-56.4407929463304,-18.7343407857981,56.5330664122197));
#4397=CARTESIAN_POINT('',(-56.1212268055777,-18.4177787641042,56.7915456953723));
#4398=CARTESIAN_POINT('',(-55.4412991595099,-17.8345238670751,57.2995349686733));
#4399=CARTESIAN_POINT('',(-55.088523111867,-17.5716878518917,57.5445528107536));
#4400=CARTESIAN_POINT('',(-54.3516706534618,-17.0969074383561,58.0185026316618));
#4401=CARTESIAN_POINT('',(-53.9750882035452,-16.8875289934517,58.2438508636285));
#4402=CARTESIAN_POINT('',(-53.201784194473,-16.5102486614734,58.6754372229501));
#4403=CARTESIAN_POINT('',(-52.8107731216583,-16.3433921056934,58.8794507875994));
#4404=CARTESIAN_POINT('',(-52.0161948797027,-16.0425272407071,59.2678876094126));
#4405=CARTESIAN_POINT('',(-51.6166742850992,-15.9085267014492,59.4511006130377));
#4406=CARTESIAN_POINT('',(-50.8109662092572,-15.6663161914007,59.7984685167594));
#4407=CARTESIAN_POINT('',(-50.4074025880902,-15.5584266263379,59.9619812538403));
#4408=CARTESIAN_POINT('',(-48.4233563651148,-15.0771012677045,60.7202309609996));
#4409=CARTESIAN_POINT('',(-46.7833647366802,-14.8254067672169,61.208535967761));
#4410=CARTESIAN_POINT('',(-44.2023245240355,-14.4711851125329,61.8546183835695));
#4411=CARTESIAN_POINT('',(-43.273119106002,-14.3499143459436,62.0638502889817));
#4412=CARTESIAN_POINT('',(-41.3636092356353,-14.1127258483552,62.4619016414652));
#4413=CARTESIAN_POINT('',(-40.3843138514969,-13.9984083909478,62.6477481273575));
#4414=CARTESIAN_POINT('',(-38.0189678486926,-13.7461147130426,63.0584854025669));
#4415=CARTESIAN_POINT('',(-36.6324289583136,-13.6176079034868,63.2681802736896));
#4416=CARTESIAN_POINT('',(-34.444313847352,-13.4543514116467,63.5587706945704));
#4417=CARTESIAN_POINT('',(-33.6489165540146,-13.4020843266382,63.6561834756874));
#4418=CARTESIAN_POINT('',(-32.002997204475,-13.317635934281,63.8417073037139));
#4419=CARTESIAN_POINT('',(-31.1540250209837,-13.2885609108988,63.92845857422));
#4420=CARTESIAN_POINT('',(-29.536136319786,-13.288646003239,64.0756883157423));
#4421=CARTESIAN_POINT('',(-28.7720995068184,-13.3124002205735,64.1375144816006));
#4422=CARTESIAN_POINT('',(-27.3392596116191,-13.4251213182445,64.2377972711671));
#4423=CARTESIAN_POINT('',(-26.6772841470717,-13.5048847347716,64.2777964156614));
#4424=CARTESIAN_POINT('',(-24.9240841070302,-13.8189893365261,64.3646757145745));
#4425=CARTESIAN_POINT('',(-23.8795484592037,-14.1083810526423,64.3977506459933));
#4426=CARTESIAN_POINT('',(-22.8545624838789,-14.5475390326523,64.4043783876046));
#4427=CARTESIAN_POINT('',(-81.49990650128,-21.432679106204,28.0862714995061));
#4428=CARTESIAN_POINT('',(-81.218124455518,-21.7286654756844,28.5095633535155));
#4429=CARTESIAN_POINT('',(-80.930630386574,-22.0317540931328,28.9228534669016));
#4430=CARTESIAN_POINT('',(-80.3500854436736,-22.6547896480602,29.7206545817892));
#4431=CARTESIAN_POINT('',(-80.0583088490923,-22.9731040461885,30.1040698050436));
#4432=CARTESIAN_POINT('',(-79.4740240178471,-23.6300211945899,30.8366199231062));
#4433=CARTESIAN_POINT('',(-79.1832837434396,-23.9663767741985,31.1842421121431));
#4434=CARTESIAN_POINT('',(-78.6057189435479,-24.6626366796928,31.840496689283));
#4435=CARTESIAN_POINT('',(-78.3211205649077,-25.0192997181868,32.1474061230868));
#4436=CARTESIAN_POINT('',(-76.9611422549221,-26.8053019079096,33.5346384241331));
#4437=CARTESIAN_POINT('',(-75.9197279226134,-28.4162192974021,34.361097499225));
#4438=CARTESIAN_POINT('',(-74.767147286122,-30.6488358495884,34.9922349116171));
#4439=CARTESIAN_POINT('',(-74.5537815657911,-31.0851075041557,35.0945137176254));
#4440=CARTESIAN_POINT('',(-74.1434579820793,-31.9748666548384,35.2611455559505));
#4441=CARTESIAN_POINT('',(-73.948338129188,-32.4238186835351,35.3250408309733));
#4442=CARTESIAN_POINT('',(-73.3881414173777,-33.7957234833827,35.4615015631957));
#4443=CARTESIAN_POINT('',(-73.0606513596646,-34.7164760439814,35.4746630371281));
#4444=CARTESIAN_POINT('',(-72.1793658805762,-37.591933353917,35.298544555707));
#4445=CARTESIAN_POINT('',(-71.7731459338358,-39.543500267925,34.8870294377607));
#4446=CARTESIAN_POINT('',(-71.4864598294382,-41.4456561307974,34.3098166064658));
#4447=CARTESIAN_POINT('',(-85.3684672594233,29.497734960395,14.1246221201297));
#4448=CARTESIAN_POINT('',(-85.4414964266968,29.4358130408614,14.9796818804181));
#4449=CARTESIAN_POINT('',(-85.510891156576,29.2373989376036,15.8325008967303));
#4450=CARTESIAN_POINT('',(-85.5853959870685,28.8233877188816,17.0599420827185));
#4451=CARTESIAN_POINT('',(-85.6058415006232,28.6623778607652,17.4681069030764));
#4452=CARTESIAN_POINT('',(-85.6350849185389,28.3096711762615,18.2715796297162));
#4453=CARTESIAN_POINT('',(-85.6438590757936,28.1196897482607,18.6636282319029));
#4454=CARTESIAN_POINT('',(-85.651696755048,27.5112339499313,19.8267727493499));
#4455=CARTESIAN_POINT('',(-85.6318529096975,27.0630923913601,20.5720545338542));
#4456=CARTESIAN_POINT('',(-85.5607882518854,26.3458971274384,21.6692283517398));
#4457=CARTESIAN_POINT('',(-85.5303186843791,26.1004294615398,22.029468605862));
#4458=CARTESIAN_POINT('',(-85.488086189124,25.8183444476786,22.4305505960886));
#4459=CARTESIAN_POINT('',(-85.4832810068688,25.7869086236365,22.4750729620389));
#4460=CARTESIAN_POINT('',(-85.4771357332705,25.7475205948068,22.5306490805566));
#4461=CARTESIAN_POINT('',(-85.4758995755954,25.7396372966053,22.5417619116055));
#4462=CARTESIAN_POINT('',(-85.4745022716243,25.7307709807221,22.5542488845333));
#4463=CARTESIAN_POINT('',(-85.4744362935984,25.7295434919432,22.555418574701));
#4464=CARTESIAN_POINT('',(-85.4739268857482,25.728288013336,22.5585495139421));
#4465=CARTESIAN_POINT('',(-85.4734818923311,25.7288911778218,22.5600601498823));
#4466=CARTESIAN_POINT('',(-85.47277394538,25.7266956467554,22.564704663935));
#4467=CARTESIAN_POINT('',(-85.4726216078893,25.724275594016,22.5670895911412));
#4468=CARTESIAN_POINT('',(-85.4716918439079,25.7183442399979,22.5753481714255));
#4469=CARTESIAN_POINT('',(-85.471070010854,25.7143858378699,22.5808569947081));
#4470=CARTESIAN_POINT('',(-85.4679539498038,25.6945925116619,22.6083895318578));
#4471=CARTESIAN_POINT('',(-85.4654368715757,25.6787398280186,22.6303977517724));
#4472=CARTESIAN_POINT('',(-85.4527407448284,25.5994539604551,22.7402607667857));
#4473=CARTESIAN_POINT('',(-85.442195517141,25.5357534475755,22.8278716429476));
#4474=CARTESIAN_POINT('',(-85.4094700903463,25.3441127546804,23.089478504921));
#4475=CARTESIAN_POINT('',(-85.3861606798341,25.2153416005726,23.2626482636206));
#4476=CARTESIAN_POINT('',(-85.2636934097491,24.5716447664248,24.1146750915096));
#4477=CARTESIAN_POINT('',(-85.1442486383903,24.0411298625065,24.7745299717192));
#4478=CARTESIAN_POINT('',(-84.8740574351487,22.9414227499981,26.0462759940942));
#4479=CARTESIAN_POINT('',(-84.7249550883277,22.3770490188908,26.6535939929391));
#4480=CARTESIAN_POINT('',(-84.4085087674235,21.2107489790232,27.8125667670383));
#4481=CARTESIAN_POINT('',(-84.2427857187369,20.6144692484665,28.3605129001509));
#4482=CARTESIAN_POINT('',(-83.9030252882454,19.3854250413931,29.3995424827614));
#4483=CARTESIAN_POINT('',(-83.7305666782827,18.7583198083291,29.8871940141218));
#4484=CARTESIAN_POINT('',(-83.2158693986428,16.8403887941207,31.2547958884119));
#4485=CARTESIAN_POINT('',(-82.8776014205054,15.5174067181137,32.0440274079887));
#4486=CARTESIAN_POINT('',(-82.3862265652274,13.4439059466207,33.0834074572899));
#4487=CARTESIAN_POINT('',(-82.2289269779162,12.7547504483172,33.3982055189623));
#4488=CARTESIAN_POINT('',(-81.9282973487425,11.3626565915559,33.9703030808443));
#4489=CARTESIAN_POINT('',(-81.7856417047196,10.6653104647515,34.2269597912989));
#4490=CARTESIAN_POINT('',(-81.5158001433057,9.25252233636694,34.6861389903603));
#4491=CARTESIAN_POINT('',(-81.3896200511894,8.54262012127096,34.8872451314796));
#4492=CARTESIAN_POINT('',(-81.1575648291861,7.10962350547475,35.2312853599794));
#4493=CARTESIAN_POINT('',(-81.0523664867385,6.39301729844131,35.3736035761595));
#4494=CARTESIAN_POINT('',(-80.8659295548438,4.94872499164153,35.5974327416189));
#4495=CARTESIAN_POINT('',(-80.7852797076246,4.22834636099207,35.6786299631308));
#4496=CARTESIAN_POINT('',(-80.6511772515363,2.77887759228212,35.7774784374219));
#4497=CARTESIAN_POINT('',(-80.5981900897205,2.05797557101191,35.7952019798311));
#4498=CARTESIAN_POINT('',(-80.4839951865257,-0.118449296592825,35.7486776449923));
#4499=CARTESIAN_POINT('',(-80.4688989905982,-1.53663403155526,35.5889712566188));
#4500=CARTESIAN_POINT('',(-80.5248821527449,-3.67499178786421,35.1680920420313));
#4501=CARTESIAN_POINT('',(-80.5567223586339,-4.37901253032136,34.9988017229581));
#4502=CARTESIAN_POINT('',(-80.644572969367,-5.78217282639094,34.602279427531));
#4503=CARTESIAN_POINT('',(-80.7003953426873,-6.47474999575435,34.3763417055855));
#4504=CARTESIAN_POINT('',(-80.8335114815449,-7.85119538060202,33.869174936895));
#4505=CARTESIAN_POINT('',(-80.9104318155244,-8.52929966832341,33.5895742207393));
#4506=CARTESIAN_POINT('',(-81.083420399117,-9.8754675162507,32.976065268296));
#4507=CARTESIAN_POINT('',(-81.1791879735476,-10.538157939911,32.6436236092458));
#4508=CARTESIAN_POINT('',(-81.3866110721854,-11.8510779684094,31.9261123436684));
#4509=CARTESIAN_POINT('',(-81.4976755824156,-12.4966105880875,31.5429277495575));
#4510=CARTESIAN_POINT('',(-81.733384975977,-13.7715010908986,30.7231855385518));
#4511=CARTESIAN_POINT('',(-81.8574749673221,-14.3961498754179,30.2885435681176));
#4512=CARTESIAN_POINT('',(-82.1153102480374,-15.6259000114962,29.3662202255832));
#4513=CARTESIAN_POINT('',(-82.2483502234332,-16.2266141131666,28.880724282914));
#4514=CARTESIAN_POINT('',(-82.5170241887518,-17.4045464893698,27.8615835697323));
#4515=CARTESIAN_POINT('',(-82.6519929974407,-17.977977190636,27.3301693567703));
#4516=CARTESIAN_POINT('',(-82.9167934012468,-19.100614347159,26.2233856459454));
#4517=CARTESIAN_POINT('',(-83.0458592801962,-19.6468465554641,25.6503555573192));
#4518=CARTESIAN_POINT('',(-83.2902685783198,-20.7147270148574,24.4654113724366));
#4519=CARTESIAN_POINT('',(-83.405029604795,-21.2336353213892,23.8557164072266));
#4520=CARTESIAN_POINT('',(-83.515049445597,-21.7705538330112,23.1907635658374));
#4521=CARTESIAN_POINT('',(-83.5215794100731,-21.8025884940554,23.1509564536649));
#4522=CARTESIAN_POINT('',(-83.5313033219796,-21.8505525090867,23.0911559001943));
#4523=CARTESIAN_POINT('',(-83.5345330974118,-21.8665273959229,23.0712054582392));
#4524=CARTESIAN_POINT('',(-83.5385552714304,-21.8864773090916,23.0462492496848));
#4525=CARTESIAN_POINT('',(-83.539359004151,-21.8904666038101,23.0412567895686));
#4526=CARTESIAN_POINT('',(-83.540568692866,-21.8964750921288,23.0337342608552));
#4527=CARTESIAN_POINT('',(-83.5413697850475,-21.8975112083525,23.0307439956177));
#4528=CARTESIAN_POINT('',(-83.5421812458229,-21.9015142086186,23.0257024020128));
#4529=CARTESIAN_POINT('',(-83.5425847486578,-21.9035055924489,23.0231938615424));
#4530=CARTESIAN_POINT('',(-83.5446010448428,-21.91346103131,23.0106506956576));
#4531=CARTESIAN_POINT('',(-83.5462106177287,-21.9214215973465,23.000612792832));
#4532=CARTESIAN_POINT('',(-83.5606603596159,-21.9930092206354,22.9102721886347));
#4533=CARTESIAN_POINT('',(-83.5732809355734,-22.0564050318889,22.8297558500021));
#4534=CARTESIAN_POINT('',(-83.6102805867465,-22.2450012724392,22.5887169635502));
#4535=CARTESIAN_POINT('',(-83.6339539455236,-22.3695704753884,22.4276336013138));
#4536=CARTESIAN_POINT('',(-83.7019823809466,-22.7380820808286,21.9443699416147));
#4537=CARTESIAN_POINT('',(-83.7439063090322,-22.9784575440682,21.6195764353308));
#4538=CARTESIAN_POINT('',(-83.8626781823047,-23.6865113341761,20.6217217308546));
#4539=CARTESIAN_POINT('',(-83.9306284590618,-24.1317923604442,19.9385731943916));
#4540=CARTESIAN_POINT('',(-84.0545386726391,-24.9287806193212,18.5123093908912));
#4541=CARTESIAN_POINT('',(-84.1088781604566,-25.2730599411587,17.7878475775201));
#4542=CARTESIAN_POINT('',(-84.2205949282046,-25.8166751805613,16.2357702277561));
#4543=CARTESIAN_POINT('',(-84.2759220297393,-26.0053919351067,15.4274348118656));
#4544=CARTESIAN_POINT('',(-84.3398348175659,-26.0644544408866,14.5968849855813));
#4545=CARTESIAN_POINT('',(77.4019288418791,39.2929307591355,-5.61698222506501));
#4546=CARTESIAN_POINT('',(78.2838536326887,38.5120375411306,-4.00217071345328));
#4547=CARTESIAN_POINT('',(79.1139171218538,37.800643827529,-2.33078666325881));
#4548=CARTESIAN_POINT('',(80.7244990484384,36.1008226730979,0.903417175358603));
#4549=CARTESIAN_POINT('',(81.5162226933503,35.0996471002931,2.49130079496945));
#4550=CARTESIAN_POINT('',(83.0124773848578,32.4085116231922,5.05827568964134));
#4551=CARTESIAN_POINT('',(83.6988835489286,30.7718681625124,6.01804970299048));
#4552=CARTESIAN_POINT('',(84.9010253589545,27.2668445804832,7.45528109126616));
#4553=CARTESIAN_POINT('',(85.4319956749748,25.3400015489033,7.94448070181594));
#4554=CARTESIAN_POINT('',(86.3110185851007,21.5167949899108,8.5277802188579));
#4555=CARTESIAN_POINT('',(86.6782922503613,19.5494710836476,8.63857406316627));
#4556=CARTESIAN_POINT('',(87.2381825023709,15.6701890401719,8.31101882778681));
#4557=CARTESIAN_POINT('',(87.4342422958028,13.7622933359007,7.87892527279199));
#4558=CARTESIAN_POINT('',(87.5688477096348,11.0683855567307,6.67016683120302));
#4559=CARTESIAN_POINT('',(87.5861537425096,10.2271931627935,6.1915020806236));
#4560=CARTESIAN_POINT('',(87.5769663739883,9.20785503592645,5.50589968893428));
#4561=CARTESIAN_POINT('',(87.5734058089885,9.00719470145358,5.36452752280443));
#4562=CARTESIAN_POINT('',(87.5635003199956,8.60945485458193,5.07582803038022));
#4563=CARTESIAN_POINT('',(87.5570043133542,8.4132799145968,4.92795567785443));
#4564=CARTESIAN_POINT('',(87.5328645213229,7.83087339315749,4.47334631247791));
#4565=CARTESIAN_POINT('',(87.510676065437,7.45374929222244,4.15791017512522));
#4566=CARTESIAN_POINT('',(87.4538702941753,6.71413775334058,3.5014636769367));
#4567=CARTESIAN_POINT('',(87.4193002192115,6.35367618340998,3.16196940351116));
#4568=CARTESIAN_POINT('',(87.3375153405286,5.64598125103722,2.46076791111057));
#4569=CARTESIAN_POINT('',(87.2903366704548,5.3003594300849,2.10028546458479));
#4570=CARTESIAN_POINT('',(87.1296734467625,4.28402379518629,0.99226061444701));
#4571=CARTESIAN_POINT('',(86.9984274981054,3.64341723798605,0.228527172636634));
#4572=CARTESIAN_POINT('',(86.6855382402869,2.41346509901353,-1.34203400840892));
#4573=CARTESIAN_POINT('',(86.5052796228754,1.83060169342297,-2.14174910291228));
#4574=CARTESIAN_POINT('',(86.0876495914213,0.7228120883285,-3.79186655570579));
#4575=CARTESIAN_POINT('',(85.8519967255991,0.204516334337247,-4.63362819088514));
#4576=CARTESIAN_POINT('',(85.3183634119605,-0.762354495526903,-6.36847541155605));
#4577=CARTESIAN_POINT('',(85.0231278633692,-1.20336265610178,-7.25060668309979));
#4578=CARTESIAN_POINT('',(84.3663074438108,-1.99908943483957,-9.06599369429201));
#4579=CARTESIAN_POINT('',(84.0090839956491,-2.34588538820288,-9.98511689164927));
#4580=CARTESIAN_POINT('',(83.2288707400334,-2.93288546979603,-11.8661273416381));
#4581=CARTESIAN_POINT('',(82.8124263016532,-3.16697341892968,-12.8107422821485));
#4582=CARTESIAN_POINT('',(81.9175419697944,-3.51918011625493,-14.732075644472));
#4583=CARTESIAN_POINT('',(81.447076869229,-3.6316924817735,-15.6902937413953));
#4584=CARTESIAN_POINT('',(80.4529103210758,-3.72792483331882,-17.6217426818826));
#4585=CARTESIAN_POINT('',(79.9391309361294,-3.70864820585406,-18.5749636152407));
#4586=CARTESIAN_POINT('',(78.8723933152808,-3.52855295244906,-20.4741229427574));
#4587=CARTESIAN_POINT('',(78.3312570431299,-3.36879943568966,-21.3990721794642));
#4588=CARTESIAN_POINT('',(77.2273733063206,-2.91183040277958,-23.216333371048));
#4589=CARTESIAN_POINT('',(76.6762253079981,-2.62078031827077,-24.0901855768462));
#4590=CARTESIAN_POINT('',(75.8411976861492,-2.09536741501479,-25.3675540330039));
#4591=CARTESIAN_POINT('',(75.5654938178726,-1.90819472293505,-25.7817818914423));
#4592=CARTESIAN_POINT('',(75.0161738205931,-1.50893137723132,-26.5926374259498));
#4593=CARTESIAN_POINT('',(74.743640556114,-1.29804029774187,-26.9878615834368));
#4594=CARTESIAN_POINT('',(74.2021614447521,-0.85427495811599,-27.7595067155614));
#4595=CARTESIAN_POINT('',(73.9341693573947,-0.622658090382753,-28.1347811836395));
#4596=CARTESIAN_POINT('',(73.4030604365559,-0.140155651030295,-28.8657178545839));
#4597=CARTESIAN_POINT('',(73.1408015330227,0.109496071931506,-29.2204255910586));
#4598=CARTESIAN_POINT('',(72.6222227330363,0.625564519708907,-29.9097861269214));
#4599=CARTESIAN_POINT('',(72.3666628225325,0.890750041896287,-30.243660546042));
#4600=CARTESIAN_POINT('',(71.862304466782,1.43554643705487,-30.8912587248445));
#4601=CARTESIAN_POINT('',(71.6141776193246,1.71395761409291,-31.2043522607278));
#4602=CARTESIAN_POINT('',(71.1252847861973,2.28307130500143,-31.8105804508109));
#4603=CARTESIAN_POINT('',(70.8850985296521,2.57259694168532,-32.1032243847652));
#4604=CARTESIAN_POINT('',(70.4128077605823,3.16173561119301,-32.6685862961959));
#4605=CARTESIAN_POINT('',(70.1811941413776,3.46018319992745,-32.9409504966952));
#4606=CARTESIAN_POINT('',(69.7263985980691,4.06537173312608,-33.466234203595));
#4607=CARTESIAN_POINT('',(69.5036847861632,4.37107957069172,-33.718836126022));
#4608=CARTESIAN_POINT('',(69.0659476658751,4.99028446104565,-34.2062760871637));
#4609=CARTESIAN_POINT('',(68.8512919363238,5.30277820009529,-34.440890370303));
#4610=CARTESIAN_POINT('',(67.828823815069,6.83445335730521,-35.5374309426707));
#4611=CARTESIAN_POINT('',(67.0609727105116,8.1172646918321,-36.2980074543731));
#4612=CARTESIAN_POINT('',(65.6339580798105,10.7493124538436,-37.593894673741));
#4613=CARTESIAN_POINT('',(64.9812571308951,12.0569562554679,-38.1333020925744));
#4614=CARTESIAN_POINT('',(63.7091454524058,14.6675293662865,-39.0992551888617));
#4615=CARTESIAN_POINT('',(63.0930753354889,15.9604919993663,-39.5268845546656));
#4616=CARTESIAN_POINT('',(62.13293930632,17.9067200411482,-40.1531237997242));
#4617=CARTESIAN_POINT('',(61.8021532776875,18.5613314375151,-40.3629286960738));
#4618=CARTESIAN_POINT('',(61.1437359888674,19.838664715796,-40.7684775966614));
#4619=CARTESIAN_POINT('',(60.8176339136888,20.4621431697942,-40.9631686259625));
#4620=CARTESIAN_POINT('',(60.1782414822663,21.7072323260864,-41.3251801740875));
#4621=CARTESIAN_POINT('',(59.8650355610621,22.3273466605389,-41.4930213628672));
#4622=CARTESIAN_POINT('',(59.2626967610219,23.574910472726,-41.7898510413925));
#4623=CARTESIAN_POINT('',(58.9745297318097,24.199066176034,-41.9189961920989));
#4624=CARTESIAN_POINT('',(58.1547067880958,26.0973048933345,-42.2383414481179));
#4625=CARTESIAN_POINT('',(57.6864885996059,27.349024992642,-42.3557628979498));
#4626=CARTESIAN_POINT('',(57.054675996941,29.3291195004311,-42.398244032208));
#4627=CARTESIAN_POINT('',(56.8613342501102,29.9871369320475,-42.3900882025646));
#4628=CARTESIAN_POINT('',(56.4994646450918,31.321137885814,-42.3312252838361));
#4629=CARTESIAN_POINT('',(56.3327087028761,31.9924357581512,-42.2801021917269));
#4630=CARTESIAN_POINT('',(56.0249195572054,33.3549694602893,-42.1324121329425));
#4631=CARTESIAN_POINT('',(55.8858663604513,34.0410993541426,-42.0353430440207));
#4632=CARTESIAN_POINT('',(55.6374891111484,35.4368347056891,-41.7888011502854));
#4633=CARTESIAN_POINT('',(55.5304121189431,36.1399210388049,-41.6389937896355));
#4634=CARTESIAN_POINT('',(55.3549353474623,37.5752864484932,-41.2735093892066));
#4635=CARTESIAN_POINT('',(55.2892700811178,38.2979991144866,-41.0580064699171));
#4636=CARTESIAN_POINT('',(55.232426590104,39.3896513572274,-40.6755154762586));
#4637=CARTESIAN_POINT('',(55.2214142345575,39.7591661248989,-40.5351737671761));
#4638=CARTESIAN_POINT('',(55.2153507176735,40.5039821716389,-40.2303236905332));
#4639=CARTESIAN_POINT('',(55.2214536888086,40.8766424997754,-40.0656550741207));
#4640=CARTESIAN_POINT('',(55.2759952829146,42.1672013383436,-39.4506638576247));
#4641=CARTESIAN_POINT('',(55.3730724394085,43.0562748772305,-38.9468649779426));
#4642=CARTESIAN_POINT('',(55.7122557915051,44.8150564844424,-37.7515729804316));
#4643=CARTESIAN_POINT('',(55.9683405765673,45.6729111584878,-37.0459357610192));
#4644=CARTESIAN_POINT('',(56.4944448206183,46.827462528337,-35.8542570930445));
#4645=CARTESIAN_POINT('',(56.6998828070418,47.1941489252057,-35.424725626342));
#4646=CARTESIAN_POINT('',(57.1251123495331,47.7961942759596,-34.6041649376463));
#4647=CARTESIAN_POINT('',(57.3297966421203,48.0374134065778,-34.2301588183197));
#4648=CARTESIAN_POINT('',(57.9904464693919,48.6627773788377,-33.0915751671235));
#4649=CARTESIAN_POINT('',(58.4696190143418,48.9371203929321,-32.3468691653497));
#4650=CARTESIAN_POINT('',(59.5120701496806,49.273278823185,-30.8347679118552));
#4651=CARTESIAN_POINT('',(60.0574355131395,49.3372051012698,-30.0893623141631));
#4652=CARTESIAN_POINT('',(60.8692787425659,49.3282618374693,-29.0109915131087));
#4653=CARTESIAN_POINT('',(61.1386105603107,49.3088996354576,-28.6581590074529));
#4654=CARTESIAN_POINT('',(61.6775582534375,49.2429119978242,-27.9586333905577));
#4655=CARTESIAN_POINT('',(61.9458637499359,49.1966418990521,-27.6136409925854));
#4656=CARTESIAN_POINT('',(62.7473771734887,49.0263103869197,-26.5877513568411));
#4657=CARTESIAN_POINT('',(63.2773909644613,48.8711065300864,-25.9158527695779));
#4658=CARTESIAN_POINT('',(64.329031659057,48.5060746230717,-24.5781556996219));
#4659=CARTESIAN_POINT('',(64.8479187389229,48.2967289058877,-23.9163618274794));
#4660=CARTESIAN_POINT('',(66.4815939439388,47.5790942139437,-21.8049413586655));
#4661=CARTESIAN_POINT('',(67.5658344393428,47.0054139563348,-20.3682837727553));
#4662=CARTESIAN_POINT('',(69.6898758300668,45.7039959991596,-17.4870172955636));
#4663=CARTESIAN_POINT('',(70.7201257534355,44.9809745605751,-16.0543331399145));
#4664=CARTESIAN_POINT('',(72.7337355648324,43.4178780053455,-13.1704739528867));
#4665=CARTESIAN_POINT('',(73.7115316159658,42.5796622566184,-11.7265047677951));
#4666=CARTESIAN_POINT('',(75.6120692109964,40.9014110059896,-8.74617380184882));
#4667=CARTESIAN_POINT('',(76.5294150978776,40.0654910413806,-7.21456203292993));
#4668=CARTESIAN_POINT('',(77.4019288418791,39.2929307591355,-5.616982225065));
#4669=CARTESIAN_POINT('',(14.7181220171629,78.3743080387119,54.3124141485751));
#4670=CARTESIAN_POINT('',(15.1407261038626,77.0341630542101,55.2647472531972));
#4671=CARTESIAN_POINT('',(15.5982051032676,75.6733874278286,56.1528672708939));
#4672=CARTESIAN_POINT('',(16.5936314215127,73.0088381915321,57.6931965699139));
#4673=CARTESIAN_POINT('',(17.1115854981724,71.7339185842809,58.3469216431079));
#4674=CARTESIAN_POINT('',(17.9787998553264,69.8291038430188,59.1885388874981));
#4675=CARTESIAN_POINT('',(18.2690955404992,69.2220762262455,59.4367623251073));
#4676=CARTESIAN_POINT('',(18.8731208264325,68.0334002374903,59.8852427064747));
#4677=CARTESIAN_POINT('',(19.1831662741606,67.4553506428099,60.0858127556224));
#4678=CARTESIAN_POINT('',(19.8279861440673,66.3314830021293,60.4435792922221));
#4679=CARTESIAN_POINT('',(20.1587437516873,65.7891966216919,60.6011517165539));
#4680=CARTESIAN_POINT('',(20.8449110617552,64.743467462313,60.8779174509433));
#4681=CARTESIAN_POINT('',(21.1957650028231,64.2434545171398,60.9975385409425));
#4682=CARTESIAN_POINT('',(22.2608696033223,62.8426839569536,61.2990880266956));
#4683=CARTESIAN_POINT('',(23.008234586193,61.9914053748071,61.4416978128531));
#4684=CARTESIAN_POINT('',(24.6166170163941,60.4785113524208,61.6256061296104));
#4685=CARTESIAN_POINT('',(25.4130452586508,59.8541270379081,61.6695417260199));
#4686=CARTESIAN_POINT('',(26.7144918624169,59.0139146158001,61.6829801120494));
#4687=CARTESIAN_POINT('',(27.1400555314733,58.7634664727811,61.6792948283925));
#4688=CARTESIAN_POINT('',(28.0026248416578,58.2994679789172,61.6575447057947));
#4689=CARTESIAN_POINT('',(28.435576114031,58.0868108072618,61.6400147828951));
#4690=CARTESIAN_POINT('',(29.7554020732224,57.4936658427358,61.5672287834544));
#4691=CARTESIAN_POINT('',(30.6488163608175,57.1628319593376,61.4933151391022));
#4692=CARTESIAN_POINT('',(32.4795440871158,56.6032721903101,61.2894201968379));
#4693=CARTESIAN_POINT('',(33.3974634084829,56.3797933387786,61.1618019306833));
#4694=CARTESIAN_POINT('',(35.2621084433054,56.027075242514,60.8413760416844));
#4695=CARTESIAN_POINT('',(36.2370520609377,55.8934931976749,60.6420458454819));
#4696=CARTESIAN_POINT('',(38.1868719905219,55.7480824081809,60.1569257604366));
#4697=CARTESIAN_POINT('',(39.1995973218408,55.7440241409607,59.8551587139496));
#4698=CARTESIAN_POINT('',(41.3334551931361,55.9485213572744,59.0679153837185));
#4699=CARTESIAN_POINT('',(42.4226556961246,56.1925452570826,58.5666551793266));
#4700=CARTESIAN_POINT('',(44.1926544060181,56.9257594609958,57.5244983370184));
#4701=CARTESIAN_POINT('',(44.8538654955035,57.319381268512,57.0563190554972));
#4702=CARTESIAN_POINT('',(46.1594294031118,58.3585351571216,55.9609347669281));
#4703=CARTESIAN_POINT('',(46.7615388230141,58.9996494762574,55.3459489105174));
#4704=CARTESIAN_POINT('',(47.8710065646371,60.3726454511668,54.0558783088043));
#4705=CARTESIAN_POINT('',(48.3931527209973,61.1459007518396,53.346147931621));
#4706=CARTESIAN_POINT('',(49.3602195069541,62.6936801306341,51.9032951212116));
#4707=CARTESIAN_POINT('',(49.8159174872276,63.4911498062593,51.1492268679491));
#4708=CARTESIAN_POINT('',(50.5661633174674,64.7851799486549,49.8639588122965));
#4709=CARTESIAN_POINT('',(50.8634054129965,65.2892325082288,49.3451202456326));
#4710=CARTESIAN_POINT('',(51.466928380735,66.2783690361976,48.2862166249073));
#4711=CARTESIAN_POINT('',(51.7715193100729,66.7636304291227,47.7470170806439));
#4712=CARTESIAN_POINT('',(52.2303577387465,67.4888513885166,46.9173632875725));
#4713=CARTESIAN_POINT('',(52.3860267931759,67.733874676656,46.632800290466));
#4714=CARTESIAN_POINT('',(52.6976789342906,68.2254832311125,46.0546317686758));
#4715=CARTESIAN_POINT('',(52.8536028139421,68.471940235792,45.7610177611085));
#4716=CARTESIAN_POINT('',(53.3216359205136,69.218804019798,44.862306522221));
#4717=CARTESIAN_POINT('',(53.6270078992971,69.7159660674879,44.2518100866341));
#4718=CARTESIAN_POINT('',(54.1164120351599,70.5580943307934,43.2098111302786));
#4719=CARTESIAN_POINT('',(54.308227417234,70.9018862907313,42.7823814723299));
#4720=CARTESIAN_POINT('',(54.6735413881216,71.5953693637019,41.9202821111325));
#4721=CARTESIAN_POINT('',(54.8464898158665,71.9447042964616,41.4863104012507));
#4722=CARTESIAN_POINT('',(55.331046789584,73.0016822999904,40.1779736320687));
#4723=CARTESIAN_POINT('',(55.6073411607486,73.713964394239,39.3019264208713));
#4724=CARTESIAN_POINT('',(56.0577241060207,75.1583189125187,37.5382804980987));
#4725=CARTESIAN_POINT('',(56.230358602695,75.8835006384434,36.6599910222605));
#4726=CARTESIAN_POINT('',(56.4645416447633,77.3459393600308,34.8990499119262));
#4727=CARTESIAN_POINT('',(56.5256097434443,78.0741534611165,34.0266824284915));
#4728=CARTESIAN_POINT('',(56.5239573119928,79.5326203753618,32.2873603146419));
#4729=CARTESIAN_POINT('',(56.4632334709117,80.2523982454363,31.4328298154732));
#4730=CARTESIAN_POINT('',(56.2758227993991,81.3302616232055,30.1572633928927));
#4731=CARTESIAN_POINT('',(56.1984749081494,81.6844618047323,29.7388459229958));
#4732=CARTESIAN_POINT('',(56.0118154685549,82.389198506916,28.9084396907475));
#4733=CARTESIAN_POINT('',(55.9031453593719,82.73823393484,28.4982077971257));
#4734=CARTESIAN_POINT('',(55.6541066183895,83.4313244300832,27.6861441980696));
#4735=CARTESIAN_POINT('',(55.5145339904749,83.7738557051871,27.2861259341757));
#4736=CARTESIAN_POINT('',(55.2034509391121,84.4532588643764,26.4973146959014));
#4737=CARTESIAN_POINT('',(55.0329940788254,84.7885266353122,26.1103565906838));
#4738=CARTESIAN_POINT('',(54.4771077342264,85.7805513624123,24.9748709171704));
#4739=CARTESIAN_POINT('',(54.0496558988696,86.4231856081915,24.2517799002573));
#4740=CARTESIAN_POINT('',(53.3145074301722,87.3758160088821,23.2091606365298));
#4741=CARTESIAN_POINT('',(53.0578153523882,87.6868199178299,22.873432007238));
#4742=CARTESIAN_POINT('',(52.7524802782022,88.0341468695566,22.5052744172606));
#4743=CARTESIAN_POINT('',(52.7185333460024,88.0724685041539,22.4647488689862));
#4744=CARTESIAN_POINT('',(52.6672996062592,88.1298682195144,22.4041933641764));
#4745=CARTESIAN_POINT('',(52.6501786256069,88.1489775518713,22.3840576267206));
#4746=CARTESIAN_POINT('',(52.6244194553013,88.1776205918166,22.353912871834));
#4747=CARTESIAN_POINT('',(52.6158223307346,88.1871623301302,22.3438770084233));
#4748=CARTESIAN_POINT('',(52.6061354636723,88.1978934931929,22.3325970434918));
#4749=CARTESIAN_POINT('',(52.6050591137796,88.1990856020895,22.3313440628322));
#4750=CARTESIAN_POINT('',(52.6027131329975,88.2016832800849,22.3286139577984));
#4751=CARTESIAN_POINT('',(52.6032349243504,88.2016837352001,22.3268134304579));
#4752=CARTESIAN_POINT('',(52.603472208468,88.2026094136227,22.3220702391364));
#4753=CARTESIAN_POINT('',(52.5992994020402,88.2070380419794,22.3179629437868));
#4754=CARTESIAN_POINT('',(52.5938762157257,88.2130424005691,22.3115655653025));
#4755=CARTESIAN_POINT('',(52.5895770498538,88.2177975035017,22.3065007381727));
#4756=CARTESIAN_POINT('',(52.5165889410271,88.2984452325563,22.2206259837558));
#4757=CARTESIAN_POINT('',(52.4469923898999,88.3741295033084,22.1404305915978));
#4758=CARTESIAN_POINT('',(52.2363208397744,88.5996973503209,21.9026701413373));
#4759=CARTESIAN_POINT('',(52.0926838463996,88.7488889707803,21.7470623113612));
#4760=CARTESIAN_POINT('',(51.6541728618903,89.191462815999,21.2906685492091));
#4761=CARTESIAN_POINT('',(51.3503164887928,89.4816642448873,20.9980847091531));
#4762=CARTESIAN_POINT('',(50.7201836663546,90.0540988082679,20.4373503236706));
#4763=CARTESIAN_POINT('',(50.3958971579755,90.3348868723803,20.1704829580872));
#4764=CARTESIAN_POINT('',(49.3964890351859,91.1635001243273,19.4108918595364));
#4765=CARTESIAN_POINT('',(48.6971396241376,91.6974621514395,18.9584497322152));
#4766=CARTESIAN_POINT('',(47.5885317014513,92.4883793721474,18.3576645488003));
#4767=CARTESIAN_POINT('',(47.2154149123461,92.746008713488,18.1732355852567));
#4768=CARTESIAN_POINT('',(46.4545688535823,93.2558506670767,17.8331534130333));
#4769=CARTESIAN_POINT('',(46.069078739502,93.506692883714,17.6781004944823));
#4770=CARTESIAN_POINT('',(44.1221362754135,94.7396635850383,16.9807657258718));
#4771=CARTESIAN_POINT('',(42.4468124400968,95.6937286921815,16.6497497877479));
#4772=CARTESIAN_POINT('',(39.8782962451072,97.0281743456782,16.5776690223064));
#4773=CARTESIAN_POINT('',(39.0200010323317,97.4532841102268,16.6238565948354));
#4774=CARTESIAN_POINT('',(37.2583313524934,98.2823313916588,16.8782148954779));
#4775=CARTESIAN_POINT('',(36.3852554298748,98.6711825208154,17.0854103657683));
#4776=CARTESIAN_POINT('',(34.6095692431248,99.4089945543057,17.6678209345506));
#4777=CARTESIAN_POINT('',(33.7379340536528,99.7437316599034,18.0350446442914));
#4778=CARTESIAN_POINT('',(32.4288639333046,100.194238844161,18.7009214222833));
#4779=CARTESIAN_POINT('',(31.9932727054708,100.334909301021,18.9426503436719));
#4780=CARTESIAN_POINT('',(31.1220720906695,100.595199815214,19.4659840281035));
#4781=CARTESIAN_POINT('',(30.6904098654075,100.713229669281,19.7459058098777));
#4782=CARTESIAN_POINT('',(29.3774495711559,101.034164067011,20.6593140505462));
#4783=CARTESIAN_POINT('',(28.538603653839,101.186136811418,21.3299617686275));
#4784=CARTESIAN_POINT('',(27.6183679907467,101.276149192479,22.1603297042013));
#4785=CARTESIAN_POINT('',(27.5146745998944,101.285123847529,22.255325859334));
#4786=CARTESIAN_POINT('',(27.3857141013429,101.294790621802,22.3752150016094));
#4787=CARTESIAN_POINT('',(27.3598730004342,101.296651928271,22.3993265087155));
#4788=CARTESIAN_POINT('',(27.3211543523608,101.29932669693,22.43558434883));
#4789=CARTESIAN_POINT('',(27.3082469684985,101.300199279546,22.4476932560259));
#4790=CARTESIAN_POINT('',(27.2921235645276,101.301265367048,22.4628464068327));
#4791=CARTESIAN_POINT('',(27.2888980874581,101.301477439622,22.4658791464058));
#4792=CARTESIAN_POINT('',(27.2840605543009,101.301793706284,22.4704296526807));
#4793=CARTESIAN_POINT('',(27.2824480229208,101.301898830137,22.4719468471525));
#4794=CARTESIAN_POINT('',(27.2792683777966,101.302105525834,22.4749391734918));
#4795=CARTESIAN_POINT('',(27.2772614824775,101.302465864376,22.4757774833898));
#4796=CARTESIAN_POINT('',(27.2755422158379,101.30199957786,22.4800307681962));
#4797=CARTESIAN_POINT('',(27.276705411525,101.301333911166,22.4816179969404));
#4798=CARTESIAN_POINT('',(27.2758347664013,101.300588020858,22.4860468309377));
#4799=CARTESIAN_POINT('',(27.2737265068231,101.301020592668,22.4866717800922));
#4800=CARTESIAN_POINT('',(27.2689588904978,101.301333183936,22.4910844152981));
#4801=CARTESIAN_POINT('',(27.2657231751985,101.301544232445,22.4940805248176));
#4802=CARTESIAN_POINT('',(27.2106674390773,101.305116453089,22.5450817134391));
#4803=CARTESIAN_POINT('',(27.1590083902942,101.308185195095,22.5932734236618));
#4804=CARTESIAN_POINT('',(26.9004091163724,101.322121641965,22.8361699679225));
#4805=CARTESIAN_POINT('',(26.6960619049504,101.328541938589,23.0334146918946));
#4806=CARTESIAN_POINT('',(26.0846420448313,101.333705090587,23.6383909808361));
#4807=CARTESIAN_POINT('',(25.6872537812692,101.31775987913,24.0521502272328));
#4808=CARTESIAN_POINT('',(24.9024950810388,101.247444290841,24.9033062786053));
#4809=CARTESIAN_POINT('',(24.5183178709152,101.192817376024,25.3376380581207));
#4810=CARTESIAN_POINT('',(23.7603846025879,101.045076491724,26.224124968003));
#4811=CARTESIAN_POINT('',(23.3893624523286,100.951949187709,26.6735042131324));
#4812=CARTESIAN_POINT('',(22.6568713714966,100.728598961704,27.584243694631));
#4813=CARTESIAN_POINT('',(22.2976943423214,100.598544288209,28.0431963462621));
#4814=CARTESIAN_POINT('',(21.5887848239702,100.302959865074,28.9688908209586));
#4815=CARTESIAN_POINT('',(21.2408133611796,100.137782218393,29.4334702528084));
#4816=CARTESIAN_POINT('',(20.5526166824065,99.7748882516095,30.3660334131621));
#4817=CARTESIAN_POINT('',(20.2139227486187,99.5775381598465,30.8322836747268));
#4818=CARTESIAN_POINT('',(19.5454391548465,99.1518401668608,31.7667851485138));
#4819=CARTESIAN_POINT('',(19.2169927504174,98.9239391861206,32.233443760335));
#4820=CARTESIAN_POINT('',(18.5720954051281,98.4376845611391,33.1690344354326));
#4821=CARTESIAN_POINT('',(18.256944492698,98.1799027916378,33.6363529203182));
#4822=CARTESIAN_POINT('',(17.6424920547261,97.6343612254294,34.5737508810172));
#4823=CARTESIAN_POINT('',(17.3444583226967,97.3473573488827,35.0421193409144));
#4824=CARTESIAN_POINT('',(16.4753622482251,96.4391044448684,36.4575727175948));
#4825=CARTESIAN_POINT('',(15.9439900040324,95.7845345436534,37.3926210216597));
#4826=CARTESIAN_POINT('',(14.9917273253878,94.3673493773516,39.2773889281504));
#4827=CARTESIAN_POINT('',(14.5804909153121,93.615937822722,40.2095065139702));
#4828=CARTESIAN_POINT('',(14.0620372490673,92.4211821839514,41.6056107093722));
#4829=CARTESIAN_POINT('',(13.907530753838,92.0158904532544,42.065716933571));
#4830=CARTESIAN_POINT('',(13.6343904185767,91.1881710055383,42.9803897105925));
#4831=CARTESIAN_POINT('',(13.5161264917486,90.7679328823848,43.432692032563));
#4832=CARTESIAN_POINT('',(13.3175680029088,89.9166905260134,44.326473518965));
#4833=CARTESIAN_POINT('',(13.2371306097601,89.4880941643788,44.7657701670127));
#4834=CARTESIAN_POINT('',(13.1151734477023,88.6257020827262,45.6297273930742));
#4835=CARTESIAN_POINT('',(13.0730673706482,88.194423316972,46.0523088111535));
#4836=CARTESIAN_POINT('',(13.0264153195098,87.3324304677536,46.8793345848938));
#4837=CARTESIAN_POINT('',(13.0211901405165,86.9041874854414,47.2818824542795));
#4838=CARTESIAN_POINT('',(13.0463172100669,86.0544202083592,48.0652068096414));
#4839=CARTESIAN_POINT('',(13.0749199953732,85.6351765605491,48.4444852956985));
#4840=CARTESIAN_POINT('',(13.2000472806103,84.4181369859595,49.5263158430553));
#4841=CARTESIAN_POINT('',(13.3339947691016,83.6198394905057,50.2130809334777));
#4842=CARTESIAN_POINT('',(13.8138549734901,81.3537155932176,52.0958617086815));
#4843=CARTESIAN_POINT('',(14.2407165713257,79.8882368764786,53.2365868560653));
#4844=CARTESIAN_POINT('',(14.7181220171629,78.3743080387119,54.3124141485751));
#4845=CARTESIAN_POINT('',(50.1552806597907,29.7649290777248,60.9620762513297));
#4846=CARTESIAN_POINT('',(49.5854866703653,28.5764632876393,61.282303344425));
#4847=CARTESIAN_POINT('',(49.1716077075858,27.3170931996631,61.5150463643141));
#4848=CARTESIAN_POINT('',(48.8621606245867,25.3563239702062,61.7526520904169));
#4849=CARTESIAN_POINT('',(48.810484924603,24.7294263819795,61.8108443938412));
#4850=CARTESIAN_POINT('',(48.8001074379795,23.4810332135253,61.8955962883896));
#4851=CARTESIAN_POINT('',(48.8378167873751,22.877227747373,61.9221913025802));
#4852=CARTESIAN_POINT('',(48.9917582732107,21.6834954050372,61.9489291882227));
#4853=CARTESIAN_POINT('',(49.1039527792014,21.1070894612233,61.9495282935036));
#4854=CARTESIAN_POINT('',(49.393469066859,19.9741905855145,61.9276985148701));
#4855=CARTESIAN_POINT('',(49.5663739903216,19.4274784648302,61.9060645492397));
#4856=CARTESIAN_POINT('',(50.1651070242366,17.8194060934546,61.8097989110007));
#4857=CARTESIAN_POINT('',(50.6758031387814,16.7792254553838,61.7028008739147));
#4858=CARTESIAN_POINT('',(51.5170684536526,15.2897759954997,61.4914055649644));
#4859=CARTESIAN_POINT('',(51.815898705457,14.7946497301332,61.4108491678059));
#4860=CARTESIAN_POINT('',(52.4427539934303,13.8112244709779,61.22916613493));
#4861=CARTESIAN_POINT('',(52.7698087325518,13.325290268666,61.1280939770022));
#4862=CARTESIAN_POINT('',(53.4485003939557,12.3569748363154,60.9036880041569));
#4863=CARTESIAN_POINT('',(53.7995267908832,11.8767004626592,60.780240956028));
#4864=CARTESIAN_POINT('',(54.5236265048682,10.9199785758183,60.5083003432385));
#4865=CARTESIAN_POINT('',(54.8958646157046,10.4453385671539,60.359733432893));
#4866=CARTESIAN_POINT('',(55.6592865347122,9.49909411153546,60.0347804758651));
#4867=CARTESIAN_POINT('',(56.0497169384509,9.0294189555854,59.8582487442335));
#4868=CARTESIAN_POINT('',(56.8478526880613,8.09351129575167,59.4738584836063));
#4869=CARTESIAN_POINT('',(57.2544923138216,7.62917296093996,59.2659417936004));
#4870=CARTESIAN_POINT('',(58.0842373962823,6.70355378902942,58.8147208733617));
#4871=CARTESIAN_POINT('',(58.5063605855993,6.24481181315922,58.5711379736168));
#4872=CARTESIAN_POINT('',(59.3652956213067,5.33290069064986,58.0453393942072));
#4873=CARTESIAN_POINT('',(59.8007853780811,4.88240474437295,57.7633213040794));
#4874=CARTESIAN_POINT('',(60.6902189955795,3.99380823513885,57.1555534680717));
#4875=CARTESIAN_POINT('',(61.1418791997006,3.55856024274413,56.8304526656392));
#4876=CARTESIAN_POINT('',(62.0680564643374,2.70625386902616,56.1306515071741));
#4877=CARTESIAN_POINT('',(62.5398279927253,2.29344330600997,55.7569543802601));
#4878=CARTESIAN_POINT('',(63.5115344584866,1.49481011875991,54.953508456143));
#4879=CARTESIAN_POINT('',(64.0076156393469,1.11418206351464,54.5256660873226));
#4880=CARTESIAN_POINT('',(64.7675549781915,0.57652367502151,53.8453901278798));
#4881=CARTESIAN_POINT('',(65.0266609372447,0.401153509737004,53.6091135024822));
#4882=CARTESIAN_POINT('',(65.5535303376508,0.0610776047077941,53.1203321678718));
#4883=CARTESIAN_POINT('',(65.8206065715282,-0.10277836636568,52.8682498672629));
#4884=CARTESIAN_POINT('',(66.6479877912214,-0.583921584936387,52.0747785123159));
#4885=CARTESIAN_POINT('',(67.2064650335743,-0.871286260365206,51.5216343307653));
#4886=CARTESIAN_POINT('',(68.0605973245895,-1.25915953023884,50.6522904499647));
#4887=CARTESIAN_POINT('',(68.3530016615876,-1.3827131213924,50.350505972438));
#4888=CARTESIAN_POINT('',(68.9472180740447,-1.61596895985276,49.7294335046489));
#4889=CARTESIAN_POINT('',(69.248282768399,-1.72482020000076,49.4106821108998));
#4890=CARTESIAN_POINT('',(70.8607439013974,-2.26012333348462,47.6836207698348));
#4891=CARTESIAN_POINT('',(72.1551437378208,-2.51276509177246,46.2318602044268));
#4892=CARTESIAN_POINT('',(73.7707048466694,-2.63501175526319,44.3357336070074));
#4893=CARTESIAN_POINT('',(74.1083450081664,-2.64951854946811,43.9345088838932));
#4894=CARTESIAN_POINT('',(74.7856960742775,-2.65765997928782,43.1191071972983));
#4895=CARTESIAN_POINT('',(75.1245569116901,-2.6508644169743,42.7057560308162));
#4896=CARTESIAN_POINT('',(75.8018901162004,-2.61714492184116,41.8678924779095));
#4897=CARTESIAN_POINT('',(76.1395683326507,-2.58986991257622,41.4442004575504));
#4898=CARTESIAN_POINT('',(76.812035273276,-2.51322465096952,40.5879833302783));
#4899=CARTESIAN_POINT('',(77.1459885737462,-2.46371046986338,40.1563964978339));
#4900=CARTESIAN_POINT('',(77.8092527145623,-2.34105203984513,39.2858303500704));
#4901=CARTESIAN_POINT('',(78.1376529184711,-2.26794020348383,38.8479321837469));
#4902=CARTESIAN_POINT('',(78.7873461275009,-2.09586778769001,37.9673167133159));
#4903=CARTESIAN_POINT('',(79.1076137914548,-1.99701029521965,37.5258973005161));
#4904=CARTESIAN_POINT('',(80.0547798600568,-1.65980953406394,36.1977636116755));
#4905=CARTESIAN_POINT('',(80.6610466400636,-1.3834335512774,35.3171055464955));
#4906=CARTESIAN_POINT('',(81.8217856186855,-0.714188007343363,33.5583876709427));
#4907=CARTESIAN_POINT('',(82.3674088492727,-0.328039429163834,32.6945291203095));
#4908=CARTESIAN_POINT('',(83.3912523381106,0.559877052211438,30.9867413300292));
#4909=CARTESIAN_POINT('',(83.8610323398248,1.05118662127648,30.1585872902219));
#4910=CARTESIAN_POINT('',(84.7210369753547,2.14724725643298,28.5413959509205));
#4911=CARTESIAN_POINT('',(85.1036115450997,2.73705342897255,27.769372716077));
#4912=CARTESIAN_POINT('',(85.7806996467307,4.02869549853331,26.2878695406968));
#4913=CARTESIAN_POINT('',(86.0685960696034,4.70982985720751,25.5965566664479));
#4914=CARTESIAN_POINT('',(86.4344127311949,5.82025564258435,24.6203548599587));
#4915=CARTESIAN_POINT('',(86.5427755757294,6.19503148716972,24.3128694764622));
#4916=CARTESIAN_POINT('',(86.7375785109916,6.96669496543492,23.7223657793437));
#4917=CARTESIAN_POINT('',(86.8235079379092,7.36038695659004,23.4413793062873));
#4918=CARTESIAN_POINT('',(86.9185615890564,7.86532463971686,23.1038208772911));
#4919=CARTESIAN_POINT('',(86.9368224031019,7.96618779442521,23.0374819952829));
#4920=CARTESIAN_POINT('',(86.9588835774369,8.09294407944406,22.9554486546086));
#4921=CARTESIAN_POINT('',(86.9632512201188,8.11829215533355,22.9391104372619));
#4922=CARTESIAN_POINT('',(86.9697448152587,8.15635997602899,22.9146730000422));
#4923=CARTESIAN_POINT('',(86.9718991180162,8.16905337442127,22.9065410600728));
#4924=CARTESIAN_POINT('',(86.9751161188892,8.18810469967663,22.8943607048934));
#4925=CARTESIAN_POINT('',(86.9761858952936,8.19445611816217,22.8903040777903));
#4926=CARTESIAN_POINT('',(86.9775200382932,8.20239732805805,22.8852372163731));
#4927=CARTESIAN_POINT('',(86.977758570814,8.20404492220913,22.8843172079285));
#4928=CARTESIAN_POINT('',(86.9782240199315,8.20645257605005,22.8825704164941));
#4929=CARTESIAN_POINT('',(86.9784516086512,8.20599756034894,22.8818172039224));
#4930=CARTESIAN_POINT('',(86.9789885389735,8.20599070756827,22.879964960901));
#4931=CARTESIAN_POINT('',(86.979039983054,8.20682214757936,22.8797366666868));
#4932=CARTESIAN_POINT('',(86.9796974558572,8.21072255922896,22.8772294776741));
#4933=CARTESIAN_POINT('',(86.9802316613553,8.21389587733639,22.8751907185238));
#4934=CARTESIAN_POINT('',(86.9892949463798,8.26780518457743,22.8405735346592));
#4935=CARTESIAN_POINT('',(86.9976679502206,8.31867895801178,22.8081746466416));
#4936=CARTESIAN_POINT('',(87.0386259161069,8.572923614919,22.647593626921));
#4937=CARTESIAN_POINT('',(87.0688792234228,8.77818900595431,22.522186197278));
#4938=CARTESIAN_POINT('',(87.1520049098209,9.396315626007,22.1568066130088));
#4939=CARTESIAN_POINT('',(87.1978194129487,9.81365154937253,21.9258687867287));
#4940=CARTESIAN_POINT('',(87.3088871774533,11.0784110425619,21.270251084799));
#4941=CARTESIAN_POINT('',(87.3488369763985,11.9354584837507,20.8819035467274));
#4942=CARTESIAN_POINT('',(87.3728334413109,13.6858242240722,20.1882553223908));
#4943=CARTESIAN_POINT('',(87.3575347744123,14.5646521764276,19.8867394505466));
#4944=CARTESIAN_POINT('',(87.2810655588557,16.3487052996241,19.3620453279376));
#4945=CARTESIAN_POINT('',(87.220848715898,17.2416764240575,19.1408559060458));
#4946=CARTESIAN_POINT('',(87.0605756913814,19.0488236670728,18.7878738391003));
#4947=CARTESIAN_POINT('',(86.9619887213992,19.9496666914663,18.6579593304067));
#4948=CARTESIAN_POINT('',(86.6153645097563,22.6692473388675,18.4250414062447));
#4949=CARTESIAN_POINT('',(86.3211234400784,24.4851838505596,18.4805182600452));
#4950=CARTESIAN_POINT('',(85.8005140796708,27.1527176566698,18.9753742004641));
#4951=CARTESIAN_POINT('',(85.6156561701524,28.0198659885522,19.207537365185));
#4952=CARTESIAN_POINT('',(85.2099355841726,29.747189523537,19.8119972147156));
#4953=CARTESIAN_POINT('',(84.9942154180386,30.5819962797321,20.1783455209859));
#4954=CARTESIAN_POINT('',(84.6386673066873,31.8065053812263,20.8253785967969));
#4955=CARTESIAN_POINT('',(84.5146587436564,32.2092234879762,21.0579858716418));
#4956=CARTESIAN_POINT('',(84.2528046164011,33.0052002193348,21.5586440002933));
#4957=CARTESIAN_POINT('',(84.1156865774845,33.3951745387653,21.8254026233089));
#4958=CARTESIAN_POINT('',(83.9356541924061,33.8706680028224,22.1774406522093));
#4959=CARTESIAN_POINT('',(83.8988867343422,33.965982332569,22.2494243161912));
#4960=CARTESIAN_POINT('',(83.8430336193687,34.1080268795784,22.3588338549551));
#4961=CARTESIAN_POINT('',(83.8242566868417,34.1553210776519,22.3956284032196));
#4962=CARTESIAN_POINT('',(83.8047849593013,34.2038867499999,22.4337923366067));
#4963=CARTESIAN_POINT('',(83.8041939073399,34.2053604781508,22.4349507860775));
#4964=CARTESIAN_POINT('',(83.8030227688234,34.2082796973951,22.4372462074638));
#4965=CARTESIAN_POINT('',(83.8024790843158,34.2100775834251,22.437808705683));
#4966=CARTESIAN_POINT('',(83.8013400469202,34.2118717749516,22.4412259940192));
#4967=CARTESIAN_POINT('',(83.8012719311402,34.2106828363306,22.4428954555684));
#4968=CARTESIAN_POINT('',(83.8000868287125,34.2127981525402,22.4461423172016));
#4969=CARTESIAN_POINT('',(83.7995317826363,34.2145424782826,22.4468134892404));
#4970=CARTESIAN_POINT('',(83.7965788222018,34.2219062331531,22.452541264313));
#4971=CARTESIAN_POINT('',(83.7942089505507,34.2278091551282,22.4571383333743));
#4972=CARTESIAN_POINT('',(83.7870926741914,34.2455141095321,22.4709433265554));
#4973=CARTESIAN_POINT('',(83.7823418056207,34.25730683814,22.4801607747129));
#4974=CARTESIAN_POINT('',(83.7680624567723,34.2926695905047,22.5078682928783));
#4975=CARTESIAN_POINT('',(83.7585161129382,34.3162019916208,22.5263963153755));
#4976=CARTESIAN_POINT('',(83.6719345913202,34.5286410480515,22.6944735240145));
#4977=CARTESIAN_POINT('',(83.5934344496682,34.7141847429355,22.8471188941809));
#4978=CARTESIAN_POINT('',(83.35027535066,35.266957696051,23.3199199579464));
#4979=CARTESIAN_POINT('',(83.1812581370473,35.6219569607953,23.648539404978));
#4980=CARTESIAN_POINT('',(82.8240723188935,36.3118642592895,24.3378195677562));
#4981=CARTESIAN_POINT('',(82.6369392231461,36.6435007187328,24.6964062442786));
#4982=CARTESIAN_POINT('',(82.242785075092,37.2844256308665,25.4400099245693));
#4983=CARTESIAN_POINT('',(82.0368258746854,37.5910065578757,25.8228784252724));
#4984=CARTESIAN_POINT('',(81.6037403172953,38.1819741870707,26.6115543050282));
#4985=CARTESIAN_POINT('',(81.3775701667844,38.4641655263701,27.0152725724407));
#4986=CARTESIAN_POINT('',(80.9044683311452,39.0052870837995,27.8399848734107));
#4987=CARTESIAN_POINT('',(80.658479446701,39.2624729512851,28.2590583103041));
#4988=CARTESIAN_POINT('',(79.8845102643388,40.0058558399029,29.5442534211372));
#4989=CARTESIAN_POINT('',(79.3355295696221,40.4460494032578,30.4118777325059));
#4990=CARTESIAN_POINT('',(78.1619369801925,41.2502832575652,32.1717959900402));
#4991=CARTESIAN_POINT('',(77.5433566530908,41.6085307183177,33.0536900997539));
#4992=CARTESIAN_POINT('',(76.2438466629207,42.2482718129116,34.825993819937));
#4993=CARTESIAN_POINT('',(75.5688409654073,42.525052230982,35.7082171368878));
#4994=CARTESIAN_POINT('',(74.1740504525136,42.9901812197258,37.4734773612139));
#4995=CARTESIAN_POINT('',(73.4611473163223,43.1764086984414,38.348634839281));
#4996=CARTESIAN_POINT('',(72.3663657677434,43.3857239771043,39.6584186761818));
#4997=CARTESIAN_POINT('',(71.9993053844392,43.4436227287658,40.0919988856861));
#4998=CARTESIAN_POINT('',(71.2609865186763,43.5354876167469,40.9542234335204));
#4999=CARTESIAN_POINT('',(70.8906042557169,43.5696336349939,41.3818700155801));
#5000=CARTESIAN_POINT('',(70.1484425407492,43.6136813881023,42.2303252118801));
#5001=CARTESIAN_POINT('',(69.7776121523098,43.6237399343173,42.6501730684722));
#5002=CARTESIAN_POINT('',(69.0374009965509,43.6186961673384,43.4815616824538));
#5003=CARTESIAN_POINT('',(68.6690395426791,43.6039191363935,43.8920832670996));
#5004=CARTESIAN_POINT('',(67.9371566608395,43.5484744304829,44.7028406171233));
#5005=CARTESIAN_POINT('',(67.5746918990419,43.5084721565956,45.1019781608943));
#5006=CARTESIAN_POINT('',(66.857861155125,43.4024895559514,45.888058419963));
#5007=CARTESIAN_POINT('',(66.5046121727204,43.3373150932324,46.2738695228317));
#5008=CARTESIAN_POINT('',(65.4908782852872,43.1108238333314,47.3781312316396));
#5009=CARTESIAN_POINT('',(64.8375328075776,42.9166152661254,48.0864324352956));
#5010=CARTESIAN_POINT('',(63.5820435814901,42.4359168924662,49.4484325657938));
#5011=CARTESIAN_POINT('',(62.9876200674288,42.158157603924,50.0942661203127));
#5012=CARTESIAN_POINT('',(61.8296386613664,41.529106914314,51.3428404326365));
#5013=CARTESIAN_POINT('',(61.2713982824333,41.1847235517344,51.9398919269044));
#5014=CARTESIAN_POINT('',(59.6981664662483,40.1189880005419,53.5892951649583));
#5015=CARTESIAN_POINT('',(58.7062513703954,39.3361458130208,54.5901262053878));
#5016=CARTESIAN_POINT('',(57.4570371789572,38.2753285911958,55.7487748287389));
#5017=CARTESIAN_POINT('',(57.21909131967,38.0699678147302,55.9649483381574));
#5018=CARTESIAN_POINT('',(56.7459691708764,37.6557902173337,56.3850118559123));
#5019=CARTESIAN_POINT('',(56.5110940929491,37.4472928202181,56.588827710572));
#5020=CARTESIAN_POINT('',(55.8146526966814,36.8211713755064,57.1782760012792));
#5021=CARTESIAN_POINT('',(55.3524386201636,36.3951256625508,57.550342682332));
#5022=CARTESIAN_POINT('',(54.4401554375782,35.5138676891353,58.2485610272146));
#5023=CARTESIAN_POINT('',(53.9926567509202,35.0629433086367,58.5734086411484));
#5024=CARTESIAN_POINT('',(53.1180055306749,34.1202208139993,59.1771386801033));
#5025=CARTESIAN_POINT('',(52.6947083431671,33.634098599485,59.4539019824824));
#5026=CARTESIAN_POINT('',(51.4785461277541,32.1028786189578,60.2162841950166));
#5027=CARTESIAN_POINT('',(50.7427022239438,30.9901621376456,60.6319423725099));
#5028=CARTESIAN_POINT('',(50.1552806587232,29.7649290752277,60.9620762519594));
#5029=CARTESIAN_POINT('',(22.8545624767506,-14.54753903287,64.4043783875852));
#5030=CARTESIAN_POINT('',(21.3624013437626,-15.1868594575274,64.4140269668516));
#5031=CARTESIAN_POINT('',(20.0179909026185,-16.1035449756071,64.3662225205841));
#5032=CARTESIAN_POINT('',(18.2263084122752,-17.6645970275267,64.2033052994007));
#5033=CARTESIAN_POINT('',(17.6810558894377,-18.1977532474793,64.1365458855651));
#5034=CARTESIAN_POINT('',(16.6188900130588,-19.3368745140315,63.9681408964814));
#5035=CARTESIAN_POINT('',(16.1124218592211,-19.9372764839615,63.8660247220459));
#5036=CARTESIAN_POINT('',(15.1478179467196,-21.2022593793885,63.6318654676359));
#5037=CARTESIAN_POINT('',(14.6966011777809,-21.8584948596529,63.5010658331355));
#5038=CARTESIAN_POINT('',(14.062380306972,-22.8941497336149,63.2855987615644));
#5039=CARTESIAN_POINT('',(13.8556430927866,-23.2530716896831,63.2093516096524));
#5040=CARTESIAN_POINT('',(13.2405712033666,-24.4000232749069,62.9618138131375));
#5041=CARTESIAN_POINT('',(12.8770650129368,-25.1984781403325,62.7840815614596));
#5042=CARTESIAN_POINT('',(12.1667280133446,-27.0907581872037,62.3530933106736));
#5043=CARTESIAN_POINT('',(11.8696355780861,-28.1682769608968,62.1008795287394));
#5044=CARTESIAN_POINT('',(11.5321605850759,-30.0207688745606,61.6542552976357));
#5045=CARTESIAN_POINT('',(11.4420565780357,-30.7603805329971,61.472490172744));
#5046=CARTESIAN_POINT('',(11.3282125455137,-32.4563452864175,61.0467864314643));
#5047=CARTESIAN_POINT('',(11.328695649017,-33.4002016632455,60.8035456199129));
#5048=CARTESIAN_POINT('',(11.3728318029774,-34.4287425497373,60.5316846855897));
#5049=CARTESIAN_POINT('',(11.3766518885599,-34.5107314440018,60.5099671226625));
#5050=CARTESIAN_POINT('',(11.3828367911649,-34.6340567589461,60.4772306867944));
#5051=CARTESIAN_POINT('',(11.3849849063248,-34.6754090368369,60.4662420504135));
#5052=CARTESIAN_POINT('',(11.3877627756911,-34.7271294839519,60.4524835952265));
#5053=CARTESIAN_POINT('',(11.3883245512291,-34.7375034780013,60.4497232109315));
#5054=CARTESIAN_POINT('',(11.3890315955527,-34.7504549517923,60.4462760726545));
#5055=CARTESIAN_POINT('',(11.3894821433151,-34.7529980390236,60.4455923254669));
#5056=CARTESIAN_POINT('',(11.3892589964745,-34.7561679154704,60.4447572420355));
#5057=CARTESIAN_POINT('',(11.3885047456567,-34.7561363015074,60.4447820440819));
#5058=CARTESIAN_POINT('',(11.3885887094944,-34.7580380873595,60.4442761007827));
#5059=CARTESIAN_POINT('',(11.3886743685957,-34.7593363030976,60.44393010462));
#5060=CARTESIAN_POINT('',(11.3890331603198,-34.7658339627011,60.4421998359402));
#5061=CARTESIAN_POINT('',(11.389321336773,-34.7710324404911,60.4408153443737));
#5062=CARTESIAN_POINT('',(11.3907689767981,-34.7970455314715,60.433886455627));
#5063=CARTESIAN_POINT('',(11.391945205393,-34.8178585507925,60.4283397269212));
#5064=CARTESIAN_POINT('',(11.4027635678,-35.0064314904291,60.378057904745));
#5065=CARTESIAN_POINT('',(11.4135379649699,-35.1740659570906,60.3331683651964));
#5066=CARTESIAN_POINT('',(11.4495615417947,-35.6840387322367,60.1960339643886));
#5067=CARTESIAN_POINT('',(11.47816505921,-36.0258668610716,60.1033273768899));
#5068=CARTESIAN_POINT('',(11.5774551278513,-37.077936772463,59.8156802810044));
#5069=CARTESIAN_POINT('',(11.6599448945661,-37.7857919925206,59.6188804478326));
#5070=CARTESIAN_POINT('',(11.8435246626379,-39.2111384165128,59.2169444345311));
#5071=CARTESIAN_POINT('',(11.9450070849178,-39.9279580222622,59.0118976967369));
#5072=CARTESIAN_POINT('',(12.1507636798538,-41.3387692306893,58.6037261640396));
#5073=CARTESIAN_POINT('',(12.2539073805192,-42.0328384298242,58.4007430810005));
#5074=CARTESIAN_POINT('',(12.5457027996504,-43.996349374591,57.8217099234358));
#5075=CARTESIAN_POINT('',(12.7401357440884,-45.2630140743324,57.4422448290556));
#5076=CARTESIAN_POINT('',(13.0999953644944,-47.1387434319906,56.8744217712518));
#5077=CARTESIAN_POINT('',(13.2293614934068,-47.7521654317314,56.6877860231538));
#5078=CARTESIAN_POINT('',(13.5184529532457,-48.9622092867182,56.3184375596857));
#5079=CARTESIAN_POINT('',(13.6771104367585,-49.5570052930249,56.1363027499294));
#5080=CARTESIAN_POINT('',(14.1998806986666,-51.2755807029852,55.6095862011277));
#5081=CARTESIAN_POINT('',(14.6055097170457,-52.3416577712345,55.28207343723));
#5082=CARTESIAN_POINT('',(15.5810390335222,-54.3788899173881,54.6633260332686));
#5083=CARTESIAN_POINT('',(16.10877098565,-55.3053430983839,54.3861200493051));
#5084=CARTESIAN_POINT('',(16.988656609768,-56.6287779940162,53.9975016544987));
#5085=CARTESIAN_POINT('',(17.2837318276787,-57.0432584997829,53.8771262551082));
#5086=CARTESIAN_POINT('',(17.8934877313632,-57.8450017367455,53.6456564540793));
#5087=CARTESIAN_POINT('',(18.2060395401374,-58.2307989938084,53.534946425334));
#5088=CARTESIAN_POINT('',(18.8479827961542,-58.9759205925873,53.3211693305744));
#5089=CARTESIAN_POINT('',(19.1753939135392,-59.3340461205742,53.2184419628461));
#5090=CARTESIAN_POINT('',(19.8448010614719,-60.0242926172675,53.0191710851627));
#5091=CARTESIAN_POINT('',(20.1848459616052,-60.3554916346847,52.9229300825383));
#5092=CARTESIAN_POINT('',(21.2263454201324,-61.3119484153634,52.641094749481));
#5093=CARTESIAN_POINT('',(21.9488089326975,-61.902563653378,52.461885255525));
#5094=CARTESIAN_POINT('',(23.0797309174485,-62.7156067741377,52.1987545065066));
#5095=CARTESIAN_POINT('',(23.4544064805608,-62.9683119176594,52.1141789130226));
#5096=CARTESIAN_POINT('',(24.2119779710239,-63.4453037815273,51.9474348114417));
#5097=CARTESIAN_POINT('',(24.5927582243653,-63.6690104033666,51.8656409028915));
#5098=CARTESIAN_POINT('',(26.4491855472412,-64.6798888358902,51.4747232415119));
#5099=CARTESIAN_POINT('',(27.999474470387,-65.2912628328511,51.1720102919557));
#5100=CARTESIAN_POINT('',(30.3928195349052,-65.8513604532328,50.7038165542115));
#5101=CARTESIAN_POINT('',(31.1604516383027,-65.9757696434057,50.5536560608057));
#5102=CARTESIAN_POINT('',(32.7019166806679,-66.1171143460387,50.2465079045929));
#5103=CARTESIAN_POINT('',(33.4578250256749,-66.1348322645536,50.0933499665156));
#5104=CARTESIAN_POINT('',(34.5968290094777,-66.0785634399932,49.8588522990645));
#5105=CARTESIAN_POINT('',(34.9718639915407,-66.0466282526332,49.7809853882772));
#5106=CARTESIAN_POINT('',(35.7256997893083,-65.9540188500393,49.6238557202927));
#5107=CARTESIAN_POINT('',(36.1019032521511,-65.8932619138514,49.5451447642227));
#5108=CARTESIAN_POINT('',(36.8536803954772,-65.7410094475402,49.3883788735875));
#5109=CARTESIAN_POINT('',(37.2263424005071,-65.6499264657929,49.3109308232401));
#5110=CARTESIAN_POINT('',(37.9644422579709,-65.4360477939047,49.1597898861805));
#5111=CARTESIAN_POINT('',(38.3266875341543,-65.3142312737347,49.086797282553));
#5112=CARTESIAN_POINT('',(39.0674619991468,-65.028132939134,48.9419793588225));
#5113=CARTESIAN_POINT('',(39.4412571073967,-64.8631758960284,48.8713862435982));
#5114=CARTESIAN_POINT('',(40.184039994423,-64.4887321464193,48.7399183251841));
#5115=CARTESIAN_POINT('',(40.5474753688432,-64.2808657451454,48.6803114013161));
#5116=CARTESIAN_POINT('',(41.6537623494514,-63.5688906819515,48.5177007849474));
#5117=CARTESIAN_POINT('',(42.334070563141,-63.0143937181211,48.4462369756954));
#5118=CARTESIAN_POINT('',(43.6810424747165,-61.7245175246519,48.3592697624076));
#5119=CARTESIAN_POINT('',(44.3122621431891,-61.0055958313211,48.3511283563054));
#5120=CARTESIAN_POINT('',(45.5587140636185,-59.4260669624138,48.3832900142382));
#5121=CARTESIAN_POINT('',(46.1550197691134,-58.5747248706706,48.4269101361006));
#5122=CARTESIAN_POINT('',(47.3062284743491,-56.8246282237551,48.5372807512995));
#5123=CARTESIAN_POINT('',(47.8770241644425,-55.9017658758011,48.6047099323008));
#5124=CARTESIAN_POINT('',(48.6744859239959,-54.58091217546,48.698849829608));
#5125=CARTESIAN_POINT('',(48.9260232056374,-54.1583345699236,48.7290162687522));
#5126=CARTESIAN_POINT('',(49.4277092386668,-53.3035706123499,48.7902766697481));
#5127=CARTESIAN_POINT('',(49.6777276617668,-52.871419432946,48.8213725403086));
#5128=CARTESIAN_POINT('',(50.1758043102563,-51.9981031680905,48.8845921130515));
#5129=CARTESIAN_POINT('',(50.42373472212,-51.5569787922486,48.9167223653649));
#5130=CARTESIAN_POINT('',(50.917075745548,-50.6663717221595,48.9820890124481));
#5131=CARTESIAN_POINT('',(51.1623874610893,-50.2169461820266,49.015315721959));
#5132=CARTESIAN_POINT('',(51.8973073977089,-48.8510071123827,49.1170391530435));
#5133=CARTESIAN_POINT('',(52.3782175260272,-47.9303850511786,49.1866011579552));
#5134=CARTESIAN_POINT('',(53.8239847817516,-45.0810044345904,49.4054434027812));
#5135=CARTESIAN_POINT('',(54.7539379805515,-43.139766082454,49.5564846029746));
#5136=CARTESIAN_POINT('',(56.0476388339664,-40.1701931856627,49.826448480738));
#5137=CARTESIAN_POINT('',(56.4620723731577,-39.1696291892689,49.9239478237843));
#5138=CARTESIAN_POINT('',(57.0547110040101,-37.6483589429179,50.086133776952));
#5139=CARTESIAN_POINT('',(57.2485422000809,-37.1345451953365,50.1432617665955));
#5140=CARTESIAN_POINT('',(57.629791850188,-36.086251960161,50.2656012799126));
#5141=CARTESIAN_POINT('',(57.816756780037,-35.5521732762343,50.3308428287534));
#5142=CARTESIAN_POINT('',(58.3704313192413,-33.8883855468552,50.5477470972004));
#5143=CARTESIAN_POINT('',(58.70567474174,-32.7581553727877,50.7146541540681));
#5144=CARTESIAN_POINT('',(59.2438871999273,-30.4303065430329,51.149285779307));
#5145=CARTESIAN_POINT('',(59.442650770597,-29.2334454198521,51.4193407410593));
#5146=CARTESIAN_POINT('',(59.5974920641844,-26.8443913886035,52.1120935889879));
#5147=CARTESIAN_POINT('',(59.5458441307403,-25.700714013705,52.5250174145016));
#5148=CARTESIAN_POINT('',(59.2324976508759,-24.0022937307386,53.2793906873253));
#5149=CARTESIAN_POINT('',(59.0937530746369,-23.4607521257236,53.5427016513521));
#5150=CARTESIAN_POINT('',(58.7465608769533,-22.4051640072212,54.0962610262818));
#5151=CARTESIAN_POINT('',(58.5415610524794,-21.9024022862167,54.3809076748419));
#5152=CARTESIAN_POINT('',(57.8832846278472,-20.5655851756358,55.1906706034326));
#5153=CARTESIAN_POINT('',(57.3592734004041,-19.7735355027116,55.7334365416246));
#5154=CARTESIAN_POINT('',(56.440792934912,-18.7343407818253,56.5330664157244));
#5155=CARTESIAN_POINT('',(56.1212267800958,-18.4177787834947,56.7915457015307));
#5156=CARTESIAN_POINT('',(55.4412991011521,-17.8345239437704,57.2995349793951));
#5157=CARTESIAN_POINT('',(55.0885230568086,-17.5716879234827,57.544552820179));
#5158=CARTESIAN_POINT('',(54.3516706316087,-17.0969074643045,58.0185026335004));
#5159=CARTESIAN_POINT('',(53.975088196547,-16.8875289943507,58.2438508634552));
#5160=CARTESIAN_POINT('',(53.2017841868857,-16.5102486600331,58.6754372234821));
#5161=CARTESIAN_POINT('',(52.8107731159321,-16.3433920989619,58.8794507883166));
#5162=CARTESIAN_POINT('',(52.0161948756193,-16.0425272287233,59.267887610401));
#5163=CARTESIAN_POINT('',(51.6166742806723,-15.9085266915887,59.4511006137832));
#5164=CARTESIAN_POINT('',(50.8109662031472,-15.6663161888122,59.7984685168647));
#5165=CARTESIAN_POINT('',(50.4074025815225,-15.5584266268905,59.9619812535791));
#5166=CARTESIAN_POINT('',(48.4233563571799,-15.0771012677652,60.7202309613596));
#5167=CARTESIAN_POINT('',(46.7833647349871,-14.8254067697877,61.2085359660776));
#5168=CARTESIAN_POINT('',(44.2023245221834,-14.4711851074237,61.8546183831251));
#5169=CARTESIAN_POINT('',(43.2731191045463,-14.3499143428547,62.063850288239));
#5170=CARTESIAN_POINT('',(41.3636092307136,-14.1127258467312,62.4619016413308));
#5171=CARTESIAN_POINT('',(40.3843138425397,-13.9984083900285,62.6477481278376));
#5172=CARTESIAN_POINT('',(38.0189678347998,-13.7461147132731,63.0584854035626));
#5173=CARTESIAN_POINT('',(36.6324289435672,-13.6176079033758,63.2681802747571));
#5174=CARTESIAN_POINT('',(34.4443138331225,-13.4543514111118,63.5587706954742));
#5175=CARTESIAN_POINT('',(33.6489165411121,-13.4020843262886,63.6561834763803));
#5176=CARTESIAN_POINT('',(32.002997193347,-13.3176359341169,63.8417073041453));
#5177=CARTESIAN_POINT('',(31.1540250102994,-13.2885609108174,63.9284585745782));
#5178=CARTESIAN_POINT('',(29.5361363099554,-13.288646003303,64.0756883159767));
#5179=CARTESIAN_POINT('',(28.7720994973959,-13.3124002207051,64.1375144817826));
#5180=CARTESIAN_POINT('',(27.3392596029395,-13.4251213184203,64.2377972712716));
#5181=CARTESIAN_POINT('',(26.6772841387169,-13.5048847349347,64.2777964157388));
#5182=CARTESIAN_POINT('',(24.9240840992759,-13.8189893366582,64.3646757146058));
#5183=CARTESIAN_POINT('',(23.8795484517889,-14.1083810529827,64.397750645977));
#5184=CARTESIAN_POINT('',(22.8545624767506,-14.54753903287,64.4043783875851));
#5185=CARTESIAN_POINT('',(0.000499007525544174,-74.4461937966725,-40.7535198307422));
#5186=CARTESIAN_POINT('',(1.14554280159,-74.446077970767,-40.7533643284369));
#5187=CARTESIAN_POINT('',(2.2886134146742,-74.4303755554895,-40.7271261892251));
#5188=CARTESIAN_POINT('',(4.57418854371275,-74.371893244613,-40.6227228624878));
#5189=CARTESIAN_POINT('',(5.7127139129256,-74.3297206297863,-40.5444382766384));
#5190=CARTESIAN_POINT('',(7.99077256350639,-74.2470177309753,-40.3157900944506));
#5191=CARTESIAN_POINT('',(9.12370138784548,-74.2062349645484,-40.166418538121));
#5192=CARTESIAN_POINT('',(10.829998700538,-74.1884834401251,-39.8537639846812));
#5193=CARTESIAN_POINT('',(11.402653698957,-74.1909265927853,-39.732909596339));
#5194=CARTESIAN_POINT('',(12.5564185415066,-74.2258464936105,-39.4463963409826));
#5195=CARTESIAN_POINT('',(13.130856019637,-74.2591790461754,-39.2810893572065));
#5196=CARTESIAN_POINT('',(14.2944325077004,-74.3845573387639,-38.8781459700129));
#5197=CARTESIAN_POINT('',(14.8662959434665,-74.476541100483,-38.6441065992413));
#5198=CARTESIAN_POINT('',(16.0062612217494,-74.7724764343776,-38.0589169838819));
#5199=CARTESIAN_POINT('',(16.5301789046324,-74.9751613617893,-37.7203877133228));
#5200=CARTESIAN_POINT('',(17.5688553143635,-75.5441035076428,-36.8754080186012));
#5201=CARTESIAN_POINT('',(18.0211228749274,-75.8995410008989,-36.3950887687532));
#5202=CARTESIAN_POINT('',(18.8492380989312,-76.7432801493371,-35.3049497994643));
#5203=CARTESIAN_POINT('',(19.1989929502017,-77.2297183936441,-34.702299837194));
#5204=CARTESIAN_POINT('',(19.792857903344,-78.2410230106833,-33.4604904021548));
#5205=CARTESIAN_POINT('',(20.0348520254587,-78.7713937313419,-32.8153093853909));
#5206=CARTESIAN_POINT('',(20.4537431135935,-79.8465950458128,-31.4947256043661));
#5207=CARTESIAN_POINT('',(20.6273411830702,-80.3863762371782,-30.8257422936362));
#5208=CARTESIAN_POINT('',(20.9358596503791,-81.4602406528192,-29.4680986343192));
#5209=CARTESIAN_POINT('',(21.0697932230996,-81.9925607930392,-28.7817930565009));
#5210=CARTESIAN_POINT('',(21.3202638828448,-83.0398347177954,-27.393828196629));
#5211=CARTESIAN_POINT('',(21.4365009825245,-83.554093327989,-26.6932534317254));
#5212=CARTESIAN_POINT('',(21.6686622021673,-84.561330843758,-25.2739662948861));
#5213=CARTESIAN_POINT('',(21.7843234248165,-85.053638815394,-24.5561863920043));
#5214=CARTESIAN_POINT('',(22.0313211622341,-86.0047361504602,-23.1109032236189));
#5215=CARTESIAN_POINT('',(22.1633835168384,-86.4624347097175,-22.3850286970666));
#5216=CARTESIAN_POINT('',(22.5839350815359,-87.7864653832081,-20.1933155782163));
#5217=CARTESIAN_POINT('',(22.8896422565678,-88.6091388010051,-18.7109802560193));
#5218=CARTESIAN_POINT('',(23.4230795064578,-90.1930718539086,-15.6955354537579));
#5219=CARTESIAN_POINT('',(23.6497538768477,-90.9489886485193,-14.1729716267384));
#5220=CARTESIAN_POINT('',(23.806350683599,-92.0839943512947,-11.8575576204646));
#5221=CARTESIAN_POINT('',(23.8272603285272,-92.4587756282561,-11.0884174255304));
#5222=CARTESIAN_POINT('',(23.7814055918191,-93.2138721019991,-9.55034945105417));
#5223=CARTESIAN_POINT('',(23.7156750337156,-93.5891617077243,-8.79150444234823));
#5224=CARTESIAN_POINT('',(23.4716848591448,-94.3485679468173,-7.28832108479726));
#5225=CARTESIAN_POINT('',(23.2973493118999,-94.7244064161664,-6.56007174128338));
#5226=CARTESIAN_POINT('',(22.9381169383923,-95.2959460947894,-5.48809479162804));
#5227=CARTESIAN_POINT('',(22.8039222667647,-95.4848883088362,-5.13955985237097));
#5228=CARTESIAN_POINT('',(22.5040592312645,-95.8626757230902,-4.45493664760903));
#5229=CARTESIAN_POINT('',(22.3395731540136,-96.0500530198176,-4.12158192934168));
#5230=CARTESIAN_POINT('',(21.4551710732565,-96.9738231715164,-2.50447525774646));
#5231=CARTESIAN_POINT('',(20.5240886736321,-97.7023088899703,-1.31107773978123));
#5232=CARTESIAN_POINT('',(18.4502828556575,-99.033646601822,0.806523588276731));
#5233=CARTESIAN_POINT('',(17.2845809665041,-99.6563894372031,1.76278077785591));
#5234=CARTESIAN_POINT('',(15.4199845676403,-100.497304196639,3.03694210063322));
#5235=CARTESIAN_POINT('',(14.7809900309318,-100.761857472442,3.43464277710151));
#5236=CARTESIAN_POINT('',(13.4598902969699,-101.262393954349,4.18344223907595));
#5237=CARTESIAN_POINT('',(12.7842957327701,-101.496124890733,4.53131009391356));
#5238=CARTESIAN_POINT('',(12.0880756156263,-101.714384497965,4.85472292113296));
#5239=CARTESIAN_POINT('',(11.8583936966081,-101.786387998293,4.96141630295553));
#5240=CARTESIAN_POINT('',(11.6272359720226,-101.856614611102,5.06581342264953));
#5241=CARTESIAN_POINT('',(11.1605284836019,-101.993193385951,5.26763028561949));
#5242=CARTESIAN_POINT('',(10.9255681542453,-102.059574300425,5.36560216978286));
#5243=CARTESIAN_POINT('',(10.2150158951358,-102.253092178219,5.65090516304675));
#5244=CARTESIAN_POINT('',(9.73550829409792,-102.374137625684,5.82893846881516));
#5245=CARTESIAN_POINT('',(8.27314624103628,-102.713926608989,6.32763122450194));
#5246=CARTESIAN_POINT('',(7.28249994227403,-102.905756272519,6.60765135421515));
#5247=CARTESIAN_POINT('',(4.21986691036617,-103.378321613147,7.29376198342669));
#5248=CARTESIAN_POINT('',(2.12108438227204,-103.543791161862,7.52707469301574));
#5249=CARTESIAN_POINT('',(0.00179031299213557,-103.545032860419,7.52672946653364));
#5250=CARTESIAN_POINT('',(0.00119354199324639,-103.545033186809,7.52672925878476));
#5251=CARTESIAN_POINT('',(0.000596769823336651,-103.545033504033,7.52672905100291));
#5252=CARTESIAN_POINT('',(-3.51036825045147E-9,-103.545033805838,7.52672881347116));
#5253=CARTESIAN_POINT('',(-0.000596775333423768,-103.545033493864,7.52672900267036));
#5254=CARTESIAN_POINT('',(-0.00119354597787807,-103.545033179461,7.52672922385368));
#5255=CARTESIAN_POINT('',(-0.00179031545140074,-103.545032856476,7.526729447783));
#5256=CARTESIAN_POINT('',(-1.86796784256124,-103.543948439757,7.52707612051042));
#5257=CARTESIAN_POINT('',(-3.72341755077496,-103.415092704432,7.34559124942164));
#5258=CARTESIAN_POINT('',(-7.34492975645201,-102.922482317261,6.63285772639701));
#5259=CARTESIAN_POINT('',(-9.08942417515643,-102.562757269878,6.10735161781117));
#5260=CARTESIAN_POINT('',(-12.4266299999864,-101.647353160103,4.75753229911965));
#5261=CARTESIAN_POINT('',(-14.0366392263318,-101.084061177894,3.92195530199526));
#5262=CARTESIAN_POINT('',(-16.2401219177579,-100.137624465214,2.49347933341353));
#5263=CARTESIAN_POINT('',(-16.9433672487667,-99.8041563202774,1.98658176566018));
#5264=CARTESIAN_POINT('',(-18.2941357946969,-99.0962976587849,0.895412116588535));
#5265=CARTESIAN_POINT('',(-18.9314964818711,-98.727082587211,0.319601657473519));
#5266=CARTESIAN_POINT('',(-20.1317217580648,-97.9516074674824,-0.915308047899048));
#5267=CARTESIAN_POINT('',(-20.7018388038629,-97.5386659904103,-1.585144316455));
#5268=CARTESIAN_POINT('',(-21.7049277259208,-96.7060864075449,-2.97649397553994));
#5269=CARTESIAN_POINT('',(-22.1557147255977,-96.270428106853,-3.72553892385277));
#5270=CARTESIAN_POINT('',(-22.7033395809965,-95.6200863515382,-4.89185887792359));
#5271=CARTESIAN_POINT('',(-22.8653034738342,-95.4027806296454,-5.2897981080205));
#5272=CARTESIAN_POINT('',(-23.1526755266994,-94.9610713248868,-6.11467700890253));
#5273=CARTESIAN_POINT('',(-23.2759086751355,-94.7389040563363,-6.53755956501996));
#5274=CARTESIAN_POINT('',(-23.4831164848123,-94.292480545075,-7.40113057333276));
#5275=CARTESIAN_POINT('',(-23.5658762975852,-94.0702579375294,-7.83796202966454));
#5276=CARTESIAN_POINT('',(-23.6951670199069,-93.6252379862696,-8.72271525421817));
#5277=CARTESIAN_POINT('',(-23.7412037773829,-93.4040109463982,-9.1674732811153));
#5278=CARTESIAN_POINT('',(-23.8307028811228,-92.7409465801555,-10.5098029816792));
#5279=CARTESIAN_POINT('',(-23.8249895212536,-92.3059554488114,-11.4028628524571));
#5280=CARTESIAN_POINT('',(-23.7248710361822,-91.4273624538261,-13.1977867671832));
#5281=CARTESIAN_POINT('',(-23.6298642522063,-90.9885367826017,-14.0903656093927));
#5282=CARTESIAN_POINT('',(-23.2655536041485,-89.6453523155644,-16.7638133124282));
#5283=CARTESIAN_POINT('',(-22.9184711661796,-88.727545861771,-18.5141720990384));
#5284=CARTESIAN_POINT('',(-22.4095685586042,-87.2407720105664,-21.1036974790166));
#5285=CARTESIAN_POINT('',(-22.2412592031956,-86.724863311254,-21.9634139637021));
#5286=CARTESIAN_POINT('',(-21.9329812378493,-85.6509328564645,-23.6621493385144));
#5287=CARTESIAN_POINT('',(-21.795477814619,-85.0938974179884,-24.4985705406171));
#5288=CARTESIAN_POINT('',(-21.5248433585149,-83.9430798448314,-26.1556930842404));
#5289=CARTESIAN_POINT('',(-21.3920272549478,-83.3503065505895,-26.9745841364173));
#5290=CARTESIAN_POINT('',(-21.1061979176522,-82.1377054069732,-28.5947724340345));
#5291=CARTESIAN_POINT('',(-20.9534202558029,-81.5189771873244,-29.3944434688277));
#5292=CARTESIAN_POINT('',(-20.5926071164084,-80.2692990783537,-30.9732971406424));
#5293=CARTESIAN_POINT('',(-20.3864471220049,-79.6411858559548,-31.7486280806118));
#5294=CARTESIAN_POINT('',(-19.8709622083016,-78.4022088494234,-33.2661592093455));
#5295=CARTESIAN_POINT('',(-19.5560875092816,-77.7777275042113,-34.0249238252425));
#5296=CARTESIAN_POINT('',(-18.7811862436199,-76.6600920787143,-35.4112165829466));
#5297=CARTESIAN_POINT('',(-18.3196569359064,-76.1446973435869,-36.0652578551218));
#5298=CARTESIAN_POINT('',(-17.2226854280505,-75.3184235311542,-37.1951741373101));
#5299=CARTESIAN_POINT('',(-16.6307846803248,-75.0049815559995,-37.6647231747352));
#5300=CARTESIAN_POINT('',(-15.3171355460072,-74.566035188658,-38.4414273203827));
#5301=CARTESIAN_POINT('',(-14.6415983527824,-74.4343678601285,-38.7433521513443));
#5302=CARTESIAN_POINT('',(-13.2936956921857,-74.2686335233381,-39.2341748204407));
#5303=CARTESIAN_POINT('',(-12.6313021377077,-74.22777805954,-39.428294672182));
#5304=CARTESIAN_POINT('',(-10.6588088980453,-74.1686600982649,-39.9170053795387));
#5305=CARTESIAN_POINT('',(-9.30121654590023,-74.204959635787,-40.1410030303118));
#5306=CARTESIAN_POINT('',(-6.66764938857253,-74.2923742804469,-40.4661116137272));
#5307=CARTESIAN_POINT('',(-5.3155553193602,-74.3479495967287,-40.5758946155052));
#5308=CARTESIAN_POINT('',(-3.33044435790115,-74.404972037946,-40.6825822626833));
#5309=CARTESIAN_POINT('',(-2.66507064835294,-74.4206256653943,-40.7087029303176));
#5310=CARTESIAN_POINT('',(-1.33292221522625,-74.4413514260325,-40.7440206671526));
#5311=CARTESIAN_POINT('',(-0.666909163026637,-74.4461263802773,-40.7534293342533));
#5312=CARTESIAN_POINT('',(-0.000499014545396162,-74.4461936973626,-40.7535199121088));
#5313=CARTESIAN_POINT('',(-0.000332677933195929,-74.4461937281281,-40.7535199232769));
#5314=CARTESIAN_POINT('',(-0.000166341232413825,-74.4461937579166,-40.7535199344242));
#5315=CARTESIAN_POINT('',(-3.51183252933136E-9,-74.4461938276812,-40.753519911997));
#5316=CARTESIAN_POINT('',(0.000166334210016015,-74.4461938452068,-40.7535198629055));
#5317=CARTESIAN_POINT('',(0.000332670912069049,-74.4461938212094,-40.7535198470136));
#5318=CARTESIAN_POINT('',(0.000499007525544174,-74.4461937966725,-40.7535198307422));
#5319=CARTESIAN_POINT('',(0.00223589697450312,-104.555735454124,15.4581672250375));
#5320=CARTESIAN_POINT('',(2.07316709804177,-104.554169351016,15.4583204019892));
#5321=CARTESIAN_POINT('',(4.12581005791467,-104.452291127841,15.6804974235204));
#5322=CARTESIAN_POINT('',(8.16077304085072,-104.056331217402,16.5584436150092));
#5323=CARTESIAN_POINT('',(10.1152537564959,-103.764207184731,17.2098194101529));
#5324=CARTESIAN_POINT('',(13.8631946999305,-102.974110803401,18.8768050652378));
#5325=CARTESIAN_POINT('',(15.6874382572697,-102.464545177038,19.9058570318992));
#5326=CARTESIAN_POINT('',(18.1497971443169,-101.524084392511,21.6748203874514));
#5327=CARTESIAN_POINT('',(18.9612945745158,-101.162775671814,22.3358666800167));
#5328=CARTESIAN_POINT('',(20.4475099131403,-100.379450083101,23.7148945375762));
#5329=CARTESIAN_POINT('',(21.1312015105553,-99.9520838879465,24.4455475656806));
#5330=CARTESIAN_POINT('',(22.3611012091006,-99.0011345037366,26.0226082816885));
#5331=CARTESIAN_POINT('',(22.8972187308739,-98.4805998175748,26.8628955789123));
#5332=CARTESIAN_POINT('',(23.7181540803361,-97.3720901314391,28.6075962984866));
#5333=CARTESIAN_POINT('',(23.9874529990392,-96.805027350369,29.4844549765609));
#5334=CARTESIAN_POINT('',(24.283036160686,-95.5875211737827,31.2974276772751));
#5335=CARTESIAN_POINT('',(24.305979744964,-94.9622654565451,32.1937641408284));
#5336=CARTESIAN_POINT('',(24.1666335129227,-93.6890653333068,33.9224661826419));
#5337=CARTESIAN_POINT('',(24.0124773676605,-93.0540449065231,34.7411245482515));
#5338=CARTESIAN_POINT('',(23.5853013143871,-91.7543232264502,36.3195624888389));
#5339=CARTESIAN_POINT('',(23.3196364687927,-91.1038795586735,37.0639263882713));
#5340=CARTESIAN_POINT('',(22.7258823182746,-89.7797265472227,38.4826472710382));
#5341=CARTESIAN_POINT('',(22.4023647169645,-89.114401825586,39.1507187829602));
#5342=CARTESIAN_POINT('',(21.4151813882569,-87.1115305000869,41.0289867168757));
#5343=CARTESIAN_POINT('',(20.7114189219278,-85.7230238009056,42.167903055804));
#5344=CARTESIAN_POINT('',(20.0884221562188,-84.2451850445966,43.2213165169947));
#5345=CARTESIAN_POINT('',(19.848324374719,-83.6756382566604,43.627293319693));
#5346=CARTESIAN_POINT('',(19.6207276158595,-83.0929569409054,44.019457363668));
#5347=CARTESIAN_POINT('',(19.1813058604167,-81.915811123014,44.7698285347459));
#5348=CARTESIAN_POINT('',(18.9698872447636,-81.3236601761421,45.1274034197632));
#5349=CARTESIAN_POINT('',(18.5499586270964,-80.1345931996086,45.8096066286973));
#5350=CARTESIAN_POINT('',(18.3417430572772,-79.53941563103,46.1339574518732));
#5351=CARTESIAN_POINT('',(17.9116741110553,-78.3515764002722,46.7510799389119));
#5352=CARTESIAN_POINT('',(17.6912662353545,-77.7604652672711,47.0435675964749));
#5353=CARTESIAN_POINT('',(17.2189250930505,-76.5889853821411,47.5981279117553));
#5354=CARTESIAN_POINT('',(16.9691067715811,-76.0115869113928,47.8592711703575));
#5355=CARTESIAN_POINT('',(16.4145337501652,-74.8801452845003,48.3511475936944));
#5356=CARTESIAN_POINT('',(16.1148637027119,-74.3324676280222,48.5795312825001));
#5357=CARTESIAN_POINT('',(15.1067230798743,-72.772771506168,49.20881694658));
#5358=CARTESIAN_POINT('',(14.3131118524956,-71.860178309166,49.5497697738637));
#5359=CARTESIAN_POINT('',(12.8020637037795,-70.7638864938797,49.9512367065316));
#5360=CARTESIAN_POINT('',(12.2963236839964,-70.4695334513488,50.0575954953917));
#5361=CARTESIAN_POINT('',(11.222176593876,-69.9659379891643,50.2397132515136));
#5362=CARTESIAN_POINT('',(10.6753161019837,-69.7638087280209,50.3128417468303));
#5363=CARTESIAN_POINT('',(9.03142660806046,-69.2599627532171,50.4963813195208));
#5364=CARTESIAN_POINT('',(7.86254091500255,-69.0307610241496,50.5817200898152));
#5365=CARTESIAN_POINT('',(5.62060531444748,-68.7027184216257,50.7062087236657));
#5366=CARTESIAN_POINT('',(4.49382598866659,-68.5931813419691,50.7491567383784));
#5367=CARTESIAN_POINT('',(2.24080123129195,-68.4437680438807,50.8080311202847));
#5368=CARTESIAN_POINT('',(1.1222382226325,-68.4057253623524,50.8233534140748));
#5369=CARTESIAN_POINT('',(6.15882506608719E-5,-68.4057306445614,50.8233762938348));
#5370=CARTESIAN_POINT('',(4.10579466627116E-5,-68.4057306467368,50.8233762936245));
#5371=CARTESIAN_POINT('',(2.05276452110577E-5,-68.4057306488959,50.8233762934178));
#5372=CARTESIAN_POINT('',(-3.51025944555929E-9,-68.4057305691456,50.8233763179908));
#5373=CARTESIAN_POINT('',(-2.05346656531231E-5,-68.4057304835611,50.8233763434382));
#5374=CARTESIAN_POINT('',(-4.10649670279125E-5,-68.4057304798391,50.8233763441177));
#5375=CARTESIAN_POINT('',(-6.15952709491694E-5,-68.405730476086,50.8233763448053));
#5376=CARTESIAN_POINT('',(-1.26621274565154,-68.4057247081197,50.8233504715159));
#5377=CARTESIAN_POINT('',(-2.5272019850466,-68.4539620641228,50.8039200270794));
#5378=CARTESIAN_POINT('',(-5.04874825376197,-68.6424221867634,50.7298904685917));
#5379=CARTESIAN_POINT('',(-6.36792695126228,-68.7874732234416,50.6733494110275));
#5380=CARTESIAN_POINT('',(-8.86549921977788,-69.2271779935557,50.5085473745856));
#5381=CARTESIAN_POINT('',(-10.2060734961852,-69.5507482869658,50.3898713780518));
#5382=CARTESIAN_POINT('',(-12.0031240263185,-70.3119799987928,50.1145324865664));
#5383=CARTESIAN_POINT('',(-12.5837525222287,-70.6245151863057,50.0018929470914));
#5384=CARTESIAN_POINT('',(-13.7067487619238,-71.4050499520875,49.716740963875));
#5385=CARTESIAN_POINT('',(-14.2103273629138,-71.8526419050095,49.5515485119541));
#5386=CARTESIAN_POINT('',(-15.1498708400358,-72.8854068972474,49.1583590097269));
#5387=CARTESIAN_POINT('',(-15.5554988671826,-73.4455906807481,48.9393577200052));
#5388=CARTESIAN_POINT('',(-16.30133868533,-74.6547522316935,48.4464013060583));
#5389=CARTESIAN_POINT('',(-16.6263517441421,-75.2873440744948,48.1782829407164));
#5390=CARTESIAN_POINT('',(-17.2223362575517,-76.5853880760008,47.6004860582242));
#5391=CARTESIAN_POINT('',(-17.4885709354155,-77.2429469799747,47.293937819759));
#5392=CARTESIAN_POINT('',(-17.9949066890933,-78.5706948518034,46.6412283963632));
#5393=CARTESIAN_POINT('',(-18.2329791991963,-79.2376422680776,46.2960484686681));
#5394=CARTESIAN_POINT('',(-18.7056737215182,-80.5745536170134,45.5639662838078));
#5395=CARTESIAN_POINT('',(-18.9393436551054,-81.2422472131349,45.177373926257));
#5396=CARTESIAN_POINT('',(-19.4224683114855,-82.5712080583887,44.3604529388699));
#5397=CARTESIAN_POINT('',(-19.6710472296009,-83.2296711995944,43.9307711267325));
#5398=CARTESIAN_POINT('',(-20.0683687562634,-84.2016565033547,43.2547837539375));
#5399=CARTESIAN_POINT('',(-20.2065771916949,-84.5258853346013,43.0217971147955));
#5400=CARTESIAN_POINT('',(-20.4913377243548,-85.1698418081697,42.5447341890462));
#5401=CARTESIAN_POINT('',(-20.6376558498406,-85.4890346908223,42.3007623084036));
#5402=CARTESIAN_POINT('',(-20.9350681799959,-86.1233502025638,41.8007481852181));
#5403=CARTESIAN_POINT('',(-21.0860842665701,-86.4380114350818,41.5448733008271));
#5404=CARTESIAN_POINT('',(-21.3901302119714,-87.0633099922186,41.020449810241));
#5405=CARTESIAN_POINT('',(-21.5429983518424,-87.3735363262738,40.7520609316845));
#5406=CARTESIAN_POINT('',(-22.0017208221261,-88.3018035465633,39.9239177230662));
#5407=CARTESIAN_POINT('',(-22.3024350182246,-88.9064459977321,39.3501111355334));
#5408=CARTESIAN_POINT('',(-22.7294273604055,-89.8009707923454,38.4490672085085));
#5409=CARTESIAN_POINT('',(-22.8684521063154,-90.0987858110699,38.1399551033509));
#5410=CARTESIAN_POINT('',(-23.1354167780275,-90.691767840282,37.5061842670891));
#5411=CARTESIAN_POINT('',(-23.2628780607654,-90.9862524761543,37.1820699636211));
#5412=CARTESIAN_POINT('',(-23.6250924360655,-91.8745999432465,36.1764050170291));
#5413=CARTESIAN_POINT('',(-23.8312086183474,-92.4541253526529,35.4817024688667));
#5414=CARTESIAN_POINT('',(-24.0637238122312,-93.3177637838935,34.3923660972057));
#5415=CARTESIAN_POINT('',(-24.1280022558065,-93.605244499398,34.0203443397784));
#5416=CARTESIAN_POINT('',(-24.2245805946076,-94.1793504840229,33.2591917711354));
#5417=CARTESIAN_POINT('',(-24.2563156046986,-94.4638655915604,32.8725205968876));
#5418=CARTESIAN_POINT('',(-24.2930277387046,-95.3179557374542,31.6857211665999));
#5419=CARTESIAN_POINT('',(-24.2360934402939,-95.8755001418762,30.8741872071063));
#5420=CARTESIAN_POINT('',(-23.9968635407872,-96.6838395821362,29.659622293224));
#5421=CARTESIAN_POINT('',(-23.8909859220892,-96.9483496937517,29.2558026965391));
#5422=CARTESIAN_POINT('',(-23.6224993001177,-97.469861365132,28.4508484616225));
#5423=CARTESIAN_POINT('',(-23.4617059702544,-97.7227547711529,28.0561498029119));
#5424=CARTESIAN_POINT('',(-22.5329893747012,-98.9529807573268,26.1172613025842));
#5425=CARTESIAN_POINT('',(-21.4031414703429,-99.8228668251926,24.6781266674054));
#5426=CARTESIAN_POINT('',(-19.7767057376615,-100.737389635385,23.0861978759733));
#5427=CARTESIAN_POINT('',(-19.4402582970186,-100.912187262049,22.7773726164747));
#5428=CARTESIAN_POINT('',(-18.9186036722846,-101.163920121056,22.3263178526182));
#5429=CARTESIAN_POINT('',(-18.7425806403722,-101.245769253424,22.1785672713905));
#5430=CARTESIAN_POINT('',(-18.4747640424136,-101.365913364668,21.9600586421792));
#5431=CARTESIAN_POINT('',(-18.3849657735122,-101.405477863005,21.8878249040378));
#5432=CARTESIAN_POINT('',(-18.2493905410364,-101.464161473887,21.7802675555837));
#5433=CARTESIAN_POINT('',(-18.2040775219801,-101.483601602684,21.7445667502291));
#5434=CARTESIAN_POINT('',(-18.1557760008203,-101.504141920971,21.7067704979005));
#5435=CARTESIAN_POINT('',(-18.1529350145324,-101.505349389743,21.7045483567148));
#5436=CARTESIAN_POINT('',(-18.1487523118459,-101.507126131405,21.7012781574544));
#5437=CARTESIAN_POINT('',(-18.1476533251131,-101.507634145667,21.7002167266494));
#5438=CARTESIAN_POINT('',(-18.1463123461429,-101.508754921962,21.6964185539691));
#5439=CARTESIAN_POINT('',(-18.1444036525067,-101.509313853662,21.6961747505499));
#5440=CARTESIAN_POINT('',(-18.1373313092556,-101.51231172041,21.6906503194579));
#5441=CARTESIAN_POINT('',(-18.1316479161469,-101.514718107599,21.6862149819827));
#5442=CARTESIAN_POINT('',(-18.1145934638828,-101.521931077065,21.6729172786922));
#5443=CARTESIAN_POINT('',(-18.1032153446035,-101.526732601614,21.6640612888013));
#5444=CARTESIAN_POINT('',(-18.0690646946151,-101.541112145554,21.6375272706246));
#5445=CARTESIAN_POINT('',(-18.0462643193977,-101.550669947179,21.6198746374392));
#5446=CARTESIAN_POINT('',(-17.2984828130134,-101.862751170746,21.0429649385284));
#5447=CARTESIAN_POINT('',(-16.5423419410413,-102.136296010324,20.521879901613));
#5448=CARTESIAN_POINT('',(-14.9721362974513,-102.635803584031,19.5478019796513));
#5449=CARTESIAN_POINT('',(-14.1702212985892,-102.858889227382,19.099754481368));
#5450=CARTESIAN_POINT('',(-12.5202485885461,-103.262426752066,18.2706642254742));
#5451=CARTESIAN_POINT('',(-11.6825064093932,-103.440872117394,17.8936942025788));
#5452=CARTESIAN_POINT('',(-9.96670782341141,-103.758372806664,17.2115731854059));
#5453=CARTESIAN_POINT('',(-9.09897336175921,-103.895832433758,16.9105296529085));
#5454=CARTESIAN_POINT('',(-7.32713170206356,-104.133224390182,16.3878020988017));
#5455=CARTESIAN_POINT('',(-6.43448746314247,-104.231814153568,16.1692009269051));
#5456=CARTESIAN_POINT('',(-3.70931678552356,-104.471668139584,15.6382753105072));
#5457=CARTESIAN_POINT('',(-1.86009856727737,-104.554330480324,15.458304645828));
#5458=CARTESIAN_POINT('',(-0.00223590410131579,-104.555735557058,15.4581710538148));
#5459=CARTESIAN_POINT('',(-0.00149060553475758,-104.55573611029,15.4581706123345));
#5460=CARTESIAN_POINT('',(-0.000745305156338919,-104.555736649544,15.4581701706398));
#5461=CARTESIAN_POINT('',(-3.51503000781398E-9,-104.555737149135,15.4581687724931));
#5462=CARTESIAN_POINT('',(0.000745298308519623,-104.55573658474,15.4581677601892));
#5463=CARTESIAN_POINT('',(0.00149059849467723,-104.555736028615,15.4581675743449));
#5464=CARTESIAN_POINT('',(0.00223589697450312,-104.555735454124,15.4581672250375));
#5465=CARTESIAN_POINT('',(5.97393294629374,1.4289946722527,-65.8443340478405));
#5466=CARTESIAN_POINT('',(6.32687117273061,1.49531002857127,-65.8124379211287));
#5467=CARTESIAN_POINT('',(6.67840587308049,1.56951104116529,-65.7787994447878));
#5468=CARTESIAN_POINT('',(7.65963570766786,1.79969423986858,-65.6820196949407));
#5469=CARTESIAN_POINT('',(8.27853672484919,1.97796506191707,-65.6176485737647));
#5470=CARTESIAN_POINT('',(9.67888578184279,2.46092646110991,-65.4631029412009));
#5471=CARTESIAN_POINT('',(10.4405498504243,2.78087203224736,-65.3725446591145));
#5472=CARTESIAN_POINT('',(12.058911010897,3.60071272356747,-65.1644717014839));
#5473=CARTESIAN_POINT('',(12.8811137865285,4.10796555590379,-65.0485992555665));
#5474=CARTESIAN_POINT('',(14.6453459607724,5.42433734869652,-64.7742433477031));
#5475=CARTESIAN_POINT('',(15.5133845416744,6.24483339610514,-64.621429368664));
#5476=CARTESIAN_POINT('',(17.2005716626134,8.16230434086974,-64.2845760759638));
#5477=CARTESIAN_POINT('',(17.9883548328953,9.25787521599212,-64.101592506206));
#5478=CARTESIAN_POINT('',(19.4774437983423,11.6743113471848,-63.6994048312588));
#5479=CARTESIAN_POINT('',(20.1717256174894,13.0349662192956,-63.4736001209995));
#5480=CARTESIAN_POINT('',(21.4523854248226,16.0014161876241,-62.9721462869841));
#5481=CARTESIAN_POINT('',(22.0095609261945,17.6160886152267,-62.6946904955743));
#5482=CARTESIAN_POINT('',(22.9579068011376,21.2042911208096,-62.0698709965317));
#5483=CARTESIAN_POINT('',(23.2933090760862,23.1376891653921,-61.7290376435404));
#5484=CARTESIAN_POINT('',(23.6270817930571,26.1599628648506,-61.1693473187541));
#5485=CARTESIAN_POINT('',(23.7089095274654,27.214934028444,-60.9687147984323));
#5486=CARTESIAN_POINT('',(23.7678274120152,28.8228209241996,-60.658081564623));
#5487=CARTESIAN_POINT('',(23.7764373023001,29.370682633805,-60.5513440470925));
#5488=CARTESIAN_POINT('',(23.7681938742704,30.4762243885451,-60.334686750995));
#5489=CARTESIAN_POINT('',(23.7508579122179,31.0324287331311,-60.22505893115));
#5490=CARTESIAN_POINT('',(23.6541273296556,32.7175133072531,-59.8918775989156));
#5491=CARTESIAN_POINT('',(23.5306733305599,33.8341706953104,-59.6696298946698));
#5492=CARTESIAN_POINT('',(23.1369781992025,36.0656828874271,-59.2274791757275));
#5493=CARTESIAN_POINT('',(22.8705501196259,37.1592782126892,-59.0117386110134));
#5494=CARTESIAN_POINT('',(21.8495328121889,40.385390259066,-58.3759600978451));
#5495=CARTESIAN_POINT('',(20.8802974279777,42.4422020964139,-57.9720068147412));
#5496=CARTESIAN_POINT('',(19.0070520690999,45.2559117924323,-57.4047459055581));
#5497=CARTESIAN_POINT('',(18.3083050855753,46.156258972177,-57.219793986365));
#5498=CARTESIAN_POINT('',(17.1671316278117,47.4091897239541,-56.9563819323111));
#5499=CARTESIAN_POINT('',(16.7676090633198,47.8139095069273,-56.8702981039913));
#5500=CARTESIAN_POINT('',(15.9264388189569,48.5958120275061,-56.7024208503991));
#5501=CARTESIAN_POINT('',(15.4881671876942,48.9687472163459,-56.6215963437793));
#5502=CARTESIAN_POINT('',(14.5647785868991,49.6824039424742,-56.4662844381268));
#5503=CARTESIAN_POINT('',(14.0842907008629,50.0181391122417,-56.3929186042742));
#5504=CARTESIAN_POINT('',(13.0728790958906,50.6475269115512,-56.2565761746747));
#5505=CARTESIAN_POINT('',(12.5487459875766,50.9354306884712,-56.1949055817864));
#5506=CARTESIAN_POINT('',(11.455213755994,51.4541317904787,-56.0875666798553));
#5507=CARTESIAN_POINT('',(10.8952172348929,51.6790818095255,-56.043341566999));
#5508=CARTESIAN_POINT('',(9.71469590771789,52.0734865380074,-55.9720512924495));
#5509=CARTESIAN_POINT('',(9.1038606913244,52.2361506120813,-55.9465603257263));
#5510=CARTESIAN_POINT('',(7.16670840596254,52.6524779821922,-55.8906599996375));
#5511=CARTESIAN_POINT('',(5.78887938356339,52.8081459081014,-55.8849471735317));
#5512=CARTESIAN_POINT('',(2.98514208707118,53.0073438135897,-55.8810320421975));
#5513=CARTESIAN_POINT('',(1.46826944003116,53.0474130775807,-55.8828634892287));
#5514=CARTESIAN_POINT('',(2.27417413465883E-5,53.0638645288659,-55.8753788027288));
#5515=CARTESIAN_POINT('',(-5.56129160827147E-5,53.063864400969,-55.8753788615258));
#5516=CARTESIAN_POINT('',(-7.07780219523636E-5,53.0638644014381,-55.8753788608272));
#5517=CARTESIAN_POINT('',(-8.59431209208322E-5,53.0638645287357,-55.8753788020626));
#5518=CARTESIAN_POINT('',(-0.611954415274387,53.0707078528587,-55.8722262212149));
#5519=CARTESIAN_POINT('',(-1.22378710139091,53.0734126825928,-55.8676119503481));
#5520=CARTESIAN_POINT('',(-2.42576151437678,53.0719409698061,-55.8542000714217));
#5521=CARTESIAN_POINT('',(-3.01568684970822,53.0676031468902,-55.8457448073313));
#5522=CARTESIAN_POINT('',(-4.71323038606834,53.0263457262581,-55.8231810980766));
#5523=CARTESIAN_POINT('',(-5.85232515663808,52.9649839606156,-55.8089835146533));
#5524=CARTESIAN_POINT('',(-6.95127503488603,52.8005420227104,-55.8258438370747));
#5525=CARTESIAN_POINT('',(-9.35304191190106,52.4411523827209,-55.8626922551803));
#5526=CARTESIAN_POINT('',(-11.5626562940503,51.5958330687399,-56.0501225170038));
#5527=CARTESIAN_POINT('',(-14.5162200830312,49.6662315743542,-56.485920231407));
#5528=CARTESIAN_POINT('',(-15.3745021306468,48.978605521483,-56.6414281476042));
#5529=CARTESIAN_POINT('',(-16.9764857844585,47.4666132839991,-56.9742859744484));
#5530=CARTESIAN_POINT('',(-17.6970517991835,46.668593756136,-57.1461257164396));
#5531=CARTESIAN_POINT('',(-19.6956008169208,44.1590971382331,-57.6650736135561));
#5532=CARTESIAN_POINT('',(-20.8262616900054,42.354500054188,-58.0069640272461));
#5533=CARTESIAN_POINT('',(-22.1213011645008,39.4346414324622,-58.5687783319705));
#5534=CARTESIAN_POINT('',(-22.4807820305543,38.4380366141598,-58.7616740816653));
#5535=CARTESIAN_POINT('',(-23.0664867809191,36.3725451608958,-59.1666363305836));
#5536=CARTESIAN_POINT('',(-23.2864236529561,35.3266592953881,-59.3737591713969));
#5537=CARTESIAN_POINT('',(-23.6042328633668,33.201952719301,-59.7953975214083));
#5538=CARTESIAN_POINT('',(-23.7000925846351,32.1408148553073,-60.006304726473));
#5539=CARTESIAN_POINT('',(-23.7662644660624,30.5438087760056,-60.3213306073786));
#5540=CARTESIAN_POINT('',(-23.775384454409,30.0173347595367,-60.424804124278));
#5541=CARTESIAN_POINT('',(-23.7706273276935,28.9716048097755,-60.6290991947845));
#5542=CARTESIAN_POINT('',(-23.7571257272177,28.4535433220006,-60.7297075667357));
#5543=CARTESIAN_POINT('',(-23.7104814492342,27.4281849170983,-60.9271699950559));
#5544=CARTESIAN_POINT('',(-23.6778617290027,26.9217911693837,-61.0238709667886));
#5545=CARTESIAN_POINT('',(-23.5963150860885,25.9224131640529,-61.2126912207739));
#5546=CARTESIAN_POINT('',(-23.5478823685059,25.4301093434472,-61.3047275044378));
#5547=CARTESIAN_POINT('',(-23.4374096056178,24.460158609372,-61.4838361265599));
#5548=CARTESIAN_POINT('',(-23.3758402027384,23.9830697135636,-61.5708719318712));
#5549=CARTESIAN_POINT('',(-23.2383687047482,23.0433175203904,-61.7407481271098));
#5550=CARTESIAN_POINT('',(-23.1630717725231,22.5812193366295,-61.8235083413985));
#5551=CARTESIAN_POINT('',(-22.9200224973742,21.2424485118292,-62.0617072483967));
#5552=CARTESIAN_POINT('',(-22.7309330048172,20.3724352333214,-62.2145723311765));
#5553=CARTESIAN_POINT('',(-22.2901357021191,18.6583060603263,-62.5133867434351));
#5554=CARTESIAN_POINT('',(-22.0409196883616,17.8197259671773,-62.6584640853168));
#5555=CARTESIAN_POINT('',(-21.4986695258604,16.2242400771864,-62.9328173367069));
#5556=CARTESIAN_POINT('',(-21.2126732881759,15.4708652077878,-63.0615310161895));
#5557=CARTESIAN_POINT('',(-20.6101769697304,14.0352222791949,-63.3046196451668));
#5558=CARTESIAN_POINT('',(-20.2986605886614,13.3557675914118,-63.418794983707));
#5559=CARTESIAN_POINT('',(-19.3470445128598,11.4581022225612,-63.7360362292492));
#5560=CARTESIAN_POINT('',(-18.6619621296552,10.2816426336081,-63.9303289878724));
#5561=CARTESIAN_POINT('',(-17.1847104604575,8.16208637598625,-64.2861682219303));
#5562=CARTESIAN_POINT('',(-16.4185581702502,7.21551071007376,-64.4476877276261));
#5563=CARTESIAN_POINT('',(-14.7645010782345,5.53987089320619,-64.7530775989803));
#5564=CARTESIAN_POINT('',(-13.9010080447741,4.82261900235465,-64.8952372254585));
#5565=CARTESIAN_POINT('',(-12.2269505188732,3.70488391579393,-65.1406393202304));
#5566=CARTESIAN_POINT('',(-11.4789266897086,3.28597993163657,-65.2413344132612));
#5567=CARTESIAN_POINT('',(-10.0004709259191,2.5938984264033,-65.4250915049259));
#5568=CARTESIAN_POINT('',(-9.29335199219835,2.31650993077118,-65.5069181813822));
#5569=CARTESIAN_POINT('',(-8.00042069110332,1.89715688559641,-65.6467222096091));
#5570=CARTESIAN_POINT('',(-7.44542740173176,1.74658441978345,-65.703687187376));
#5571=CARTESIAN_POINT('',(-6.57007894032395,1.54621479292387,-65.7890740447432));
#5572=CARTESIAN_POINT('',(-6.27292961168412,1.48448356402348,-65.8172562490884));
#5573=CARTESIAN_POINT('',(-5.97481397737374,1.42853601392817,-65.8442047320808));
#5574=CARTESIAN_POINT('',(-44.6916302586439,28.9623841039828,-54.4492615089305));
#5575=CARTESIAN_POINT('',(-44.883668191179,29.404220623536,-54.2463240146698));
#5576=CARTESIAN_POINT('',(-45.1321409506474,29.8008652289445,-54.0156544226492));
#5577=CARTESIAN_POINT('',(-45.7548581998714,30.5796751069116,-53.4724129545013));
#5578=CARTESIAN_POINT('',(-46.1439480229408,30.9468281681172,-53.1521688392585));
#5579=CARTESIAN_POINT('',(-46.9909401112177,31.6001477364971,-52.4719508819091));
#5580=CARTESIAN_POINT('',(-47.4488855540292,31.8791267243518,-52.1128843229796));
#5581=CARTESIAN_POINT('',(-48.3994261608923,32.3503898267858,-51.3748423258775));
#5582=CARTESIAN_POINT('',(-48.8781377707914,32.5374397922454,-51.0066469050428));
#5583=CARTESIAN_POINT('',(-49.8442771380138,32.8316674811697,-50.2661547322336));
#5584=CARTESIAN_POINT('',(-50.3215421965368,32.9381368114725,-49.9016948887678));
#5585=CARTESIAN_POINT('',(-51.2727081323217,33.0777992694248,-49.176887784916));
#5586=CARTESIAN_POINT('',(-51.7381233782244,33.1121571192415,-48.8230626002883));
#5587=CARTESIAN_POINT('',(-53.0955675332245,33.1098313487728,-47.7948938706806));
#5588=CARTESIAN_POINT('',(-53.9597089717701,32.983320736732,-47.1455595544108));
#5589=CARTESIAN_POINT('',(-56.4400428170408,32.3167412755656,-45.2855627473083));
#5590=CARTESIAN_POINT('',(-57.9812462764476,31.5341501924445,-44.1324415549816));
#5591=CARTESIAN_POINT('',(-59.7760854523903,30.3503260831723,-42.7611405381668));
#5592=CARTESIAN_POINT('',(-60.1255201807146,30.1056355130972,-42.4927447938129));
#5593=CARTESIAN_POINT('',(-60.481243270351,29.8440017648829,-42.2176749080121));
#5594=CARTESIAN_POINT('',(-60.4920162020112,29.8360660403696,-42.2093428141525));
#5595=CARTESIAN_POINT('',(-60.507767427997,29.8244452844777,-42.1971578483557));
#5596=CARTESIAN_POINT('',(-60.5124944888665,29.8201951032238,-42.1937292218848));
#5597=CARTESIAN_POINT('',(-60.5208154959921,29.8168911857619,-42.1864410963167));
#5598=CARTESIAN_POINT('',(-60.5231871800403,29.814394346592,-42.1848257759139));
#5599=CARTESIAN_POINT('',(-60.5284752135984,29.8104824561168,-42.1807315811982));
#5600=CARTESIAN_POINT('',(-60.5311642021974,29.808492472135,-42.1786495610763));
#5601=CARTESIAN_POINT('',(-60.5553618299172,29.7905781114398,-42.1599129757368));
#5602=CARTESIAN_POINT('',(-60.5768513428654,29.7746195693945,-42.1432666237872));
#5603=CARTESIAN_POINT('',(-60.6412598845713,29.7266415240362,-42.0933540853431));
#5604=CARTESIAN_POINT('',(-60.6841202938252,29.6945193405966,-42.0601131321873));
#5605=CARTESIAN_POINT('',(-60.8124722927009,29.5977492975355,-41.9604861229132));
#5606=CARTESIAN_POINT('',(-60.8977284295717,29.5327023610704,-41.8942008732654));
#5607=CARTESIAN_POINT('',(-61.1526577011682,29.3359814147372,-41.6956585058257));
#5608=CARTESIAN_POINT('',(-61.3213893931259,29.2028119682366,-41.5637924087958));
#5609=CARTESIAN_POINT('',(-62.1614303565837,28.5260542612102,-40.9048703161405));
#5610=CARTESIAN_POINT('',(-62.813199089201,27.9559300077718,-40.3860417572275));
#5611=CARTESIAN_POINT('',(-64.0879026278404,26.7571049909283,-39.358978631149));
#5612=CARTESIAN_POINT('',(-64.7073668436215,26.1312926331486,-38.853554812766));
#5613=CARTESIAN_POINT('',(-65.9207548727352,24.8253774231809,-37.852789650446));
#5614=CARTESIAN_POINT('',(-66.5117418275983,24.1475260475056,-37.3598789207569));
#5615=CARTESIAN_POINT('',(-67.6701149721967,22.7419451648732,-36.3825598072191));
#5616=CARTESIAN_POINT('',(-68.2351061022764,22.016138829712,-35.9000143080399));
#5617=CARTESIAN_POINT('',(-69.3419720985673,20.5205753569504,-34.9414819017785));
#5618=CARTESIAN_POINT('',(-69.8815421256904,19.7523727712188,-34.467459262868));
#5619=CARTESIAN_POINT('',(-71.449829222927,17.3716706597478,-33.0768123307232));
#5620=CARTESIAN_POINT('',(-72.4264402338835,15.680117370715,-32.1933876203051));
#5621=CARTESIAN_POINT('',(-73.692413002767,12.9847096893568,-31.0529255410555));
#5622=CARTESIAN_POINT('',(-74.080099511608,12.0619674486913,-30.7047272934857));
#5623=CARTESIAN_POINT('',(-74.7775194453178,10.1457648614479,-30.0851479022804));
#5624=CARTESIAN_POINT('',(-75.0812335506449,9.16901553970574,-29.8191655369911));
#5625=CARTESIAN_POINT('',(-75.8597016977726,6.16694935643982,-29.1424643910563));
#5626=CARTESIAN_POINT('',(-76.1979721761326,4.09143432782522,-28.8557808934966));
#5627=CARTESIAN_POINT('',(-76.4900392154429,-0.106279717211702,-28.571181402516));
#5628=CARTESIAN_POINT('',(-76.4428764872625,-2.22628329084854,-28.5732146416069));
#5629=CARTESIAN_POINT('',(-76.0758130660387,-5.36262449743419,-28.7633977023468));
#5630=CARTESIAN_POINT('',(-75.9059589529535,-6.39274622885143,-28.8579702236583));
#5631=CARTESIAN_POINT('',(-75.5772810474352,-7.92565181606114,-29.0515302911793));
#5632=CARTESIAN_POINT('',(-75.4564339330402,-8.43003389127473,-29.124063883859));
#5633=CARTESIAN_POINT('',(-75.1912393031712,-9.42891136980644,-29.2864668411314));
#5634=CARTESIAN_POINT('',(-75.0475932717128,-9.9213043981817,-29.3758957748319));
#5635=CARTESIAN_POINT('',(-74.5807547619461,-11.3851597542164,-29.6718416569538));
#5636=CARTESIAN_POINT('',(-74.226293985466,-12.3296420432429,-29.9031677659467));
#5637=CARTESIAN_POINT('',(-73.4166509885872,-14.1767360402234,-30.4518338707978));
#5638=CARTESIAN_POINT('',(-72.9687414615155,-15.0596779142354,-30.7648649174174));
#5639=CARTESIAN_POINT('',(-71.4990683366742,-17.6334258969042,-31.8091034326177));
#5640=CARTESIAN_POINT('',(-70.3707230008282,-19.2207565102637,-32.627607094576));
#5641=CARTESIAN_POINT('',(-68.9035345906204,-21.1189078141019,-33.6485656187468));
#5642=CARTESIAN_POINT('',(-68.6081607726249,-21.4931862392992,-33.8521274473593));
#5643=CARTESIAN_POINT('',(-68.0151944560303,-22.234958522869,-34.2554470211999));
#5644=CARTESIAN_POINT('',(-67.7176904336844,-22.602375185931,-34.4552177290377));
#5645=CARTESIAN_POINT('',(-66.8347672715668,-23.6882936129505,-35.0381469436852));
#5646=CARTESIAN_POINT('',(-66.2466516976963,-24.4088632175341,-35.4126658998414));
#5647=CARTESIAN_POINT('',(-65.0636794419835,-25.8227653046074,-36.1539123051085));
#5648=CARTESIAN_POINT('',(-64.4690798723461,-26.5141558059062,-36.5215869705345));
#5649=CARTESIAN_POINT('',(-63.2489976417501,-27.843968990029,-37.2870740910545));
#5650=CARTESIAN_POINT('',(-62.6280325701026,-28.4787116277616,-37.6819005699712));
#5651=CARTESIAN_POINT('',(-61.3322225501539,-29.6599920308095,-38.5371357863351));
#5652=CARTESIAN_POINT('',(-60.6479561078058,-30.2124344828355,-39.0047526133211));
#5653=CARTESIAN_POINT('',(-59.5871719963635,-30.9144397514651,-39.7645235595843));
#5654=CARTESIAN_POINT('',(-59.2207321050279,-31.1304376990083,-40.0329156344234));
#5655=CARTESIAN_POINT('',(-58.4596294594062,-31.5172910955775,-40.6034771408669));
#5656=CARTESIAN_POINT('',(-58.0709201271411,-31.6838397234919,-40.9013870912738));
#5657=CARTESIAN_POINT('',(-57.2701228751606,-31.9655258769464,-41.5261952365801));
#5658=CARTESIAN_POINT('',(-56.8644872038912,-32.0775292220902,-41.8481257850571));
#5659=CARTESIAN_POINT('',(-56.0285582208877,-32.2494403370452,-42.5199963586023));
#5660=CARTESIAN_POINT('',(-55.6043643448071,-32.3059186908204,-42.8651565309945));
#5661=CARTESIAN_POINT('',(-54.2759880902319,-32.3953583800322,-43.9546759707035));
#5662=CARTESIAN_POINT('',(-53.3720841788188,-32.3268203845084,-44.7094083379457));
#5663=CARTESIAN_POINT('',(-52.0211140482186,-32.043341205168,-45.8485211859487));
#5664=CARTESIAN_POINT('',(-51.5595636986118,-31.912140383702,-46.2399669715383));
#5665=CARTESIAN_POINT('',(-50.6291916645889,-31.574349231259,-47.0341773980953));
#5666=CARTESIAN_POINT('',(-50.1684264497002,-31.3682833478774,-47.4301707402255));
#5667=CARTESIAN_POINT('',(-48.8030689387079,-30.630920411314,-48.6141049433383));
#5668=CARTESIAN_POINT('',(-47.9462168979138,-29.9869221443198,-49.3725175339839));
#5669=CARTESIAN_POINT('',(-46.5350353265279,-28.3386942035077,-50.7192317514588));
#5670=CARTESIAN_POINT('',(-46.0106939002455,-27.4106338078146,-51.2732362929289));
#5671=CARTESIAN_POINT('',(-45.3473767683314,-25.4839268710887,-52.1221477040127));
#5672=CARTESIAN_POINT('',(-45.1703443041754,-24.6125072409248,-52.4188878510695));
#5673=CARTESIAN_POINT('',(-44.9888221539109,-22.8988136946551,-52.8896031594599));
#5674=CARTESIAN_POINT('',(-44.9710547400575,-22.129694349618,-53.0578771908894));
#5675=CARTESIAN_POINT('',(-45.018233344458,-20.5899030085161,-53.3417898847004));
#5676=CARTESIAN_POINT('',(-45.0774595093879,-19.8575262005986,-53.4533197893066));
#5677=CARTESIAN_POINT('',(-45.3012824471727,-17.7758142409505,-53.7326978786445));
#5678=CARTESIAN_POINT('',(-45.5112252241892,-16.4371389873801,-53.8674994359972));
#5679=CARTESIAN_POINT('',(-45.9591569461309,-13.7699538659945,-54.097514442197));
#5680=CARTESIAN_POINT('',(-46.199122538869,-12.4458362189574,-54.1908320937219));
#5681=CARTESIAN_POINT('',(-46.6626487901399,-9.77456125144682,-54.3587530623828));
#5682=CARTESIAN_POINT('',(-46.8867671628861,-8.42847688500388,-54.4324257646445));
#5683=CARTESIAN_POINT('',(-47.2764490817978,-5.72506162235346,-54.5707843615554));
#5684=CARTESIAN_POINT('',(-47.441354465501,-4.3712262171697,-54.6353723314389));
#5685=CARTESIAN_POINT('',(-47.6706485513503,-1.66212600927896,-54.7681210363081));
#5686=CARTESIAN_POINT('',(-47.7330214540842,-0.315011376329277,-54.8368947980964));
#5687=CARTESIAN_POINT('',(-47.7589187049412,2.38321379892124,-54.9714452917167));
#5688=CARTESIAN_POINT('',(-47.7247867319349,3.72585993069884,-55.0366798090754));
#5689=CARTESIAN_POINT('',(-47.5739469515653,6.40276497305037,-55.1604757670632));
#5690=CARTESIAN_POINT('',(-47.4583287359756,7.73068224386278,-55.2187436295349));
#5691=CARTESIAN_POINT('',(-47.1562434301777,10.3740151584948,-55.3258557224799));
#5692=CARTESIAN_POINT('',(-46.9708779196139,11.6846618629802,-55.3745570565086));
#5693=CARTESIAN_POINT('',(-46.6445570199412,13.6634942143672,-55.4387601038488));
#5694=CARTESIAN_POINT('',(-46.5260484314972,14.3329674950298,-55.458847694881));
#5695=CARTESIAN_POINT('',(-46.2747114576931,15.6683196272639,-55.4951797221761));
#5696=CARTESIAN_POINT('',(-46.1420944654579,16.3338068288114,-55.5113594867785));
#5697=CARTESIAN_POINT('',(-45.861743121554,17.669180974932,-55.5398573651785));
#5698=CARTESIAN_POINT('',(-45.7133842417263,18.3385614364637,-55.552459760421));
#5699=CARTESIAN_POINT('',(-45.4106296382034,19.6754994029476,-55.5692014810165));
#5700=CARTESIAN_POINT('',(-45.2560060485498,20.3427670424524,-55.5735286747073));
#5701=CARTESIAN_POINT('',(-44.9512404131411,21.6747490753885,-55.5678923570847));
#5702=CARTESIAN_POINT('',(-44.8027137094582,22.3391088200093,-55.5571167453604));
#5703=CARTESIAN_POINT('',(-44.5350427543524,23.6645944654068,-55.5073076585526));
#5704=CARTESIAN_POINT('',(-44.417286996043,24.3218115895658,-55.4682978086074));
#5705=CARTESIAN_POINT('',(-44.2519150284705,25.6619599536658,-55.334512945509));
#5706=CARTESIAN_POINT('',(-44.2081379571855,26.3559761691013,-55.2352972549693));
#5707=CARTESIAN_POINT('',(-44.2930325166913,27.7144534139807,-54.9314336981203));
#5708=CARTESIAN_POINT('',(-44.4306808294042,28.3619975757975,-54.7250217329633));
#5709=CARTESIAN_POINT('',(-44.6916302586439,28.9623841039828,-54.4492615089305));
#5710=CARTESIAN_POINT('',(-14.3506294137806,10.1176360597702,68.0187576217239));
#5711=CARTESIAN_POINT('',(-13.9826687523351,9.00031650591037,68.0342383368948));
#5712=CARTESIAN_POINT('',(-13.6510654498305,7.87764326538296,68.0456794036057));
#5713=CARTESIAN_POINT('',(-13.2952883683917,6.21975003239082,68.0540666375301));
#5714=CARTESIAN_POINT('',(-13.2042620715886,5.71197680613897,68.0555029331022));
#5715=CARTESIAN_POINT('',(-13.0670053296377,4.69707083811396,68.0557677222661));
#5716=CARTESIAN_POINT('',(-13.0202054147004,4.19466213934867,68.0546272155279));
#5717=CARTESIAN_POINT('',(-12.9768892154771,3.15871217921425,68.0494765672569));
#5718=CARTESIAN_POINT('',(-12.9840140632151,2.63215076250826,68.0454096061741));
#5719=CARTESIAN_POINT('',(-13.0661520715151,1.5011143394335,68.0333006594342));
#5720=CARTESIAN_POINT('',(-13.1508881824472,0.908935978388503,68.0248942648571));
#5721=CARTESIAN_POINT('',(-13.4393481305961,-0.444057349382614,67.9993421439423));
#5722=CARTESIAN_POINT('',(-13.6647313690304,-1.18169941792548,67.9807292924698));
#5723=CARTESIAN_POINT('',(-14.1053471893784,-2.38933337455462,67.9408427228196));
#5724=CARTESIAN_POINT('',(-14.2955024029564,-2.85848708822205,67.9228845516157));
#5725=CARTESIAN_POINT('',(-14.7542478969726,-3.90805915671337,67.8767117365122));
#5726=CARTESIAN_POINT('',(-15.0284015257673,-4.48321446360559,67.8472188070566));
#5727=CARTESIAN_POINT('',(-16.2216339934177,-6.85577095193305,67.7069748961038));
#5728=CARTESIAN_POINT('',(-17.2604142560863,-8.60790323473993,67.5570838701614));
#5729=CARTESIAN_POINT('',(-18.879051134305,-11.2619322445411,67.2668327281698));
#5730=CARTESIAN_POINT('',(-19.4600671061453,-12.1935122130807,67.1524493234033));
#5731=CARTESIAN_POINT('',(-20.7481583246114,-14.1495163829663,66.8850282621333));
#5732=CARTESIAN_POINT('',(-21.4584459852986,-15.1650681666708,66.7295808028591));
#5733=CARTESIAN_POINT('',(-23.0097612514055,-17.1762569670165,66.3874196335849));
#5734=CARTESIAN_POINT('',(-23.8455074944192,-18.1576093201537,66.2017550485616));
#5735=CARTESIAN_POINT('',(-25.5732893097376,-19.9485095802374,65.825586983318));
#5736=CARTESIAN_POINT('',(-26.4603777598553,-20.7725363224967,65.6349657765796));
#5737=CARTESIAN_POINT('',(-28.20474109114,-22.1671212246494,65.2739736319698));
#5738=CARTESIAN_POINT('',(-29.0676872481832,-22.7691213162967,65.1008806686241));
#5739=CARTESIAN_POINT('',(-30.7611731767519,-23.7310227609212,64.7800720837926));
#5740=CARTESIAN_POINT('',(-31.5890280298828,-24.1168712594914,64.6305073577688));
#5741=CARTESIAN_POINT('',(-33.2190121449347,-24.6636377750367,64.3571984428409));
#5742=CARTESIAN_POINT('',(-33.9925537212672,-24.8378063505703,64.2361531482054));
#5743=CARTESIAN_POINT('',(-35.706481634177,-25.0036688796821,63.9907015828744));
#5744=CARTESIAN_POINT('',(-36.6050328981983,-24.9636182667905,63.8752094146977));
#5745=CARTESIAN_POINT('',(-38.3892186935244,-24.7019946797287,63.6564385081847));
#5746=CARTESIAN_POINT('',(-39.2494599632784,-24.4887915096106,63.5557709892525));
#5747=CARTESIAN_POINT('',(-40.5469360864985,-24.0912160804116,63.3997245396096));
#5748=CARTESIAN_POINT('',(-40.9837630700769,-23.9434229240866,63.3465028523322));
#5749=CARTESIAN_POINT('',(-41.8491210408825,-23.6303749884016,63.2381721665465));
#5750=CARTESIAN_POINT('',(-42.2773573606465,-23.4671413252825,63.182807207481));
#5751=CARTESIAN_POINT('',(-43.1327641476344,-23.1291730830054,63.0664623384053));
#5752=CARTESIAN_POINT('',(-43.5593813685539,-22.9541704023042,63.0056679017496));
#5753=CARTESIAN_POINT('',(-44.4177764921607,-22.5930054782166,62.8765667067046));
#5754=CARTESIAN_POINT('',(-44.8492131874999,-22.406853473374,62.8081598174104));
#5755=CARTESIAN_POINT('',(-45.7169889301816,-22.0269712766643,62.6622258343088));
#5756=CARTESIAN_POINT('',(-46.1530714277396,-21.8333122185198,62.5845782684723));
#5757=CARTESIAN_POINT('',(-47.0197576669233,-21.4451229187985,62.4206475184157));
#5758=CARTESIAN_POINT('',(-47.4501405630664,-21.2506638336286,62.3344803782873));
#5759=CARTESIAN_POINT('',(-48.7770112493263,-20.6466788917873,62.0529700201848));
#5760=CARTESIAN_POINT('',(-49.6675709927092,-20.2353102919698,61.8414215413258));
#5761=CARTESIAN_POINT('',(-51.4893667511744,-19.3673296481692,61.3588128057751));
#5762=CARTESIAN_POINT('',(-52.4162198011502,-18.9111778603675,61.0855908750595));
#5763=CARTESIAN_POINT('',(-54.286657965589,-17.9445097968607,60.4749364620397));
#5764=CARTESIAN_POINT('',(-55.2239494242152,-17.4345085635258,60.1367244736836));
#5765=CARTESIAN_POINT('',(-56.6170060507823,-16.6195854294862,59.5859097631945));
#5766=CARTESIAN_POINT('',(-57.0863602016625,-16.3338595641091,59.3917126683109));
#5767=CARTESIAN_POINT('',(-58.0212761154281,-15.7380564693926,58.9891125291157));
#5768=CARTESIAN_POINT('',(-58.4854355671159,-15.4283110971969,58.7809207849111));
#5769=CARTESIAN_POINT('',(-59.4076306548448,-14.78058826562,58.3521814547991));
#5770=CARTESIAN_POINT('',(-59.8639657730681,-14.4430659561058,58.1320808109252));
#5771=CARTESIAN_POINT('',(-60.766829015296,-13.733844995239,57.6832294233551));
#5772=CARTESIAN_POINT('',(-61.2110139040065,-13.3627250091242,57.4554142351869));
#5773=CARTESIAN_POINT('',(-62.5380649009744,-12.1728475129493,56.7584307211123));
#5774=CARTESIAN_POINT('',(-63.3628766031384,-11.318278699902,56.3019221730595));
#5775=CARTESIAN_POINT('',(-64.8850619849735,-9.35147204634496,55.4600394830109));
#5776=CARTESIAN_POINT('',(-65.5519441273507,-8.26498291887772,55.0916636132062));
#5777=CARTESIAN_POINT('',(-66.3782246716568,-6.47779921663205,54.6651188983797));
#5778=CARTESIAN_POINT('',(-66.6217760820949,-5.86002466035758,54.5453701122139));
#5779=CARTESIAN_POINT('',(-67.0487787654447,-4.57254393581304,54.3511202130757));
#5780=CARTESIAN_POINT('',(-67.2268971574776,-3.91573403381006,54.2792441003733));
#5781=CARTESIAN_POINT('',(-67.5252036547363,-2.56478322242397,54.1781407093165));
#5782=CARTESIAN_POINT('',(-67.6420319628289,-1.88129950418427,54.1503727809786));
#5783=CARTESIAN_POINT('',(-67.8264057593851,-0.49180303364086,54.1280100550005));
#5784=CARTESIAN_POINT('',(-67.8927670553692,0.207382609900653,54.1335981290218));
#5785=CARTESIAN_POINT('',(-67.9890282309665,1.61746842545266,54.1649072394158));
#5786=CARTESIAN_POINT('',(-68.0176351978041,2.32441873088191,54.1913523074643));
#5787=CARTESIAN_POINT('',(-68.0324211206584,3.74381609212809,54.2689251501055));
#5788=CARTESIAN_POINT('',(-68.0182619764414,4.45192441997874,54.3200426488235));
#5789=CARTESIAN_POINT('',(-67.9039480970813,6.58736815340861,54.5171453872845));
#5790=CARTESIAN_POINT('',(-67.7341479935903,7.98073018935792,54.7032043215358));
#5791=CARTESIAN_POINT('',(-67.1740648374681,10.7464472509034,55.2079925875162));
#5792=CARTESIAN_POINT('',(-66.7867719530303,12.1031744528919,55.5234055616364));
#5793=CARTESIAN_POINT('',(-66.0391596606041,14.0263317700165,56.0854137717081));
#5794=CARTESIAN_POINT('',(-65.7654235047032,14.6424998018462,56.2853485597693));
#5795=CARTESIAN_POINT('',(-65.1598486416206,15.8335730861065,56.7146564002303));
#5796=CARTESIAN_POINT('',(-64.8332181557281,16.4005646570108,56.9405182815397));
#5797=CARTESIAN_POINT('',(-64.1289449224502,17.4851651591141,57.4134069743133));
#5798=CARTESIAN_POINT('',(-63.7572830400161,17.9963347676553,57.6566946158454));
#5799=CARTESIAN_POINT('',(-62.9739710138867,18.9648746765335,58.1535424375269));
#5800=CARTESIAN_POINT('',(-62.568271323224,19.4178930479372,58.4037545853401));
#5801=CARTESIAN_POINT('',(-61.3153509512544,20.6895306878835,59.150185048833));
#5802=CARTESIAN_POINT('',(-60.4304412142359,21.4351071489381,59.6459418905528));
#5803=CARTESIAN_POINT('',(-59.0178895472458,22.4522774940919,60.3706060565506));
#5804=CARTESIAN_POINT('',(-58.5476492123188,22.7652589533459,60.60221820989));
#5805=CARTESIAN_POINT('',(-57.5951078512477,23.3555620015301,61.0493007529441));
#5806=CARTESIAN_POINT('',(-57.1160510483109,23.633218295323,61.2637726526501));
#5807=CARTESIAN_POINT('',(-56.1529181565041,24.1612999836541,61.673501405726));
#5808=CARTESIAN_POINT('',(-55.6707749040532,24.4111055409282,61.8685820534377));
#5809=CARTESIAN_POINT('',(-54.7043900437962,24.8868070065381,62.2396667632996));
#5810=CARTESIAN_POINT('',(-54.2218869647837,25.1126594359267,62.4155289693023));
#5811=CARTESIAN_POINT('',(-52.7935163638359,25.7490030281478,62.9091979085044));
#5812=CARTESIAN_POINT('',(-51.8363512983256,26.1373326245107,63.2065305547566));
#5813=CARTESIAN_POINT('',(-50.3901873826621,26.6760821976233,63.6108437762498));
#5814=CARTESIAN_POINT('',(-49.9178260935727,26.8447139701396,63.7360667000984));
#5815=CARTESIAN_POINT('',(-48.9776524842576,27.1666691362886,63.9727671217125));
#5816=CARTESIAN_POINT('',(-48.5106254909571,27.3199819307928,64.0843658399143));
#5817=CARTESIAN_POINT('',(-47.1709545131184,27.7409856582994,64.3889811457644));
#5818=CARTESIAN_POINT('',(-46.2934287672599,27.993813395769,64.5700741755165));
#5819=CARTESIAN_POINT('',(-45.0176761409208,28.3250000381233,64.8125621908923));
#5820=CARTESIAN_POINT('',(-44.6287057899283,28.4233215561175,64.8835887239264));
#5821=CARTESIAN_POINT('',(-43.7953587456225,28.6202763004242,65.0319599278921));
#5822=CARTESIAN_POINT('',(-43.3510184782962,28.7169009285016,65.1085766679412));
#5823=CARTESIAN_POINT('',(-42.0079333492868,28.9786030565549,65.3333559843805));
#5824=CARTESIAN_POINT('',(-41.1086223132129,29.1138401011095,65.4748940796136));
#5825=CARTESIAN_POINT('',(-39.7361661583761,29.233600964333,65.6799906310179));
#5826=CARTESIAN_POINT('',(-39.2756193725631,29.2593370778779,65.7469720636808));
#5827=CARTESIAN_POINT('',(-38.3428947028028,29.2788379156429,65.8792542527933));
#5828=CARTESIAN_POINT('',(-37.8735243067525,29.2720175828447,65.9440982728537));
#5829=CARTESIAN_POINT('',(-36.9206995849438,29.2219040478256,66.072537067034));
#5830=CARTESIAN_POINT('',(-36.4407213973535,29.1779383129863,66.1355754357706));
#5831=CARTESIAN_POINT('',(-35.4642828938499,29.0487181950332,66.2607144639291));
#5832=CARTESIAN_POINT('',(-34.972039621752,28.9624446420544,66.3221702430023));
#5833=CARTESIAN_POINT('',(-33.4240673743006,28.6241231614618,66.5106866462575));
#5834=CARTESIAN_POINT('',(-32.4042739263063,28.3017650437071,66.6280086780403));
#5835=CARTESIAN_POINT('',(-30.3171406051454,27.4782521532481,66.8548613386606));
#5836=CARTESIAN_POINT('',(-29.2784734500049,26.9759025696867,66.9603002470197));
#5837=CARTESIAN_POINT('',(-27.6244722761264,26.11396615455,67.1156082282906));
#5838=CARTESIAN_POINT('',(-27.0059797467443,25.7763917446063,67.1707584214435));
#5839=CARTESIAN_POINT('',(-25.5386046433919,24.9300445450307,67.2957945442361));
#5840=CARTESIAN_POINT('',(-24.7021386748346,24.4086697514262,67.3623354998784));
#5841=CARTESIAN_POINT('',(-22.7351048718072,23.0475616722775,67.5107935719136));
#5842=CARTESIAN_POINT('',(-21.6327037589358,22.168528645503,67.5870455690455));
#5843=CARTESIAN_POINT('',(-19.7916867147259,20.3688563971074,67.7085842343182));
#5844=CARTESIAN_POINT('',(-19.0600270458586,19.5161709637547,67.7548025373532));
#5845=CARTESIAN_POINT('',(-17.5406934385793,17.3840346225981,67.8487403538056));
#5846=CARTESIAN_POINT('',(-16.8380930877408,16.1425630063632,67.890299499641));
#5847=CARTESIAN_POINT('',(-15.8037635188784,13.9801023777674,67.9480661734795));
#5848=CARTESIAN_POINT('',(-15.4355417859407,13.1073690862712,67.9676175033858));
#5849=CARTESIAN_POINT('',(-14.8298930114413,11.5251816790398,67.997579732237));
#5850=CARTESIAN_POINT('',(-14.5833206469045,10.8242074192184,68.0089679157032));
#5851=CARTESIAN_POINT('',(-14.3506294137806,10.1176360597702,68.0187576217239));
#5852=CARTESIAN_POINT('',(-31.037688688096,57.6676831692029,63.6990228109936));
#5853=CARTESIAN_POINT('',(-31.6872218639732,57.4464477254103,63.6375114914672));
#5854=CARTESIAN_POINT('',(-32.3417950395523,57.2559900604569,63.5625846278836));
#5855=CARTESIAN_POINT('',(-33.6754014398019,56.9256367919879,63.3817347781705));
#5856=CARTESIAN_POINT('',(-34.3475530972041,56.7883882753564,63.2763478689557));
#5857=CARTESIAN_POINT('',(-35.3683829606315,56.6195602409688,63.0920295157988));
#5858=CARTESIAN_POINT('',(-35.7122568921985,56.5695363805394,63.0257731132546));
#5859=CARTESIAN_POINT('',(-36.4069239751772,56.4817453386916,62.8829036439224));
#5860=CARTESIAN_POINT('',(-36.7567811697036,56.4445154586697,62.8062803036362));
#5861=CARTESIAN_POINT('',(-37.8430430890556,56.3527904002352,62.5520329983352));
#5862=CARTESIAN_POINT('',(-38.5708972588276,56.3246078256619,62.3587030671111));
#5863=CARTESIAN_POINT('',(-40.0814531938216,56.3524208722853,61.8963141589729));
#5864=CARTESIAN_POINT('',(-40.8443342415434,56.4146697973801,61.6285750542747));
#5865=CARTESIAN_POINT('',(-42.009350445176,56.6019043214393,61.1530402634917));
#5866=CARTESIAN_POINT('',(-42.4125950686927,56.6852875330143,60.9751029322168));
#5867=CARTESIAN_POINT('',(-43.233954311133,56.8986779799309,60.5817042540978));
#5868=CARTESIAN_POINT('',(-43.6446715178481,57.0296716189447,60.367642051665));
#5869=CARTESIAN_POINT('',(-44.94395974787,57.5310830199913,59.6300377632216));
#5870=CARTESIAN_POINT('',(-45.7201848107173,57.9707710539449,59.094365428426));
#5871=CARTESIAN_POINT('',(-47.2675037751214,59.1739965439403,57.811084505221));
#5872=CARTESIAN_POINT('',(-47.9856157563303,59.9469769784974,57.0683817827339));
#5873=CARTESIAN_POINT('',(-48.8408110790724,61.0280879986951,56.049073486923));
#5874=CARTESIAN_POINT('',(-49.0631571231026,61.3284806826582,55.7682409441603));
#5875=CARTESIAN_POINT('',(-49.496082035706,61.9429061778613,55.1945980965987));
#5876=CARTESIAN_POINT('',(-49.7059188959257,62.2563658178916,54.9022655376617));
#5877=CARTESIAN_POINT('',(-50.1162921567627,62.8932285001454,54.3062173197921));
#5878=CARTESIAN_POINT('',(-50.3163804226637,63.2162513128753,54.0027519613061));
#5879=CARTESIAN_POINT('',(-50.7112244193308,63.8690297206968,53.383763678605));
#5880=CARTESIAN_POINT('',(-50.9056242698082,64.198598415404,53.0683419630647));
#5881=CARTESIAN_POINT('',(-51.3934991920599,65.032739548227,52.2579583610129));
#5882=CARTESIAN_POINT('',(-51.6834460167038,65.5346099143941,51.7588361092638));
#5883=CARTESIAN_POINT('',(-52.2133185240067,66.4267641190269,50.837996621587));
#5884=CARTESIAN_POINT('',(-52.4529575523854,66.8196618692323,50.4197659492664));
#5885=CARTESIAN_POINT('',(-53.1962759322142,68.0175607669495,49.109487905845));
#5886=CARTESIAN_POINT('',(-53.7011491546964,68.8013087986539,48.2016274035674));
#5887=CARTESIAN_POINT('',(-54.4433311250053,69.9786646779854,46.7915955350109));
#5888=CARTESIAN_POINT('',(-54.6927040151436,70.3790274271118,46.303780121331));
#5889=CARTESIAN_POINT('',(-55.1794727586261,71.1865609825063,45.3106197680236));
#5890=CARTESIAN_POINT('',(-55.4163426571611,71.5933357005645,44.8056217879211));
#5891=CARTESIAN_POINT('',(-55.9177251609614,72.5062321385771,43.6704227588362));
#5892=CARTESIAN_POINT('',(-56.1749695217507,73.0127437065895,43.0398396559115));
#5893=CARTESIAN_POINT('',(-56.6442497220539,74.0400074255096,41.7665017046083));
#5894=CARTESIAN_POINT('',(-56.8549459842117,74.5589715771502,41.1263630381183));
#5895=CARTESIAN_POINT('',(-57.2259960232401,75.6076513174138,39.8382919858744));
#5896=CARTESIAN_POINT('',(-57.3855723644144,76.1348847298589,39.1933930823562));
#5897=CARTESIAN_POINT('',(-57.6505285120805,77.1984412436107,37.8984377158316));
#5898=CARTESIAN_POINT('',(-57.7558665523264,77.7315717096314,37.2515178662035));
#5899=CARTESIAN_POINT('',(-57.9091341240839,78.8020890088805,35.9542838637875));
#5900=CARTESIAN_POINT('',(-57.9567158863712,79.3364633458953,35.307887891911));
#5901=CARTESIAN_POINT('',(-57.989594312303,80.4063123591486,34.0159243481598));
#5902=CARTESIAN_POINT('',(-57.9754535849378,80.9380616226489,33.3746156445752));
#5903=CARTESIAN_POINT('',(-57.8826437929076,81.9994996017987,32.0962540292827));
#5904=CARTESIAN_POINT('',(-57.8047852235072,82.5253584116539,31.4639685792541));
#5905=CARTESIAN_POINT('',(-57.5844613472752,83.5710342900109,30.2073870686332));
#5906=CARTESIAN_POINT('',(-57.4432741317802,84.0868280929179,29.5880097231295));
#5907=CARTESIAN_POINT('',(-56.9222406663702,85.6168200608921,27.7535603849222));
#5908=CARTESIAN_POINT('',(-56.4545478407113,86.5986005675003,26.5795069656636));
#5909=CARTESIAN_POINT('',(-55.5409552335607,88.0529851494259,24.8794470190291));
#5910=CARTESIAN_POINT('',(-55.2107613449352,88.5217257170976,24.3379909461651));
#5911=CARTESIAN_POINT('',(-54.6677454126303,89.216558902794,23.5490850820723));
#5912=CARTESIAN_POINT('',(-54.4806804902077,89.4446039803123,23.292405905008));
#5913=CARTESIAN_POINT('',(-54.2372584710378,89.727866758283,22.9771634175036));
#5914=CARTESIAN_POINT('',(-54.1883111626629,89.7841837293605,22.9146673519108));
#5915=CARTESIAN_POINT('',(-54.1142102603742,89.8684916412852,22.821392266422));
#5916=CARTESIAN_POINT('',(-54.0894145524805,89.8965463666731,22.7904007479249));
#5917=CARTESIAN_POINT('',(-54.0613885197805,89.9280811220386,22.7556193039236));
#5918=CARTESIAN_POINT('',(-54.0582740426453,89.9315831029896,22.7517575239927));
#5919=CARTESIAN_POINT('',(-54.0535997408474,89.9368353651566,22.7459667651127));
#5920=CARTESIAN_POINT('',(-54.0520412866069,89.9385859141795,22.7440369263431));
#5921=CARTESIAN_POINT('',(-54.0497188596108,89.9411937060386,22.7411623273136));
#5922=CARTESIAN_POINT('',(-54.0485635179724,89.9422324875989,22.7408207533698));
#5923=CARTESIAN_POINT('',(-54.0482729701269,89.943231599019,22.7376257550384));
#5924=CARTESIAN_POINT('',(-54.0481232109871,89.9436540747211,22.7363644818121));
#5925=CARTESIAN_POINT('',(-54.0410955761737,89.9515836478665,22.7274684486934));
#5926=CARTESIAN_POINT('',(-54.0348812763795,89.958585244565,22.7196160190296));
#5927=CARTESIAN_POINT('',(-54.0162221880529,89.9795764874059,22.6960849964671));
#5928=CARTESIAN_POINT('',(-54.0037539353673,89.993561388253,22.6804210340525));
#5929=CARTESIAN_POINT('',(-53.8916400159152,90.1189404517225,22.5401068807132));
#5930=CARTESIAN_POINT('',(-53.790053834999,90.2299162246033,22.4167498498957));
#5931=CARTESIAN_POINT('',(-53.2781503756109,90.7766381755353,21.8135836500331));
#5932=CARTESIAN_POINT('',(-52.8420378690949,91.204285654413,21.3555170023649));
#5933=CARTESIAN_POINT('',(-51.9203349735219,92.0436718179626,20.4923019119176));
#5934=CARTESIAN_POINT('',(-51.4410843680334,92.4509557599699,20.0913280953671));
#5935=CARTESIAN_POINT('',(-49.9547064044005,93.6405511067146,18.9852247182289));
#5936=CARTESIAN_POINT('',(-48.8842343624515,94.4075736951514,18.3581803396983));
#5937=CARTESIAN_POINT('',(-46.6347783874964,95.8883480238331,17.368401797376));
#5938=CARTESIAN_POINT('',(-45.4496164184607,96.6086809107972,16.9977780683593));
#5939=CARTESIAN_POINT('',(-43.0193194574203,97.9873102623713,16.5419096002594));
#5940=CARTESIAN_POINT('',(-41.760031297005,98.6546212584241,16.4529211332448));
#5941=CARTESIAN_POINT('',(-39.8526651727226,99.6003241810987,16.5633063676414));
#5942=CARTESIAN_POINT('',(-39.2152763495989,99.9054798705024,16.6413111697292));
#5943=CARTESIAN_POINT('',(-37.9230214593617,100.500896535024,16.8868842945109));
#5944=CARTESIAN_POINT('',(-37.2808512789074,100.784964270835,17.0537842200297));
#5945=CARTESIAN_POINT('',(-35.3161859420669,101.61285699633,17.6966747307525));
#5946=CARTESIAN_POINT('',(-34.0158854039414,102.102739953024,18.3090475112215));
#5947=CARTESIAN_POINT('',(-31.4535520636289,102.906852828076,19.8499133115082));
#5948=CARTESIAN_POINT('',(-30.1860253249083,103.211375211673,20.8053842377476));
#5949=CARTESIAN_POINT('',(-28.6924522259341,103.409303652595,22.1510132273152));
#5950=CARTESIAN_POINT('',(-28.3869523300535,103.440366629272,22.4390247523173));
#5951=CARTESIAN_POINT('',(-28.0483693791325,103.46343772368,22.7718252015312));
#5952=CARTESIAN_POINT('',(-28.0104247130103,103.465858591193,22.8093193959582));
#5953=CARTESIAN_POINT('',(-27.9536004331989,103.469234827026,22.8657634957811));
#5954=CARTESIAN_POINT('',(-27.9346529389866,103.47031878921,22.8846336990341));
#5955=CARTESIAN_POINT('',(-27.9062551777909,103.471880762604,22.9129879632309));
#5956=CARTESIAN_POINT('',(-27.8967879616353,103.472391011663,22.922452819387));
#5957=CARTESIAN_POINT('',(-27.8825930792116,103.473140323678,22.9366622930019));
#5958=CARTESIAN_POINT('',(-27.8778611220579,103.47338748414,22.9414021405177));
#5959=CARTESIAN_POINT('',(-27.8707646749504,103.473754203016,22.9485149498629));
#5960=CARTESIAN_POINT('',(-27.8683991084738,103.473875789136,22.9508867260552));
#5961=CARTESIAN_POINT('',(-27.864865117844,103.474056447077,22.9544311209419));
#5962=CARTESIAN_POINT('',(-27.8638226462209,103.474116713496,22.9554467509389));
#5963=CARTESIAN_POINT('',(-27.8633828316841,103.473410411136,22.9592009307613));
#5964=CARTESIAN_POINT('',(-27.8619480263047,103.473645140904,22.9599010838952));
#5965=CARTESIAN_POINT('',(-27.7848052536913,103.477920873463,23.0354596363302));
#5966=CARTESIAN_POINT('',(-27.7091656396857,103.481499180807,23.1102656365609));
#5967=CARTESIAN_POINT('',(-27.4824826815491,103.490369372353,23.3365404307809));
#5968=CARTESIAN_POINT('',(-27.3325517427006,103.493740622653,23.4890082542534));
#5969=CARTESIAN_POINT('',(-26.5792562743473,103.497993941409,24.2682691221017));
#5970=CARTESIAN_POINT('',(-26.0014153078459,103.459532675379,24.9099145403166));
#5971=CARTESIAN_POINT('',(-24.8640671369129,103.300713071572,26.2378464572359));
#5972=CARTESIAN_POINT('',(-24.3134606603462,103.179812994209,26.9154736369574));
#5973=CARTESIAN_POINT('',(-23.2318806824441,102.859071019061,28.2956040740221));
#5974=CARTESIAN_POINT('',(-22.7070729762161,102.660133869382,28.9904955760526));
#5975=CARTESIAN_POINT('',(-21.6751435653913,102.18998847184,30.3916799522314));
#5976=CARTESIAN_POINT('',(-21.1721227758732,101.920287451343,31.0917609796589));
#5977=CARTESIAN_POINT('',(-20.1822267917436,101.317804596989,32.4926012227648));
#5978=CARTESIAN_POINT('',(-19.6997250090508,100.986219334174,33.1890487091061));
#5979=CARTESIAN_POINT('',(-18.7599133346578,100.261579926897,34.5828786069752));
#5980=CARTESIAN_POINT('',(-18.30611926111,99.8704347561908,35.275710847028));
#5981=CARTESIAN_POINT('',(-17.434200243872,99.0284344837165,36.6636286935759));
#5982=CARTESIAN_POINT('',(-17.0190237806785,98.5803200804354,37.3536869185252));
#5983=CARTESIAN_POINT('',(-16.2358791150249,97.6289751256566,38.7350031536979));
#5984=CARTESIAN_POINT('',(-15.8711813296223,97.129473670881,39.4210990715591));
#5985=CARTESIAN_POINT('',(-15.2016218447986,96.0778970383045,40.795567443974));
#5986=CARTESIAN_POINT('',(-14.8996690993609,95.5303498763715,41.4776187141504));
#5987=CARTESIAN_POINT('',(-14.3639886000108,94.3910218442712,42.8363957604578));
#5988=CARTESIAN_POINT('',(-14.1320146102807,93.8050041962565,43.5066327105546));
#5989=CARTESIAN_POINT('',(-13.7427344035065,92.6007037003723,44.8325986427099));
#5990=CARTESIAN_POINT('',(-13.5860255055903,91.9889136943293,45.4819680326488));
#5991=CARTESIAN_POINT('',(-13.3507908248046,90.747620160743,46.7561714738532));
#5992=CARTESIAN_POINT('',(-13.2719278406944,90.1250687259252,47.3749237662122));
#5993=CARTESIAN_POINT('',(-13.1919307803297,88.8787786588907,48.5767505436267));
#5994=CARTESIAN_POINT('',(-13.1889191983009,88.2621750662926,49.1543479579159));
#5995=CARTESIAN_POINT('',(-13.2220516875598,87.635705734497,49.7253336886223));
#5996=CARTESIAN_POINT('',(-80.6507434346234,-2.27786880821538,39.3014801878372));
#5997=CARTESIAN_POINT('',(-81.3584463909934,-2.07167983116757,38.3318385487251));
#5998=CARTESIAN_POINT('',(-82.0410650795112,-1.80683064639147,37.3620746646342));
#5999=CARTESIAN_POINT('',(-83.3543466211372,-1.1431200221764,35.4146917339021));
#6000=CARTESIAN_POINT('',(-83.9744524995881,-0.749475537555622,34.4524992877986));
#6001=CARTESIAN_POINT('',(-85.1405226888267,0.170012533453805,32.5452774279375));
#6002=CARTESIAN_POINT('',(-85.6770222601124,0.688572566240954,31.6159083373187));
#6003=CARTESIAN_POINT('',(-86.6596929552733,1.85212873855078,29.7991627051535));
#6004=CARTESIAN_POINT('',(-87.1000683102806,2.49019051982588,28.9217159108093));
#6005=CARTESIAN_POINT('',(-87.4864062237845,3.18546629709353,28.0852397465863));
#6006=CARTESIAN_POINT('',(-63.8477931668934,42.4191185904373,52.4188772320345));
#6007=CARTESIAN_POINT('',(-63.0111900729213,41.9671558518964,53.3193024516041));
#6008=CARTESIAN_POINT('',(-62.2233784024436,41.4573143861583,54.1557742071361));
#6009=CARTESIAN_POINT('',(-60.7014384544794,40.3747794848966,55.7176058775485));
#6010=CARTESIAN_POINT('',(-59.9690327560007,39.8011927695631,56.4418066650599));
#6011=CARTESIAN_POINT('',(-58.530531980058,38.6218247863774,57.7882136028793));
#6012=CARTESIAN_POINT('',(-57.8242739634082,38.016203400083,58.410433916208));
#6013=CARTESIAN_POINT('',(-56.4234766620973,36.7773397145107,59.5601483874763));
#6014=CARTESIAN_POINT('',(-55.7310321732372,36.1407434224764,60.0870163657203));
#6015=CARTESIAN_POINT('',(-55.0534824404114,35.4678465652798,60.5671214974326));
#6016=CARTESIAN_POINT('',(-47.6524340659021,-91.1398449583656,13.8697402164458));
#6017=CARTESIAN_POINT('',(-47.2974026689505,-91.5033322625691,15.1301427365829));
#6018=CARTESIAN_POINT('',(-46.6969541679263,-91.9380986948367,16.2864962445212));
#6019=CARTESIAN_POINT('',(-45.3588032201305,-92.7470552398445,18.4192427933146));
#6020=CARTESIAN_POINT('',(-44.6002757826662,-93.1359737798663,19.4190421904269));
#6021=CARTESIAN_POINT('',(-43.8210040987937,-93.4640360536481,20.4214419606129));
#6022=CARTESIAN_POINT('',(-43.4736633098355,-93.6102615759672,20.8682364922682));
#6023=CARTESIAN_POINT('',(-43.1220966533756,-93.7441491859449,21.3148243482157));
#6024=CARTESIAN_POINT('',(-42.4059077695845,-93.9885714021321,22.2084172301285));
#6025=CARTESIAN_POINT('',(-42.0422213337245,-94.0984119583904,22.6543836640494));
#6026=CARTESIAN_POINT('',(-40.9183988275495,-94.4028275117629,23.9796934307395));
#6027=CARTESIAN_POINT('',(-40.1391886835094,-94.5659493656486,24.8403007855136));
#6028=CARTESIAN_POINT('',(-37.7922624298575,-94.9647710669668,27.1977305724517));
#6029=CARTESIAN_POINT('',(-36.1460160939832,-95.1373542896839,28.5862695351579));
#6030=CARTESIAN_POINT('',(-33.8547941974786,-95.4428214916978,29.981140740281));
#6031=CARTESIAN_POINT('',(-33.4088206930611,-95.5048850614922,30.2313100602094));
#6032=CARTESIAN_POINT('',(-32.5038076785815,-95.6382949631391,30.6971926568675));
#6033=CARTESIAN_POINT('',(-32.0479427869822,-95.7091006570951,30.9117471331014));
#6034=CARTESIAN_POINT('',(-30.6618309424382,-95.9375554035411,31.5061656818554));
#6035=CARTESIAN_POINT('',(-29.7269431921962,-96.1095650423832,31.8311562405698));
#6036=CARTESIAN_POINT('',(-28.2859995844522,-96.4100456704321,32.2227925962297));
#6037=CARTESIAN_POINT('',(-27.8038162626649,-96.5163390086548,32.3359230307024));
#6038=CARTESIAN_POINT('',(-26.8296058502976,-96.7430351939178,32.5301832701978));
#6039=CARTESIAN_POINT('',(-26.340637955123,-96.8628706307845,32.6103791598498));
#6040=CARTESIAN_POINT('',(-25.3534420545313,-97.1176551882438,32.7383488136564));
#6041=CARTESIAN_POINT('',(-24.8582589069433,-97.2518495229738,32.7855257110854));
#6042=CARTESIAN_POINT('',(-23.8609244176237,-97.5354933994966,32.8469731845169));
#6043=CARTESIAN_POINT('',(-23.3618506507023,-97.6842847074355,32.860582507873));
#6044=CARTESIAN_POINT('',(-21.8440631673514,-98.1575729317085,32.8512465505921));
#6045=CARTESIAN_POINT('',(-20.8443453581395,-98.4979326199836,32.7758575799297));
#6046=CARTESIAN_POINT('',(-19.3424203785416,-99.04111961106,32.5743754773552));
#6047=CARTESIAN_POINT('',(-18.8406704641614,-99.2281460552668,32.4916111667126));
#6048=CARTESIAN_POINT('',(-17.8368971878262,-99.6110975703182,32.29758540815));
#6049=CARTESIAN_POINT('',(-17.3367778088392,-99.8064393877086,32.1862918044563));
#6050=CARTESIAN_POINT('',(-16.3372126892864,-100.203608869734,31.9366050475618));
#6051=CARTESIAN_POINT('',(-15.8393156458973,-100.404824100612,31.7984046272645));
#6052=CARTESIAN_POINT('',(-14.8452850800942,-100.811247844426,31.4959786835406));
#6053=CARTESIAN_POINT('',(-14.3505630660317,-101.015935017523,31.3319014079168));
#6054=CARTESIAN_POINT('',(-12.8630984317367,-101.635147646697,30.7994372193565));
#6055=CARTESIAN_POINT('',(-11.8879552117371,-102.046332795569,30.3970413462704));
#6056=CARTESIAN_POINT('',(-9.91813094484672,-102.867573075926,29.4836772288979));
#6057=CARTESIAN_POINT('',(-8.93455385358228,-103.273295701586,28.9723199219248));
#6058=CARTESIAN_POINT('',(-7.02970215213296,-104.032172145546,27.8725766614001));
#6059=CARTESIAN_POINT('',(-6.12015100577619,-104.384051984454,27.2904959963958));
#6060=CARTESIAN_POINT('',(-4.78425523284444,-104.877788773672,26.3309976123052));
#6061=CARTESIAN_POINT('',(-4.34460889910711,-105.036223497274,25.9970806326453));
#6062=CARTESIAN_POINT('',(-3.47399530966481,-105.339649699477,25.2969898014823));
#6063=CARTESIAN_POINT('',(-3.04511393330375,-105.483726005428,24.9321826164622));
#6064=CARTESIAN_POINT('',(-2.1969326019683,-105.754739531391,24.1700932154302));
#6065=CARTESIAN_POINT('',(-1.77996967274684,-105.880754165538,23.7743675208428));
#6066=CARTESIAN_POINT('',(-1.16454944852981,-106.053314290109,23.1590062999017));
#6067=CARTESIAN_POINT('',(-0.960608651558427,-106.10817726768,22.9496819501837));
#6068=CARTESIAN_POINT('',(-0.657373477767728,-106.185936594769,22.6304301762367));
#6069=CARTESIAN_POINT('',(-0.556509932855504,-106.2111521005,22.5228759891681));
#6070=CARTESIAN_POINT('',(-0.405913079789646,-106.247785075968,22.3602599833188));
#6071=CARTESIAN_POINT('',(-0.355857436318999,-106.259830616123,22.3056816961184));
#6072=CARTESIAN_POINT('',(-0.273007529859767,-106.279555349461,22.2144100387845));
#6073=CARTESIAN_POINT('',(-0.239756123818615,-106.287280726689,22.1781526172911));
#6074=CARTESIAN_POINT('',(-0.167199198256165,-106.30392541561,22.0989273578809));
#6075=CARTESIAN_POINT('',(-0.12789129838121,-106.312803396652,22.0559558365123));
#6076=CARTESIAN_POINT('',(-0.0598872343653337,-106.327992652323,21.9811696087147));
#6077=CARTESIAN_POINT('',(-0.0306413039633779,-106.334271699084,21.9498689999593));
#6078=CARTESIAN_POINT('',(-0.0029004260072757,-106.340735993701,21.9172119887096));
#6079=CARTESIAN_POINT('',(-0.00193346363150789,-106.34096131954,21.916073663663));
#6080=CARTESIAN_POINT('',(-0.000966647651299844,-106.341186576166,21.9149351770791));
#6081=CARTESIAN_POINT('',(2.19999002146852E-8,-106.341411763554,21.913796528901));
#6082=CARTESIAN_POINT('',(44.6916302516231,28.9623841039828,-54.4492615089305));
#6083=CARTESIAN_POINT('',(44.8836681841582,29.404220623536,-54.2463240146698));
#6084=CARTESIAN_POINT('',(45.1321409436266,29.8008652289445,-54.0156544226492));
#6085=CARTESIAN_POINT('',(45.7548581928507,30.5796751069116,-53.4724129545013));
#6086=CARTESIAN_POINT('',(46.14394801592,30.9468281681172,-53.1521688392585));
#6087=CARTESIAN_POINT('',(46.990940104197,31.6001477364971,-52.4719508819091));
#6088=CARTESIAN_POINT('',(47.4488855470085,31.8791267243518,-52.1128843229796));
#6089=CARTESIAN_POINT('',(48.3994261538716,32.3503898267858,-51.3748423258775));
#6090=CARTESIAN_POINT('',(48.8781377637706,32.5374397922454,-51.0066469050428));
#6091=CARTESIAN_POINT('',(49.844277130993,32.8316674811697,-50.2661547322336));
#6092=CARTESIAN_POINT('',(50.321542189516,32.9381368114725,-49.9016948887678));
#6093=CARTESIAN_POINT('',(51.2727081253009,33.0777992694248,-49.176887784916));
#6094=CARTESIAN_POINT('',(51.7381233712037,33.1121571192415,-48.8230626002883));
#6095=CARTESIAN_POINT('',(53.0955675262038,33.1098313487728,-47.7948938706806));
#6096=CARTESIAN_POINT('',(53.9597089647494,32.983320736732,-47.1455595544108));
#6097=CARTESIAN_POINT('',(56.44004281002,32.3167412755656,-45.2855627473083));
#6098=CARTESIAN_POINT('',(57.9812462694269,31.5341501924445,-44.1324415549816));
#6099=CARTESIAN_POINT('',(59.7760854453696,30.3503260831723,-42.7611405381668));
#6100=CARTESIAN_POINT('',(60.1255201736938,30.1056355130972,-42.4927447938129));
#6101=CARTESIAN_POINT('',(60.4812432633303,29.8440017648829,-42.2176749080121));
#6102=CARTESIAN_POINT('',(60.4920161949905,29.8360660403696,-42.2093428141525));
#6103=CARTESIAN_POINT('',(60.5077674209763,29.8244452844777,-42.1971578483557));
#6104=CARTESIAN_POINT('',(60.5124944818458,29.8201951032238,-42.1937292218848));
#6105=CARTESIAN_POINT('',(60.5208154889714,29.8168911857619,-42.1864410963167));
#6106=CARTESIAN_POINT('',(60.5231871730196,29.814394346592,-42.1848257759139));
#6107=CARTESIAN_POINT('',(60.5284752065776,29.8104824561168,-42.1807315811982));
#6108=CARTESIAN_POINT('',(60.5311641951766,29.808492472135,-42.1786495610763));
#6109=CARTESIAN_POINT('',(60.5553618228964,29.7905781114398,-42.1599129757368));
#6110=CARTESIAN_POINT('',(60.5768513358446,29.7746195693945,-42.1432666237872));
#6111=CARTESIAN_POINT('',(60.6412598775505,29.7266415240362,-42.0933540853431));
#6112=CARTESIAN_POINT('',(60.6841202868044,29.6945193405966,-42.0601131321873));
#6113=CARTESIAN_POINT('',(60.8124722856802,29.5977492975355,-41.9604861229132));
#6114=CARTESIAN_POINT('',(60.897728422551,29.5327023610704,-41.8942008732654));
#6115=CARTESIAN_POINT('',(61.1526576941474,29.3359814147372,-41.6956585058257));
#6116=CARTESIAN_POINT('',(61.3213893861052,29.2028119682366,-41.5637924087958));
#6117=CARTESIAN_POINT('',(62.161430349563,28.5260542612102,-40.9048703161405));
#6118=CARTESIAN_POINT('',(62.8131990821803,27.9559300077718,-40.3860417572275));
#6119=CARTESIAN_POINT('',(64.0879026208197,26.7571049909283,-39.358978631149));
#6120=CARTESIAN_POINT('',(64.7073668366008,26.1312926331486,-38.853554812766));
#6121=CARTESIAN_POINT('',(65.9207548657145,24.8253774231809,-37.852789650446));
#6122=CARTESIAN_POINT('',(66.5117418205776,24.1475260475056,-37.3598789207569));
#6123=CARTESIAN_POINT('',(67.6701149651759,22.7419451648732,-36.3825598072191));
#6124=CARTESIAN_POINT('',(68.2351060952557,22.016138829712,-35.9000143080399));
#6125=CARTESIAN_POINT('',(69.3419720915466,20.5205753569504,-34.9414819017785));
#6126=CARTESIAN_POINT('',(69.8815421186697,19.7523727712188,-34.467459262868));
#6127=CARTESIAN_POINT('',(71.4498292159062,17.3716706597478,-33.0768123307232));
#6128=CARTESIAN_POINT('',(72.4264402268628,15.680117370715,-32.1933876203051));
#6129=CARTESIAN_POINT('',(73.6924129957463,12.9847096893568,-31.0529255410555));
#6130=CARTESIAN_POINT('',(74.0800995045873,12.0619674486913,-30.7047272934857));
#6131=CARTESIAN_POINT('',(74.777519438297,10.1457648614479,-30.0851479022804));
#6132=CARTESIAN_POINT('',(75.0812335436242,9.16901553970574,-29.8191655369911));
#6133=CARTESIAN_POINT('',(75.8597016907519,6.16694935643982,-29.1424643910563));
#6134=CARTESIAN_POINT('',(76.1979721691119,4.09143432782522,-28.8557808934966));
#6135=CARTESIAN_POINT('',(76.4900392084222,-0.106279717211702,-28.571181402516));
#6136=CARTESIAN_POINT('',(76.4428764802418,-2.22628329084854,-28.5732146416069));
#6137=CARTESIAN_POINT('',(76.075813059018,-5.36262449743419,-28.7633977023468));
#6138=CARTESIAN_POINT('',(75.9059589459328,-6.39274622885143,-28.8579702236583));
#6139=CARTESIAN_POINT('',(75.5772810404145,-7.92565181606114,-29.0515302911793));
#6140=CARTESIAN_POINT('',(75.4564339260194,-8.43003389127473,-29.124063883859));
#6141=CARTESIAN_POINT('',(75.1912392961505,-9.42891136980644,-29.2864668411314));
#6142=CARTESIAN_POINT('',(75.0475932646921,-9.9213043981817,-29.3758957748319));
#6143=CARTESIAN_POINT('',(74.5807547549254,-11.3851597542164,-29.6718416569538));
#6144=CARTESIAN_POINT('',(74.2262939784453,-12.3296420432429,-29.9031677659467));
#6145=CARTESIAN_POINT('',(73.4166509815664,-14.1767360402234,-30.4518338707978));
#6146=CARTESIAN_POINT('',(72.9687414544948,-15.0596779142354,-30.7648649174174));
#6147=CARTESIAN_POINT('',(71.4990683296535,-17.6334258969042,-31.8091034326177));
#6148=CARTESIAN_POINT('',(70.3707229938075,-19.2207565102637,-32.627607094576));
#6149=CARTESIAN_POINT('',(68.9035345835997,-21.1189078141019,-33.6485656187468));
#6150=CARTESIAN_POINT('',(68.6081607656042,-21.4931862392992,-33.8521274473593));
#6151=CARTESIAN_POINT('',(68.0151944490096,-22.234958522869,-34.2554470211999));
#6152=CARTESIAN_POINT('',(67.7176904266636,-22.602375185931,-34.4552177290377));
#6153=CARTESIAN_POINT('',(66.8347672645461,-23.6882936129505,-35.0381469436852));
#6154=CARTESIAN_POINT('',(66.2466516906756,-24.4088632175341,-35.4126658998414));
#6155=CARTESIAN_POINT('',(65.0636794349627,-25.8227653046074,-36.1539123051085));
#6156=CARTESIAN_POINT('',(64.4690798653254,-26.5141558059062,-36.5215869705345));
#6157=CARTESIAN_POINT('',(63.2489976347293,-27.843968990029,-37.2870740910545));
#6158=CARTESIAN_POINT('',(62.6280325630819,-28.4787116277616,-37.6819005699712));
#6159=CARTESIAN_POINT('',(61.3322225431331,-29.6599920308095,-38.5371357863351));
#6160=CARTESIAN_POINT('',(60.6479561007851,-30.2124344828355,-39.0047526133211));
#6161=CARTESIAN_POINT('',(59.5871719893428,-30.9144397514651,-39.7645235595843));
#6162=CARTESIAN_POINT('',(59.2207320980072,-31.1304376990083,-40.0329156344234));
#6163=CARTESIAN_POINT('',(58.4596294523855,-31.5172910955775,-40.6034771408669));
#6164=CARTESIAN_POINT('',(58.0709201201204,-31.6838397234919,-40.9013870912738));
#6165=CARTESIAN_POINT('',(57.2701228681398,-31.9655258769464,-41.5261952365801));
#6166=CARTESIAN_POINT('',(56.8644871968705,-32.0775292220902,-41.8481257850571));
#6167=CARTESIAN_POINT('',(56.0285582138669,-32.2494403370452,-42.5199963586023));
#6168=CARTESIAN_POINT('',(55.6043643377864,-32.3059186908204,-42.8651565309945));
#6169=CARTESIAN_POINT('',(54.2759880832111,-32.3953583800322,-43.9546759707035));
#6170=CARTESIAN_POINT('',(53.372084171798,-32.3268203845084,-44.7094083379457));
#6171=CARTESIAN_POINT('',(52.0211140411979,-32.043341205168,-45.8485211859487));
#6172=CARTESIAN_POINT('',(51.559563691591,-31.912140383702,-46.2399669715383));
#6173=CARTESIAN_POINT('',(50.6291916575682,-31.574349231259,-47.0341773980953));
#6174=CARTESIAN_POINT('',(50.1684264426794,-31.3682833478774,-47.4301707402255));
#6175=CARTESIAN_POINT('',(48.8030689316872,-30.630920411314,-48.6141049433383));
#6176=CARTESIAN_POINT('',(47.946216890893,-29.9869221443198,-49.3725175339839));
#6177=CARTESIAN_POINT('',(46.5350353195071,-28.3386942035077,-50.7192317514588));
#6178=CARTESIAN_POINT('',(46.0106938932247,-27.4106338078146,-51.2732362929289));
#6179=CARTESIAN_POINT('',(45.3473767613107,-25.4839268710887,-52.1221477040127));
#6180=CARTESIAN_POINT('',(45.1703442971547,-24.6125072409248,-52.4188878510695));
#6181=CARTESIAN_POINT('',(44.9888221468902,-22.8988136946551,-52.8896031594599));
#6182=CARTESIAN_POINT('',(44.9710547330368,-22.129694349618,-53.0578771908894));
#6183=CARTESIAN_POINT('',(45.0182333374373,-20.5899030085161,-53.3417898847004));
#6184=CARTESIAN_POINT('',(45.0774595023672,-19.8575262005986,-53.4533197893066));
#6185=CARTESIAN_POINT('',(45.3012824401519,-17.7758142409505,-53.7326978786445));
#6186=CARTESIAN_POINT('',(45.5112252171684,-16.4371389873801,-53.8674994359972));
#6187=CARTESIAN_POINT('',(45.9591569391102,-13.7699538659945,-54.097514442197));
#6188=CARTESIAN_POINT('',(46.1991225318483,-12.4458362189574,-54.1908320937219));
#6189=CARTESIAN_POINT('',(46.6626487831192,-9.77456125144682,-54.3587530623828));
#6190=CARTESIAN_POINT('',(46.8867671558654,-8.42847688500388,-54.4324257646445));
#6191=CARTESIAN_POINT('',(47.2764490747771,-5.72506162235346,-54.5707843615554));
#6192=CARTESIAN_POINT('',(47.4413544584803,-4.3712262171697,-54.6353723314389));
#6193=CARTESIAN_POINT('',(47.6706485443295,-1.66212600927896,-54.7681210363081));
#6194=CARTESIAN_POINT('',(47.7330214470634,-0.315011376329277,-54.8368947980964));
#6195=CARTESIAN_POINT('',(47.7589186979205,2.38321379892124,-54.9714452917167));
#6196=CARTESIAN_POINT('',(47.7247867249142,3.72585993069884,-55.0366798090754));
#6197=CARTESIAN_POINT('',(47.5739469445445,6.40276497305037,-55.1604757670632));
#6198=CARTESIAN_POINT('',(47.4583287289548,7.73068224386278,-55.2187436295349));
#6199=CARTESIAN_POINT('',(47.1562434231569,10.3740151584948,-55.3258557224799));
#6200=CARTESIAN_POINT('',(46.9708779125931,11.6846618629802,-55.3745570565086));
#6201=CARTESIAN_POINT('',(46.6445570129204,13.6634942143672,-55.4387601038488));
#6202=CARTESIAN_POINT('',(46.5260484244764,14.3329674950298,-55.458847694881));
#6203=CARTESIAN_POINT('',(46.2747114506723,15.6683196272639,-55.4951797221761));
#6204=CARTESIAN_POINT('',(46.1420944584371,16.3338068288114,-55.5113594867785));
#6205=CARTESIAN_POINT('',(45.8617431145332,17.669180974932,-55.5398573651785));
#6206=CARTESIAN_POINT('',(45.7133842347056,18.3385614364637,-55.552459760421));
#6207=CARTESIAN_POINT('',(45.4106296311827,19.6754994029476,-55.5692014810165));
#6208=CARTESIAN_POINT('',(45.256006041529,20.3427670424524,-55.5735286747073));
#6209=CARTESIAN_POINT('',(44.9512404061204,21.6747490753885,-55.5678923570847));
#6210=CARTESIAN_POINT('',(44.8027137024375,22.3391088200093,-55.5571167453604));
#6211=CARTESIAN_POINT('',(44.5350427473317,23.6645944654068,-55.5073076585526));
#6212=CARTESIAN_POINT('',(44.4172869890222,24.3218115895658,-55.4682978086074));
#6213=CARTESIAN_POINT('',(44.2519150214497,25.6619599536658,-55.334512945509));
#6214=CARTESIAN_POINT('',(44.2081379501648,26.3559761691013,-55.2352972549693));
#6215=CARTESIAN_POINT('',(44.2930325096705,27.7144534139807,-54.9314336981203));
#6216=CARTESIAN_POINT('',(44.4306808223835,28.3619975757975,-54.7250217329633));
#6217=CARTESIAN_POINT('',(44.6916302516231,28.9623841039828,-54.4492615089305));
#6218=CARTESIAN_POINT('',(14.3506293713083,10.1176362442152,68.0187576218515));
#6219=CARTESIAN_POINT('',(13.9826686997921,9.00031665985823,68.0342383377277));
#6220=CARTESIAN_POINT('',(13.6510654402472,7.87764337507692,68.0456794035861));
#6221=CARTESIAN_POINT('',(13.295288361501,6.2197501728911,68.0540666376829));
#6222=CARTESIAN_POINT('',(13.2042620897486,5.71197700231072,68.0555029328465));
#6223=CARTESIAN_POINT('',(13.0670053520349,4.69707106768063,68.0557677224839));
#6224=CARTESIAN_POINT('',(13.0202054223712,4.19466234339565,68.0546272162264));
#6225=CARTESIAN_POINT('',(12.9768892096819,3.15871236258808,68.049476568499));
#6226=CARTESIAN_POINT('',(12.9840140502719,2.63215095099564,68.0454096077946));
#6227=CARTESIAN_POINT('',(13.0661520406122,1.50111454645405,68.0333006621034));
#6228=CARTESIAN_POINT('',(13.1508881394435,0.908936197810296,68.0248942682628));
#6229=CARTESIAN_POINT('',(13.4393480545635,-0.444057091078161,67.9993421497736));
#6230=CARTESIAN_POINT('',(13.6647312713225,-1.18169913440773,67.9807293002033));
#6231=CARTESIAN_POINT('',(14.1053470536822,-2.38933304467731,67.9408427347782));
#6232=CARTESIAN_POINT('',(14.2955022506415,-2.85848673695478,67.9228845656298));
#6233=CARTESIAN_POINT('',(14.7542477029355,-3.90805875255763,67.8767117561032));
#6234=CARTESIAN_POINT('',(15.0284013079442,-4.483214027479,67.8472188303827));
#6235=CARTESIAN_POINT('',(16.2216340495036,-6.85577113112522,67.7069748932739));
#6236=CARTESIAN_POINT('',(17.2604142746668,-8.60790272431474,67.5570839131951));
#6237=CARTESIAN_POINT('',(18.8790503001185,-11.2619308052101,67.2668328817686));
#6238=CARTESIAN_POINT('',(19.4600651921875,-12.1935091832328,67.1524496954264));
#6239=CARTESIAN_POINT('',(20.7481552546789,-14.1495118879277,66.8850289246665));
#6240=CARTESIAN_POINT('',(21.458442826009,-15.1650638134417,66.7295814941185));
#6241=CARTESIAN_POINT('',(23.0097580772373,-17.1762531397721,66.3874203363105));
#6242=CARTESIAN_POINT('',(23.8455043571635,-18.1576059104673,66.2017557244598));
#6243=CARTESIAN_POINT('',(25.5732866985988,-19.9485070479859,65.8255875531656));
#6244=CARTESIAN_POINT('',(26.4603749336662,-20.7725338690628,65.6349663725742));
#6245=CARTESIAN_POINT('',(28.2047388534617,-22.1671196157128,65.2739740826089));
#6246=CARTESIAN_POINT('',(29.0676852181577,-22.7691200193151,65.1008810646252));
#6247=CARTESIAN_POINT('',(30.7611718841632,-23.7310221591234,64.7800723162412));
#6248=CARTESIAN_POINT('',(31.5890262785841,-24.1168704794427,64.6305076778071));
#6249=CARTESIAN_POINT('',(33.2190110977397,-24.6636375511783,64.3571986017969));
#6250=CARTESIAN_POINT('',(33.9925528498233,-24.8378062111439,64.2361532777586));
#6251=CARTESIAN_POINT('',(35.7064809722438,-25.0036688783911,63.9907016702528));
#6252=CARTESIAN_POINT('',(36.6050322327828,-24.9636183216452,63.8752094975491));
#6253=CARTESIAN_POINT('',(38.3892180554361,-24.7019948150276,63.6564385831711));
#6254=CARTESIAN_POINT('',(39.249459333022,-24.4887916751544,63.5557710630406));
#6255=CARTESIAN_POINT('',(40.5469354723137,-24.0912162794126,63.3997246132665));
#6256=CARTESIAN_POINT('',(40.9837624616558,-23.9434231322089,63.3465029262871));
#6257=CARTESIAN_POINT('',(41.8491204493467,-23.6303752092146,63.2381722410464));
#6258=CARTESIAN_POINT('',(42.2773567788304,-23.4671415467466,63.18280728325));
#6259=CARTESIAN_POINT('',(43.1327635821512,-23.1291733093291,63.06646241679));
#6260=CARTESIAN_POINT('',(43.5593808088985,-22.9541706309411,63.0056679819738));
#6261=CARTESIAN_POINT('',(44.4177759440222,-22.5930057098508,62.8765667910393));
#6262=CARTESIAN_POINT('',(44.8492126453437,-22.4068537065523,62.8081599037803));
#6263=CARTESIAN_POINT('',(45.7169883989228,-22.0269715136905,62.6622259249366));
#6264=CARTESIAN_POINT('',(46.1530709007797,-21.8333124562894,62.5845783617989));
#6265=CARTESIAN_POINT('',(47.0197571066726,-21.4451231718284,62.4206476261091));
#6266=CARTESIAN_POINT('',(47.4501399658908,-21.2506641023574,62.3344804981968));
#6267=CARTESIAN_POINT('',(48.7770105577915,-20.6466792045683,62.0529701762295));
#6268=CARTESIAN_POINT('',(49.667570246214,-20.2353106364865,61.8414217226358));
#6269=CARTESIAN_POINT('',(51.4893659613707,-19.3673300294294,61.3588130286753));
#6270=CARTESIAN_POINT('',(52.4162190070915,-18.9111782070605,61.0855911248067));
#6271=CARTESIAN_POINT('',(54.2866571949731,-17.9445101454986,60.4749367409082));
#6272=CARTESIAN_POINT('',(55.2239486905948,-17.4345089680161,60.1367247445198));
#6273=CARTESIAN_POINT('',(56.6170053369335,-16.6195858536622,59.5859100512315));
#6274=CARTESIAN_POINT('',(57.0863594894487,-16.3338600000245,59.3917129639093));
#6275=CARTESIAN_POINT('',(58.0212754073693,-15.7380569299382,58.9891128392571));
#6276=CARTESIAN_POINT('',(58.4854348628259,-15.4283115733479,58.7809211007322));
#6277=CARTESIAN_POINT('',(59.4076299523656,-14.7805887602245,58.3521817882621));
#6278=CARTESIAN_POINT('',(59.8639650703335,-14.4430664569524,58.1320811547778));
#6279=CARTESIAN_POINT('',(60.7668283272138,-13.733845538254,57.6832297718918));
#6280=CARTESIAN_POINT('',(61.2110132267716,-13.3627255771621,57.4554145826603));
#6281=CARTESIAN_POINT('',(62.5380642575164,-12.1728481541165,56.758431064283));
#6282=CARTESIAN_POINT('',(63.3628759851066,-11.3182793857374,56.3019225100579));
#6283=CARTESIAN_POINT('',(64.8850614491064,-9.35147283656421,55.4600397764302));
#6284=CARTESIAN_POINT('',(65.5519436336037,-8.26498378914926,55.0916638764416));
#6285=CARTESIAN_POINT('',(66.3782242739388,-6.47780015479203,54.6651190939552));
#6286=CARTESIAN_POINT('',(66.6217757162921,-5.86002562207797,54.54537028455));
#6287=CARTESIAN_POINT('',(67.0487784661642,-4.57254493870944,54.3511203367832));
#6288=CARTESIAN_POINT('',(67.2268968908842,-3.91573505418672,54.279244200154));
#6289=CARTESIAN_POINT('',(67.5252034510381,-2.56478427019568,54.178140764023));
#6290=CARTESIAN_POINT('',(67.6420317884624,-1.88130056358041,54.1503728150742));
#6291=CARTESIAN_POINT('',(67.8264056366833,-0.491804109236067,54.1280100550953));
#6292=CARTESIAN_POINT('',(67.8927669543694,0.207381527633903,54.1335981159901));
#6293=CARTESIAN_POINT('',(67.9890281696626,1.61746733364605,54.1649072040911));
#6294=CARTESIAN_POINT('',(68.0176351572142,2.32441763563326,54.1913522603605));
#6295=CARTESIAN_POINT('',(68.0324211244128,3.74381499217644,54.2689250771955));
#6296=CARTESIAN_POINT('',(68.0182620036731,4.45192331930061,54.3200425619975));
#6297=CARTESIAN_POINT('',(67.9039481985912,6.58736705500578,54.517145256131));
#6298=CARTESIAN_POINT('',(67.7341481483594,7.98072909991315,54.7032041581112));
#6299=CARTESIAN_POINT('',(67.1740651240938,10.7464460901244,55.2079923403924));
#6300=CARTESIAN_POINT('',(66.7867723338571,12.1031732131844,55.5234052537243));
#6301=CARTESIAN_POINT('',(66.0391602112569,14.0263304550109,56.0854133605622));
#6302=CARTESIAN_POINT('',(65.7654241147744,14.6424984720979,56.2853481133815));
#6303=CARTESIAN_POINT('',(65.1598493779559,15.8335717382579,56.7146558820224));
#6304=CARTESIAN_POINT('',(64.8332189432087,16.4005632925012,56.9405177397193));
#6305=CARTESIAN_POINT('',(64.1289457674371,17.4851638836465,57.4134064171344));
#6306=CARTESIAN_POINT('',(63.7572838736976,17.9963335784278,57.656694078026));
#6307=CARTESIAN_POINT('',(62.9739716590575,18.9648737961597,58.1535420454937));
#6308=CARTESIAN_POINT('',(62.5682717909623,19.4178923831201,58.4037543126259));
#6309=CARTESIAN_POINT('',(61.3153508993605,20.689530614036,59.1501850973584));
#6310=CARTESIAN_POINT('',(60.4304408163943,21.4351074423409,59.6459421201781));
#6311=CARTESIAN_POINT('',(59.0178887337049,22.4522780510892,60.3706064580694));
#6312=CARTESIAN_POINT('',(58.5476484049231,22.765259471934,60.6022185974671));
#6313=CARTESIAN_POINT('',(57.5951070872424,23.3555624486916,61.0493010966589));
#6314=CARTESIAN_POINT('',(57.1160503196573,23.6332187053166,61.2637729695625));
#6315=CARTESIAN_POINT('',(56.1529175011525,24.1613003252146,61.6735016718964));
#6316=CARTESIAN_POINT('',(55.6707742859405,24.4111058514002,61.868582295828));
#6317=CARTESIAN_POINT('',(54.7043895019385,24.8868072604167,62.2396669611529));
#6318=CARTESIAN_POINT('',(54.2218864611875,25.1126596638494,62.415529146555));
#6319=CARTESIAN_POINT('',(52.7935159734263,25.7490031860912,62.9091980302047));
#6320=CARTESIAN_POINT('',(51.836350985098,26.1373327435031,63.2065306449204));
#6321=CARTESIAN_POINT('',(50.3901871879329,26.6760822651915,63.6108438265429));
#6322=CARTESIAN_POINT('',(49.9178259367272,26.8447140225307,63.7360667387991));
#6323=CARTESIAN_POINT('',(48.9776524025647,27.1666691608019,63.9727671395562));
#6324=CARTESIAN_POINT('',(48.510625446336,27.3199819426091,64.0843658484638));
#6325=CARTESIAN_POINT('',(47.1709545553761,27.7409856428132,64.3889811345595));
#6326=CARTESIAN_POINT('',(46.293428859716,27.9938133675452,64.5700741549616));
#6327=CARTESIAN_POINT('',(45.0176763214626,28.3249999904805,64.812562155961));
#6328=CARTESIAN_POINT('',(44.628706007451,28.4233215000232,64.8835886830823));
#6329=CARTESIAN_POINT('',(43.7953590316353,28.6202762345936,65.0319598767001));
#6330=CARTESIAN_POINT('',(43.351018795295,28.7169008600316,65.1085766125169));
#6331=CARTESIAN_POINT('',(42.0079337610243,28.9786029856528,65.3333559166949));
#6332=CARTESIAN_POINT('',(41.1086227876789,29.1138400364446,65.4748940047604));
#6333=CARTESIAN_POINT('',(39.7361667318086,29.2336009251101,65.6799905457401));
#6334=CARTESIAN_POINT('',(39.2756199799238,29.2593370499805,65.7469719749827));
#6335=CARTESIAN_POINT('',(38.3428953807806,29.2788379166313,65.8792541572357));
#6336=CARTESIAN_POINT('',(37.8735250205494,29.2720176015952,65.944098173992));
#6337=CARTESIAN_POINT('',(36.9207003737745,29.2219041093454,66.0725369614961));
#6338=CARTESIAN_POINT('',(36.4407222243649,29.1779383995326,66.1355753270299));
#6339=CARTESIAN_POINT('',(35.4642838015279,29.0487183407743,66.2607143486218));
#6340=CARTESIAN_POINT('',(34.9720405706495,28.9624448220464,66.3221701245322));
#6341=CARTESIAN_POINT('',(33.4240684609085,28.6241234629209,66.510686517509));
#6342=CARTESIAN_POINT('',(32.404275099186,28.3017654425709,66.6280085442328));
#6343=CARTESIAN_POINT('',(30.3171419017939,27.478252739012,66.8548612029182));
#6344=CARTESIAN_POINT('',(29.2784747916581,26.9759032315655,66.9603001133345));
#6345=CARTESIAN_POINT('',(27.6244738879518,26.1139670230469,67.1156080805659));
#6346=CARTESIAN_POINT('',(27.0059815780968,25.77639276028,67.1707582593712));
#6347=CARTESIAN_POINT('',(25.5386063125434,24.9300455743659,67.2957944090056));
#6348=CARTESIAN_POINT('',(24.7021399810584,24.4086706143649,67.3623353980502));
#6349=CARTESIAN_POINT('',(22.7351058530557,23.0475624209938,67.5107935011718));
#6350=CARTESIAN_POINT('',(21.6327041379188,22.1685291136065,67.5870455390952));
#6351=CARTESIAN_POINT('',(19.7916919680743,20.3688613886748,67.7085838924309));
#6352=CARTESIAN_POINT('',(19.0600292948127,19.5161733918869,67.754802386687));
#6353=CARTESIAN_POINT('',(17.540697563471,17.3840413946224,67.8487401111688));
#6354=CARTESIAN_POINT('',(16.8380958794398,16.1425684129696,67.8902993385933));
#6355=CARTESIAN_POINT('',(15.8037648313908,13.9801054286151,67.948066102899));
#6356=CARTESIAN_POINT('',(15.4355426649844,13.1073714383034,67.9676174568363));
#6357=CARTESIAN_POINT('',(14.8298934621147,11.5251827677218,67.997579712321));
#6358=CARTESIAN_POINT('',(14.5833207638662,10.8242080877354,68.008967908945));
#6359=CARTESIAN_POINT('',(14.3506293713083,10.117636244215,68.0187576218515));
#6360=CARTESIAN_POINT('',(7.36543096137716,8.71935529827581,-68.0994691692395));
#6361=CARTESIAN_POINT('',(7.92146723680696,8.39861214312534,-68.0509794914971));
#6362=CARTESIAN_POINT('',(8.45705009009539,8.04945862695404,-67.9982078527564));
#6363=CARTESIAN_POINT('',(9.91569100061209,6.99013168304559,-67.8377164426096));
#6364=CARTESIAN_POINT('',(10.770720874647,6.23612005244515,-67.7239531822898));
#6365=CARTESIAN_POINT('',(12.080498070418,4.88495177174956,-67.5169798865306));
#6366=CARTESIAN_POINT('',(12.5572111908835,4.34130121292147,-67.4329857024654));
#6367=CARTESIAN_POINT('',(13.5453673711984,3.1267736147921,-67.2407195706731));
#6368=CARTESIAN_POINT('',(14.0450994324981,2.45502205112245,-67.1318479556726));
#6369=CARTESIAN_POINT('',(15.0886276822506,0.94868206743205,-66.8821051055993));
#6370=CARTESIAN_POINT('',(15.6191886956261,0.112982919877074,-66.7400925471385));
#6371=CARTESIAN_POINT('',(16.7165532084965,-1.73933120861939,-66.4186215959836));
#6372=CARTESIAN_POINT('',(17.2710001491463,-2.75590491967365,-66.2378552548425));
#6373=CARTESIAN_POINT('',(18.094736207374,-4.36671494619589,-65.9457719846912));
#6374=CARTESIAN_POINT('',(18.3817712076962,-4.94928703339702,-65.8389927024069));
#6375=CARTESIAN_POINT('',(18.963125816725,-6.18091178355111,-65.612499543813));
#6376=CARTESIAN_POINT('',(19.2519753601039,-6.83113196495425,-65.4933197580534));
#6377=CARTESIAN_POINT('',(19.8208983635193,-8.19472843566644,-65.2439186261495));
#6378=CARTESIAN_POINT('',(20.0976094810833,-8.90726013848224,-65.1139631662045));
#6379=CARTESIAN_POINT('',(20.6323869438805,-10.3934981084244,-64.8434090308349));
#6380=CARTESIAN_POINT('',(20.8872994977378,-11.1655957215041,-64.70310262212));
#6381=CARTESIAN_POINT('',(21.6416214491558,-13.6730460934907,-64.247390544309));
#6382=CARTESIAN_POINT('',(22.0462038709272,-15.3941558818673,-63.9359744731724));
#6383=CARTESIAN_POINT('',(22.745482195828,-19.1050690490398,-63.2394235138218));
#6384=CARTESIAN_POINT('',(23.0179669498243,-21.0531856883249,-62.8578759203759));
#6385=CARTESIAN_POINT('',(23.3185766406179,-23.5603758200474,-62.3185324381316));
#6386=CARTESIAN_POINT('',(23.3820765621468,-24.1171670773085,-62.1957235781556));
#6387=CARTESIAN_POINT('',(23.5061460713823,-25.2522006866694,-61.9386159234633));
#6388=CARTESIAN_POINT('',(23.5662899783864,-25.8302438964965,-61.8041174621136));
#6389=CARTESIAN_POINT('',(23.7320278455535,-27.6020805873408,-61.3834829471098));
#6390=CARTESIAN_POINT('',(23.8167614071087,-28.7926103497383,-61.0895817680189));
#6391=CARTESIAN_POINT('',(23.8650678814761,-31.1576059760272,-60.5014040254264));
#6392=CARTESIAN_POINT('',(23.8318308867713,-32.3174814624314,-60.2107526694785));
#6393=CARTESIAN_POINT('',(23.5822834689406,-34.6191983263563,-59.6473763263777));
#6394=CARTESIAN_POINT('',(23.3790331151644,-35.6809912291606,-59.3950432393128));
#6395=CARTESIAN_POINT('',(23.0688815046195,-36.7872061296091,-59.1405408888955));
#6396=CARTESIAN_POINT('',(67.6713254334757,-29.9584887270153,-31.6774402855755));
#6397=CARTESIAN_POINT('',(67.6709254014093,-30.5030422936341,-31.4488983545663));
#6398=CARTESIAN_POINT('',(67.6264571974753,-31.0503644446426,-31.2667157080583));
#6399=CARTESIAN_POINT('',(67.4623318285497,-32.1613185517779,-30.9791290629117));
#6400=CARTESIAN_POINT('',(67.3487633813859,-32.7020740968606,-30.876679022524));
#6401=CARTESIAN_POINT('',(66.9342034146014,-34.3174237594846,-30.6553008834153));
#6402=CARTESIAN_POINT('',(66.5600552352421,-35.3918748209333,-30.618927781341));
#6403=CARTESIAN_POINT('',(65.7538446303613,-37.4495866246514,-30.6373273653212));
#6404=CARTESIAN_POINT('',(65.2858427078997,-38.5197203658402,-30.6944144241043));
#6405=CARTESIAN_POINT('',(64.6021253288485,-40.036612428866,-30.7781345372243));
#6406=CARTESIAN_POINT('',(64.367198482302,-40.5503788493184,-30.806784981123));
#6407=CARTESIAN_POINT('',(63.8946099438911,-41.5798470573846,-30.8579163706151));
#6408=CARTESIAN_POINT('',(63.656405893056,-42.0951880458,-30.8811777689101));
#6409=CARTESIAN_POINT('',(62.4404927149775,-44.7012419837342,-30.9878925880615));
#6410=CARTESIAN_POINT('',(61.4349880614303,-46.7765824017631,-31.0374455191216));
#6411=CARTESIAN_POINT('',(59.8237894398256,-49.8661001010319,-31.0732045075312));
#6412=CARTESIAN_POINT('',(59.2656630837482,-50.8988979454012,-31.0781203704463));
#6413=CARTESIAN_POINT('',(58.1028499251441,-52.9558606244075,-31.0780900794284));
#6414=CARTESIAN_POINT('',(57.4990262482814,-53.9774668575168,-31.0730650661072));
#6415=CARTESIAN_POINT('',(55.5800741837353,-56.9982529336035,-31.0887483799404));
#6416=CARTESIAN_POINT('',(54.1489286953645,-58.9575818613187,-31.1417065593471));
#6417=CARTESIAN_POINT('',(51.6863916302791,-61.5524607067564,-31.5180845281296));
#6418=CARTESIAN_POINT('',(50.8464746141031,-62.3260569652547,-31.6892849394448));
#6419=CARTESIAN_POINT('',(48.9888853941878,-63.8071650357646,-32.1659183433321));
#6420=CARTESIAN_POINT('',(48.0160995224455,-64.474039017926,-32.459936457363));
#6421=CARTESIAN_POINT('',(45.0338785806357,-66.2503739886785,-33.4609042531308));
#6422=CARTESIAN_POINT('',(42.9619578770733,-67.1534976666855,-34.2774355731474));
#6423=CARTESIAN_POINT('',(39.8179976383505,-68.1737654031864,-35.6029764946354));
#6424=CARTESIAN_POINT('',(38.7689037768568,-68.4562279813494,-36.0604768640049));
#6425=CARTESIAN_POINT('',(36.6492262695311,-68.8941173527139,-37.0304980027514));
#6426=CARTESIAN_POINT('',(35.5973991731045,-69.0455629586493,-37.5345706043653));
#6427=CARTESIAN_POINT('',(34.5423505286558,-69.1195632597223,-38.0721561709708));
#6428=CARTESIAN_POINT('',(41.5646593069177,24.7722426101293,-56.9254718320699));
#6429=CARTESIAN_POINT('',(39.3875931248109,25.6676708232068,-57.8981237907251));
#6430=CARTESIAN_POINT('',(37.1648133710463,26.5155807228464,-58.7830341914253));
#6431=CARTESIAN_POINT('',(33.9048183303663,27.7310775661611,-59.9164533178029));
#6432=CARTESIAN_POINT('',(32.9076375895998,28.0987188333517,-60.241815933356));
#6433=CARTESIAN_POINT('',(30.9844593700139,28.8051460785608,-60.8278277326567));
#6434=CARTESIAN_POINT('',(30.0606381551444,29.1422800485456,-61.091474411686));
#6435=CARTESIAN_POINT('',(28.2849679772345,29.7964926186654,-61.5623205296028));
#6436=CARTESIAN_POINT('',(27.4351937182909,30.11269849904,-61.771960021641));
#6437=CARTESIAN_POINT('',(26.1859740847139,30.5947108571468,-62.0546567635174));
#6438=CARTESIAN_POINT('',(25.78715988769,30.7511776984927,-62.1410816292353));
#6439=CARTESIAN_POINT('',(25.0060883655951,31.0648849855938,-62.3023620472581));
#6440=CARTESIAN_POINT('',(24.6240949758699,31.2217567515578,-62.3774742920287));
#6441=CARTESIAN_POINT('',(22.8469975666309,31.9731051470121,-62.7081194862919));
#6442=CARTESIAN_POINT('',(21.4353207417009,32.6297368046865,-62.9159926052198));
#6443=CARTESIAN_POINT('',(19.4694235580316,33.7537657058496,-63.0968249717889));
#6444=CARTESIAN_POINT('',(18.8551459379362,34.1391589246106,-63.1360227256359));
#6445=CARTESIAN_POINT('',(17.6569988947497,34.9838063867975,-63.1713267620165));
#6446=CARTESIAN_POINT('',(17.0846368138908,35.4356494489218,-63.1668277561663));
#6447=CARTESIAN_POINT('',(15.9553569590265,36.4501859726252,-63.1073378704588));
#6448=CARTESIAN_POINT('',(15.4188365062488,37.0038503619754,-63.0498308488844));
#6449=CARTESIAN_POINT('',(14.3470234653467,38.2991328896573,-62.8613646220114));
#6450=CARTESIAN_POINT('',(13.8439441301609,39.0398377133829,-62.7218608428072));
#6451=CARTESIAN_POINT('',(13.0815431068149,40.462053901897,-62.4011554798694));
#6452=CARTESIAN_POINT('',(12.8017797447269,41.1109577842697,-62.2371207520509));
#6453=CARTESIAN_POINT('',(12.4399598222657,42.1928205933595,-61.9377203086754));
#6454=CARTESIAN_POINT('',(12.3260538102955,42.6016739246284,-61.8188812543682));
#6455=CARTESIAN_POINT('',(12.1178067868058,43.4962174166957,-61.5478726195895));
#6456=CARTESIAN_POINT('',(12.0306078456243,43.9779261117817,-61.3951768645764));
#6457=CARTESIAN_POINT('',(11.797755134365,45.6259377047871,-60.8523436123974));
#6458=CARTESIAN_POINT('',(11.740999921837,46.7935999834489,-60.4333844034474));
#6459=CARTESIAN_POINT('',(11.7374492306888,49.2536723405717,-59.4901162802198));
#6460=CARTESIAN_POINT('',(11.8061905302569,50.5430109959328,-58.9589536717778));
#6461=CARTESIAN_POINT('',(11.9410719262213,52.4711823585853,-58.114765132199));
#6462=CARTESIAN_POINT('',(11.9895630720694,53.1158782716995,-57.8241261153683));
#6463=CARTESIAN_POINT('',(12.1188233406042,54.5364876001124,-57.1630805960796));
#6464=CARTESIAN_POINT('',(12.2062815461108,55.3075533645906,-56.790231299462));
#6465=CARTESIAN_POINT('',(12.4013783343517,56.4661337423692,-56.2039463083843));
#6466=CARTESIAN_POINT('',(12.4786949532743,56.8586449436628,-56.0006463597028));
#6467=CARTESIAN_POINT('',(12.6599658790464,57.6375268291029,-55.5871138204568));
#6468=CARTESIAN_POINT('',(12.7635972890153,58.0219880732197,-55.3778639725558));
#6469=CARTESIAN_POINT('',(13.116013607344,59.1516197816431,-54.7468451729422));
#6470=CARTESIAN_POINT('',(13.4032911070337,59.8698034919457,-54.3243814255075));
#6471=CARTESIAN_POINT('',(14.1923307930956,61.4485112883362,-53.3435647409694));
#6472=CARTESIAN_POINT('',(14.7151094631367,62.2646388851208,-52.7986147724402));
#6473=CARTESIAN_POINT('',(15.8800807164295,63.764605306829,-51.7210990800119));
#6474=CARTESIAN_POINT('',(16.4979037898234,64.432937335082,-51.2043818869263));
#6475=CARTESIAN_POINT('',(17.797676033931,65.6743094197448,-50.1744680275427));
#6476=CARTESIAN_POINT('',(18.4656495023808,66.2423610496779,-49.6684994800327));
#6477=CARTESIAN_POINT('',(19.8395386559921,67.3033475084759,-48.6537312092798));
#6478=CARTESIAN_POINT('',(20.5377784429836,67.7939343639073,-48.1491190982827));
#6479=CARTESIAN_POINT('',(22.6504984387623,69.1476837391385,-46.6452783392252));
#6480=CARTESIAN_POINT('',(24.1335166499577,69.9361540875833,-45.614901648287));
#6481=CARTESIAN_POINT('',(26.3872821853413,70.8867751044904,-44.088226130425));
#6482=CARTESIAN_POINT('',(27.1410319986669,71.1654579772469,-43.5843895569906));
#6483=CARTESIAN_POINT('',(28.1022635166906,71.4645055132923,-42.9554964454097));
#6484=CARTESIAN_POINT('',(28.2934580832103,71.5212812852577,-42.8310590270333));
#6485=CARTESIAN_POINT('',(28.5813150886172,71.6024150198677,-42.644917938196));
#6486=CARTESIAN_POINT('',(28.6772344613643,71.6287359555999,-42.5830896796141));
#6487=CARTESIAN_POINT('',(28.7973835519749,71.6607897922192,-42.5059083486001));
#6488=CARTESIAN_POINT('',(28.8213952573421,71.6671501862577,-42.490496890548));
#6489=CARTESIAN_POINT('',(28.8484231245761,71.6742579787054,-42.4731646323759));
#6490=CARTESIAN_POINT('',(28.8514254249448,71.6750468219294,-42.4712395346344));
#6491=CARTESIAN_POINT('',(28.8560215818211,71.6762533126707,-42.468292795574));
#6492=CARTESIAN_POINT('',(28.8560869076017,71.677799330711,-42.4669719816613));
#6493=CARTESIAN_POINT('',(28.8591807577671,71.6786115179089,-42.4649861209848));
#6494=CARTESIAN_POINT('',(28.8606818015446,71.6790053851011,-42.4640226949552));
#6495=CARTESIAN_POINT('',(28.868186581918,71.680973700883,-42.4592061146163));
#6496=CARTESIAN_POINT('',(28.8741911435595,71.6825456555592,-42.4553532319196));
#6497=CARTESIAN_POINT('',(28.8922040558856,71.687252609811,-42.4437976730916));
#6498=CARTESIAN_POINT('',(28.9042150421083,71.6903796045851,-42.4360958913935));
#6499=CARTESIAN_POINT('',(28.9642418257154,71.7059491497937,-42.3976224069867));
#6500=CARTESIAN_POINT('',(29.0123095515532,71.7182311361653,-42.3668694719588));
#6501=CARTESIAN_POINT('',(29.4427287321811,71.826534250249,-42.0920035109173));
#6502=CARTESIAN_POINT('',(29.8279133078064,71.9116988919382,-41.8495863710728));
#6503=CARTESIAN_POINT('',(30.6023787676038,72.0556762540527,-41.3725551637611));
#6504=CARTESIAN_POINT('',(30.9898912631516,72.1144734724273,-41.13894701588));
#6505=CARTESIAN_POINT('',(31.768676473278,72.2023135831002,-40.6830224087347));
#6506=CARTESIAN_POINT('',(32.1575313456761,72.231664452021,-40.4618353589687));
#6507=CARTESIAN_POINT('',(32.9381331068073,72.2591979792884,-40.0328936475137));
#6508=CARTESIAN_POINT('',(33.3270909368941,72.2577421980856,-39.8264861660464));
#6509=CARTESIAN_POINT('',(34.1067230326619,72.2229030098647,-39.4288752853915));
#6510=CARTESIAN_POINT('',(34.4943295892315,72.1901436063979,-39.2389712134049));
#6511=CARTESIAN_POINT('',(35.652452715506,72.0470508751991,-38.6945868039637));
#6512=CARTESIAN_POINT('',(36.4139203085099,71.8928023102197,-38.368165162008));
#6513=CARTESIAN_POINT('',(37.9381868679695,71.4654737331351,-37.7766038450683));
#6514=CARTESIAN_POINT('',(38.6790569205098,71.2009698545879,-37.5185915557877));
#6515=CARTESIAN_POINT('',(40.1494447555231,70.5765696630485,-37.0531481662201));
#6516=CARTESIAN_POINT('',(40.8642739207605,70.2239236857858,-36.8497713473755));
#6517=CARTESIAN_POINT('',(42.2771293596971,69.4518148828071,-36.4731935194116));
#6518=CARTESIAN_POINT('',(42.9679928121088,69.0364225523049,-36.3017212814693));
#6519=CARTESIAN_POINT('',(44.3349167508966,68.1687465526785,-35.9615036316987));
#6520=CARTESIAN_POINT('',(45.0089857640915,67.7192833003672,-35.7916835082175));
#6521=CARTESIAN_POINT('',(46.3417331114627,66.7885173378985,-35.4513408464962));
#6522=CARTESIAN_POINT('',(46.9984876443629,66.3076050807444,-35.2819511476542));
#6523=CARTESIAN_POINT('',(48.2942175364026,65.3108871472339,-34.9478542433477));
#6524=CARTESIAN_POINT('',(48.9313076652215,64.7963222855446,-34.7836183824775));
#6525=CARTESIAN_POINT('',(50.1853219291452,63.7309149841913,-34.4638885459459));
#6526=CARTESIAN_POINT('',(50.8001296116545,63.1815749131695,-34.3090004982915));
#6527=CARTESIAN_POINT('',(52.0071148155598,62.0456601226436,-34.0119559025717));
#6528=CARTESIAN_POINT('',(52.5970401430865,61.4609956530723,-33.8703468948341));
#6529=CARTESIAN_POINT('',(53.7520114424516,60.2545715274292,-33.6029041227174));
#6530=CARTESIAN_POINT('',(54.3143381920945,59.6350879821641,-33.4779737118422));
#6531=CARTESIAN_POINT('',(55.406741641868,58.351927499006,-33.2583992100348));
#6532=CARTESIAN_POINT('',(55.9328755162922,57.6922037744555,-33.1649235936268));
#6533=CARTESIAN_POINT('',(56.9461323301888,56.3252799103931,-33.0194597397848));
#6534=CARTESIAN_POINT('',(57.4289005401954,55.6241533311677,-32.9679408068359));
#6535=CARTESIAN_POINT('',(58.8189984969658,53.4478775005085,-32.8763803204564));
#6536=CARTESIAN_POINT('',(59.6379296221119,51.9489729016731,-32.9017354840065));
#6537=CARTESIAN_POINT('',(60.7532746122794,49.6174538956131,-33.0306798381309));
#6538=CARTESIAN_POINT('',(61.1025421305252,48.8337547596742,-33.0884044946424));
#6539=CARTESIAN_POINT('',(61.7656372880156,47.2478349811785,-33.2266463828471));
#6540=CARTESIAN_POINT('',(62.0783967976103,46.4485034981883,-33.3066551830241));
#6541=CARTESIAN_POINT('',(62.9674401968622,44.028693795977,-33.5742405714103));
#6542=CARTESIAN_POINT('',(63.4904488052977,42.4020335312177,-33.7856814274995));
#6543=CARTESIAN_POINT('',(64.1769048093275,39.9309467290011,-34.1576626594565));
#6544=CARTESIAN_POINT('',(64.3878195049372,39.1060131413482,-34.2907540016287));
#6545=CARTESIAN_POINT('',(64.7731047339956,37.4489027702273,-34.5792499697789));
#6546=CARTESIAN_POINT('',(64.9466664808246,36.6194575680352,-34.7344144801372));
#6547=CARTESIAN_POINT('',(65.2520924768063,34.9539669172386,-35.073583321743));
#6548=CARTESIAN_POINT('',(65.3829955374778,34.1218594544393,-35.2570832009264));
#6549=CARTESIAN_POINT('',(65.5936119072642,32.435707935789,-35.6703726855835));
#6550=CARTESIAN_POINT('',(65.6725586932023,31.5886453090068,-35.8978033820062));
#6551=CARTESIAN_POINT('',(65.7107906720811,30.7440744608593,-36.1601215167634));
#6552=CARTESIAN_POINT('',(87.5291923236532,-0.53344542408173,27.5535376642725));
#6553=CARTESIAN_POINT('',(87.186468411149,0.253172970441075,28.4773695658092));
#6554=CARTESIAN_POINT('',(86.7810636215964,0.988177463369984,29.4510214252639));
#6555=CARTESIAN_POINT('',(85.8471959331529,2.3576999243342,31.4696626753276));
#6556=CARTESIAN_POINT('',(85.3204998412658,2.99072233672938,32.5113448444405));
#6557=CARTESIAN_POINT('',(84.1570479927653,4.15152498961262,34.6323171071022));
#6558=CARTESIAN_POINT('',(83.5216650443017,4.67897567871326,35.7090044613797));
#6559=CARTESIAN_POINT('',(82.1573340336105,5.62304470903412,37.8744663740495));
#6560=CARTESIAN_POINT('',(81.4345406985011,6.036185452347,38.9544573105642));
#6561=CARTESIAN_POINT('',(80.6714598732321,6.38869037088206,40.035444876674));
#6562=CARTESIAN_POINT('',(89.1084709770232,-15.2891073715834,14.8360442856669));
#6563=CARTESIAN_POINT('',(89.0066239897972,-15.373109949198,15.7106658492076));
#6564=CARTESIAN_POINT('',(88.8570823309805,-15.5737856793353,16.5644575828966));
#6565=CARTESIAN_POINT('',(88.4902811438824,-16.0919852054339,18.2120962609584));
#6566=CARTESIAN_POINT('',(88.2659567776797,-16.4209876502128,19.030443564844));
#6567=CARTESIAN_POINT('',(87.7715167132357,-17.1205634033495,20.5898516691104));
#6568=CARTESIAN_POINT('',(87.4960244336884,-17.4996914355662,21.3491569508377));
#6569=CARTESIAN_POINT('',(87.0456614997752,-18.0809021272154,22.4698366996011));
#6570=CARTESIAN_POINT('',(86.8900766422427,-18.2760477307004,22.8384170889984));
#6571=CARTESIAN_POINT('',(86.555709917369,-18.6800697787114,23.5969299196652));
#6572=CARTESIAN_POINT('',(86.376098655348,-18.8891079456425,23.9857669037317));
#6573=CARTESIAN_POINT('',(85.8433382782641,-19.4940414603532,25.0909955081611));
#6574=CARTESIAN_POINT('',(85.4759517086738,-19.8894694175679,25.7984333576223));
#6575=CARTESIAN_POINT('',(84.7095075887656,-20.6916982899099,27.1751875125464));
#6576=CARTESIAN_POINT('',(84.3125250362724,-21.0967038834929,27.8422631029842));
#6577=CARTESIAN_POINT('',(83.1104084894599,-22.322739026478,29.7365625978097));
#6578=CARTESIAN_POINT('',(82.2465628839294,-23.2001166364034,30.9414911560061));
#6579=CARTESIAN_POINT('',(80.5591613482376,-25.1038334276923,33.0007100637569));
#6580=CARTESIAN_POINT('',(79.748691816095,-26.1078121005248,33.8602939975121));
#6581=CARTESIAN_POINT('',(78.5589154928523,-27.8198899162827,34.9272264923471));
#6582=CARTESIAN_POINT('',(78.1881875170768,-28.3886482821019,35.2301691469917));
#6583=CARTESIAN_POINT('',(77.4729135815402,-29.568394933027,35.7558239531999));
#6584=CARTESIAN_POINT('',(77.1346113545208,-30.1667259652024,35.9756537188332));
#6585=CARTESIAN_POINT('',(76.488885625044,-31.400479325872,36.3370401976712));
#6586=CARTESIAN_POINT('',(76.1872344540959,-32.0229988595102,36.4765937857631));
#6587=CARTESIAN_POINT('',(75.6177341080857,-33.302351200688,36.6795758352057));
#6588=CARTESIAN_POINT('',(75.3552027077063,-33.9461552285897,36.7417492199351));
#6589=CARTESIAN_POINT('',(74.8677453676751,-35.2648003840001,36.7899482803629));
#6590=CARTESIAN_POINT('',(74.6475797242038,-35.9265645866099,36.7756142410302));
#6591=CARTESIAN_POINT('',(74.2455769128278,-37.2752832242609,36.6749589771085));
#6592=CARTESIAN_POINT('',(74.0674398674946,-37.9505512467857,36.5891435462657));
#6593=CARTESIAN_POINT('',(73.7466217849554,-39.3190485829863,36.3538452658324));
#6594=CARTESIAN_POINT('',(73.6065498066963,-40.0031113011308,36.2052213689184));
#6595=CARTESIAN_POINT('',(73.3584549246982,-41.3833336330596,35.8514760259728));
#6596=CARTESIAN_POINT('',(73.2519636103721,-42.0726940002021,35.6475932326689));
#6597=CARTESIAN_POINT('',(73.06575919822,-43.4573567378366,35.1910995334172));
#6598=CARTESIAN_POINT('',(72.9873411762218,-44.1476427878133,34.9391426158914));
#6599=CARTESIAN_POINT('',(72.852059018903,-45.5315087936779,34.3913865909663));
#6600=CARTESIAN_POINT('',(72.7958367404914,-46.2214582785421,34.0964052038513));
#6601=CARTESIAN_POINT('',(72.70030823553,-47.5996966527826,33.4669145975146));
#6602=CARTESIAN_POINT('',(72.661448151425,-48.2852153738493,33.1330621293244));
#6603=CARTESIAN_POINT('',(72.5945422166204,-49.651887029909,32.4301460893924));
#6604=CARTESIAN_POINT('',(72.5668281302545,-50.3308791137715,32.0616046484893));
#6605=CARTESIAN_POINT('',(72.5181657882001,-51.6819232894072,31.2896816452491));
#6606=CARTESIAN_POINT('',(72.4971362960734,-52.3521984945666,30.8872538221585));
#6607=CARTESIAN_POINT('',(72.4596570990185,-53.6817736036377,30.0443635672398));
#6608=CARTESIAN_POINT('',(72.4431865051178,-54.3389492372722,29.604919969837));
#6609=CARTESIAN_POINT('',(72.3934066270969,-56.3119450980811,28.209417743854));
#6610=CARTESIAN_POINT('',(72.3615946176256,-57.578323113008,27.2068288627261));
#6611=CARTESIAN_POINT('',(72.2711602910441,-59.4111675511591,25.5805487264893));
#6612=CARTESIAN_POINT('',(72.2334121579705,-60.0116995487492,25.0164224862748));
#6613=CARTESIAN_POINT('',(72.1594515496155,-60.8878289190365,24.1453815512905));
#6614=CARTESIAN_POINT('',(72.1319667742087,-61.1746650236963,23.8521926673408));
#6615=CARTESIAN_POINT('',(72.0709088603654,-61.7353105831413,23.2623313751389));
#6616=CARTESIAN_POINT('',(72.0386131285063,-62.0073082365659,22.9646278415645));
#6617=CARTESIAN_POINT('',(71.9260735279891,-62.8155675053326,22.063392161569));
#6618=CARTESIAN_POINT('',(71.8326213938048,-63.3391163552609,21.4532470399744));
#6619=CARTESIAN_POINT('',(71.6002915943085,-64.3779014006103,20.1926289797776));
#6620=CARTESIAN_POINT('',(71.4628372810176,-64.8864779288218,19.5434815121675));
#6621=CARTESIAN_POINT('',(71.1714125801949,-65.8297310667239,18.1903878540779));
#6622=CARTESIAN_POINT('',(71.0141755876489,-66.2722835118046,17.4740534646991));
#6623=CARTESIAN_POINT('',(70.7946383393436,-66.8202442029265,16.3525984249248));
#6624=CARTESIAN_POINT('',(70.7229998396375,-66.9861711285276,15.9654505815721));
#6625=CARTESIAN_POINT('',(70.5895180128229,-67.2719396079183,15.1566607751001));
#6626=CARTESIAN_POINT('',(70.5292888093464,-67.3879002335782,14.7437764898255));
#6627=CARTESIAN_POINT('',(70.479338759877,-67.4706523535029,14.3162585496889));
#6628=CARTESIAN_POINT('',(-9.25150737689702E-8,-106.340068005395,21.9206015442159));
#6629=CARTESIAN_POINT('',(0.000970153789066319,-106.34028996989,21.9194757200912));
#6630=CARTESIAN_POINT('',(0.00193720285479601,-106.340512582375,21.9183461229118));
#6631=CARTESIAN_POINT('',(0.00290041898649131,-106.340735993701,21.9172119887097));
#6632=CARTESIAN_POINT('',(0.475617871931587,-106.450379558818,21.360613004648));
#6633=CARTESIAN_POINT('',(0.912179828697787,-106.543244537842,20.7657528851787));
#6634=CARTESIAN_POINT('',(1.70455963612155,-106.686961779169,19.5174975488331));
#6635=CARTESIAN_POINT('',(2.0603830067235,-106.737811886968,18.8641283988831));
#6636=CARTESIAN_POINT('',(2.68366413717904,-106.794514002284,17.5170327751434));
#6637=CARTESIAN_POINT('',(2.95112153852721,-106.800384655802,16.82332282016));
#6638=CARTESIAN_POINT('',(3.39093325937844,-106.769565732889,15.413870812481));
#6639=CARTESIAN_POINT('',(3.56329076990288,-106.73291429586,14.6981445625028));
#6640=CARTESIAN_POINT('',(3.68522645964958,-106.678511803845,13.9804176009048));
#6641=CARTESIAN_POINT('',(0.000532895294003637,-79.5462879893208,49.3364236138428));
#6642=CARTESIAN_POINT('',(2.37190175423855,-79.5463667136592,49.3361288063871));
#6643=CARTESIAN_POINT('',(4.70477863950827,-79.2400369999059,49.4373852265032));
#6644=CARTESIAN_POINT('',(7.5518360611323,-78.451163194042,49.7018256810012));
#6645=CARTESIAN_POINT('',(8.11293647054225,-78.2744843039549,49.7610616235014));
#6646=CARTESIAN_POINT('',(9.22248845454543,-77.8827348635686,49.892183376447));
#6647=CARTESIAN_POINT('',(9.7674536530785,-77.6690380876799,49.9636075771713));
#6648=CARTESIAN_POINT('',(10.8400891678259,-77.205534385436,50.1180459868754));
#6649=CARTESIAN_POINT('',(11.3645299719766,-76.9573518076692,50.2005241581574));
#6650=CARTESIAN_POINT('',(12.392982837271,-76.4274484428712,50.3758504780198));
#6651=CARTESIAN_POINT('',(12.894113967985,-76.1476141313529,50.46807778171));
#6652=CARTESIAN_POINT('',(15.2904254362506,-74.7021645159197,50.9418614823966));
#6653=CARTESIAN_POINT('',(17.0228773958681,-73.318933748664,51.3875200725304));
#6654=CARTESIAN_POINT('',(18.9104150703543,-71.3473735682328,52.0013640462717));
#6655=CARTESIAN_POINT('',(19.2625688298336,-70.9551152294326,52.1226415345552));
#6656=CARTESIAN_POINT('',(19.9365154511107,-70.1554428112638,52.368065012548));
#6657=CARTESIAN_POINT('',(20.2572766280969,-69.7503504141303,52.4915845732813));
#6658=CARTESIAN_POINT('',(21.1685242910131,-68.5226139973722,52.8636182450275));
#6659=CARTESIAN_POINT('',(21.7158894939354,-67.6816564238899,53.1154616795731));
#6660=CARTESIAN_POINT('',(22.7229019868706,-65.932067045518,53.6343101180566));
#6661=CARTESIAN_POINT('',(23.1756245835291,-65.0362540903203,53.8975170405462));
#6662=CARTESIAN_POINT('',(23.9731417171906,-63.2292887204716,54.4250870835602));
#6663=CARTESIAN_POINT('',(24.3167923714668,-62.3311936959875,54.6857892145521));
#6664=CARTESIAN_POINT('',(24.9103126801028,-60.4968042018774,55.2169705857383));
#6665=CARTESIAN_POINT('',(25.1554789093618,-59.572348651347,55.4840532179552));
#6666=CARTESIAN_POINT('',(25.5513460894705,-57.6463043075721,56.0407195586984));
#6667=CARTESIAN_POINT('',(25.6941460469321,-56.6581558322308,56.3263910481287));
#6668=CARTESIAN_POINT('',(25.8768370687619,-54.5782209454216,56.9296492264045));
#6669=CARTESIAN_POINT('',(25.9054049462964,-53.5014015590169,57.2430075896462));
#6670=CARTESIAN_POINT('',(25.8650726364495,-51.8551891776385,57.7263705259963));
#6671=CARTESIAN_POINT('',(25.8363784732265,-51.2925035838832,57.8923734555857));
#6672=CARTESIAN_POINT('',(25.792744255857,-50.6946286241674,58.0699821548042));
#6673=CARTESIAN_POINT('',(25.7900954348382,-50.6590170001654,58.080565834112));
#6674=CARTESIAN_POINT('',(25.7860470991474,-50.6055829441919,58.0964534306168));
#6675=CARTESIAN_POINT('',(25.7846842208385,-50.5877571651548,58.1017547781993));
#6676=CARTESIAN_POINT('',(25.7826211808192,-50.5610143419663,58.1097098437114));
#6677=CARTESIAN_POINT('',(25.7819306547333,-50.5520963882301,58.1123629225722));
#6678=CARTESIAN_POINT('',(25.7810986312278,-50.5414145392964,58.1155411357384));
#6679=CARTESIAN_POINT('',(25.7816252897118,-50.5396908455055,58.1160463331794));
#6680=CARTESIAN_POINT('',(25.779434557558,-50.5373205295098,58.1167748935507));
#6681=CARTESIAN_POINT('',(25.7783878817847,-50.5369975860818,58.1168823744824));
#6682=CARTESIAN_POINT('',(25.7772539569536,-50.5346246337306,58.1175969480588));
#6683=CARTESIAN_POINT('',(25.776697631456,-50.5245704153716,58.1205782428706));
#6684=CARTESIAN_POINT('',(25.7708736914517,-50.4516127687418,58.1422322152765));
#6685=CARTESIAN_POINT('',(25.7649277596058,-50.3800194004782,58.1634984827774));
#6686=CARTESIAN_POINT('',(25.7463386216202,-50.1644305530051,58.2275864870105));
#6687=CARTESIAN_POINT('',(25.7330102520614,-50.0205177053956,58.2704332237443));
#6688=CARTESIAN_POINT('',(25.690034077749,-49.5856298824833,58.400086901138));
#6689=CARTESIAN_POINT('',(25.6576496623322,-49.2950665698919,58.4869511592322));
#6690=CARTESIAN_POINT('',(25.5486780782716,-48.411582494622,58.7516066441993));
#6691=CARTESIAN_POINT('',(25.461583206161,-47.8208090341717,58.9293099392324));
#6692=CARTESIAN_POINT('',(25.2602928724868,-46.6267885819244,59.2889459672346));
#6693=CARTESIAN_POINT('',(25.1454872256803,-46.0249000683356,59.4704842946486));
#6694=CARTESIAN_POINT('',(24.7528853929067,-44.1602446569235,60.0321796343576));
#6695=CARTESIAN_POINT('',(24.4474974632551,-42.9572294510911,60.3936251999395));
#6696=CARTESIAN_POINT('',(23.931429963934,-41.119236733667,60.9386669802868));
#6697=CARTESIAN_POINT('',(23.7592510684307,-40.5293103207853,61.1124969358194));
#6698=CARTESIAN_POINT('',(23.4023757772031,-39.3111598684374,61.4683073490493));
#6699=CARTESIAN_POINT('',(23.2199706964621,-38.6826321080944,61.6501300451026));
#6700=CARTESIAN_POINT('',(22.79053987694,-37.4100539587395,62.0148609814821));
#6701=CARTESIAN_POINT('',(22.5455168409796,-36.7742826582684,62.1952323773762));
#6702=CARTESIAN_POINT('',(21.9288469333142,-35.5931417586172,62.5276750840609));
#6703=CARTESIAN_POINT('',(21.5817617327661,-35.0753060189684,62.6723015447636));
#6704=CARTESIAN_POINT('',(20.8102963260821,-34.2209357033386,62.9093639953869));
#6705=CARTESIAN_POINT('',(20.4403516236188,-33.8914496661805,63.0001904898905));
#6706=CARTESIAN_POINT('',(19.7029539743729,-33.3498802303675,63.1483471417777));
#6707=CARTESIAN_POINT('',(19.359952555824,-33.1349311990672,63.206690481067));
#6708=CARTESIAN_POINT('',(18.3872516006636,-32.604638257529,63.3494639254547));
#6709=CARTESIAN_POINT('',(17.7512430161136,-32.3338260100187,63.4209524078866));
#6710=CARTESIAN_POINT('',(16.0320665334765,-31.7150957579473,63.582288629613));
#6711=CARTESIAN_POINT('',(14.8907251386627,-31.4173416457185,63.6573597236544));
#6712=CARTESIAN_POINT('',(12.8145969796714,-30.9527824109474,63.7801459474044));
#6713=CARTESIAN_POINT('',(11.8322945941614,-30.7655178479662,63.8324520902264));
#6714=CARTESIAN_POINT('',(9.88196119968995,-30.420531603856,63.9449776757452));
#6715=CARTESIAN_POINT('',(9.0678767528154,-30.2877219537936,63.9967936006753));
#6716=CARTESIAN_POINT('',(7.20126110007418,-30.0352055727386,64.1128799973978));
#6717=CARTESIAN_POINT('',(6.30421560024269,-29.9317718594976,64.1682127689116));
#6718=CARTESIAN_POINT('',(3.60605637530476,-29.6807455750001,64.3150583323748));
#6719=CARTESIAN_POINT('',(1.81124629914214,-29.589442227836,64.3875552986954));
#6720=CARTESIAN_POINT('',(0.00163462282785013,-29.5895740769329,64.3880896682369));
#6721=CARTESIAN_POINT('',(0.00162125300909411,-29.5895740772922,64.3880896723269));
#6722=CARTESIAN_POINT('',(0.00160788318712975,-29.5895740776372,64.3880896764174));
#6723=CARTESIAN_POINT('',(0.00159451336196125,-29.5895740789306,64.3880896802863));
#6724=CARTESIAN_POINT('',(0.00158107041253568,-29.5895740802258,64.3880896841775));
#6725=CARTESIAN_POINT('',(0.00156762745986242,-29.5895740805437,64.3880896882915));
#6726=CARTESIAN_POINT('',(0.00155418444913544,-29.589574797799,64.38808952694));
#6727=CARTESIAN_POINT('',(0.00103612704400657,-29.5895748094918,64.3880896855061));
#6728=CARTESIAN_POINT('',(0.000518064821864878,-29.5895747996547,64.3880898449218));
#6729=CARTESIAN_POINT('',(-3.51017144997625E-9,-29.5895746318356,64.3880900366777));
#6730=CARTESIAN_POINT('',(-0.000518144995842205,-29.5895744231564,64.3880899317926));
#6731=CARTESIAN_POINT('',(-0.00103628037013182,-29.5895742899766,64.3880898053612));
#6732=CARTESIAN_POINT('',(-0.00155441092587347,-29.589574080854,64.3880896923363));
#6733=CARTESIAN_POINT('',(-0.0015677807531469,-29.5895740805521,64.388089688244));
#6734=CARTESIAN_POINT('',(-0.00158115057721204,-29.5895740802358,64.3880896841524));
#6735=CARTESIAN_POINT('',(-0.00159452039806469,-29.5895740789439,64.3880896802832));
#6736=CARTESIAN_POINT('',(-0.00160796337085833,-29.5895740776501,64.3880896763916));
#6737=CARTESIAN_POINT('',(-0.00162140634041263,-29.5895740773032,64.3880896722787));
#6738=CARTESIAN_POINT('',(-0.00163484930672197,-29.5895740766832,64.3880896682261));
#6739=CARTESIAN_POINT('',(-1.81108402027859,-29.5894422325886,64.3875553441849));
#6740=CARTESIAN_POINT('',(-3.60573522924937,-29.6807297180846,64.3150712498887));
#6741=CARTESIAN_POINT('',(-6.30380949941216,-29.9317270388156,64.1682371587036));
#6742=CARTESIAN_POINT('',(-7.20092911329774,-30.0351640819282,64.1129005707658));
#6743=CARTESIAN_POINT('',(-9.06771052916252,-30.2876957350952,63.9968040237693));
#6744=CARTESIAN_POINT('',(-9.88183945896476,-30.4205104192096,63.9449847741501));
#6745=CARTESIAN_POINT('',(-11.8325390819869,-30.7655608035612,63.8324378923327));
#6746=CARTESIAN_POINT('',(-12.8151149977847,-30.9528799247357,63.7801186100118));
#6747=CARTESIAN_POINT('',(-14.8918630186973,-31.4176170281791,63.6572887004363));
#6748=CARTESIAN_POINT('',(-16.033594970776,-31.7155145024201,63.5821821323287));
#6749=CARTESIAN_POINT('',(-17.7529826734705,-32.3345337260806,63.4207661926089));
#6750=CARTESIAN_POINT('',(-18.3888872794736,-32.6053984599105,63.3492615514252));
#6751=CARTESIAN_POINT('',(-19.3614364422522,-33.1358170007573,63.2064506374009));
#6752=CARTESIAN_POINT('',(-19.7043915531273,-33.3508292700592,63.1480887915812));
#6753=CARTESIAN_POINT('',(-20.4416789390029,-33.89255703894,62.9998859440037));
#6754=CARTESIAN_POINT('',(-20.811547429532,-34.2221346557607,62.9090327363888));
#6755=CARTESIAN_POINT('',(-21.5827560897583,-35.0766463142305,62.6719278182138));
#6756=CARTESIAN_POINT('',(-21.929685701477,-35.5945148492635,62.5272905388489));
#6757=CARTESIAN_POINT('',(-22.546037297539,-36.7755310790123,62.19487889763));
#6758=CARTESIAN_POINT('',(-22.7909473406486,-37.4111685635326,62.0145433224541));
#6759=CARTESIAN_POINT('',(-23.2202086160129,-38.6834235767392,61.6499014753414));
#6760=CARTESIAN_POINT('',(-23.4025579488496,-39.3117792054552,61.468127252943));
#6761=CARTESIAN_POINT('',(-23.7593366801367,-40.5296024459667,61.1124108407214));
#6762=CARTESIAN_POINT('',(-23.9314693133661,-41.1193760994527,60.9386256304829));
#6763=CARTESIAN_POINT('',(-24.4474924276725,-42.957209832574,60.3936310513024));
#6764=CARTESIAN_POINT('',(-24.7528775092259,-44.160212109908,60.0321894179659));
#6765=CARTESIAN_POINT('',(-25.1454789844827,-46.0248587598219,59.4704967485264));
#6766=CARTESIAN_POINT('',(-25.2602845308863,-46.62674424746,59.2889593364133));
#6767=CARTESIAN_POINT('',(-25.461575374042,-47.8207582234727,58.9293252296302));
#6768=CARTESIAN_POINT('',(-25.5486709584343,-48.4115282485372,58.7516229357275));
#6769=CARTESIAN_POINT('',(-25.6576426532209,-49.2950073436709,58.4869688796731));
#6770=CARTESIAN_POINT('',(-25.6900269467963,-49.585569024373,58.4001050860957));
#6771=CARTESIAN_POINT('',(-25.7330037946559,-50.0204544109489,58.2704520822931));
#6772=CARTESIAN_POINT('',(-25.7463324624832,-50.1643665165962,58.2276055469923));
#6773=CARTESIAN_POINT('',(-25.764922119165,-50.3799542618262,58.1635178385675));
#6774=CARTESIAN_POINT('',(-25.7708682369868,-50.4515472728427,58.1422516661506));
#6775=CARTESIAN_POINT('',(-25.7766985198762,-50.5245815644456,58.1205749337235));
#6776=CARTESIAN_POINT('',(-25.7771312548813,-50.5342214486412,58.1177175961362));
#6777=CARTESIAN_POINT('',(-25.7785463489599,-50.5365792337507,58.1170044317366));
#6778=CARTESIAN_POINT('',(-25.7796109300235,-50.5368608889442,58.1169091969405));
#6779=CARTESIAN_POINT('',(-25.7816010514297,-50.5394524143544,58.1161173409249));
#6780=CARTESIAN_POINT('',(-25.7810866528197,-50.5412611661302,58.1155867702075));
#6781=CARTESIAN_POINT('',(-25.7819247432646,-50.5520287703072,58.1123830474121));
#6782=CARTESIAN_POINT('',(-25.78261579514,-50.5609466101128,58.1097299948914));
#6783=CARTESIAN_POINT('',(-25.7846788977259,-50.5876892126609,58.1017749900394));
#6784=CARTESIAN_POINT('',(-25.7860418186436,-50.6055148475809,58.0964736820068));
#6785=CARTESIAN_POINT('',(-25.7900902843581,-50.6589484780611,58.0805862021076));
#6786=CARTESIAN_POINT('',(-25.7927391945869,-50.6945598206759,58.0700025998472));
#6787=CARTESIAN_POINT('',(-25.8363749804863,-51.2924306129639,57.8923950286618));
#6788=CARTESIAN_POINT('',(-25.8650702852674,-51.8551123399495,57.7263931532029));
#6789=CARTESIAN_POINT('',(-25.905404952335,-53.5013141878577,57.243033104499));
#6790=CARTESIAN_POINT('',(-25.8768407413803,-54.5781272763516,56.9296764694135));
#6791=CARTESIAN_POINT('',(-25.6941983212205,-56.657604170495,56.3265509855328));
#6792=CARTESIAN_POINT('',(-25.5514857674889,-57.6453142349482,56.0410058887577));
#6793=CARTESIAN_POINT('',(-25.1559008284596,-59.5705338466411,55.4845777628838));
#6794=CARTESIAN_POINT('',(-24.9109159871186,-60.4946205945311,55.2176017848778));
#6795=CARTESIAN_POINT('',(-24.3178660923326,-62.3281876965389,54.6866608076757));
#6796=CARTESIAN_POINT('',(-23.9745054381591,-63.2258461700967,54.4260877754824));
#6797=CARTESIAN_POINT('',(-23.1776538352219,-65.0320234744078,53.8987567936393));
#6798=CARTESIAN_POINT('',(-22.725293777577,-65.9275003085701,53.6356553683333));
#6799=CARTESIAN_POINT('',(-21.7190432759167,-67.6765851659399,53.116974551442));
#6800=CARTESIAN_POINT('',(-21.1720631907627,-68.5173921532571,52.8651876426515));
#6801=CARTESIAN_POINT('',(-20.2614745711591,-69.7449242676295,52.4932353769814));
#6802=CARTESIAN_POINT('',(-19.9409546324969,-70.1499419017992,52.369745761588));
#6803=CARTESIAN_POINT('',(-19.267514231178,-70.9494821816389,52.1243778731994));
#6804=CARTESIAN_POINT('',(-18.91562378743,-71.3416864541808,52.003126192614));
#6805=CARTESIAN_POINT('',(-17.0294774454284,-73.3130562194344,51.3893852350821));
#6806=CARTESIAN_POINT('',(-15.2982919970662,-74.6963364814811,50.9437475897183));
#6807=CARTESIAN_POINT('',(-12.9030078498328,-76.1425261429357,50.4697516852339));
#6808=CARTESIAN_POINT('',(-12.4016330914225,-76.4227516953909,50.3774004989006));
#6809=CARTESIAN_POINT('',(-11.3726398634742,-76.9534109428406,50.2018319943654));
#6810=CARTESIAN_POINT('',(-10.8479068408747,-77.2019521908354,50.1192374941452));
#6811=CARTESIAN_POINT('',(-9.77462731147577,-77.6661407186777,49.9645750313528));
#6812=CARTESIAN_POINT('',(-9.22931557002952,-77.8801567828549,49.8930454842484));
#6813=CARTESIAN_POINT('',(-8.11902829373312,-78.2724995081654,49.7617267478533));
#6814=CARTESIAN_POINT('',(-7.55754616498587,-78.449447933955,49.7024006940371));
#6815=CARTESIAN_POINT('',(-4.7084388281404,-79.2395525292096,49.4375474877585));
#6816=CARTESIAN_POINT('',(-2.3737744367977,-79.5463667797579,49.3361285719112));
#6817=CARTESIAN_POINT('',(-0.000532902159045368,-79.5462855794816,49.3364246353256));
#6818=CARTESIAN_POINT('',(-0.000355269008634266,-79.5462856180706,49.3364246385521));
#6819=CARTESIAN_POINT('',(-0.000177636055668507,-79.5462856556582,49.3364246420366));
#6820=CARTESIAN_POINT('',(-3.51062935330413E-9,-79.54628676109,49.336424192717));
#6821=CARTESIAN_POINT('',(0.000177628954699353,-79.5462878804697,49.3364236989835));
#6822=CARTESIAN_POINT('',(0.000355262025509418,-79.5462879335498,49.3364236570667));
#6823=CARTESIAN_POINT('',(0.000532895294003637,-79.5462879893208,49.3364236138428));
#6824=CARTESIAN_POINT('',(0.000296037038142994,86.4195416113843,51.4364382143908));
#6825=CARTESIAN_POINT('',(3.17174325927343,86.4194332871839,51.4362952581951));
#6826=CARTESIAN_POINT('',(6.33092659287991,86.0646125453828,51.6624093877804));
#6827=CARTESIAN_POINT('',(12.0090677741138,84.6878235905261,52.4878186547242));
#6828=CARTESIAN_POINT('',(14.5342716963027,83.7714057314636,53.0274202177905));
#6829=CARTESIAN_POINT('',(18.9151257771998,81.4866983075689,54.3177874752096));
#6830=CARTESIAN_POINT('',(20.8455323175586,80.1725976746858,55.0412068371933));
#6831=CARTESIAN_POINT('',(23.2649991897209,77.9509290315399,56.2114044500482));
#6832=CARTESIAN_POINT('',(23.968812857411,77.2074099894236,56.5969761214145));
#6833=CARTESIAN_POINT('',(25.221941795227,75.6284594337776,57.4032853433861));
#6834=CARTESIAN_POINT('',(25.7565398994005,74.82363365561,57.8089065654306));
#6835=CARTESIAN_POINT('',(26.4270822900002,73.5378501850676,58.4472514642027));
#6836=CARTESIAN_POINT('',(26.6228295115197,73.1090101973876,58.658694416776));
#6837=CARTESIAN_POINT('',(26.9648819402446,72.2300188290925,59.088400207148));
#6838=CARTESIAN_POINT('',(27.1085117597416,71.7855907623835,59.3040241690449));
#6839=CARTESIAN_POINT('',(27.4665833030877,70.4329639351316,59.951042172913));
#6840=CARTESIAN_POINT('',(27.6105417605088,69.503401824315,60.3829034312011));
#6841=CARTESIAN_POINT('',(27.7279271233786,68.1037808215445,60.9953882827477));
#6842=CARTESIAN_POINT('',(27.7511516871613,67.6362002874338,61.1937498001594));
#6843=CARTESIAN_POINT('',(27.7748200675915,66.6992680621407,61.5764489544874));
#6844=CARTESIAN_POINT('',(27.7752818866097,66.2316345692272,61.7603405379683));
#6845=CARTESIAN_POINT('',(27.7532805932105,64.8383773597597,62.2853628571603));
#6846=CARTESIAN_POINT('',(27.7082437728642,63.9096349272289,62.6057936892379));
#6847=CARTESIAN_POINT('',(27.6290670724484,62.5064440942703,63.0434053888644));
#6848=CARTESIAN_POINT('',(27.6011024280217,62.0411814238806,63.1810258480888));
#6849=CARTESIAN_POINT('',(27.5497818290508,61.1440943630707,63.4320834364915));
#6850=CARTESIAN_POINT('',(27.5263689468406,60.7130134125729,63.5464571790535));
#6851=CARTESIAN_POINT('',(27.4582411018866,59.4323004477842,63.8694965383628));
#6852=CARTESIAN_POINT('',(27.4152944027959,58.5799916876881,64.0627364183068));
#6853=CARTESIAN_POINT('',(27.3040173056147,56.7970296142757,64.4335119522923));
#6854=CARTESIAN_POINT('',(27.2353612170632,55.8682929583285,64.6076748131876));
#6855=CARTESIAN_POINT('',(27.0336280732365,53.9908596176149,64.9361281203696));
#6856=CARTESIAN_POINT('',(26.9026752468589,53.0485064720897,65.0891505864604));
#6857=CARTESIAN_POINT('',(26.5084297159414,51.1364226373843,65.3918934640231));
#6858=CARTESIAN_POINT('',(26.2464293992724,50.1888108918263,65.5369021499549));
#6859=CARTESIAN_POINT('',(25.4900823431832,48.2613758497107,65.8313590881219));
#6860=CARTESIAN_POINT('',(25.001004425103,47.3417747462069,65.9719152002534));
#6861=CARTESIAN_POINT('',(23.7753498939101,45.6353564905573,66.2392379819726));
#6862=CARTESIAN_POINT('',(23.0944587450859,44.9023329337179,66.3570245402365));
#6863=CARTESIAN_POINT('',(21.6603108256435,43.641618118223,66.564087137976));
#6864=CARTESIAN_POINT('',(20.9568159726123,43.1232619743727,66.6510804025451));
#6865=CARTESIAN_POINT('',(19.0021249991439,41.86592447023,66.8649623820044));
#6866=CARTESIAN_POINT('',(17.7073859846733,41.2061504421512,66.9801652422963));
#6867=CARTESIAN_POINT('',(15.2699942214699,40.1481861850215,67.1659041818939));
#6868=CARTESIAN_POINT('',(14.134227387444,39.7258598351803,67.2405413854047));
#6869=CARTESIAN_POINT('',(10.9240470469118,38.6891059880772,67.4226971837863));
#6870=CARTESIAN_POINT('',(8.79084702971535,38.1774043350919,67.5106983377854));
#6871=CARTESIAN_POINT('',(6.13728734432455,37.7390231693378,67.5822008115595));
#6872=CARTESIAN_POINT('',(5.61108212973658,37.6615186087822,67.5945815161165));
#6873=CARTESIAN_POINT('',(4.54375773356197,37.5249191056853,67.616090806879));
#6874=CARTESIAN_POINT('',(4.00356872265738,37.4662904308184,67.6251276889741));
#6875=CARTESIAN_POINT('',(2.30916655896521,37.3153395544389,67.6479163408788));
#6876=CARTESIAN_POINT('',(1.15761102144584,37.2614640533034,67.6553508392684));
#6877=CARTESIAN_POINT('',(4.0052914802031E-5,37.2614619458116,67.6553416709275));
#6878=CARTESIAN_POINT('',(3.46768062197207E-5,37.261461946712,67.6553416709314));
#6879=CARTESIAN_POINT('',(2.85637825967935E-5,37.2614619467659,67.6553416709789));
#6880=CARTESIAN_POINT('',(2.15204337211644E-5,37.2614619467981,67.655341671035));
#6881=CARTESIAN_POINT('',(-1.60827722949961,37.2614630644864,67.6553546513878));
#6882=CARTESIAN_POINT('',(-3.20093730377547,37.3650782079091,67.6410483421815));
#6883=CARTESIAN_POINT('',(-6.29322506895817,37.7399005329573,67.5824511110389));
#6884=CARTESIAN_POINT('',(-7.77003309458391,37.9973547905073,67.5404506712251));
#6885=CARTESIAN_POINT('',(-10.7719063113907,38.6769469676548,67.4246537439246));
#6886=CARTESIAN_POINT('',(-12.2743342435223,39.1005699900777,67.3505633942733));
#6887=CARTESIAN_POINT('',(-14.5796756248336,39.8967193268815,67.2103147409289));
#6888=CARTESIAN_POINT('',(-15.3888738563987,40.2064260319383,67.1557058275152));
#6889=CARTESIAN_POINT('',(-17.0845620284445,40.9298064438589,67.0286445572466));
#6890=CARTESIAN_POINT('',(-17.9603947129296,41.3472388172623,66.9555210369226));
#6891=CARTESIAN_POINT('',(-18.8150716644113,41.8156374674889,66.8746119932485));
#6892=CARTESIAN_POINT('',(-19.7360079297934,42.3203489879082,66.7874304302174));
#6893=CARTESIAN_POINT('',(-20.6148669485135,42.8734990839699,66.6929400742555));
#6894=CARTESIAN_POINT('',(-22.464294733339,44.2833064583296,66.4575487179795));
#6895=CARTESIAN_POINT('',(-23.381764231058,45.1601816698641,66.3146060236496));
#6896=CARTESIAN_POINT('',(-24.5780327043564,46.7267725389209,66.067896506497));
#6897=CARTESIAN_POINT('',(-24.9459808131247,47.3036497044479,65.9784666231576));
#6898=CARTESIAN_POINT('',(-25.5891397253267,48.5248809211534,65.7909153609131));
#6899=CARTESIAN_POINT('',(-25.8547728727562,49.1497087923489,65.6958125605769));
#6900=CARTESIAN_POINT('',(-26.4882056005175,50.9657247409856,65.417743097579));
#6901=CARTESIAN_POINT('',(-26.757785179777,52.2002062843368,65.2267980811162));
#6902=CARTESIAN_POINT('',(-27.030225006071,54.0083323848036,64.9303657374424));
#6903=CARTESIAN_POINT('',(-27.1014665996194,54.6010093964347,64.8305532019053));
#6904=CARTESIAN_POINT('',(-27.2217222079953,55.784301242501,64.6207034306871));
#6905=CARTESIAN_POINT('',(-27.2700531216268,56.3736872727404,64.5111798097484));
#6906=CARTESIAN_POINT('',(-27.3928588741793,58.1119686649443,64.1680846928811));
#6907=CARTESIAN_POINT('',(-27.4484308748073,59.2557080387584,63.9165085864342));
#6908=CARTESIAN_POINT('',(-27.538953392467,60.9506134632351,63.4851665173388));
#6909=CARTESIAN_POINT('',(-27.5704928766949,61.5061972611087,63.3341255374117));
#6910=CARTESIAN_POINT('',(-27.6355292684551,62.6238919282581,63.0090377610962));
#6911=CARTESIAN_POINT('',(-27.66862074168,63.1850486790245,62.8348766088589));
#6912=CARTESIAN_POINT('',(-27.7288945194327,64.3863483040468,62.4386299200588));
#6913=CARTESIAN_POINT('',(-27.7545682983488,65.0240730262432,62.2137663843805));
#6914=CARTESIAN_POINT('',(-27.7780461175387,66.3052339186326,61.7339805509605));
#6915=CARTESIAN_POINT('',(-27.7751317723778,66.9458156593999,61.4796236630743));
#6916=CARTESIAN_POINT('',(-27.7243622717443,68.1953441429902,60.9579485547839));
#6917=CARTESIAN_POINT('',(-27.6783801809058,68.8002862664856,60.6931759384904));
#6918=CARTESIAN_POINT('',(-27.522895617085,70.0067878335827,60.1474723480762));
#6919=CARTESIAN_POINT('',(-27.414640337624,70.6011604936394,59.8695440164317));
#6920=CARTESIAN_POINT('',(-27.117146788963,71.7769427555972,59.3088561715361));
#6921=CARTESIAN_POINT('',(-26.930112259222,72.3475287211003,59.031544287776));
#6922=CARTESIAN_POINT('',(-26.4635805515725,73.4763739149338,58.4780117103208));
#6923=CARTESIAN_POINT('',(-26.1893113907855,74.0224990168758,58.2074445767139));
#6924=CARTESIAN_POINT('',(-25.5587036007026,75.1007618890721,57.6684444488393));
#6925=CARTESIAN_POINT('',(-25.2063044374835,75.6223627038037,57.4052390037433));
#6926=CARTESIAN_POINT('',(-24.4255139272028,76.6479490100304,56.8832466462449));
#6927=CARTESIAN_POINT('',(-24.0010518856188,77.1433065313731,56.6287796848547));
#6928=CARTESIAN_POINT('',(-23.0814247559529,78.1151657184235,56.1246259544116));
#6929=CARTESIAN_POINT('',(-22.5897896793687,78.5844377513635,55.8785977151005));
#6930=CARTESIAN_POINT('',(-21.5383315075391,79.5021022006397,55.3923182482913));
#6931=CARTESIAN_POINT('',(-20.9821762557416,79.944425915583,55.1550486800052));
#6932=CARTESIAN_POINT('',(-20.1066438136214,80.5836836004898,54.8082515434154));
#6933=CARTESIAN_POINT('',(-19.8046661409012,80.7946132927517,54.6930913446811));
#6934=CARTESIAN_POINT('',(-19.1842080250005,81.2092531434478,54.4654521565253));
#6935=CARTESIAN_POINT('',(-18.8662142883043,81.4122600841625,54.3533365241769));
#6936=CARTESIAN_POINT('',(-18.213195492713,81.8104679754151,54.1322895189014));
#6937=CARTESIAN_POINT('',(-17.8787016140824,82.0049448088422,54.0237388722298));
#6938=CARTESIAN_POINT('',(-17.1928281488833,82.3853317970829,53.8103542039343));
#6939=CARTESIAN_POINT('',(-16.8420280718145,82.5705298509194,53.7059002118593));
#6940=CARTESIAN_POINT('',(-15.7509034349174,83.1189440457264,53.3950811419455));
#6941=CARTESIAN_POINT('',(-15.0003251259254,83.4584348967482,53.2004828101769));
#6942=CARTESIAN_POINT('',(-13.8340690600084,83.9322228285144,52.9265576271573));
#6943=CARTESIAN_POINT('',(-13.4332933399743,84.0857768996686,52.8373252085785));
#6944=CARTESIAN_POINT('',(-12.6134553025839,84.3818074496536,52.6645160642334));
#6945=CARTESIAN_POINT('',(-12.1951473766948,84.5235540411038,52.5813459670294));
#6946=CARTESIAN_POINT('',(-9.9856307603679,85.2251315000627,52.1678618215117));
#6947=CARTESIAN_POINT('',(-8.14360294356472,85.6501202506746,51.9108944633238));
#6948=CARTESIAN_POINT('',(-4.20215693771903,86.262432657588,51.5362065787032));
#6949=CARTESIAN_POINT('',(-2.10190395010681,86.419469828486,51.4363434824751));
#6950=CARTESIAN_POINT('',(-0.000296044058722671,86.4195416084566,51.4364382169853));
#6951=CARTESIAN_POINT('',(-0.000241713288328618,86.4195416121899,51.4364382177704));
#6952=CARTESIAN_POINT('',(-0.000187382456202412,86.4195416158936,51.4364382185554));
#6953=CARTESIAN_POINT('',(-6.65279703785775E-5,86.4195416189697,51.4364382247917));
#6954=CARTESIAN_POINT('',(9.86762974059485E-5,86.4195416145117,51.4364382264026));
#6955=CARTESIAN_POINT('',(0.000197356769588961,86.4195416119455,51.4364382213286));
#6956=CARTESIAN_POINT('',(0.000296037038142994,86.4195416113843,51.4364382143908));
#6957=CARTESIAN_POINT('',(22.5542663468451,80.101436628679,-36.7567470598557));
#6958=CARTESIAN_POINT('',(21.7358914748346,80.8497716382851,-36.2071341401187));
#6959=CARTESIAN_POINT('',(20.8388080539372,81.5376513727935,-35.7043668551395));
#6960=CARTESIAN_POINT('',(18.9178206267828,82.8128224679796,-34.7613282936771));
#6961=CARTESIAN_POINT('',(17.8951522120241,83.3990732729467,-34.3219501295164));
#6962=CARTESIAN_POINT('',(16.8161555166431,83.9394530205657,-33.9067943608501));
#6963=CARTESIAN_POINT('',(15.678176628158,84.5093720455152,-33.4689445488929));
#6964=CARTESIAN_POINT('',(14.4716284350532,85.0302166286259,-33.0567104373234));
#6965=CARTESIAN_POINT('',(11.9257283657638,85.9488948747727,-32.3130550386106));
#6966=CARTESIAN_POINT('',(10.5865658366126,86.3468454157014,-31.9815931322018));
#6967=CARTESIAN_POINT('',(7.78400766581739,86.9987540177569,-31.4286228746649));
#6968=CARTESIAN_POINT('',(6.30952046527974,87.2551704585396,-31.2050639926197));
#6969=CARTESIAN_POINT('',(3.23828331747959,87.6039528630919,-30.896708794711));
#6970=CARTESIAN_POINT('',(1.641610326727,87.6965414121819,-30.811796422979));
#6971=CARTESIAN_POINT('',(0.000399536286051118,87.6966319682148,-30.8118842711124));
#6972=CARTESIAN_POINT('',(0.000266361681631067,87.6966319735581,-30.8118842810007));
#6973=CARTESIAN_POINT('',(0.000133186775985345,87.6966319786963,-30.811884290893));
#6974=CARTESIAN_POINT('',(-9.80504610012424E-5,87.6966319792565,-30.8118842944231));
#6975=CARTESIAN_POINT('',(-0.000263922586670307,87.6966319722691,-30.8118842830199));
#6976=CARTESIAN_POINT('',(-0.000331732604128436,87.6966319696015,-30.811884277984));
#6977=CARTESIAN_POINT('',(-0.000399542543477125,87.696631964699,-30.8118842759527));
#6978=CARTESIAN_POINT('',(-2.41726453131002,87.6964780388866,-30.8117832311833));
#6979=CARTESIAN_POINT('',(-4.74066560275537,87.4948882956807,-30.996521233062));
#6980=CARTESIAN_POINT('',(-9.08576890235726,86.7616097643751,-31.6324405037879));
#6981=CARTESIAN_POINT('',(-11.1014865675917,86.2316782111253,-32.0826741568639));
#6982=CARTESIAN_POINT('',(-13.9311220329246,85.2312414930609,-32.8946823549521));
#6983=CARTESIAN_POINT('',(-14.8355486136173,84.8653385842383,-33.1867790344214));
#6984=CARTESIAN_POINT('',(-16.5768747605653,84.073624360321,-33.8054426031603));
#6985=CARTESIAN_POINT('',(-17.4126029374742,83.649508700459,-34.1301534078917));
#6986=CARTESIAN_POINT('',(-19.015506904547,82.7423179108041,-34.8129610514341));
#6987=CARTESIAN_POINT('',(-19.7803592450391,82.2598665276417,-35.1709159278521));
#6988=CARTESIAN_POINT('',(-21.2323909199578,81.2296871761346,-35.9296802711591));
#6989=CARTESIAN_POINT('',(-21.9164616791805,80.6844667826229,-36.3286095406824));
#6990=CARTESIAN_POINT('',(-22.5541340522409,80.1013752863236,-36.7568576769144));
#6991=CARTESIAN_POINT('',(7.34031599973379,6.55373702709317,-63.5051422022775));
#6992=CARTESIAN_POINT('',(7.36086370831907,6.70501586080308,-63.5027144336016));
#6993=CARTESIAN_POINT('',(7.38232268397815,6.85621274920165,-63.4997996324132));
#6994=CARTESIAN_POINT('',(7.53194839318236,7.86695251613726,-63.4770818001346));
#6995=CARTESIAN_POINT('',(7.68857716344612,8.71868611318219,-63.442353767072));
#6996=CARTESIAN_POINT('',(8.16545037072274,10.9106740474821,-63.317504559612));
#6997=CARTESIAN_POINT('',(8.52320419693539,12.2283708612304,-63.2085405607765));
#6998=CARTESIAN_POINT('',(9.34124782806373,14.7736065175841,-62.939944385588));
#6999=CARTESIAN_POINT('',(9.78945336673483,15.9886910957339,-62.7844416498985));
#7000=CARTESIAN_POINT('',(10.7099923563736,18.2183953775018,-62.4496723263447));
#7001=CARTESIAN_POINT('',(11.1664044816109,19.2301874206406,-62.2778805621821));
#7002=CARTESIAN_POINT('',(12.41621582481,21.7868561724667,-61.7919535597899));
#7003=CARTESIAN_POINT('',(13.2438179831592,23.2932495412861,-61.4560006979503));
#7004=CARTESIAN_POINT('',(15.2399415176633,26.5449910306594,-60.6120693003925));
#7005=CARTESIAN_POINT('',(16.4719160039099,28.3091766224215,-60.0692941356836));
#7006=CARTESIAN_POINT('',(18.5117754508245,30.5253582336053,-59.1998188206258));
#7007=CARTESIAN_POINT('',(19.1811764557469,31.1666035433074,-58.9183708423366));
#7008=CARTESIAN_POINT('',(20.5243514032452,32.2462587965534,-58.3695650167512));
#7009=CARTESIAN_POINT('',(21.1655648611974,32.6862970582972,-58.1136026054455));
#7010=CARTESIAN_POINT('',(23.0031355574969,33.71074202161,-57.4022272056164));
#7011=CARTESIAN_POINT('',(24.2373510352269,34.1652096574337,-56.9457704182789));
#7012=CARTESIAN_POINT('',(26.0971874042056,34.5866779166625,-56.2678720357342));
#7013=CARTESIAN_POINT('',(26.684421071121,34.6832823831821,-56.0552553721337));
#7014=CARTESIAN_POINT('',(27.8554447442856,34.8110277923441,-55.6319751601406));
#7015=CARTESIAN_POINT('',(28.4315292344687,34.8433135415662,-55.4240590842918));
#7016=CARTESIAN_POINT('',(30.1382317814039,34.8552939021233,-54.8070600179268));
#7017=CARTESIAN_POINT('',(31.275428878563,34.7543081588908,-54.3944821137994));
#7018=CARTESIAN_POINT('',(32.9371763225015,34.4602644225773,-53.7855047465356));
#7019=CARTESIAN_POINT('',(33.4827821166491,34.3391642344609,-53.5846191565685));
#7020=CARTESIAN_POINT('',(34.5649999303166,34.0486984205933,-53.1845933422577));
#7021=CARTESIAN_POINT('',(35.0970442630577,33.8806681309586,-52.9871622015925));
#7022=CARTESIAN_POINT('',(37.7248977574131,32.9209338885481,-52.009350213467));
#7023=CARTESIAN_POINT('',(39.6958072458778,31.7799244481895,-51.2656720279494));
#7024=CARTESIAN_POINT('',(41.4343441118515,30.2977921519788,-50.6251017738947));
#7025=CARTESIAN_POINT('',(43.1930600039072,28.7984568922604,-49.9770964840251));
#7026=CARTESIAN_POINT('',(44.7020166613618,26.9624284674085,-49.4395821097974));
#7027=CARTESIAN_POINT('',(46.5392348395972,23.9094538363496,-48.8303756653794));
#7028=CARTESIAN_POINT('',(47.0780743856369,22.8433974523602,-48.6612641066453));
#7029=CARTESIAN_POINT('',(48.0141815296737,20.6044849143593,-48.3941969052197));
#7030=CARTESIAN_POINT('',(48.3961079255643,19.4615255031702,-48.301915116588));
#7031=CARTESIAN_POINT('',(49.3785680125451,15.9281700851893,-48.0897937604597));
#7032=CARTESIAN_POINT('',(49.7922033024409,13.4945344191136,-48.0393478802676));
#7033=CARTESIAN_POINT('',(50.5380813266383,8.61152602108574,-47.8104359571198));
#7034=CARTESIAN_POINT('',(50.8817698675916,6.14906125043878,-47.6227280199355));
#7035=CARTESIAN_POINT('',(51.2293076035472,2.41177490408636,-47.2962546622257));
#7036=CARTESIAN_POINT('',(51.3168961299169,1.15479372208749,-47.1791434693868));
#7037=CARTESIAN_POINT('',(51.4109015387296,-1.37522045103544,-46.9406011729358));
#7038=CARTESIAN_POINT('',(51.4169115840184,-2.64153143299786,-46.8187872180839));
#7039=CARTESIAN_POINT('',(51.2790344551975,-6.44491679862382,-46.4792865128887));
#7040=CARTESIAN_POINT('',(50.9777581707529,-8.99307491992165,-46.2865474601595));
#7041=CARTESIAN_POINT('',(49.7855882599428,-13.9505125266808,-46.1850092786837));
#7042=CARTESIAN_POINT('',(48.9076762693928,-16.3463863523286,-46.2719441003108));
#7043=CARTESIAN_POINT('',(47.2575034042616,-19.7492378069046,-46.6175741481608));
#7044=CARTESIAN_POINT('',(46.663000477796,-20.8341690176,-46.7653424166594));
#7045=CARTESIAN_POINT('',(45.3779598334473,-22.9280434003823,-47.1324770962456));
#7046=CARTESIAN_POINT('',(44.7006049883549,-23.9214400892006,-47.3475990310332));
#7047=CARTESIAN_POINT('',(43.2368906287052,-25.8153560626203,-47.8468091028914));
#7048=CARTESIAN_POINT('',(42.4671284000363,-26.6975447934387,-48.1246335989173));
#7049=CARTESIAN_POINT('',(40.815602137615,-28.3356871086683,-48.7406417166656));
#7050=CARTESIAN_POINT('',(39.9580282573927,-29.0725049765296,-49.0694341947799));
#7051=CARTESIAN_POINT('',(38.1409482589868,-30.3916969269006,-49.7728046809474));
#7052=CARTESIAN_POINT('',(37.1837333243153,-30.9755478935209,-50.1459706956249));
#7053=CARTESIAN_POINT('',(35.2126164415627,-31.9394051430738,-50.9136777192429));
#7054=CARTESIAN_POINT('',(34.1778743200927,-32.3303198938977,-51.3161703343348));
#7055=CARTESIAN_POINT('',(32.0255375857911,-32.8702159116754,-52.1570129734248));
#7056=CARTESIAN_POINT('',(30.9058009496745,-33.0115383122707,-52.5960932743561));
#7057=CARTESIAN_POINT('',(28.5364746624753,-32.9519352995608,-53.5484239405456));
#7058=CARTESIAN_POINT('',(27.3255315308626,-32.7170875944614,-54.0481412287674));
#7059=CARTESIAN_POINT('',(24.7751021431185,-31.8351821261747,-55.1304108065929));
#7060=CARTESIAN_POINT('',(23.4771376948864,-31.1319042526093,-55.7007033729209));
#7061=CARTESIAN_POINT('',(21.6136671243615,-29.7609551153447,-56.5543916012213));
#7062=CARTESIAN_POINT('',(20.9783731860391,-29.2114155773669,-56.8533931983314));
#7063=CARTESIAN_POINT('',(19.7061488710935,-27.9296263040957,-57.4728169274966));
#7064=CARTESIAN_POINT('',(19.0966104488679,-27.2025681961071,-57.7824419487623));
#7065=CARTESIAN_POINT('',(17.2002199247618,-24.6590713494926,-58.768672953689));
#7066=CARTESIAN_POINT('',(16.0592413679683,-22.6480163424669,-59.398641669409));
#7067=CARTESIAN_POINT('',(14.6834328980569,-20.1900433618383,-60.0889614807994));
#7068=CARTESIAN_POINT('',(14.4010682522223,-19.6834973475995,-60.226960440382));
#7069=CARTESIAN_POINT('',(13.8267993346524,-18.6618338015692,-60.4980182063018));
#7070=CARTESIAN_POINT('',(13.5348620088622,-18.1468533631566,-60.6309090559709));
#7071=CARTESIAN_POINT('',(12.6574889263433,-16.5943825897206,-61.0187969099303));
#7072=CARTESIAN_POINT('',(12.0727132952247,-15.5544640213634,-61.2616957159764));
#7073=CARTESIAN_POINT('',(11.2244370853087,-13.9742924691827,-61.6012569955121));
#7074=CARTESIAN_POINT('',(10.9473845657537,-13.4455382873898,-61.7100339070608));
#7075=CARTESIAN_POINT('',(10.420467894437,-12.403957094677,-61.914371438728));
#7076=CARTESIAN_POINT('',(10.1701763401019,-11.8922130728107,-62.010201762828));
#7077=CARTESIAN_POINT('',(9.53390454333811,-10.5251935680824,-62.2532770952743));
#7078=CARTESIAN_POINT('',(9.1611538293133,-9.65631103887353,-62.3947783086837));
#7079=CARTESIAN_POINT('',(8.44547672839538,-7.74430198937518,-62.6751032331806));
#7080=CARTESIAN_POINT('',(8.12106818333459,-6.69845767860023,-62.8092698713959));
#7081=CARTESIAN_POINT('',(7.58876187388251,-4.5367250699028,-63.0468951708274));
#7082=CARTESIAN_POINT('',(7.3861464589493,-3.44014269736165,-63.1474956078646));
#7083=CARTESIAN_POINT('',(7.1596656765121,-1.64962325456095,-63.2764942818284));
#7084=CARTESIAN_POINT('',(7.09700281378595,-0.973797392763412,-63.3172666453754));
#7085=CARTESIAN_POINT('',(7.00115199002002,0.656057035904543,-63.3985623428835));
#7086=CARTESIAN_POINT('',(6.98822371378597,1.60469561579508,-63.433237513587));
#7087=CARTESIAN_POINT('',(7.0272547238321,3.07516578720685,-63.4789008790807));
#7088=CARTESIAN_POINT('',(7.05217776145465,3.59235744675265,-63.4926282496219));
#7089=CARTESIAN_POINT('',(7.0882739319034,4.10922082307146,-63.5018270454221));
#7090=CARTESIAN_POINT('',(7.17228795451353,4.92405955774536,-63.5029320977072));
#7091=CARTESIAN_POINT('',(7.25630197712366,5.73889829241926,-63.5040371499923));
#7092=CARTESIAN_POINT('',(7.34031599973379,6.55373702709317,-63.5051422022775));
#7093=CARTESIAN_POINT('',(-7.3402065876072,6.55293138396748,-63.5051551268663));
#7094=CARTESIAN_POINT('',(-7.36078753105062,6.70447905664581,-63.5027247806869));
#7095=CARTESIAN_POINT('',(-7.38228297392586,6.85594445556844,-63.4998056626991));
#7096=CARTESIAN_POINT('',(-7.5319484002031,7.86695251613726,-63.4770818001346));
#7097=CARTESIAN_POINT('',(-7.68857717046686,8.71868611318219,-63.442353767072));
#7098=CARTESIAN_POINT('',(-8.16545037774348,10.9106740474821,-63.317504559612));
#7099=CARTESIAN_POINT('',(-8.52320420395613,12.2283708612304,-63.2085405607765));
#7100=CARTESIAN_POINT('',(-9.34124783508447,14.7736065175841,-62.939944385588));
#7101=CARTESIAN_POINT('',(-9.78945337375557,15.9886910957339,-62.7844416498985));
#7102=CARTESIAN_POINT('',(-10.7099923633943,18.2183953775018,-62.4496723263447));
#7103=CARTESIAN_POINT('',(-11.1664044886316,19.2301874206406,-62.2778805621821));
#7104=CARTESIAN_POINT('',(-12.4162158318308,21.7868561724667,-61.7919535597899));
#7105=CARTESIAN_POINT('',(-13.24381799018,23.2932495412861,-61.4560006979503));
#7106=CARTESIAN_POINT('',(-15.239941524684,26.5449910306594,-60.6120693003925));
#7107=CARTESIAN_POINT('',(-16.4719160109306,28.3091766224215,-60.0692941356836));
#7108=CARTESIAN_POINT('',(-18.5117754578452,30.5253582336053,-59.1998188206258));
#7109=CARTESIAN_POINT('',(-19.1811764627677,31.1666035433074,-58.9183708423366));
#7110=CARTESIAN_POINT('',(-20.524351410266,32.2462587965534,-58.3695650167512));
#7111=CARTESIAN_POINT('',(-21.1655648682181,32.6862970582972,-58.1136026054455));
#7112=CARTESIAN_POINT('',(-23.0031355645176,33.71074202161,-57.4022272056164));
#7113=CARTESIAN_POINT('',(-24.2373510422477,34.1652096574337,-56.9457704182789));
#7114=CARTESIAN_POINT('',(-26.0971874112264,34.5866779166625,-56.2678720357342));
#7115=CARTESIAN_POINT('',(-26.6844210781418,34.6832823831821,-56.0552553721337));
#7116=CARTESIAN_POINT('',(-27.8554447513064,34.8110277923441,-55.6319751601406));
#7117=CARTESIAN_POINT('',(-28.4315292414894,34.8433135415662,-55.4240590842918));
#7118=CARTESIAN_POINT('',(-30.1382317884246,34.8552939021233,-54.8070600179268));
#7119=CARTESIAN_POINT('',(-31.2754288855837,34.7543081588908,-54.3944821137994));
#7120=CARTESIAN_POINT('',(-32.9371763295223,34.4602644225773,-53.7855047465356));
#7121=CARTESIAN_POINT('',(-33.4827821236699,34.3391642344609,-53.5846191565685));
#7122=CARTESIAN_POINT('',(-34.5649999373374,34.0486984205933,-53.1845933422577));
#7123=CARTESIAN_POINT('',(-35.0970442700784,33.8806681309586,-52.9871622015925));
#7124=CARTESIAN_POINT('',(-37.7248977644338,32.9209338885481,-52.009350213467));
#7125=CARTESIAN_POINT('',(-39.6958072528986,31.7799244481895,-51.2656720279494));
#7126=CARTESIAN_POINT('',(-41.4343441188723,30.2977921519788,-50.6251017738947));
#7127=CARTESIAN_POINT('',(-43.1930600109279,28.7984568922604,-49.9770964840251));
#7128=CARTESIAN_POINT('',(-44.7020166683826,26.9624284674085,-49.4395821097974));
#7129=CARTESIAN_POINT('',(-46.539234846618,23.9094538363496,-48.8303756653794));
#7130=CARTESIAN_POINT('',(-47.0780743926576,22.8433974523602,-48.6612641066453));
#7131=CARTESIAN_POINT('',(-48.0141815366945,20.6044849143593,-48.3941969052197));
#7132=CARTESIAN_POINT('',(-48.3961079325851,19.4615255031702,-48.301915116588));
#7133=CARTESIAN_POINT('',(-49.3785680195658,15.9281700851893,-48.0897937604597));
#7134=CARTESIAN_POINT('',(-49.7922033094617,13.4945344191136,-48.0393478802676));
#7135=CARTESIAN_POINT('',(-50.5380813336591,8.61152602108574,-47.8104359571198));
#7136=CARTESIAN_POINT('',(-50.8817698746123,6.14906125043878,-47.6227280199355));
#7137=CARTESIAN_POINT('',(-51.2293076105679,2.41177490408636,-47.2962546622257));
#7138=CARTESIAN_POINT('',(-51.3168961369377,1.15479372208749,-47.1791434693868));
#7139=CARTESIAN_POINT('',(-51.4109015457504,-1.37522045103544,-46.9406011729358));
#7140=CARTESIAN_POINT('',(-51.4169115910392,-2.64153143299786,-46.8187872180839));
#7141=CARTESIAN_POINT('',(-51.2790344622182,-6.44491679862382,-46.4792865128887));
#7142=CARTESIAN_POINT('',(-50.9777581777737,-8.99307491992165,-46.2865474601595));
#7143=CARTESIAN_POINT('',(-49.7855882669636,-13.9505125266808,-46.1850092786837));
#7144=CARTESIAN_POINT('',(-48.9076762764135,-16.3463863523286,-46.2719441003108));
#7145=CARTESIAN_POINT('',(-47.2575034112823,-19.7492378069046,-46.6175741481608));
#7146=CARTESIAN_POINT('',(-46.6630004848168,-20.8341690176,-46.7653424166594));
#7147=CARTESIAN_POINT('',(-45.377959840468,-22.9280434003823,-47.1324770962456));
#7148=CARTESIAN_POINT('',(-44.7006049953756,-23.9214400892006,-47.3475990310332));
#7149=CARTESIAN_POINT('',(-43.2368906357259,-25.8153560626203,-47.8468091028914));
#7150=CARTESIAN_POINT('',(-42.4671284070571,-26.6975447934387,-48.1246335989173));
#7151=CARTESIAN_POINT('',(-40.8156021446358,-28.3356871086683,-48.7406417166656));
#7152=CARTESIAN_POINT('',(-39.9580282644134,-29.0725049765296,-49.0694341947799));
#7153=CARTESIAN_POINT('',(-38.1409482660076,-30.3916969269006,-49.7728046809474));
#7154=CARTESIAN_POINT('',(-37.183733331336,-30.9755478935209,-50.1459706956249));
#7155=CARTESIAN_POINT('',(-35.2126164485834,-31.9394051430738,-50.9136777192429));
#7156=CARTESIAN_POINT('',(-34.1778743271134,-32.3303198938977,-51.3161703343348));
#7157=CARTESIAN_POINT('',(-32.0255375928118,-32.8702159116754,-52.1570129734248));
#7158=CARTESIAN_POINT('',(-30.9058009566952,-33.0115383122707,-52.5960932743561));
#7159=CARTESIAN_POINT('',(-28.536474669496,-32.9519352995608,-53.5484239405456));
#7160=CARTESIAN_POINT('',(-27.3255315378834,-32.7170875944614,-54.0481412287674));
#7161=CARTESIAN_POINT('',(-24.7751021501392,-31.8351821261747,-55.1304108065929));
#7162=CARTESIAN_POINT('',(-23.4771377019071,-31.1319042526093,-55.7007033729209));
#7163=CARTESIAN_POINT('',(-21.6136671313822,-29.7609551153447,-56.5543916012213));
#7164=CARTESIAN_POINT('',(-20.9783731930599,-29.2114155773669,-56.8533931983314));
#7165=CARTESIAN_POINT('',(-19.7061488781142,-27.9296263040957,-57.4728169274966));
#7166=CARTESIAN_POINT('',(-19.0966104558886,-27.2025681961071,-57.7824419487623));
#7167=CARTESIAN_POINT('',(-17.2002199317826,-24.6590713494926,-58.768672953689));
#7168=CARTESIAN_POINT('',(-16.059241374989,-22.6480163424669,-59.398641669409));
#7169=CARTESIAN_POINT('',(-14.6834329050776,-20.1900433618383,-60.0889614807994));
#7170=CARTESIAN_POINT('',(-14.4010682592431,-19.6834973475995,-60.226960440382));
#7171=CARTESIAN_POINT('',(-13.8267993416732,-18.6618338015692,-60.4980182063018));
#7172=CARTESIAN_POINT('',(-13.5348620158829,-18.1468533631566,-60.6309090559709));
#7173=CARTESIAN_POINT('',(-12.657488933364,-16.5943825897206,-61.0187969099303));
#7174=CARTESIAN_POINT('',(-12.0727133022455,-15.5544640213634,-61.2616957159764));
#7175=CARTESIAN_POINT('',(-11.2244370923295,-13.9742924691827,-61.6012569955121));
#7176=CARTESIAN_POINT('',(-10.9473845727745,-13.4455382873898,-61.7100339070608));
#7177=CARTESIAN_POINT('',(-10.4204679014577,-12.403957094677,-61.914371438728));
#7178=CARTESIAN_POINT('',(-10.1701763471226,-11.8922130728107,-62.010201762828));
#7179=CARTESIAN_POINT('',(-9.53390455035885,-10.5251935680824,-62.2532770952743));
#7180=CARTESIAN_POINT('',(-9.16115383633404,-9.65631103887353,-62.3947783086837));
#7181=CARTESIAN_POINT('',(-8.44547673541612,-7.74430198937518,-62.6751032331806));
#7182=CARTESIAN_POINT('',(-8.12106819035533,-6.69845767860023,-62.8092698713959));
#7183=CARTESIAN_POINT('',(-7.58876188090325,-4.5367250699028,-63.0468951708274));
#7184=CARTESIAN_POINT('',(-7.38614646597004,-3.44014269736165,-63.1474956078646));
#7185=CARTESIAN_POINT('',(-7.15966568353284,-1.64962325456095,-63.2764942818284));
#7186=CARTESIAN_POINT('',(-7.0970028208067,-0.973797392763412,-63.3172666453754));
#7187=CARTESIAN_POINT('',(-7.00115199704076,0.656057035904543,-63.3985623428835));
#7188=CARTESIAN_POINT('',(-6.98822372080671,1.60469561579508,-63.433237513587));
#7189=CARTESIAN_POINT('',(-7.02724834244003,3.07492510754053,-63.478893405115));
#7190=CARTESIAN_POINT('',(-7.05215462776225,3.59187719089387,-63.4926155021022));
#7191=CARTESIAN_POINT('',(-7.08822366869144,4.10850089671279,-63.5018142297197));
#7192=CARTESIAN_POINT('',(-7.1722179749967,4.92331105913102,-63.5029278621019));
#7193=CARTESIAN_POINT('',(-7.25621228130195,5.73812122154925,-63.5040414944841));
#7194=CARTESIAN_POINT('',(-7.3402065876072,6.55293138396748,-63.5051551268663));
#7195=CARTESIAN_POINT('',(-6.91645776055936,8.39889488070169,63.5843090188971));
#7196=CARTESIAN_POINT('',(-7.80370122983977,8.26962099286128,63.5705277041875));
#7197=CARTESIAN_POINT('',(-8.6806696561881,8.10363056931938,63.5552851179744));
#7198=CARTESIAN_POINT('',(-10.7415839180724,7.59102667864473,63.5151591978161));
#7199=CARTESIAN_POINT('',(-11.9112543896854,7.19968357800109,63.4889191045153));
#7200=CARTESIAN_POINT('',(-13.6154073688041,6.39087135079997,63.4440645922985));
#7201=CARTESIAN_POINT('',(-14.1836332685595,6.07509029696933,63.4278290573592));
#7202=CARTESIAN_POINT('',(-15.2653622763951,5.35309361176407,63.3939596308797));
#7203=CARTESIAN_POINT('',(-15.7625172367445,4.95725102327284,63.3768980491476));
#7204=CARTESIAN_POINT('',(-16.717832935516,4.07869976093885,63.3406827386232));
#7205=CARTESIAN_POINT('',(-17.1636346826442,3.60618405039357,63.3219362470108));
#7206=CARTESIAN_POINT('',(-18.025842788201,2.58618206665982,63.2814581454423));
#7207=CARTESIAN_POINT('',(-18.4334912779724,2.04469813516316,63.2599453910099));
#7208=CARTESIAN_POINT('',(-19.6872796150584,0.235079718500562,63.184743791205));
#7209=CARTESIAN_POINT('',(-20.4507820135809,-1.10256189840193,63.1239345761187));
#7210=CARTESIAN_POINT('',(-21.592264343152,-3.24116674330453,63.0017951642621));
#7211=CARTESIAN_POINT('',(-22.0051809719365,-4.04883754097421,62.9502070549864));
#7212=CARTESIAN_POINT('',(-22.6422444121652,-5.30298892831673,62.8587747059323));
#7213=CARTESIAN_POINT('',(-22.8681368639082,-5.74861926217313,62.8240597221913));
#7214=CARTESIAN_POINT('',(-23.3353129605023,-6.67352205988119,62.7471352861085));
#7215=CARTESIAN_POINT('',(-23.5767718663503,-7.15259050535236,62.7045581282665));
#7216=CARTESIAN_POINT('',(-24.0664464656587,-8.14015833879143,62.6112722606144));
#7217=CARTESIAN_POINT('',(-24.3142304902547,-8.64848035915714,62.5602757853438));
#7218=CARTESIAN_POINT('',(-24.7897465297908,-9.68373805975944,62.4513279289994));
#7219=CARTESIAN_POINT('',(-25.0298255428727,-10.2390202376208,62.3900800414991));
#7220=CARTESIAN_POINT('',(-25.5853520197355,-11.7593151007245,62.2182538123119));
#7221=CARTESIAN_POINT('',(-25.8076343711248,-12.697077669577,62.1092892797069));
#7222=CARTESIAN_POINT('',(-25.8198652066045,-14.6432626574434,61.8893849167535));
#7223=CARTESIAN_POINT('',(-25.6697619499205,-15.5615949262974,61.7862841435598));
#7224=CARTESIAN_POINT('',(-25.3855912310375,-16.8444009478978,61.6331293054743));
#7225=CARTESIAN_POINT('',(-25.2807033422916,-17.2616400820425,61.5818880659894));
#7226=CARTESIAN_POINT('',(-25.0560700596814,-18.0877148115195,61.4769761689764));
#7227=CARTESIAN_POINT('',(-24.9361606157443,-18.4955497967187,61.423511741171));
#7228=CARTESIAN_POINT('',(-24.5576706314146,-19.7079725154582,61.259063781669));
#7229=CARTESIAN_POINT('',(-24.2815784772178,-20.5037709182265,61.1437425580659));
#7230=CARTESIAN_POINT('',(-23.6792454270928,-22.0714190555909,60.9006044832608));
#7231=CARTESIAN_POINT('',(-23.3547465520585,-22.8388894046898,60.7736251637602));
#7232=CARTESIAN_POINT('',(-22.6528642867677,-24.349173420621,60.5062285270823));
#7233=CARTESIAN_POINT('',(-22.2780619228843,-25.0874580912938,60.3666620920868));
#7234=CARTESIAN_POINT('',(-21.4764537747739,-26.531844665473,60.0741094151414));
#7235=CARTESIAN_POINT('',(-21.0534666675553,-27.2337077318646,59.9218650987202));
#7236=CARTESIAN_POINT('',(-20.1583009885247,-28.5987819713837,59.6101503267817));
#7237=CARTESIAN_POINT('',(-19.689669126113,-29.2574002953135,59.4519014534326));
#7238=CARTESIAN_POINT('',(-18.7010354218757,-30.5332096127696,59.1346166856048));
#7239=CARTESIAN_POINT('',(-18.1854870717154,-31.1457089479632,58.9768453711497));
#7240=CARTESIAN_POINT('',(-16.5554897444521,-32.9185783284585,58.5120407347751));
#7241=CARTESIAN_POINT('',(-15.3876273870223,-33.9840629451774,58.2214876286528));
#7242=CARTESIAN_POINT('',(-13.4523049550199,-35.4382136739604,57.842055790139));
#7243=CARTESIAN_POINT('',(-12.7881172302941,-35.8899719726907,57.7273565281774));
#7244=CARTESIAN_POINT('',(-11.3969474981405,-36.7430397321254,57.5236325613823));
#7245=CARTESIAN_POINT('',(-10.6775300864148,-37.1366346854675,57.437041749764));
#7246=CARTESIAN_POINT('',(-9.17416423115697,-37.8627018004995,57.2876830352694));
#7247=CARTESIAN_POINT('',(-8.40017093212514,-38.1882856163413,57.2265323381579));
#7248=CARTESIAN_POINT('',(-6.7970936775193,-38.7623053428256,57.1262501673645));
#7249=CARTESIAN_POINT('',(-5.980237978918,-39.0055498266137,57.0881188734881));
#7250=CARTESIAN_POINT('',(-4.30316859075191,-39.403057927331,57.0306779996246));
#7251=CARTESIAN_POINT('',(-3.45665540567557,-39.5527493223614,57.0121720043965));
#7252=CARTESIAN_POINT('',(-1.73283702461066,-39.7554463503938,56.9893328370851));
#7253=CARTESIAN_POINT('',(-0.870251919561578,-39.8063375381901,56.985249573648));
#7254=CARTESIAN_POINT('',(-0.000161410829209268,-39.8063988667858,56.9854567303426));
#7255=CARTESIAN_POINT('',(-0.000107615111047068,-39.8063988676873,56.9854567439734));
#7256=CARTESIAN_POINT('',(-5.38193857846459E-5,-39.8063988684032,56.9854567576178));
#7257=CARTESIAN_POINT('',(-3.51044025793188E-9,-39.8063988622726,56.985456773172));
#7258=CARTESIAN_POINT('',(5.38123649655789E-5,-39.8063988521699,56.9854567622393));
#7259=CARTESIAN_POINT('',(0.000107608090290692,-39.8063988479073,56.9854567496046));
#7260=CARTESIAN_POINT('',(0.000161403808517097,-39.8063988426854,56.9854567372037));
#7261=CARTESIAN_POINT('',(1.33855827232445,-39.8063045353197,56.9851380746203));
#7262=CARTESIAN_POINT('',(2.67705095843901,-39.684434338927,56.9951239695363));
#7263=CARTESIAN_POINT('',(5.29733254201151,-39.2072046886871,57.057225991901));
#7264=CARTESIAN_POINT('',(6.57696395357896,-38.8535216444574,57.109181943646));
#7265=CARTESIAN_POINT('',(8.43035364731373,-38.1695679332967,57.2305240773015));
#7266=CARTESIAN_POINT('',(9.03005314301939,-37.9193804053418,57.2775404139558));
#7267=CARTESIAN_POINT('',(10.2022329481291,-37.3735951343491,57.3874370506773));
#7268=CARTESIAN_POINT('',(10.7701667337288,-37.0814726004399,57.4494716414278));
#7269=CARTESIAN_POINT('',(12.4144886381056,-36.1533521195,57.6596148091805));
#7270=CARTESIAN_POINT('',(13.4592158204594,-35.4545769147559,57.8364701202059));
#7271=CARTESIAN_POINT('',(15.4180457940679,-33.930530822328,58.2373478793409));
#7272=CARTESIAN_POINT('',(16.3281189204594,-33.1094658034524,58.4593894787088));
#7273=CARTESIAN_POINT('',(18.0515190053207,-31.3244066235322,58.9314658045575));
#7274=CARTESIAN_POINT('',(18.8446411147,-30.3802757679159,59.1762586083152));
#7275=CARTESIAN_POINT('',(19.9581272772073,-28.8774372206283,59.5427150720162));
#7276=CARTESIAN_POINT('',(20.3149731590032,-28.3632067865906,59.6644008419539));
#7277=CARTESIAN_POINT('',(21.0029555822411,-27.3068227600991,59.9046294913699));
#7278=CARTESIAN_POINT('',(21.3324195956819,-26.7667529979665,60.0226101284364));
#7279=CARTESIAN_POINT('',(22.2853124580145,-25.1036329180437,60.368129071447));
#7280=CARTESIAN_POINT('',(22.856119895329,-23.9609552963574,60.5812820599895));
#7281=CARTESIAN_POINT('',(23.8802278391715,-21.6070426983815,60.9786895701822));
#7282=CARTESIAN_POINT('',(24.3269541449893,-20.4128417706896,61.1603928449348));
#7283=CARTESIAN_POINT('',(24.9237245382184,-18.5477569289247,61.4175506294812));
#7284=CARTESIAN_POINT('',(25.1134461574855,-17.9008955948014,61.5019452873897));
#7285=CARTESIAN_POINT('',(25.4464122795083,-16.6035065498567,61.6630616218486));
#7286=CARTESIAN_POINT('',(25.6000921658496,-15.9146820871159,61.744235240296));
#7287=CARTESIAN_POINT('',(25.8033567569723,-14.5450652213603,61.9011333352941));
#7288=CARTESIAN_POINT('',(25.8486871703003,-13.8443278357999,61.9793776644009));
#7289=CARTESIAN_POINT('',(25.712782036593,-12.3144313929407,62.1532237046463));
#7290=CARTESIAN_POINT('',(25.5099288508281,-11.5572370569752,62.2410652599596));
#7291=CARTESIAN_POINT('',(25.0848638672614,-10.3875388526524,62.3733123109795));
#7292=CARTESIAN_POINT('',(24.9174788114583,-9.98511319314771,62.418065883779));
#7293=CARTESIAN_POINT('',(24.548293100019,-9.15003324419633,62.5080743430238));
#7294=CARTESIAN_POINT('',(24.3451734646062,-8.71955466629147,62.5528477389302));
#7295=CARTESIAN_POINT('',(23.7735054438419,-7.53955045154977,62.6700649787464));
#7296=CARTESIAN_POINT('',(23.3964938070543,-6.79446809045494,62.7378562143167));
#7297=CARTESIAN_POINT('',(22.6815775367331,-5.38061577731527,62.8538405261672));
#7298=CARTESIAN_POINT('',(22.3439322607937,-4.71216510017133,62.9033020993051));
#7299=CARTESIAN_POINT('',(21.6940705415929,-3.44448442881061,62.9884187596324));
#7300=CARTESIAN_POINT('',(21.3828138099879,-2.84512921370397,63.024941150053));
#7301=CARTESIAN_POINT('',(20.505339438258,-1.21185485698551,63.1164664354105));
#7302=CARTESIAN_POINT('',(19.9090567569124,-0.1655526373067,63.1659616045019));
#7303=CARTESIAN_POINT('',(18.1534100748335,2.53123917672035,63.2824494345945));
#7304=CARTESIAN_POINT('',(16.8384187365596,4.17418884767269,63.3416154967822));
#7305=CARTESIAN_POINT('',(15.1662776344808,5.40447809697038,63.3967115294008));
#7306=CARTESIAN_POINT('',(14.2035740980363,6.11279380638492,63.4284320255835));
#7307=CARTESIAN_POINT('',(13.1526196412248,6.66009628968682,63.4576019518973));
#7308=CARTESIAN_POINT('',(11.0586633598873,7.48564879024714,63.5080380603654));
#7309=CARTESIAN_POINT('',(10.0312927428071,7.78579597534644,63.5296572441331));
#7310=CARTESIAN_POINT('',(8.30834188725516,8.17231845769486,63.5616774251172));
#7311=CARTESIAN_POINT('',(7.61505225081367,8.29725622223292,63.5734599420298));
#7312=CARTESIAN_POINT('',(6.91636837086869,8.39917401014531,63.5843100596356));
#7313=CARTESIAN_POINT('',(2.30542632705934,8.39908096699744,63.5843097127228));
#7314=CARTESIAN_POINT('',(-2.30551571675001,8.39898792384957,63.58430936581));
#7315=CARTESIAN_POINT('',(-6.91645776055936,8.39889488070169,63.5843090188971));
#7316=CARTESIAN_POINT('',(-78.1926876209172,7.66332731634516,-16.0627378639142));
#7317=CARTESIAN_POINT('',(-79.0907408655455,7.79824122621598,-14.2600874388564));
#7318=CARTESIAN_POINT('',(-79.967243337386,7.62947647432656,-12.403102904378));
#7319=CARTESIAN_POINT('',(-81.1630466897797,7.03760699194253,-9.69481630215364));
#7320=CARTESIAN_POINT('',(-81.5421193687021,6.78497596692767,-8.80523413186407));
#7321=CARTESIAN_POINT('',(-82.2667765940225,6.16975942530541,-7.0339843850523));
#7322=CARTESIAN_POINT('',(-82.6064765132505,5.81296507588754,-6.16668406641426));
#7323=CARTESIAN_POINT('',(-83.2422078772161,4.99512650843194,-4.45992036838642));
#7324=CARTESIAN_POINT('',(-83.5333315056821,4.5422332562121,-3.6346823222485));
#7325=CARTESIAN_POINT('',(-84.0665067112293,3.52878293518869,-2.02470449684461));
#7326=CARTESIAN_POINT('',(-84.3038838774931,2.97924514507399,-1.25511579389444));
#7327=CARTESIAN_POINT('',(-84.7242461807,1.77505838159066,0.230019599067063));
#7328=CARTESIAN_POINT('',(-84.9032120884829,1.13432208456685,0.930142043663131));
#7329=CARTESIAN_POINT('',(-85.2027856109691,-0.245768910917558,2.26265553961773));
#7330=CARTESIAN_POINT('',(-85.3204586919263,-0.96860996965928,2.88052760587597));
#7331=CARTESIAN_POINT('',(-85.4959642882843,-2.5022560516967,4.03784972217234));
#7332=CARTESIAN_POINT('',(-85.5521040608663,-3.29510170280691,4.5645240762221));
#7333=CARTESIAN_POINT('',(-85.6049691038621,-4.95065275962049,5.52764892614725));
#7334=CARTESIAN_POINT('',(-85.6014628635206,-5.79454280715556,5.95439988553059));
#7335=CARTESIAN_POINT('',(-85.5392805108641,-7.5342077159424,6.71069171516032));
#7336=CARTESIAN_POINT('',(-85.4818928663925,-8.41185600028042,7.03304470956729));
#7337=CARTESIAN_POINT('',(-85.3200651587795,-10.2023544555481,7.58024128226394));
#7338=CARTESIAN_POINT('',(-85.2175204632916,-11.098762582647,7.80111721583797));
#7339=CARTESIAN_POINT('',(-84.9733790918251,-12.9098213260585,8.14777109446605));
#7340=CARTESIAN_POINT('',(-84.8340935940412,-13.8104408009969,8.27259321905161));
#7341=CARTESIAN_POINT('',(-84.5228486074876,-15.620431856426,8.43708475818105));
#7342=CARTESIAN_POINT('',(-84.3529309506045,-16.5188632959007,8.47632856344121));
#7343=CARTESIAN_POINT('',(-83.9850863346224,-18.3164777672054,8.48258711826411));
#7344=CARTESIAN_POINT('',(-83.7889153231648,-19.2074967310948,8.45024113904782));
#7345=CARTESIAN_POINT('',(-83.3717273775781,-20.9825909928901,8.31868105393379));
#7346=CARTESIAN_POINT('',(-83.1525636060423,-21.8592443815988,8.21991856859204));
#7347=CARTESIAN_POINT('',(-82.4591905316872,-24.4687566867641,7.80178716216956));
#7348=CARTESIAN_POINT('',(-81.9566779536734,-26.1575696401053,7.36466149712064));
#7349=CARTESIAN_POINT('',(-81.2700422664052,-28.1740973911238,6.56151149098573));
#7350=CARTESIAN_POINT('',(-81.1310862174795,-28.5687627679197,6.38976938569293));
#7351=CARTESIAN_POINT('',(-80.848408749953,-29.3433568743851,6.02165191175243));
#7352=CARTESIAN_POINT('',(-80.705389592336,-29.7214539544014,5.82651506085035));
#7353=CARTESIAN_POINT('',(-80.2692737027425,-30.8314795256624,5.20393534105454));
#7354=CARTESIAN_POINT('',(-79.9727554891579,-31.5307779060901,4.7442373374877));
#7355=CARTESIAN_POINT('',(-79.5074723418396,-32.5403164287805,3.97992942567258));
#7356=CARTESIAN_POINT('',(-79.3490139052177,-32.86970751382,3.71268983641894));
#7357=CARTESIAN_POINT('',(-79.0260678515271,-33.5130111834509,3.15828805364448));
#7358=CARTESIAN_POINT('',(-78.862219368431,-33.8255487074911,2.8721709228787));
#7359=CARTESIAN_POINT('',(-78.3604513938506,-34.7430504165795,1.98750469092976));
#7360=CARTESIAN_POINT('',(-78.0170263840923,-35.3185571705202,1.37051230600375));
#7361=CARTESIAN_POINT('',(-76.9437795836253,-36.9748002870166,-0.558010806657014));
#7362=CARTESIAN_POINT('',(-76.1923885902827,-37.9491808966327,-1.90946732630631));
#7363=CARTESIAN_POINT('',(-74.9974511395956,-39.2915987492301,-3.9762865625241));
#7364=CARTESIAN_POINT('',(-74.5963417897006,-39.7106265283209,-4.65831740016306));
#7365=CARTESIAN_POINT('',(-73.7554264489805,-40.5308118727259,-6.05804622085802));
#7366=CARTESIAN_POINT('',(-73.3165046179999,-40.9274870657561,-6.77483125390638));
#7367=CARTESIAN_POINT('',(-72.4131076532336,-41.6699652870141,-8.23336265560772));
#7368=CARTESIAN_POINT('',(-71.9508775786983,-42.0134198661157,-8.97129933337919));
#7369=CARTESIAN_POINT('',(-71.0015706099529,-42.6377427742706,-10.4767226924222));
#7370=CARTESIAN_POINT('',(-70.5178384682558,-42.9155135453165,-11.2389375366177));
#7371=CARTESIAN_POINT('',(-69.0187232989277,-43.6470928063807,-13.5909265611397));
#7372=CARTESIAN_POINT('',(-68.0020526692834,-43.9712511471977,-15.1727973617214));
#7373=CARTESIAN_POINT('',(-66.4192037396444,-44.2239843903152,-17.6098156827475));
#7374=CARTESIAN_POINT('',(-65.884913774157,-44.2674594123293,-18.4278595150911));
#7375=CARTESIAN_POINT('',(-64.7989676206556,-44.2794602331943,-20.0765094757275));
#7376=CARTESIAN_POINT('',(-64.2516323978903,-44.2465554834229,-20.9007143822394));
#7377=CARTESIAN_POINT('',(-63.147501691349,-44.1026156116086,-22.5501579301415));
#7378=CARTESIAN_POINT('',(-62.5954928940663,-43.9910637395223,-23.3687358477299));
#7379=CARTESIAN_POINT('',(-61.4832558767539,-43.6774066519789,-25.0117143194049));
#7380=CARTESIAN_POINT('',(-60.9289007535648,-43.4754758221623,-25.8275142988614));
#7381=CARTESIAN_POINT('',(-59.8162383680233,-42.9591649865558,-27.4690672552864));
#7382=CARTESIAN_POINT('',(-59.2664292439499,-42.646539091049,-28.2821112382753));
#7383=CARTESIAN_POINT('',(-58.1917747548337,-41.8791485061914,-29.895965783438));
#7384=CARTESIAN_POINT('',(-57.662950207936,-41.4179242129863,-30.7029662474545));
#7385=CARTESIAN_POINT('',(-56.7097367396148,-40.3419664856242,-32.2220103236749));
#7386=CARTESIAN_POINT('',(-56.2933049583547,-39.7345485844042,-32.9239963827291));
#7387=CARTESIAN_POINT('',(-55.6034588417183,-38.3435825111755,-34.2133203189514));
#7388=CARTESIAN_POINT('',(-55.3324188921035,-37.6002775625085,-34.7833614208677));
#7389=CARTESIAN_POINT('',(-54.9379295656428,-36.070584317364,-35.7633990460747));
#7390=CARTESIAN_POINT('',(-54.8028760076471,-35.2923078383759,-36.1842122326847));
#7391=CARTESIAN_POINT('',(-54.6960563738131,-34.1119410116706,-36.7135680303691));
#7392=CARTESIAN_POINT('',(-54.6756072082072,-33.7327102378794,-36.8682720111052));
#7393=CARTESIAN_POINT('',(-54.6652255711108,-32.9810704724844,-37.1430052169628));
#7394=CARTESIAN_POINT('',(-54.6736321362214,-32.614171897533,-37.2628543531735));
#7395=CARTESIAN_POINT('',(-54.7807464604255,-30.9895009535929,-37.7230995422338));
#7396=CARTESIAN_POINT('',(-55.0361756662934,-29.8066885890115,-37.8810919338473));
#7397=CARTESIAN_POINT('',(-55.7218214941463,-28.0258540572736,-37.8416055725557));
#7398=CARTESIAN_POINT('',(-55.9716227459079,-27.4872491454144,-37.7903722018208));
#7399=CARTESIAN_POINT('',(-56.519284968303,-26.4238017374651,-37.6376647433085));
#7400=CARTESIAN_POINT('',(-56.8123881398239,-25.9080703884045,-37.5374064768418));
#7401=CARTESIAN_POINT('',(-57.4421839484387,-24.8313847072257,-37.3073343496631));
#7402=CARTESIAN_POINT('',(-57.7791491939751,-24.272982828661,-37.1759681649587));
#7403=CARTESIAN_POINT('',(-58.4919433411017,-23.040507116415,-36.9070520846275));
#7404=CARTESIAN_POINT('',(-58.8619279878291,-22.3637912729869,-36.774502438777));
#7405=CARTESIAN_POINT('',(-59.9573979135393,-20.2647396253894,-36.3944302984524));
#7406=CARTESIAN_POINT('',(-60.6392577031998,-18.8217776892951,-36.1756805267841));
#7407=CARTESIAN_POINT('',(-61.879699206835,-16.0524925074367,-35.7539947998139));
#7408=CARTESIAN_POINT('',(-62.4424727592388,-14.7323665722903,-35.5519531528026));
#7409=CARTESIAN_POINT('',(-63.2759376439627,-12.7453388064682,-35.2047113180883));
#7410=CARTESIAN_POINT('',(-63.5531274602936,-12.0788777160197,-35.0809629937889));
#7411=CARTESIAN_POINT('',(-64.1078780852199,-10.7438250762242,-34.8117843961843));
#7412=CARTESIAN_POINT('',(-64.3850066776175,-10.0758698167601,-34.6664949808407));
#7413=CARTESIAN_POINT('',(-64.9354681854086,-8.75857844742388,-34.351465655644));
#7414=CARTESIAN_POINT('',(-65.2087828881604,-8.11093985958298,-34.1818934328421));
#7415=CARTESIAN_POINT('',(-65.761744085205,-6.8428955740065,-33.8049766581945));
#7416=CARTESIAN_POINT('',(-66.0403928379972,-6.22514613248365,-33.5987690593358));
#7417=CARTESIAN_POINT('',(-66.611858882788,-4.9875384571671,-33.1432006013984));
#7418=CARTESIAN_POINT('',(-66.9028746666073,-4.36941892178943,-32.8948376764044));
#7419=CARTESIAN_POINT('',(-67.4768614178378,-3.1368342540377,-32.3748403237936));
#7420=CARTESIAN_POINT('',(-67.758234382632,-2.52258795032982,-32.104899698846));
#7421=CARTESIAN_POINT('',(-68.2036537806015,-1.56820478749632,-31.6490024852053));
#7422=CARTESIAN_POINT('',(-68.3668115896853,-1.22318125609764,-31.4760495499768));
#7423=CARTESIAN_POINT('',(-68.6994440493457,-0.536523097140286,-31.1110444281688));
#7424=CARTESIAN_POINT('',(-68.868588210015,-0.195981218878511,-30.9191452009895));
#7425=CARTESIAN_POINT('',(-69.3978865256718,0.833985035448952,-30.2991054530007));
#7426=CARTESIAN_POINT('',(-69.7627219125568,1.49501109674053,-29.8449252694111));
#7427=CARTESIAN_POINT('',(-70.5409315264467,2.79133613478841,-28.8223543874694));
#7428=CARTESIAN_POINT('',(-70.9735789130541,3.4544277855958,-28.2230313386156));
#7429=CARTESIAN_POINT('',(-71.6324187158273,4.2905360252055,-27.2716483109062));
#7430=CARTESIAN_POINT('',(-71.8614525459252,4.54910991559571,-26.9349170911057));
#7431=CARTESIAN_POINT('',(-72.3370252745922,4.9935856825011,-26.226874889343));
#7432=CARTESIAN_POINT('',(-72.5763435148879,5.17458235883065,-25.8666264554476));
#7433=CARTESIAN_POINT('',(-73.0709771266218,5.49007462134454,-25.1125903191305));
#7434=CARTESIAN_POINT('',(-73.3218352004381,5.62279726054554,-24.7251516281577));
#7435=CARTESIAN_POINT('',(-73.8115740223957,5.86525868672935,-23.9553881182501));
#7436=CARTESIAN_POINT('',(-74.049742866507,5.97512493609257,-23.5746955290502));
#7437=CARTESIAN_POINT('',(-74.5199386440097,6.19141729781019,-22.8084998619522));
#7438=CARTESIAN_POINT('',(-74.7517629713619,6.29813388619367,-22.4232760115613));
#7439=CARTESIAN_POINT('',(-75.20683988765,6.515747713025,-21.6508147384963));
#7440=CARTESIAN_POINT('',(-75.4302495015798,6.62543559014249,-21.2635522129356));
#7441=CARTESIAN_POINT('',(-76.5366162129335,7.16162677844374,-19.308243237902));
#7442=CARTESIAN_POINT('',(-77.3649513487776,7.53897707599571,-17.7242419581684));
#7443=CARTESIAN_POINT('',(-78.1926876209172,7.66332731634516,-16.0627378639142));
#7444=CARTESIAN_POINT('',(-52.7179501278027,-75.4372488201535,-4.15086896962476));
#7445=CARTESIAN_POINT('',(-52.6722291367605,-75.9174720925189,-3.3040418374953));
#7446=CARTESIAN_POINT('',(-52.5967389635202,-76.3994212032351,-2.46347511880579));
#7447=CARTESIAN_POINT('',(-52.360068466642,-77.3878998096063,-0.799757109987829));
#7448=CARTESIAN_POINT('',(-52.2004420455422,-77.8887461067446,0.0139235723316213));
#7449=CARTESIAN_POINT('',(-51.7614391864273,-78.9349875924309,1.60329420706986));
#7450=CARTESIAN_POINT('',(-51.4806085728023,-79.4808885687475,2.37854404785401));
#7451=CARTESIAN_POINT('',(-50.9440813988356,-80.3274482947203,3.44912654240428));
#7452=CARTESIAN_POINT('',(-50.74765567728,-80.6121825622375,3.78829275552253));
#7453=CARTESIAN_POINT('',(-50.3122634723396,-81.191227545884,4.42740831386821));
#7454=CARTESIAN_POINT('',(-50.077807720666,-81.4803061599183,4.72231080271979));
#7455=CARTESIAN_POINT('',(-49.3088333554408,-82.3612174107658,5.5417420309486));
#7456=CARTESIAN_POINT('',(-48.7170366691804,-82.9570008974157,5.99147419390386));
#7457=CARTESIAN_POINT('',(-47.4320148684465,-84.1303634199374,6.72762506683484));
#7458=CARTESIAN_POINT('',(-46.7534818703809,-84.6966476981477,7.01006584508701));
#7459=CARTESIAN_POINT('',(-45.3202815908084,-85.8106756732019,7.46327115412015));
#7460=CARTESIAN_POINT('',(-44.5857025542978,-86.343486916389,7.62895126798007));
#7461=CARTESIAN_POINT('',(-43.0713596450066,-87.3801198086981,7.87771718615534));
#7462=CARTESIAN_POINT('',(-42.3028464135076,-87.8765919036573,7.95958769884252));
#7463=CARTESIAN_POINT('',(-39.9714491615949,-89.3093059698496,8.11610041770007));
#7464=CARTESIAN_POINT('',(-38.3577997407779,-90.2034218456569,8.09886192385219));
#7465=CARTESIAN_POINT('',(-35.1132932812372,-91.8004711474473,7.71892313798377));
#7466=CARTESIAN_POINT('',(-33.4805269997361,-92.506594556698,7.35794911985089));
#7467=CARTESIAN_POINT('',(-30.2538331480505,-93.6853523595434,6.19190041344448));
#7468=CARTESIAN_POINT('',(-28.6763845860592,-94.1517960650887,5.39021583756922));
#7469=CARTESIAN_POINT('',(-25.6933832982964,-94.8153249541893,3.44088060668814));
#7470=CARTESIAN_POINT('',(-24.273788871684,-95.0130423659281,2.28381368147526));
#7471=CARTESIAN_POINT('',(-22.3492733589465,-95.0786020048103,0.340717011092028));
#7472=CARTESIAN_POINT('',(-21.7458025178579,-95.061619543042,-0.338716917968701));
#7473=CARTESIAN_POINT('',(-20.596028082989,-94.9510766516465,-1.77278547927174));
#7474=CARTESIAN_POINT('',(-20.0620533640699,-94.8581506716903,-2.51284227684595));
#7475=CARTESIAN_POINT('',(-18.5413149628002,-94.4694609678649,-4.82663196210079));
#7476=CARTESIAN_POINT('',(-17.6722884702375,-94.0662252505649,-6.44904267372638));
#7477=CARTESIAN_POINT('',(-16.5599867533867,-93.2849161647085,-8.91945635310973));
#7478=CARTESIAN_POINT('',(-16.2202146643837,-92.9928875227444,-9.75372946421449));
#7479=CARTESIAN_POINT('',(-15.593124030777,-92.3498104813185,-11.4394282877535));
#7480=CARTESIAN_POINT('',(-15.3091244444165,-92.0010324615045,-12.2835369394383));
#7481=CARTESIAN_POINT('',(-14.5190046512251,-90.8682323433059,-14.8418098485106));
#7482=CARTESIAN_POINT('',(-14.093544426768,-90.0200173824741,-16.5266294064714));
#7483=CARTESIAN_POINT('',(-13.5330205156576,-88.6589262636917,-18.9703699415058));
#7484=CARTESIAN_POINT('',(-13.3650636902868,-88.2108259949084,-19.7394678334722));
#7485=CARTESIAN_POINT('',(-13.0445590431173,-87.2807094286103,-21.2684971445723));
#7486=CARTESIAN_POINT('',(-12.8930767001696,-86.7994314672836,-22.0266089941396));
#7487=CARTESIAN_POINT('',(-12.4661772192898,-85.2964883636357,-24.2952100071864));
#7488=CARTESIAN_POINT('',(-12.2242024062988,-84.2333809565341,-25.7711931499821));
#7489=CARTESIAN_POINT('',(-11.9244183179516,-82.4613216846496,-28.0340291086396));
#7490=CARTESIAN_POINT('',(-11.8310400709663,-81.8015614436276,-28.8387317572879));
#7491=CARTESIAN_POINT('',(-11.6841380245048,-80.3992595450229,-30.468811311414));
#7492=CARTESIAN_POINT('',(-11.6343680387368,-79.6583039789126,-31.2876134004391));
#7493=CARTESIAN_POINT('',(-11.6031824355694,-77.3707382611316,-33.6809069519412));
#7494=CARTESIAN_POINT('',(-11.7366238634629,-75.7646332750135,-35.1888100361105));
#7495=CARTESIAN_POINT('',(-12.5014672016231,-72.6623670773138,-37.7459346776123));
#7496=CARTESIAN_POINT('',(-13.0510275895255,-71.218645339433,-38.8023906585097));
#7497=CARTESIAN_POINT('',(-13.9792361069702,-69.4333226640898,-39.9506103464682));
#7498=CARTESIAN_POINT('',(-14.1632464322415,-69.0998885329268,-40.1583224056451));
#7499=CARTESIAN_POINT('',(-14.5449339846273,-68.4458209734626,-40.5528145950244));
#7500=CARTESIAN_POINT('',(-14.741179637266,-68.1263703997192,-40.7393370844999));
#7501=CARTESIAN_POINT('',(-15.3361587711353,-67.2034065341992,-41.260813882863));
#7502=CARTESIAN_POINT('',(-15.754619433,-66.6084663950917,-41.575269324816));
#7503=CARTESIAN_POINT('',(-16.6228308633631,-65.4638681752648,-42.1404383272043));
#7504=CARTESIAN_POINT('',(-17.0648268556159,-64.9192224022658,-42.3911234631812));
#7505=CARTESIAN_POINT('',(-17.9697943735983,-63.869941742502,-42.8400404226171));
#7506=CARTESIAN_POINT('',(-18.426408479199,-63.3683793663604,-43.0389810501416));
#7507=CARTESIAN_POINT('',(-19.7881731592865,-61.9556694820328,-43.5534141518049));
#7508=CARTESIAN_POINT('',(-20.7521725535988,-61.0518882704718,-43.8256556142382));
#7509=CARTESIAN_POINT('',(-22.2406763870526,-59.8226558290925,-44.0990887226555));
#7510=CARTESIAN_POINT('',(-22.7324072313836,-59.4406111227485,-44.1682301812165));
#7511=CARTESIAN_POINT('',(-23.7361961639581,-58.7179708011729,-44.261504333209));
#7512=CARTESIAN_POINT('',(-24.2410705970892,-58.3809241391481,-44.2863382628396));
#7513=CARTESIAN_POINT('',(-25.7985179679255,-57.4369983236371,-44.2863487481535));
#7514=CARTESIAN_POINT('',(-26.8591232630078,-56.9217705096506,-44.1864781454135));
#7515=CARTESIAN_POINT('',(-28.5580999896897,-56.3396914075379,-43.8400493387236));
#7516=CARTESIAN_POINT('',(-29.1268943075243,-56.1831345119358,-43.6943764097872));
#7517=CARTESIAN_POINT('',(-30.3065840828826,-55.9370582124644,-43.329946185873));
#7518=CARTESIAN_POINT('',(-30.8982195426988,-55.8552035717561,-43.1142779109765));
#7519=CARTESIAN_POINT('',(-32.8249440050476,-55.7205710970994,-42.3042234891552));
#7520=CARTESIAN_POINT('',(-34.0873329471144,-55.8398789760517,-41.6036163654064));
#7521=CARTESIAN_POINT('',(-35.9929264332779,-56.3316345184293,-40.2758376001229));
#7522=CARTESIAN_POINT('',(-36.6730681561376,-56.5916743601382,-39.7294663215652));
#7523=CARTESIAN_POINT('',(-37.666221640062,-57.0756523824098,-38.8322198498947));
#7524=CARTESIAN_POINT('',(-37.999139909147,-57.2582706425514,-38.5119220726203));
#7525=CARTESIAN_POINT('',(-38.6558834027164,-57.6518972433032,-37.8453219829064));
#7526=CARTESIAN_POINT('',(-38.9768922579747,-57.8626048357154,-37.5004533685053));
#7527=CARTESIAN_POINT('',(-39.9301665703597,-58.5304889430236,-36.4269417868849));
#7528=CARTESIAN_POINT('',(-40.5245952486196,-59.0077365176053,-35.6866448053873));
#7529=CARTESIAN_POINT('',(-41.6357906831982,-59.9470109818659,-34.2129287877035));
#7530=CARTESIAN_POINT('',(-42.1521785397703,-60.4069904759898,-33.4844341102919));
#7531=CARTESIAN_POINT('',(-43.5594372164912,-61.6397907813246,-31.4420683008999));
#7532=CARTESIAN_POINT('',(-44.4358644613381,-62.38223548423,-30.1071283343316));
#7533=CARTESIAN_POINT('',(-46.1248579374252,-63.8252743701554,-27.3580118778163));
#7534=CARTESIAN_POINT('',(-46.93285474782,-64.5223312997646,-25.9504472363766));
#7535=CARTESIAN_POINT('',(-48.5283609525115,-65.9852634450618,-22.9050769812148));
#7536=CARTESIAN_POINT('',(-49.2977186463481,-66.7439291155242,-21.2715721429519));
#7537=CARTESIAN_POINT('',(-50.3142320282588,-67.9150484983372,-18.7596917460507));
#7538=CARTESIAN_POINT('',(-50.6288604848922,-68.3092688522523,-17.9152806301356));
#7539=CARTESIAN_POINT('',(-51.2021259216183,-69.1154713417698,-16.2095612090676));
#7540=CARTESIAN_POINT('',(-51.4593559627404,-69.5254974639474,-15.3523482111636));
#7541=CARTESIAN_POINT('',(-51.9068043966455,-70.3698940352081,-13.6264496993859));
#7542=CARTESIAN_POINT('',(-52.095921526434,-70.8013517199381,-12.7631915040751));
#7543=CARTESIAN_POINT('',(-52.4051297701374,-71.6877013494137,-11.0290727954864));
#7544=CARTESIAN_POINT('',(-52.5242304139656,-72.1395690751114,-10.1640532322139));
#7545=CARTESIAN_POINT('',(-52.7789200761262,-73.5232914355783,-7.5664236798396));
#7546=CARTESIAN_POINT('',(-52.8102602377864,-74.4676840299286,-5.86060237482958));
#7547=CARTESIAN_POINT('',(-52.7179501278027,-75.4372488201535,-4.15086896962476));
#7548=CARTESIAN_POINT('',(-40.7685937480776,-55.5906683779073,49.4419398676588));
#7549=CARTESIAN_POINT('',(-39.7692790750031,-55.1758050407107,49.9844442981875));
#7550=CARTESIAN_POINT('',(-38.6835808661964,-54.9572824159286,50.4225119544217));
#7551=CARTESIAN_POINT('',(-36.5417724799512,-54.7843784604296,51.0549330862925));
#7552=CARTESIAN_POINT('',(-35.5183906954469,-54.800522911497,51.2683929885092));
#7553=CARTESIAN_POINT('',(-33.5312822723374,-54.9523832218815,51.5533372083403));
#7554=CARTESIAN_POINT('',(-32.5741463025533,-55.0813809626636,51.6321915567988));
#7555=CARTESIAN_POINT('',(-30.6664417062059,-55.4173870821075,51.7083290891759));
#7556=CARTESIAN_POINT('',(-29.7329558721926,-55.6203280309222,51.7062912694237));
#7557=CARTESIAN_POINT('',(-28.2894330737594,-55.9872005200572,51.6628193946833));
#7558=CARTESIAN_POINT('',(-27.7793135121506,-56.127316624396,51.6394502679472));
#7559=CARTESIAN_POINT('',(-26.7544580126133,-56.4280558212666,51.580322986152));
#7560=CARTESIAN_POINT('',(-26.2409571524837,-56.5887154631279,51.5443955043755));
#7561=CARTESIAN_POINT('',(-25.2061576334298,-56.9302001677369,51.4628498163345));
#7562=CARTESIAN_POINT('',(-24.6858113634327,-57.1111389418742,51.4170795428225));
#7563=CARTESIAN_POINT('',(-23.6339353563935,-57.4928931403987,51.3180460210778));
#7564=CARTESIAN_POINT('',(-23.1031649752677,-57.6939816295267,51.2646337268725));
#7565=CARTESIAN_POINT('',(-22.0261073913851,-58.1153960803089,51.1522242595865));
#7566=CARTESIAN_POINT('',(-21.4802593119794,-58.3357638453872,51.0931990419137));
#7567=CARTESIAN_POINT('',(-20.4458081543768,-58.7650653728156,50.9790972493817));
#7568=CARTESIAN_POINT('',(-19.9566943166539,-58.9721984753387,50.9244222378768));
#7569=CARTESIAN_POINT('',(-18.5918345049174,-59.5694056860002,50.7685888441431));
#7570=CARTESIAN_POINT('',(-17.7249691684497,-59.9730368690794,50.6653480554242));
#7571=CARTESIAN_POINT('',(-15.6538947990626,-61.0536756844122,50.3891393010393));
#7572=CARTESIAN_POINT('',(-14.4741299116541,-61.7699072590255,50.2062867135944));
#7573=CARTESIAN_POINT('',(-12.152253053201,-63.5907081204839,49.7266061807617));
#7574=CARTESIAN_POINT('',(-11.1391861189761,-64.6637784566596,49.4368474532419));
#7575=CARTESIAN_POINT('',(-9.79705664843398,-66.6387639377959,48.876117687349));
#7576=CARTESIAN_POINT('',(-9.39462720478975,-67.3510431282748,48.6693686246682));
#7577=CARTESIAN_POINT('',(-8.70402781589953,-68.831994807468,48.2257440957928));
#7578=CARTESIAN_POINT('',(-8.42519577574981,-69.5779564173603,47.9959045139342));
#7579=CARTESIAN_POINT('',(-8.00807617829868,-71.0318424606754,47.5300843643713));
#7580=CARTESIAN_POINT('',(-7.86267033756437,-71.7174263895408,47.3031994899623));
#7581=CARTESIAN_POINT('',(-7.67351211705975,-73.1115028488029,46.8223434158529));
#7582=CARTESIAN_POINT('',(-7.63351969480952,-73.8025868191947,46.5743238401616));
#7583=CARTESIAN_POINT('',(-7.6602979517125,-76.1919417129835,45.6751262775447));
#7584=CARTESIAN_POINT('',(-7.96285794111297,-77.8549253876777,44.9745287861281));
#7585=CARTESIAN_POINT('',(-8.60004181022687,-80.2293387865368,43.8301641752785));
#7586=CARTESIAN_POINT('',(-8.84631570002792,-81.0075176554438,43.4299889804251));
#7587=CARTESIAN_POINT('',(-9.36714950836496,-82.5257066071097,42.5960464603676));
#7588=CARTESIAN_POINT('',(-9.63924041500474,-83.2622114335777,42.1650388066627));
#7589=CARTESIAN_POINT('',(-10.1942412059472,-84.6798279314143,41.2807465322376));
#7590=CARTESIAN_POINT('',(-10.4770139853062,-85.3582555953357,40.8308815091027));
#7591=CARTESIAN_POINT('',(-11.0772721919829,-86.7006775430934,39.8866880305617));
#7592=CARTESIAN_POINT('',(-11.3942062519151,-87.3601888898607,39.3937864251672));
#7593=CARTESIAN_POINT('',(-12.0679203525492,-88.6501950170559,38.3630606399667));
#7594=CARTESIAN_POINT('',(-12.4229516439613,-89.2757440085233,37.8280798363711));
#7595=CARTESIAN_POINT('',(-13.1749486648455,-90.4831107068025,36.7147312336466));
#7596=CARTESIAN_POINT('',(-13.5690801439886,-91.0594500919292,36.1406974375601));
#7597=CARTESIAN_POINT('',(-14.8647186652325,-92.7700428750229,34.2844573372032));
#7598=CARTESIAN_POINT('',(-15.8289233804142,-93.7881121866238,32.9454211627904));
#7599=CARTESIAN_POINT('',(-17.379159146819,-95.0429135067871,30.8333524728522));
#7600=CARTESIAN_POINT('',(-17.9112070464695,-95.4134749601087,30.1150639697129));
#7601=CARTESIAN_POINT('',(-19.0111212330809,-96.0593002220351,28.6375658428241));
#7602=CARTESIAN_POINT('',(-19.5696578214873,-96.3291970644086,27.8896659091202));
#7603=CARTESIAN_POINT('',(-20.7363338193732,-96.7562527897454,26.3660522572539));
#7604=CARTESIAN_POINT('',(-21.3322318680683,-96.9084765623465,25.6052683708288));
#7605=CARTESIAN_POINT('',(-22.59464567396,-97.0821182820018,24.0832709030904));
#7606=CARTESIAN_POINT('',(-23.2436993878807,-97.1001480620449,23.3430537996712));
#7607=CARTESIAN_POINT('',(-24.6413764677726,-96.9917269789948,21.9111730310002));
#7608=CARTESIAN_POINT('',(-25.3621596125191,-96.8667603663603,21.2482619352688));
#7609=CARTESIAN_POINT('',(-26.5133885539984,-96.5794619331179,20.356386714083));
#7610=CARTESIAN_POINT('',(-26.8904179846949,-96.4731761437292,20.0869833322277));
#7611=CARTESIAN_POINT('',(-27.6629716564836,-96.2353911480539,19.5780035056607));
#7612=CARTESIAN_POINT('',(-28.0546592005029,-96.1050497061153,19.3410417497249));
#7613=CARTESIAN_POINT('',(-29.2852490001635,-95.6712323729562,18.6539180319929));
#7614=CARTESIAN_POINT('',(-30.1277252408647,-95.3412394539565,18.2634212591843));
#7615=CARTESIAN_POINT('',(-31.8646569037277,-94.6156181215937,17.5903484626291));
#7616=CARTESIAN_POINT('',(-32.7388521802429,-94.2276801486619,17.3162135119916));
#7617=CARTESIAN_POINT('',(-35.3865248813061,-92.9979186904774,16.6498000061802));
#7618=CARTESIAN_POINT('',(-37.1741708392766,-92.0957040088317,16.4157113089675));
#7619=CARTESIAN_POINT('',(-39.7989676427901,-90.6730629618444,16.3531651294306));
#7620=CARTESIAN_POINT('',(-40.6629892579765,-90.1879824186555,16.3802829975116));
#7621=CARTESIAN_POINT('',(-42.3759641664156,-89.1890892685829,16.521761326702));
#7622=CARTESIAN_POINT('',(-43.2155996851358,-88.6808292620962,16.6349754429202));
#7623=CARTESIAN_POINT('',(-44.8690639062354,-87.6364022732539,16.940452764291));
#7624=CARTESIAN_POINT('',(-45.6740128388421,-87.1062429488172,17.1300367610054));
#7625=CARTESIAN_POINT('',(-47.244385682442,-86.0181830043733,17.6192955240158));
#7626=CARTESIAN_POINT('',(-47.9950761100819,-85.4711697127693,17.913049136025));
#7627=CARTESIAN_POINT('',(-49.4403316857727,-84.3411091664284,18.6625899182901));
#7628=CARTESIAN_POINT('',(-50.1288035026248,-83.760903224328,19.1220352372134));
#7629=CARTESIAN_POINT('',(-51.0335225491833,-82.8966604339015,19.9598261267865));
#7630=CARTESIAN_POINT('',(-51.3124918217573,-82.6105160690654,20.2630487557666));
#7631=CARTESIAN_POINT('',(-51.8213355732575,-82.0353114384286,20.9306689026165));
#7632=CARTESIAN_POINT('',(-52.0437117701475,-81.7539661904136,21.2867826264569));
#7633=CARTESIAN_POINT('',(-52.4373932457086,-81.1843331519326,22.0460494599839));
#7634=CARTESIAN_POINT('',(-52.6043252681321,-80.9021542159993,22.4410236969791));
#7635=CARTESIAN_POINT('',(-52.8889445212042,-80.3302964273876,23.2591150513471));
#7636=CARTESIAN_POINT('',(-53.0038548300457,-80.045009660244,23.6763908993663));
#7637=CARTESIAN_POINT('',(-53.1894729174751,-79.4642071831839,24.5269065638939));
#7638=CARTESIAN_POINT('',(-53.2589810355719,-79.1715217399418,24.9556935985011));
#7639=CARTESIAN_POINT('',(-53.3603233910498,-78.5741270965351,25.8183141024156));
#7640=CARTESIAN_POINT('',(-53.3914152846581,-78.2715923000898,26.2491480216434));
#7641=CARTESIAN_POINT('',(-53.4385509451519,-77.3428531779955,27.5392961640151));
#7642=CARTESIAN_POINT('',(-53.4072327733585,-76.7067081032573,28.3808183902429));
#7643=CARTESIAN_POINT('',(-53.2873968367668,-75.385900218693,29.9908256764241));
#7644=CARTESIAN_POINT('',(-53.1996706248976,-74.7123074264528,30.7529227192676));
#7645=CARTESIAN_POINT('',(-52.843910564689,-72.6342383457931,32.985414590428));
#7646=CARTESIAN_POINT('',(-52.4750119904222,-71.1618057961289,34.4172866640093));
#7647=CARTESIAN_POINT('',(-51.6953277128213,-69.0804119013794,36.4371114934));
#7648=CARTESIAN_POINT('',(-51.409034587965,-68.4287176201635,37.0710793510074));
#7649=CARTESIAN_POINT('',(-50.7545971725947,-67.1294077521361,38.3453525311927));
#7650=CARTESIAN_POINT('',(-50.387829330116,-66.4866957255806,38.9803351856589));
#7651=CARTESIAN_POINT('',(-49.6057214549991,-65.2187222005822,40.2283057753861));
#7652=CARTESIAN_POINT('',(-49.1921226269912,-64.596393951207,40.8389349617286));
#7653=CARTESIAN_POINT('',(-48.3438426836228,-63.3670711976445,42.0275397932498));
#7654=CARTESIAN_POINT('',(-47.9107302872975,-62.7611060344166,42.6048409835933));
#7655=CARTESIAN_POINT('',(-47.2563969718952,-61.8544811169663,43.4489875803574));
#7656=CARTESIAN_POINT('',(-47.040947762106,-61.5569900425665,43.7228088318345));
#7657=CARTESIAN_POINT('',(-46.5623425743528,-60.900426308893,44.3201306812342));
#7658=CARTESIAN_POINT('',(-46.2976350366532,-60.5418980688844,44.6426287613784));
#7659=CARTESIAN_POINT('',(-45.5101144088393,-59.5111515824827,45.5673856731959));
#7660=CARTESIAN_POINT('',(-44.9717331652271,-58.8481292129245,46.1590546061962));
#7661=CARTESIAN_POINT('',(-43.8361119981947,-57.6481720984024,47.2642679524798));
#7662=CARTESIAN_POINT('',(-43.2613451296177,-57.1148449702143,47.769922432236));
#7663=CARTESIAN_POINT('',(-42.0436987656683,-56.2244732962171,48.6821556510335));
#7664=CARTESIAN_POINT('',(-41.4449737491622,-55.8714660805965,49.0747490746122));
#7665=CARTESIAN_POINT('',(-40.7685937480776,-55.5906683779073,49.4419398676588));
#7666=CARTESIAN_POINT('',(-16.1352021361331,28.2146693364069,63.0344807042422));
#7667=CARTESIAN_POINT('',(-16.5115596494699,27.5537423463014,63.0418362999775));
#7668=CARTESIAN_POINT('',(-16.8960368195137,26.898842706307,63.0478110663297));
#7669=CARTESIAN_POINT('',(-17.7121747174262,25.6501927927096,63.0539626449918));
#7670=CARTESIAN_POINT('',(-18.137393417933,25.0622707270207,63.0543111977568));
#7671=CARTESIAN_POINT('',(-19.6109170242055,23.314784626023,63.0430283605763));
#7672=CARTESIAN_POINT('',(-20.7403365168429,22.3569533316054,63.0182425268645));
#7673=CARTESIAN_POINT('',(-22.9183982239629,21.1202484955656,62.9396407907301));
#7674=CARTESIAN_POINT('',(-23.7725560887484,20.7552576381446,62.9026741582409));
#7675=CARTESIAN_POINT('',(-25.2017725899529,20.2777910399286,62.8308386347896));
#7676=CARTESIAN_POINT('',(-25.7402983979112,20.1255845606396,62.8016437951591));
#7677=CARTESIAN_POINT('',(-26.9026959015034,19.8382774456679,62.734053077462));
#7678=CARTESIAN_POINT('',(-27.5240324679789,19.7094475978098,62.695195550283));
#7679=CARTESIAN_POINT('',(-29.6205533169149,19.3342454326647,62.5544415544491));
#7680=CARTESIAN_POINT('',(-31.130848061016,19.162131585044,62.4369171048564));
#7681=CARTESIAN_POINT('',(-34.3301806765339,18.9242560635114,62.1461443779525));
#7682=CARTESIAN_POINT('',(-36.0857683815137,18.8746722300193,61.960203561358));
#7683=CARTESIAN_POINT('',(-38.6922654111924,18.8975627354842,61.6313938849872));
#7684=CARTESIAN_POINT('',(-39.585091363559,18.9231121928905,61.5092689960915));
#7685=CARTESIAN_POINT('',(-41.364680881252,19.0125107257471,61.2432182746409));
#7686=CARTESIAN_POINT('',(-42.2484060864998,19.0763178092846,61.0998473675901));
#7687=CARTESIAN_POINT('',(-43.9951579352122,19.2597285840214,60.7890953502143));
#7688=CARTESIAN_POINT('',(-44.8527018781923,19.3776333120521,60.6231837239674));
#7689=CARTESIAN_POINT('',(-46.5449458699411,19.6950847198413,60.2628087233786));
#7690=CARTESIAN_POINT('',(-47.3684549297423,19.8916623076456,60.0707461030585));
#7691=CARTESIAN_POINT('',(-49.0015342642531,20.4030334715516,59.6362470658432));
#7692=CARTESIAN_POINT('',(-49.7891414139184,20.713163959265,59.399100784048));
#7693=CARTESIAN_POINT('',(-50.9391032687149,21.291004322247,59.0005632943303));
#7694=CARTESIAN_POINT('',(-51.3156229076183,21.5026072460337,58.8606799008248));
#7695=CARTESIAN_POINT('',(-52.0560572530538,21.9654047574458,58.5657307104094));
#7696=CARTESIAN_POINT('',(-52.4156021923266,22.2147418361642,58.4119817388263));
#7697=CARTESIAN_POINT('',(-53.49147707532,23.0366446701311,57.9189879582966));
#7698=CARTESIAN_POINT('',(-54.1468733411454,23.6466756368366,57.5710437798403));
#7699=CARTESIAN_POINT('',(-55.3988040923057,25.0204700691111,56.8126434206514));
#7700=CARTESIAN_POINT('',(-55.9676759661623,25.7680013985212,56.4125206006439));
#7701=CARTESIAN_POINT('',(-56.773984401684,27.00702828688,55.7668336740155));
#7702=CARTESIAN_POINT('',(-57.0442690438044,27.4627162077997,55.532719578644));
#7703=CARTESIAN_POINT('',(-57.5580196971304,28.408508740248,55.0539854926685));
#7704=CARTESIAN_POINT('',(-57.7989785311488,28.8961545043685,54.8107135650384));
#7705=CARTESIAN_POINT('',(-58.4860459077308,30.4200063179219,54.0622825925373));
#7706=CARTESIAN_POINT('',(-58.8732041275869,31.4905363382166,53.5555307044467));
#7707=CARTESIAN_POINT('',(-59.4400133615694,33.7303773595683,52.6026640785513));
#7708=CARTESIAN_POINT('',(-59.6182740035908,34.9141158457096,52.1526808709924));
#7709=CARTESIAN_POINT('',(-59.6466189350316,36.7388494653389,51.6125245819784));
#7710=CARTESIAN_POINT('',(-59.6161172929073,37.3460353384306,51.4577948045373));
#7711=CARTESIAN_POINT('',(-59.4647539365043,38.5751145990097,51.2050234117697));
#7712=CARTESIAN_POINT('',(-59.3465348198113,39.1768335689674,51.1111476955427));
#7713=CARTESIAN_POINT('',(-59.0350700274346,40.3766619245106,50.974736025402));
#7714=CARTESIAN_POINT('',(-58.8470305923696,40.9597201329323,50.9329473939906));
#7715=CARTESIAN_POINT('',(-58.4184344535042,42.1100374022979,50.8869187808598));
#7716=CARTESIAN_POINT('',(-58.1811796156516,42.6685181659218,50.8831206191783));
#7717=CARTESIAN_POINT('',(-57.6690923514261,43.7640917503498,50.9031917016004));
#7718=CARTESIAN_POINT('',(-57.3968090664135,44.2963159557691,50.9268900952049));
#7719=CARTESIAN_POINT('',(-56.8928989908212,45.219691018088,50.9844155860112));
#7720=CARTESIAN_POINT('',(-56.6683094224718,45.6122861082462,51.0142370945926));
#7721=CARTESIAN_POINT('',(-55.9964042191661,46.7415182187982,51.1121662214517));
#7722=CARTESIAN_POINT('',(-55.5340760960117,47.4653772406471,51.1894532898448));
#7723=CARTESIAN_POINT('',(-54.5911420093103,48.8688093970146,51.3550443896438));
#7724=CARTESIAN_POINT('',(-54.1122165934352,49.5459496908182,51.4436921002085));
#7725=CARTESIAN_POINT('',(-53.355774033795,50.5691976785804,51.5874989098159));
#7726=CARTESIAN_POINT('',(-53.0887284684052,50.9220040624437,51.6389820569431));
#7727=CARTESIAN_POINT('',(-52.553487960163,51.613737816464,51.7430730491506));
#7728=CARTESIAN_POINT('',(-52.2856312613904,51.9526214794784,51.7955773956495));
#7729=CARTESIAN_POINT('',(-51.4929609059771,52.9362065446612,51.9513011361302));
#7730=CARTESIAN_POINT('',(-50.9601536042817,53.5732337693511,52.0564096208947));
#7731=CARTESIAN_POINT('',(-49.8510176301113,54.8598372715639,52.2717279327572));
#7732=CARTESIAN_POINT('',(-49.2450714021477,55.5443443530786,52.3863640889732));
#7733=CARTESIAN_POINT('',(-48.074072955199,56.8166408222637,52.6036773985588));
#7734=CARTESIAN_POINT('',(-47.4790654096515,57.4375874817987,52.7125958464564));
#7735=CARTESIAN_POINT('',(-45.726266146592,59.1534497175078,53.0383814330369));
#7736=CARTESIAN_POINT('',(-44.518285488572,60.2029469698068,53.2689269105997));
#7737=CARTESIAN_POINT('',(-42.6050298431463,61.5312637310135,53.6754215936703));
#7738=CARTESIAN_POINT('',(-41.9795729229925,61.9192133333884,53.8142004937486));
#7739=CARTESIAN_POINT('',(-40.6820705316702,62.6241746542951,54.1140647607115));
#7740=CARTESIAN_POINT('',(-40.0204721234082,62.9363220509187,54.2723477973169));
#7741=CARTESIAN_POINT('',(-38.0010705162421,63.7571873782741,54.7649932313192));
#7742=CARTESIAN_POINT('',(-36.6084516614254,64.1530691902799,55.1168177833492));
#7743=CARTESIAN_POINT('',(-33.7350535159369,64.6518900772039,55.859750777449));
#7744=CARTESIAN_POINT('',(-32.2718695396464,64.7425882698635,56.2485114842483));
#7745=CARTESIAN_POINT('',(-29.2095831680692,64.5966919112605,57.0860931497152));
#7746=CARTESIAN_POINT('',(-27.6418908075265,64.3350779296817,57.5255909941626));
#7747=CARTESIAN_POINT('',(-25.708097184276,63.7806276548774,58.0647133504711));
#7748=CARTESIAN_POINT('',(-25.3099180408051,63.6535379883316,58.1755583054695));
#7749=CARTESIAN_POINT('',(-24.5123205596312,63.3728896606286,58.3968784961772));
#7750=CARTESIAN_POINT('',(-24.1147205861701,63.2194295320141,58.5068592074644));
#7751=CARTESIAN_POINT('',(-22.9138779524769,62.7151933346834,58.8372506677711));
#7752=CARTESIAN_POINT('',(-22.1321456847387,62.3314156031935,59.0496870969272));
#7753=CARTESIAN_POINT('',(-20.5487060739215,61.4254783023978,59.4760207326661));
#7754=CARTESIAN_POINT('',(-19.7681705699465,60.9055782752412,59.6839969560984));
#7755=CARTESIAN_POINT('',(-18.641998630672,60.0194281668548,59.9857790364215));
#7756=CARTESIAN_POINT('',(-18.2756687093112,59.7065481740496,60.084273227532));
#7757=CARTESIAN_POINT('',(-17.5635055031114,59.0399213889574,60.2782642424613));
#7758=CARTESIAN_POINT('',(-17.2217574716636,58.6890242847914,60.3726984340796));
#7759=CARTESIAN_POINT('',(-16.2140117201142,57.54536625799,60.6580845962302));
#7760=CARTESIAN_POINT('',(-15.642825168895,56.7342608840101,60.8322199803331));
#7761=CARTESIAN_POINT('',(-14.8993122098033,55.3520338525078,61.0914478761508));
#7762=CARTESIAN_POINT('',(-14.6756298677483,54.8708825499506,61.1755011770834));
#7763=CARTESIAN_POINT('',(-14.2665078464641,53.8708242612955,61.3392283603678));
#7764=CARTESIAN_POINT('',(-14.0849745761623,53.3569577984984,61.4177901449999));
#7765=CARTESIAN_POINT('',(-13.589891038468,51.7668429580577,61.6461901412043));
#7766=CARTESIAN_POINT('',(-13.342469275378,50.683102709018,61.7821377607952));
#7767=CARTESIAN_POINT('',(-13.0282904178994,49.0250832088752,61.9683750426454));
#7768=CARTESIAN_POINT('',(-12.9335477931751,48.4653654004303,62.0275374601928));
#7769=CARTESIAN_POINT('',(-12.7608636774527,47.3680356310268,62.1373292934949));
#7770=CARTESIAN_POINT('',(-12.6814679485877,46.8311678835782,62.1882042307166));
#7771=CARTESIAN_POINT('',(-12.5386346561653,45.7989263023054,62.2810608042137));
#7772=CARTESIAN_POINT('',(-12.4752662151154,45.3039158171501,62.3233771920255));
#7773=CARTESIAN_POINT('',(-12.3637190420025,44.3193652263261,62.4033335997289));
#7774=CARTESIAN_POINT('',(-12.3153056150331,43.8304173805953,62.4409953589843));
#7775=CARTESIAN_POINT('',(-12.2031810536423,42.4257115806821,62.5435115262697));
#7776=CARTESIAN_POINT('',(-12.1620986300546,41.5121574237767,62.6033586190671));
#7777=CARTESIAN_POINT('',(-12.1789067228005,39.5228567033111,62.7195021737139));
#7778=CARTESIAN_POINT('',(-12.2535848411212,38.466503816817,62.7723974933566));
#7779=CARTESIAN_POINT('',(-12.6538956947493,36.0514099510511,62.8735920705133));
#7780=CARTESIAN_POINT('',(-13.0346979707695,34.7618257014686,62.9133495846237));
#7781=CARTESIAN_POINT('',(-14.2459298646052,31.6492033023695,62.9887819502185));
#7782=CARTESIAN_POINT('',(-15.1653149051344,29.9179026334982,63.0155250619944));
#7783=CARTESIAN_POINT('',(-16.1352021361331,28.2146693364069,63.0344807042421));
#7784=CARTESIAN_POINT('',(-53.679664963388,-5.02620444381325,57.6293175788926));
#7785=CARTESIAN_POINT('',(-53.3264290405963,-5.50677404792658,57.7329544650274));
#7786=CARTESIAN_POINT('',(-52.9693671648973,-5.98554416453795,57.8307411287516));
#7787=CARTESIAN_POINT('',(-52.2628696468109,-6.93588779827105,58.009715395401));
#7788=CARTESIAN_POINT('',(-51.9136798768603,-7.40700754316061,58.0911711080154));
#7789=CARTESIAN_POINT('',(-50.8906554552529,-8.81496273130461,58.3083991177328));
#7790=CARTESIAN_POINT('',(-50.2321431600455,-9.75825425030679,58.4200071341848));
#7791=CARTESIAN_POINT('',(-49.0342685135036,-11.7429301770974,58.5547291765377));
#7792=CARTESIAN_POINT('',(-48.5145073029642,-12.7521558415624,58.5764501499363));
#7793=CARTESIAN_POINT('',(-47.909880384864,-14.3970059982964,58.5164297667785));
#7794=CARTESIAN_POINT('',(-47.7434064368694,-14.956675503741,58.4805174881773));
#7795=CARTESIAN_POINT('',(-47.4729946120545,-16.1242480542138,58.37528735206));
#7796=CARTESIAN_POINT('',(-47.3744243529839,-16.7200628651901,58.3059962940947));
#7797=CARTESIAN_POINT('',(-47.1300257383486,-18.8806922399655,58.0061394999309));
#7798=CARTESIAN_POINT('',(-47.1606530742092,-20.4660773540625,57.6949016847396));
#7799=CARTESIAN_POINT('',(-47.3606321605746,-22.8243755355631,57.1300067903858));
#7800=CARTESIAN_POINT('',(-47.4611800529703,-23.6460282831073,56.913210641465));
#7801=CARTESIAN_POINT('',(-47.6847484287128,-25.1448395406666,56.4838713191255));
#7802=CARTESIAN_POINT('',(-47.8000949864051,-25.8207339351862,56.2776258921119));
#7803=CARTESIAN_POINT('',(-48.0512697863519,-27.1025730087718,55.8588973346556));
#7804=CARTESIAN_POINT('',(-48.1841161213956,-27.7070873284116,55.6492418496064));
#7805=CARTESIAN_POINT('',(-48.4831466512067,-28.9157430344651,55.201972182645));
#7806=CARTESIAN_POINT('',(-48.6496879132033,-29.5162889661343,54.9648835302516));
#7807=CARTESIAN_POINT('',(-49.2105146409821,-31.3013905815643,54.2062956634175));
#7808=CARTESIAN_POINT('',(-49.668451557791,-32.4652641125679,53.6362975696415));
#7809=CARTESIAN_POINT('',(-50.5593958375302,-34.1446157205173,52.6313712927355));
#7810=CARTESIAN_POINT('',(-50.92208165798,-34.7244221488597,52.2410736774182));
#7811=CARTESIAN_POINT('',(-51.7366639621227,-35.8072397440247,51.4026727567419));
#7812=CARTESIAN_POINT('',(-52.1759991463885,-36.2937484933586,50.9673190948003));
#7813=CARTESIAN_POINT('',(-52.8873742616026,-36.9619538069357,50.2772346996779));
#7814=CARTESIAN_POINT('',(-53.1310473774238,-37.1722360575271,50.0431533777472));
#7815=CARTESIAN_POINT('',(-53.6340116791449,-37.5715856947575,49.563695281315));
#7816=CARTESIAN_POINT('',(-53.8917769334314,-37.7593346736486,49.3197339847061));
#7817=CARTESIAN_POINT('',(-54.6939592631219,-38.2965520560624,48.5644954258795));
#7818=CARTESIAN_POINT('',(-55.2476514219707,-38.6035858051255,48.0488555577236));
#7819=CARTESIAN_POINT('',(-57.0295513007045,-39.4258780193201,46.3984766452605));
#7820=CARTESIAN_POINT('',(-58.3102208772507,-39.7811653573213,45.2264157611017));
#7821=CARTESIAN_POINT('',(-60.2760667923315,-40.0509187403907,43.4311621862139));
#7822=CARTESIAN_POINT('',(-60.9638049993767,-40.0933088790794,42.803138775783));
#7823=CARTESIAN_POINT('',(-62.3662916600204,-40.0813713875084,41.5154399869291));
#7824=CARTESIAN_POINT('',(-63.0713856707239,-40.0244214261266,40.8642617832177));
#7825=CARTESIAN_POINT('',(-64.5354212008383,-39.8108048457073,39.4960062922742));
#7826=CARTESIAN_POINT('',(-65.2843755312647,-39.647456877024,38.7868274543229));
#7827=CARTESIAN_POINT('',(-66.7736055405378,-39.2312845402677,37.3472177686303));
#7828=CARTESIAN_POINT('',(-67.5067028338039,-38.9789558864382,36.6233387047883));
#7829=CARTESIAN_POINT('',(-68.9523286445567,-38.4056926119042,35.1538038863362));
#7830=CARTESIAN_POINT('',(-69.6602109575455,-38.0858528161182,34.4124155740981));
#7831=CARTESIAN_POINT('',(-71.0281789698342,-37.4085469271597,32.9228383563769));
#7832=CARTESIAN_POINT('',(-71.6862106294537,-37.0529867790917,32.1778597707486));
#7833=CARTESIAN_POINT('',(-72.9112302752906,-36.3515151880382,30.7197636291582));
#7834=CARTESIAN_POINT('',(-73.4794617574912,-36.0062843230755,30.0117946048034));
#7835=CARTESIAN_POINT('',(-74.5807874703957,-35.2750999291647,28.5807539355134));
#7836=CARTESIAN_POINT('',(-75.1113759132655,-34.8901011215873,27.8609762258648));
#7837=CARTESIAN_POINT('',(-76.1316887723265,-34.0565475516463,26.4268754779304));
#7838=CARTESIAN_POINT('',(-76.6175701483432,-33.6117284968548,25.718014881804));
#7839=CARTESIAN_POINT('',(-77.5467156551508,-32.6317462946922,24.3331117696503));
#7840=CARTESIAN_POINT('',(-77.9833394161306,-32.106209520515,23.6663090248486));
#7841=CARTESIAN_POINT('',(-78.6138475416249,-31.2166191115715,22.7139634228258));
#7842=CARTESIAN_POINT('',(-78.8182784371164,-30.9051858141158,22.407404093208));
#7843=CARTESIAN_POINT('',(-79.2141481936223,-30.2493939438294,21.826923234227));
#7844=CARTESIAN_POINT('',(-79.4032875239721,-29.9091003588407,21.5567112858456));
#7845=CARTESIAN_POINT('',(-79.9497317637596,-28.8425258257895,20.81158551787));
#7846=CARTESIAN_POINT('',(-80.2793200973662,-28.0915562451385,20.4089760095743));
#7847=CARTESIAN_POINT('',(-80.903924468866,-26.4903802887973,19.750792428014));
#7848=CARTESIAN_POINT('',(-81.18576444404,-25.6783663967323,19.5059701452038));
#7849=CARTESIAN_POINT('',(-81.7163701268638,-24.0048646515078,19.1327121752277));
#7850=CARTESIAN_POINT('',(-81.9586693771169,-23.1656495064131,19.007191764899));
#7851=CARTESIAN_POINT('',(-82.4141994921332,-21.4667244924372,18.8304138559864));
#7852=CARTESIAN_POINT('',(-82.6249671159433,-20.6167430486234,18.779647974394));
#7853=CARTESIAN_POINT('',(-83.0387934162741,-18.8397990454857,18.7110262759221));
#7854=CARTESIAN_POINT('',(-83.2399078480917,-17.9164779901113,18.6918490494255));
#7855=CARTESIAN_POINT('',(-83.7976975899215,-15.1139569973171,18.7207126997453));
#7856=CARTESIAN_POINT('',(-84.1057112287166,-13.2088833798781,18.8596867806694));
#7857=CARTESIAN_POINT('',(-84.3911916419066,-10.4513652554081,19.4202216119321));
#7858=CARTESIAN_POINT('',(-84.4564023741841,-9.58468370154726,19.6513265021429));
#7859=CARTESIAN_POINT('',(-84.5081576688775,-8.29416196447648,20.0966640518355));
#7860=CARTESIAN_POINT('',(-84.5174709657115,-7.869227468077,20.2603895928821));
#7861=CARTESIAN_POINT('',(-84.5186045821788,-7.02572017798702,20.6228704353975));
#7862=CARTESIAN_POINT('',(-84.5102750126357,-6.61105104185544,20.8202509032027));
#7863=CARTESIAN_POINT('',(-84.4556435009336,-5.36646062899275,21.4731397086577));
#7864=CARTESIAN_POINT('',(-84.379722714688,-4.5819556038751,21.9696841478464));
#7865=CARTESIAN_POINT('',(-84.1407044456227,-3.044105806144,23.0935504537471));
#7866=CARTESIAN_POINT('',(-83.9796240403105,-2.31764518430311,23.7059516521709));
#7867=CARTESIAN_POINT('',(-83.6734792355976,-1.27157609919227,24.6948781994579));
#7868=CARTESIAN_POINT('',(-83.5601419006804,-0.930386480921992,25.0368428247084));
#7869=CARTESIAN_POINT('',(-83.3111412124365,-0.263608316300701,25.7424951864373));
#7870=CARTESIAN_POINT('',(-83.1758794452522,0.0597872439272358,26.104403406958));
#7871=CARTESIAN_POINT('',(-82.8830317083786,0.691392143447719,26.8474323371307));
#7872=CARTESIAN_POINT('',(-82.7258516854014,0.997675449849898,27.2268984016603));
#7873=CARTESIAN_POINT('',(-82.3891903025648,1.59384612668469,28.0027033203981));
#7874=CARTESIAN_POINT('',(-82.2101665082705,1.88204456817163,28.3974348603096));
#7875=CARTESIAN_POINT('',(-81.6360419605906,2.72848976982254,29.6121646927702));
#7876=CARTESIAN_POINT('',(-81.2153583926253,3.24718007616805,30.435688357964));
#7877=CARTESIAN_POINT('',(-80.2910663093052,4.21868897022522,32.1254224561785));
#7878=CARTESIAN_POINT('',(-79.7920774322305,4.66335841895627,32.9806833351769));
#7879=CARTESIAN_POINT('',(-78.721504179948,5.47896319229365,34.7144372081231));
#7880=CARTESIAN_POINT('',(-78.1553569619978,5.84400639466431,35.5830117632383));
#7881=CARTESIAN_POINT('',(-76.9607970300564,6.49092666861028,37.3304986375508));
#7882=CARTESIAN_POINT('',(-76.3388099572167,6.76989299837617,38.1994644822255));
#7883=CARTESIAN_POINT('',(-75.0472459645854,7.23358701171394,39.9290446556931));
#7884=CARTESIAN_POINT('',(-74.3855569307725,7.41694585949391,40.7798378085375));
#7885=CARTESIAN_POINT('',(-73.363768445173,7.61484037560532,42.0444550778011));
#7886=CARTESIAN_POINT('',(-73.0231856002896,7.6672499248091,42.4582528144882));
#7887=CARTESIAN_POINT('',(-72.3392682253478,7.74431660858814,43.2742746519301));
#7888=CARTESIAN_POINT('',(-71.9973130565254,7.76931335881951,43.6751517077933));
#7889=CARTESIAN_POINT('',(-70.3698067856625,7.82002500330176,45.55010962425));
#7890=CARTESIAN_POINT('',(-69.0366441537551,7.66323093804933,46.9930284414996));
#7891=CARTESIAN_POINT('',(-66.5100263607538,6.96514495406298,49.5409716474388));
#7892=CARTESIAN_POINT('',(-65.3211147884537,6.47744559172428,50.6615067144076));
#7893=CARTESIAN_POINT('',(-63.0654002117889,5.22373292986881,52.5915449399211));
#7894=CARTESIAN_POINT('',(-62.0189786525657,4.50344355286426,53.4042377834068));
#7895=CARTESIAN_POINT('',(-60.5093959180696,3.22563359232335,54.4459840944576));
#7896=CARTESIAN_POINT('',(-60.0398453741326,2.79231037787388,54.7504423907091));
#7897=CARTESIAN_POINT('',(-59.1277835349871,1.88357134002245,55.3051602256365));
#7898=CARTESIAN_POINT('',(-58.6903445590137,1.41540994563137,55.5534790684315));
#7899=CARTESIAN_POINT('',(-57.8406991994529,0.451620646466769,56.0039438115657));
#7900=CARTESIAN_POINT('',(-57.4316878682998,-0.0388450161954772,56.2052673050104));
#7901=CARTESIAN_POINT('',(-56.6354875285846,-1.03379467707931,56.569955820357));
#7902=CARTESIAN_POINT('',(-56.2501650787672,-1.53513125847799,56.7331650532044));
#7903=CARTESIAN_POINT('',(-55.4958453639164,-2.54001931814919,57.0301866218594));
#7904=CARTESIAN_POINT('',(-55.1277025925243,-3.04187370250396,57.1642174716403));
#7905=CARTESIAN_POINT('',(-54.4005939616402,-4.03878025141234,57.4104616871238));
#7906=CARTESIAN_POINT('',(-54.042096554172,-4.53312433021751,57.5229827505911));
#7907=CARTESIAN_POINT('',(-53.679664959771,-5.02620444068885,57.6293175807868));
#7908=CARTESIAN_POINT('',(-69.7237111525647,-40.7800891546668,32.9917343990157));
#7909=CARTESIAN_POINT('',(-69.6291625505976,-41.3944814171127,32.8077684336986));
#7910=CARTESIAN_POINT('',(-69.5465361043371,-42.0039420544632,32.6067036412416));
#7911=CARTESIAN_POINT('',(-69.3981297031858,-43.2243369774143,32.1721611193441));
#7912=CARTESIAN_POINT('',(-69.3329440703773,-43.8327999003131,31.939062264141));
#7913=CARTESIAN_POINT('',(-69.1570842907954,-45.6639700319566,31.1926966448864));
#7914=CARTESIAN_POINT('',(-69.0690952431427,-46.8657604339116,30.6423602412643));
#7915=CARTESIAN_POINT('',(-68.9166382583363,-49.2486190715793,29.4483883134079));
#7916=CARTESIAN_POINT('',(-68.8519231536034,-50.4213638960421,28.8097510266195));
#7917=CARTESIAN_POINT('',(-68.7278966118003,-52.72459489248,27.4377130191042));
#7918=CARTESIAN_POINT('',(-68.6697653917367,-53.8457603882562,26.7087247268266));
#7919=CARTESIAN_POINT('',(-68.5343853718116,-56.0244710291496,25.1491594615102));
#7920=CARTESIAN_POINT('',(-68.4574273462649,-57.0715856805122,24.3272133078278));
#7921=CARTESIAN_POINT('',(-68.2974827429888,-58.5845489410234,23.0198923030241));
#7922=CARTESIAN_POINT('',(-68.2370446967856,-59.0756572309313,22.5751582358448));
#7923=CARTESIAN_POINT('',(-68.0962937771707,-60.0339872699588,21.6646383548074));
#7924=CARTESIAN_POINT('',(-68.0153985474115,-60.4993793925311,21.200835070706));
#7925=CARTESIAN_POINT('',(-67.8732855463377,-61.1794459388692,20.4957685965311));
#7926=CARTESIAN_POINT('',(-67.8231236789893,-61.4010738082494,20.2611599857833));
#7927=CARTESIAN_POINT('',(-67.7154133990539,-61.8402673910615,19.7873818176475));
#7928=CARTESIAN_POINT('',(-67.6580868502169,-62.0573400705571,19.548218690573));
#7929=CARTESIAN_POINT('',(-67.479120583838,-62.6944358302453,18.8218675445331));
#7930=CARTESIAN_POINT('',(-67.3507012981699,-63.0997422463746,18.3279775242468));
#7931=CARTESIAN_POINT('',(-67.0899780559657,-63.8481529028295,17.2891299593306));
#7932=CARTESIAN_POINT('',(-66.9599259425618,-64.1848877472762,16.7557812561069));
#7933=CARTESIAN_POINT('',(-66.7154524524173,-64.7598531268494,15.5960092777008));
#7934=CARTESIAN_POINT('',(-66.6028623554236,-64.9911094416583,14.9738952872119));
#7935=CARTESIAN_POINT('',(-66.5250242611283,-65.1201966744393,14.3233499512876));
#7936=CARTESIAN_POINT('',(78.1926876138965,7.66332731634516,-16.0627378639142));
#7937=CARTESIAN_POINT('',(79.0907408585248,7.79824122621598,-14.2600874388564));
#7938=CARTESIAN_POINT('',(79.9672433303652,7.62947647432656,-12.403102904378));
#7939=CARTESIAN_POINT('',(81.163046682759,7.03760699194253,-9.69481630215364));
#7940=CARTESIAN_POINT('',(81.5421193616814,6.78497596692767,-8.80523413186407));
#7941=CARTESIAN_POINT('',(82.2667765870017,6.16975942530541,-7.0339843850523));
#7942=CARTESIAN_POINT('',(82.6064765062298,5.81296507588754,-6.16668406641426));
#7943=CARTESIAN_POINT('',(83.2422078701954,4.99512650843194,-4.45992036838642));
#7944=CARTESIAN_POINT('',(83.5333314986613,4.5422332562121,-3.6346823222485));
#7945=CARTESIAN_POINT('',(84.0665067042086,3.52878293518869,-2.02470449684461));
#7946=CARTESIAN_POINT('',(84.3038838704724,2.97924514507399,-1.25511579389444));
#7947=CARTESIAN_POINT('',(84.7242461736792,1.77505838159066,0.230019599067063));
#7948=CARTESIAN_POINT('',(84.9032120814622,1.13432208456685,0.930142043663131));
#7949=CARTESIAN_POINT('',(85.2027856039484,-0.245768910917558,2.26265553961773));
#7950=CARTESIAN_POINT('',(85.3204586849055,-0.96860996965928,2.88052760587597));
#7951=CARTESIAN_POINT('',(85.4959642812635,-2.5022560516967,4.03784972217234));
#7952=CARTESIAN_POINT('',(85.5521040538456,-3.29510170280691,4.5645240762221));
#7953=CARTESIAN_POINT('',(85.6049690968414,-4.95065275962049,5.52764892614725));
#7954=CARTESIAN_POINT('',(85.6014628564999,-5.79454280715556,5.95439988553059));
#7955=CARTESIAN_POINT('',(85.5392805038433,-7.5342077159424,6.71069171516032));
#7956=CARTESIAN_POINT('',(85.4818928593718,-8.41185600028042,7.03304470956729));
#7957=CARTESIAN_POINT('',(85.3200651517588,-10.2023544555481,7.58024128226394));
#7958=CARTESIAN_POINT('',(85.2175204562709,-11.098762582647,7.80111721583797));
#7959=CARTESIAN_POINT('',(84.9733790848044,-12.9098213260585,8.14777109446605));
#7960=CARTESIAN_POINT('',(84.8340935870205,-13.8104408009969,8.27259321905161));
#7961=CARTESIAN_POINT('',(84.5228486004669,-15.620431856426,8.43708475818105));
#7962=CARTESIAN_POINT('',(84.3529309435838,-16.5188632959007,8.47632856344121));
#7963=CARTESIAN_POINT('',(83.9850863276017,-18.3164777672054,8.48258711826411));
#7964=CARTESIAN_POINT('',(83.788915316144,-19.2074967310948,8.45024113904782));
#7965=CARTESIAN_POINT('',(83.3717273705574,-20.9825909928901,8.31868105393379));
#7966=CARTESIAN_POINT('',(83.1525635990216,-21.8592443815988,8.21991856859204));
#7967=CARTESIAN_POINT('',(82.4591905246665,-24.4687566867641,7.80178716216956));
#7968=CARTESIAN_POINT('',(81.9566779466527,-26.1575696401053,7.36466149712064));
#7969=CARTESIAN_POINT('',(81.2700422593844,-28.1740973911238,6.56151149098573));
#7970=CARTESIAN_POINT('',(81.1310862104587,-28.5687627679197,6.38976938569293));
#7971=CARTESIAN_POINT('',(80.8484087429323,-29.3433568743851,6.02165191175243));
#7972=CARTESIAN_POINT('',(80.7053895853153,-29.7214539544014,5.82651506085035));
#7973=CARTESIAN_POINT('',(80.2692736957218,-30.8314795256624,5.20393534105454));
#7974=CARTESIAN_POINT('',(79.9727554821372,-31.5307779060901,4.7442373374877));
#7975=CARTESIAN_POINT('',(79.5074723348189,-32.5403164287805,3.97992942567258));
#7976=CARTESIAN_POINT('',(79.349013898197,-32.86970751382,3.71268983641894));
#7977=CARTESIAN_POINT('',(79.0260678445063,-33.5130111834509,3.15828805364448));
#7978=CARTESIAN_POINT('',(78.8622193614102,-33.8255487074911,2.8721709228787));
#7979=CARTESIAN_POINT('',(78.3604513868299,-34.7430504165795,1.98750469092976));
#7980=CARTESIAN_POINT('',(78.0170263770716,-35.3185571705202,1.37051230600375));
#7981=CARTESIAN_POINT('',(76.9437795766046,-36.9748002870166,-0.558010806657014));
#7982=CARTESIAN_POINT('',(76.192388583262,-37.9491808966327,-1.90946732630631));
#7983=CARTESIAN_POINT('',(74.9974511325749,-39.2915987492301,-3.9762865625241));
#7984=CARTESIAN_POINT('',(74.5963417826799,-39.7106265283209,-4.65831740016306));
#7985=CARTESIAN_POINT('',(73.7554264419598,-40.5308118727259,-6.05804622085802));
#7986=CARTESIAN_POINT('',(73.3165046109792,-40.9274870657561,-6.77483125390638));
#7987=CARTESIAN_POINT('',(72.4131076462129,-41.6699652870141,-8.23336265560772));
#7988=CARTESIAN_POINT('',(71.9508775716776,-42.0134198661157,-8.97129933337919));
#7989=CARTESIAN_POINT('',(71.0015706029322,-42.6377427742706,-10.4767226924222));
#7990=CARTESIAN_POINT('',(70.5178384612351,-42.9155135453165,-11.2389375366177));
#7991=CARTESIAN_POINT('',(69.018723291907,-43.6470928063807,-13.5909265611397));
#7992=CARTESIAN_POINT('',(68.0020526622627,-43.9712511471977,-15.1727973617214));
#7993=CARTESIAN_POINT('',(66.4192037326237,-44.2239843903152,-17.6098156827475));
#7994=CARTESIAN_POINT('',(65.8849137671363,-44.2674594123293,-18.4278595150911));
#7995=CARTESIAN_POINT('',(64.7989676136348,-44.2794602331943,-20.0765094757275));
#7996=CARTESIAN_POINT('',(64.2516323908696,-44.2465554834229,-20.9007143822394));
#7997=CARTESIAN_POINT('',(63.1475016843282,-44.1026156116086,-22.5501579301415));
#7998=CARTESIAN_POINT('',(62.5954928870456,-43.9910637395223,-23.3687358477299));
#7999=CARTESIAN_POINT('',(61.4832558697331,-43.6774066519789,-25.0117143194049));
#8000=CARTESIAN_POINT('',(60.9289007465441,-43.4754758221623,-25.8275142988614));
#8001=CARTESIAN_POINT('',(59.8162383610025,-42.9591649865558,-27.4690672552864));
#8002=CARTESIAN_POINT('',(59.2664292369292,-42.646539091049,-28.2821112382753));
#8003=CARTESIAN_POINT('',(58.1917747478129,-41.8791485061914,-29.895965783438));
#8004=CARTESIAN_POINT('',(57.6629502009152,-41.4179242129863,-30.7029662474545));
#8005=CARTESIAN_POINT('',(56.709736732594,-40.3419664856242,-32.2220103236749));
#8006=CARTESIAN_POINT('',(56.2933049513339,-39.7345485844042,-32.9239963827291));
#8007=CARTESIAN_POINT('',(55.6034588346975,-38.3435825111755,-34.2133203189514));
#8008=CARTESIAN_POINT('',(55.3324188850827,-37.6002775625085,-34.7833614208677));
#8009=CARTESIAN_POINT('',(54.937929558622,-36.070584317364,-35.7633990460747));
#8010=CARTESIAN_POINT('',(54.8028760006264,-35.2923078383759,-36.1842122326847));
#8011=CARTESIAN_POINT('',(54.6960563667924,-34.1119410116706,-36.7135680303691));
#8012=CARTESIAN_POINT('',(54.6756072011864,-33.7327102378794,-36.8682720111052));
#8013=CARTESIAN_POINT('',(54.66522556409,-32.9810704724844,-37.1430052169628));
#8014=CARTESIAN_POINT('',(54.6736321292006,-32.614171897533,-37.2628543531735));
#8015=CARTESIAN_POINT('',(54.7807464534047,-30.9895009535929,-37.7230995422338));
#8016=CARTESIAN_POINT('',(55.0361756592727,-29.8066885890115,-37.8810919338473));
#8017=CARTESIAN_POINT('',(55.7218214871256,-28.0258540572736,-37.8416055725557));
#8018=CARTESIAN_POINT('',(55.9716227388872,-27.4872491454144,-37.7903722018208));
#8019=CARTESIAN_POINT('',(56.5192849612823,-26.4238017374651,-37.6376647433085));
#8020=CARTESIAN_POINT('',(56.8123881328032,-25.9080703884045,-37.5374064768418));
#8021=CARTESIAN_POINT('',(57.442183941418,-24.8313847072257,-37.3073343496631));
#8022=CARTESIAN_POINT('',(57.7791491869544,-24.272982828661,-37.1759681649587));
#8023=CARTESIAN_POINT('',(58.4919433340809,-23.040507116415,-36.9070520846275));
#8024=CARTESIAN_POINT('',(58.8619279808083,-22.3637912729869,-36.774502438777));
#8025=CARTESIAN_POINT('',(59.9573979065185,-20.2647396253894,-36.3944302984524));
#8026=CARTESIAN_POINT('',(60.639257696179,-18.8217776892951,-36.1756805267841));
#8027=CARTESIAN_POINT('',(61.8796991998142,-16.0524925074367,-35.7539947998139));
#8028=CARTESIAN_POINT('',(62.442472752218,-14.7323665722903,-35.5519531528026));
#8029=CARTESIAN_POINT('',(63.2759376369419,-12.7453388064682,-35.2047113180883));
#8030=CARTESIAN_POINT('',(63.5531274532729,-12.0788777160197,-35.0809629937889));
#8031=CARTESIAN_POINT('',(64.1078780781991,-10.7438250762242,-34.8117843961843));
#8032=CARTESIAN_POINT('',(64.3850066705968,-10.0758698167601,-34.6664949808407));
#8033=CARTESIAN_POINT('',(64.9354681783879,-8.75857844742388,-34.351465655644));
#8034=CARTESIAN_POINT('',(65.2087828811397,-8.11093985958298,-34.1818934328421));
#8035=CARTESIAN_POINT('',(65.7617440781843,-6.8428955740065,-33.8049766581945));
#8036=CARTESIAN_POINT('',(66.0403928309765,-6.22514613248365,-33.5987690593358));
#8037=CARTESIAN_POINT('',(66.6118588757673,-4.9875384571671,-33.1432006013984));
#8038=CARTESIAN_POINT('',(66.9028746595866,-4.36941892178943,-32.8948376764044));
#8039=CARTESIAN_POINT('',(67.4768614108171,-3.1368342540377,-32.3748403237936));
#8040=CARTESIAN_POINT('',(67.7582343756113,-2.52258795032982,-32.104899698846));
#8041=CARTESIAN_POINT('',(68.2036537735808,-1.56820478749632,-31.6490024852053));
#8042=CARTESIAN_POINT('',(68.3668115826646,-1.22318125609764,-31.4760495499768));
#8043=CARTESIAN_POINT('',(68.699444042325,-0.536523097140286,-31.1110444281688));
#8044=CARTESIAN_POINT('',(68.8685882029943,-0.195981218878511,-30.9191452009895));
#8045=CARTESIAN_POINT('',(69.397886518651,0.833985035448952,-30.2991054530007));
#8046=CARTESIAN_POINT('',(69.7627219055361,1.49501109674053,-29.8449252694111));
#8047=CARTESIAN_POINT('',(70.540931519426,2.79133613478841,-28.8223543874694));
#8048=CARTESIAN_POINT('',(70.9735789060334,3.4544277855958,-28.2230313386156));
#8049=CARTESIAN_POINT('',(71.6324187088065,4.2905360252055,-27.2716483109062));
#8050=CARTESIAN_POINT('',(71.8614525389045,4.54910991559571,-26.9349170911057));
#8051=CARTESIAN_POINT('',(72.3370252675715,4.9935856825011,-26.226874889343));
#8052=CARTESIAN_POINT('',(72.5763435078672,5.17458235883065,-25.8666264554476));
#8053=CARTESIAN_POINT('',(73.0709771196011,5.49007462134454,-25.1125903191305));
#8054=CARTESIAN_POINT('',(73.3218351934173,5.62279726054554,-24.7251516281577));
#8055=CARTESIAN_POINT('',(73.8115740153749,5.86525868672935,-23.9553881182501));
#8056=CARTESIAN_POINT('',(74.0497428594862,5.97512493609257,-23.5746955290502));
#8057=CARTESIAN_POINT('',(74.519938636989,6.19141729781019,-22.8084998619522));
#8058=CARTESIAN_POINT('',(74.7517629643412,6.29813388619367,-22.4232760115613));
#8059=CARTESIAN_POINT('',(75.2068398806293,6.515747713025,-21.6508147384963));
#8060=CARTESIAN_POINT('',(75.4302494945591,6.62543559014249,-21.2635522129356));
#8061=CARTESIAN_POINT('',(76.5366162059128,7.16162677844374,-19.308243237902));
#8062=CARTESIAN_POINT('',(77.3649513417569,7.53897707599571,-17.7242419581684));
#8063=CARTESIAN_POINT('',(78.1926876138965,7.66332731634516,-16.0627378639142));
#8064=CARTESIAN_POINT('',(76.929332857004,6.48685991353292,37.3618370476118));
#8065=CARTESIAN_POINT('',(75.8341997047271,7.00770528581537,38.9137097514064));
#8066=CARTESIAN_POINT('',(74.6485786579926,7.39137880444712,40.4686112018933));
#8067=CARTESIAN_POINT('',(73.10579068411,7.65438650935558,42.3578588252328));
#8068=CARTESIAN_POINT('',(72.7989936353818,7.69573456413578,42.7274356218656));
#8069=CARTESIAN_POINT('',(72.1838158650367,7.75585716219549,43.4566305395555));
#8070=CARTESIAN_POINT('',(71.8764576802841,7.77491279951908,43.8152639483319));
#8071=CARTESIAN_POINT('',(71.262000240423,7.78986140447022,44.5211245110718));
#8072=CARTESIAN_POINT('',(70.9559952530368,7.78622222370651,44.8673414614181));
#8073=CARTESIAN_POINT('',(70.3468133764274,7.75670739080308,45.5461838564392));
#8074=CARTESIAN_POINT('',(70.0447327299421,7.73147638298351,45.8778719723606));
#8075=CARTESIAN_POINT('',(68.6227157139692,7.56290249615187,47.4161715463085));
#8076=CARTESIAN_POINT('',(67.4846048647485,7.28429029425154,48.5843686225113));
#8077=CARTESIAN_POINT('',(65.3126372302857,6.45692080565066,50.6580465038762));
#8078=CARTESIAN_POINT('',(64.2810342391536,5.94273535739113,51.5768213700901));
#8079=CARTESIAN_POINT('',(62.3232166633807,4.71052688674586,53.1675344821732));
#8080=CARTESIAN_POINT('',(61.4176844539373,4.02715367493592,53.837034944211));
#8081=CARTESIAN_POINT('',(59.6799474068388,2.47061710956063,54.989475888403));
#8082=CARTESIAN_POINT('',(58.8840598879404,1.64607682225931,55.4572295253639));
#8083=CARTESIAN_POINT('',(57.362923411639,-0.103098829457746,56.2497181685581));
#8084=CARTESIAN_POINT('',(56.6554024354904,-0.998994408459748,56.5700880210947));
#8085=CARTESIAN_POINT('',(55.2916686151479,-2.80891466580773,57.113519013506));
#8086=CARTESIAN_POINT('',(54.6409254843703,-3.71165534915054,57.337859115148));
#8087=CARTESIAN_POINT('',(53.6850288226939,-5.01999858668115,57.6294561649783));
#8088=CARTESIAN_POINT('',(53.3868587413397,-5.42387587747857,57.7153153545876));
#8089=CARTESIAN_POINT('',(52.7619916376514,-6.26494052666716,57.8848371399896));
#8090=CARTESIAN_POINT('',(52.4356837528852,-6.70228435877807,57.9673946714601));
#8091=CARTESIAN_POINT('',(51.792433007871,-7.57355817239336,58.1178824032572));
#8092=CARTESIAN_POINT('',(51.4753591850357,-8.00674261587211,58.1861658837815));
#8093=CARTESIAN_POINT('',(50.8555939661261,-8.87735125473865,58.3071111394632));
#8094=CARTESIAN_POINT('',(50.5533436726767,-9.3138323506064,58.3598671898311));
#8095=CARTESIAN_POINT('',(49.6972487672101,-10.6133011012584,58.4893128542356));
#8096=CARTESIAN_POINT('',(49.1598170168177,-11.510687587922,58.5442235296985));
#8097=CARTESIAN_POINT('',(48.4868344837765,-12.9037930962041,58.5597741086602));
#8098=CARTESIAN_POINT('',(48.2841737566854,-13.3766601118617,58.5539699040487));
#8099=CARTESIAN_POINT('',(47.9248904898582,-14.358405562681,58.5175114584589));
#8100=CARTESIAN_POINT('',(47.7729455908677,-14.8594921767688,58.4864880676046));
#8101=CARTESIAN_POINT('',(47.5192811047925,-15.9012058792933,58.3975187831134));
#8102=CARTESIAN_POINT('',(47.421674834396,-16.432994181793,58.3395226625218));
#8103=CARTESIAN_POINT('',(47.2747689881411,-17.5304438992623,58.1969345695034));
#8104=CARTESIAN_POINT('',(47.2282795279785,-18.0885310010402,58.112510946204));
#8105=CARTESIAN_POINT('',(47.1527955056463,-19.8339143216684,57.8155152545374));
#8106=CARTESIAN_POINT('',(47.2021774209539,-21.0307724132194,57.5637673548675));
#8107=CARTESIAN_POINT('',(47.3714043599159,-22.8947343586217,57.1100353713691));
#8108=CARTESIAN_POINT('',(47.4559594122154,-23.5892982089093,56.9267842109753));
#8109=CARTESIAN_POINT('',(47.6497416864801,-24.9255761573494,56.5485782564525));
#8110=CARTESIAN_POINT('',(47.7558854465818,-25.5655538784826,56.3560968350214));
#8111=CARTESIAN_POINT('',(47.9875882327159,-26.7935908199906,55.9625608275554));
#8112=CARTESIAN_POINT('',(48.1112627974601,-27.3801953268525,55.7634867429909));
#8113=CARTESIAN_POINT('',(48.3890613758567,-28.5535823412428,55.3397400095571));
#8114=CARTESIAN_POINT('',(48.5433482573237,-29.1373820223059,55.1155405529272));
#8115=CARTESIAN_POINT('',(48.714728243804,-29.7129107954563,54.8786631127207));
#8116=CARTESIAN_POINT('',(72.4508041036882,45.5130168028216,34.4570161986845));
#8117=CARTESIAN_POINT('',(72.8131203492196,43.6538881069601,34.9461690185192));
#8118=CARTESIAN_POINT('',(73.2421322850072,41.7892512338472,35.2553463494009));
#8119=CARTESIAN_POINT('',(73.9330328753045,39.4326158584939,35.3282152056524));
#8120=CARTESIAN_POINT('',(74.0783028361872,38.9619135391095,35.3268919576832));
#8121=CARTESIAN_POINT('',(74.3845407631146,38.0198344601094,35.2906689703313));
#8122=CARTESIAN_POINT('',(74.54453285207,37.5516429272533,35.2557273774995));
#8123=CARTESIAN_POINT('',(75.052288991466,36.1332716944703,35.0983131313072));
#8124=CARTESIAN_POINT('',(75.4141067551905,35.2095576178059,34.92597333646));
#8125=CARTESIAN_POINT('',(75.994097644297,33.8354407083824,34.5662527407111));
#8126=CARTESIAN_POINT('',(76.1935730391281,33.3799600729265,34.42901360197));
#8127=CARTESIAN_POINT('',(76.6045854504907,32.4740853058195,34.1189453490007));
#8128=CARTESIAN_POINT('',(76.8149139261827,32.0266845731012,33.9466844733362));
#8129=CARTESIAN_POINT('',(77.2464931229236,31.1392907353438,33.5655247581232));
#8130=CARTESIAN_POINT('',(77.4664162140472,30.7023521287928,33.3573406483755));
#8131=CARTESIAN_POINT('',(77.915629312639,29.8382427708651,32.9039107139222));
#8132=CARTESIAN_POINT('',(78.1435376734255,29.4141565023358,32.6596164775461));
#8133=CARTESIAN_POINT('',(78.6074560799797,28.5787082508178,32.13238201219));
#8134=CARTESIAN_POINT('',(78.8419144169214,28.1704382609562,31.8507753762856));
#8135=CARTESIAN_POINT('',(79.3166760600024,27.3693095143771,31.2485235202746));
#8136=CARTESIAN_POINT('',(79.5553656212047,26.9795731810435,30.929416680146));
#8137=CARTESIAN_POINT('',(80.0353855681313,26.2176337863659,30.2530140153611));
#8138=CARTESIAN_POINT('',(80.2750893051335,25.8482700047309,29.8975035436052));
#8139=CARTESIAN_POINT('',(80.7525637469015,25.1290535268732,29.1513079643105));
#8140=CARTESIAN_POINT('',(80.9888441301124,24.7816645249807,28.7625013436209));
#8141=CARTESIAN_POINT('',(81.2208531674426,24.4455074018342,28.3596319422414));
#8142=CARTESIAN_POINT('',(37.4015290801642,95.4331463625755,14.2394112576799));
#8143=CARTESIAN_POINT('',(37.4812675926094,95.5152144959004,15.0613925921056));
#8144=CARTESIAN_POINT('',(37.5801646161596,95.5491719864547,15.8776688068114));
#8145=CARTESIAN_POINT('',(37.8188713376678,95.5093838801998,17.5385654564479));
#8146=CARTESIAN_POINT('',(37.9560329778982,95.4340876889127,18.3634336727211));
#8147=CARTESIAN_POINT('',(38.1934533593094,95.2287436245578,19.6029822410118));
#8148=CARTESIAN_POINT('',(38.2778493077468,95.144584171538,20.0149108447432));
#8149=CARTESIAN_POINT('',(38.4590217446633,94.9435591944906,20.8354737183981));
#8150=CARTESIAN_POINT('',(38.5554881515176,94.8271043933125,21.2405266679106));
#8151=CARTESIAN_POINT('',(38.7672865433492,94.5561253644761,22.056035651646));
#8152=CARTESIAN_POINT('',(38.8826632774941,94.401277965191,22.461716874841));
#8153=CARTESIAN_POINT('',(39.135876660721,94.0588463603879,23.2613533883397));
#8154=CARTESIAN_POINT('',(39.2722910848056,93.8724949032456,23.6510402212572));
#8155=CARTESIAN_POINT('',(39.5587894070685,93.4822292170117,24.3908437030878));
#8156=CARTESIAN_POINT('',(39.7064281794514,93.2815846815885,24.7387070799898));
#8157=CARTESIAN_POINT('',(40.0181414594183,92.8619877349849,25.4095649054878));
#8158=CARTESIAN_POINT('',(40.1807228442311,92.6450835368795,25.7301783019152));
#8159=CARTESIAN_POINT('',(40.6857343202303,91.9801889384138,26.6445385683469));
#8160=CARTESIAN_POINT('',(41.0472967835,91.5156296362762,27.1997243998317));
#8161=CARTESIAN_POINT('',(41.8101121863544,90.5577031967953,28.2187617194874));
#8162=CARTESIAN_POINT('',(42.2020431397591,90.0751829807765,28.676420033358));
#8163=CARTESIAN_POINT('',(43.003279544357,89.0988384767076,29.519543811222));
#8164=CARTESIAN_POINT('',(43.4073420889251,88.6111211117084,29.9029792306356));
#8165=CARTESIAN_POINT('',(44.1815567469785,87.6700500924569,30.5937885022789));
#8166=CARTESIAN_POINT('',(44.5485214986115,87.2205530371895,30.9041349827024));
#8167=CARTESIAN_POINT('',(45.3033881331215,86.2741905833517,31.5322923158216));
#8168=CARTESIAN_POINT('',(45.6890119882672,85.7768938438694,31.8499143911842));
#8169=CARTESIAN_POINT('',(46.8358859836014,84.2681829087795,32.770459793432));
#8170=CARTESIAN_POINT('',(47.6092533604382,83.2109833339205,33.3571169150653));
#8171=CARTESIAN_POINT('',(48.7633483599281,81.6718174541937,34.0700622991376));
#8172=CARTESIAN_POINT('',(49.133960325829,81.1833590290906,34.2759215366253));
#8173=CARTESIAN_POINT('',(49.8890454086035,80.2177576764038,34.629951185526));
#8174=CARTESIAN_POINT('',(50.2689426488341,79.7454586093715,34.7781896808947));
#8175=CARTESIAN_POINT('',(51.4417034484689,78.3549811144227,35.1183763671612));
#8176=CARTESIAN_POINT('',(52.2234303009322,77.5126618933554,35.2030806659694));
#8177=CARTESIAN_POINT('',(53.5451827063434,76.2478604679812,35.1000383495265));
#8178=CARTESIAN_POINT('',(53.9884529143281,75.8455451281834,35.0300769994696));
#8179=CARTESIAN_POINT('',(54.900756271038,75.0490735341,34.827764081315));
#8180=CARTESIAN_POINT('',(55.3634931661184,74.6611419456078,34.6954182163737));
#8181=CARTESIAN_POINT('',(56.3076671435286,73.8897098307212,34.3776590557843));
#8182=CARTESIAN_POINT('',(56.7849290804672,73.510387849334,34.1920469596819));
#8183=CARTESIAN_POINT('',(57.7551489609566,72.7507374408326,33.7736570587601));
#8184=CARTESIAN_POINT('',(58.2451896157321,72.3728590148699,33.5408675844819));
#8185=CARTESIAN_POINT('',(59.2810508791501,71.5774434457649,33.0112733968348));
#8186=CARTESIAN_POINT('',(59.8237976863372,71.1629267916659,32.7109691934432));
#8187=CARTESIAN_POINT('',(60.917151475464,70.3229295276764,32.067282885183));
#8188=CARTESIAN_POINT('',(61.4657236417742,69.8985914183379,31.7238875414554));
#8189=CARTESIAN_POINT('',(62.4974603247873,69.0887439123808,31.0427442063346));
#8190=CARTESIAN_POINT('',(62.98103635124,68.7037090994179,30.708391861086));
#8191=CARTESIAN_POINT('',(63.8977452690455,67.9677545238542,30.037481381961));
#8192=CARTESIAN_POINT('',(64.3308715980011,67.6175483380864,29.7035228288496));
#8193=CARTESIAN_POINT('',(65.263793083033,66.8604919178849,28.9389761116984));
#8194=CARTESIAN_POINT('',(65.7583230492484,66.4573440674434,28.5040854414539));
#8195=CARTESIAN_POINT('',(66.486650736147,65.8592038929534,27.8115798321038));
#8196=CARTESIAN_POINT('',(66.7291455664113,65.6591950892435,27.5718199430709));
#8197=CARTESIAN_POINT('',(67.2094246843326,65.2606050302801,27.0771757391297));
#8198=CARTESIAN_POINT('',(67.4466865708456,65.0624068916394,26.8226034031559));
#8199=CARTESIAN_POINT('',(68.1551983778537,64.4649118659151,26.0292632020769));
#8200=CARTESIAN_POINT('',(68.6093771387469,64.0741499587119,25.474478814783));
#8201=CARTESIAN_POINT('',(69.4894178422898,63.2883465605021,24.292394955007));
#8202=CARTESIAN_POINT('',(69.9093714103464,62.897592774204,23.6684322572161));
#8203=CARTESIAN_POINT('',(70.705844127042,62.1047992343738,22.3452910345725));
#8204=CARTESIAN_POINT('',(71.0753454682812,61.7083513988914,21.6511205140628));
#8205=CARTESIAN_POINT('',(71.7178497988387,60.9311370836992,20.2459387549009));
#8206=CARTESIAN_POINT('',(71.9908456399651,60.5576591870907,19.5464424705456));
#8207=CARTESIAN_POINT('',(72.438970987905,59.8510341012014,18.0989622634148));
#8208=CARTESIAN_POINT('',(72.6111941276422,59.5252276017807,17.3705855209806));
#8209=CARTESIAN_POINT('',(72.8327910820319,58.9618204503294,15.8451952258786));
#8210=CARTESIAN_POINT('',(72.8815288208203,58.7252018824472,15.0521588267849));
#8211=CARTESIAN_POINT('',(72.841754893073,58.5904624105327,14.2472516153668));
#8212=CARTESIAN_POINT('',(5.99573404954364E-6,73.2709310555081,55.6693121115765));
#8213=CARTESIAN_POINT('',(-4.01240550683477E-6,73.2709311322199,55.6693120654905));
#8214=CARTESIAN_POINT('',(-7.63728686002499E-6,73.2709311324197,55.6693120652972));
#8215=CARTESIAN_POINT('',(-1.12621677549838E-5,73.2709310598072,55.6693121088926));
#8216=CARTESIAN_POINT('',(-0.80981884911013,73.2467080069963,55.683863352053));
#8217=CARTESIAN_POINT('',(-1.61920517189143,73.2344327723084,55.6864293734106));
#8218=CARTESIAN_POINT('',(-2.82161720719038,73.2375562505558,55.6696174109096));
#8219=CARTESIAN_POINT('',(-3.21356269298815,73.2419445530891,55.6608792185363));
#8220=CARTESIAN_POINT('',(-3.98957642207047,73.2578091075174,55.6366797264287));
#8221=CARTESIAN_POINT('',(-4.37334158953757,73.2691316563527,55.6213682122236));
#8222=CARTESIAN_POINT('',(-6.22033759296886,73.34124956681,55.5306313825464));
#8223=CARTESIAN_POINT('',(-7.66874524895223,73.4517371207776,55.4079886950943));
#8224=CARTESIAN_POINT('',(-10.430955376516,73.7754577167564,55.0560574094538));
#8225=CARTESIAN_POINT('',(-11.8239703471114,73.9863764843924,54.8259099266238));
#8226=CARTESIAN_POINT('',(-13.735003190349,74.3767116098501,54.4032111936997));
#8227=CARTESIAN_POINT('',(-14.3552940618348,74.5209880476708,54.2478559761842));
#8228=CARTESIAN_POINT('',(-15.5689603413702,74.8511621075928,53.8967164711017));
#8229=CARTESIAN_POINT('',(-16.1554155171276,75.034265992721,53.7038131545595));
#8230=CARTESIAN_POINT('',(-17.298900819949,75.4586425725054,53.2644488929104));
#8231=CARTESIAN_POINT('',(-17.8445015129782,75.6943863557414,53.0233240571353));
#8232=CARTESIAN_POINT('',(-18.8954680775789,76.2465629034499,52.4700536378929));
#8233=CARTESIAN_POINT('',(-19.3807149251449,76.5531375382641,52.1677152504899));
#8234=CARTESIAN_POINT('',(-20.7785125306191,77.6683341257491,51.0924366902469));
#8235=CARTESIAN_POINT('',(-21.4499802354729,78.5880435283616,50.2368139689945));
#8236=CARTESIAN_POINT('',(-22.5347509931471,80.6154742889693,48.3395950797487));
#8237=CARTESIAN_POINT('',(-22.9206015834009,81.7644390555792,47.2615060071009));
#8238=CARTESIAN_POINT('',(-23.3373370952056,83.1652478010834,45.9045389006529));
#8239=CARTESIAN_POINT('',(-23.422964328708,83.4641875274514,45.612316980579));
#8240=CARTESIAN_POINT('',(-23.5953466327643,84.0710327681873,45.0122329747725));
#8241=CARTESIAN_POINT('',(-23.681887386612,84.3787656263925,44.704288340554));
#8242=CARTESIAN_POINT('',(-23.9399278845284,85.3152494815108,43.7561142336042));
#8243=CARTESIAN_POINT('',(-24.1043018604313,85.9385814527347,43.1096594310787));
#8244=CARTESIAN_POINT('',(-24.5602491507229,87.8343364450283,41.0962461027716));
#8245=CARTESIAN_POINT('',(-24.7968579795277,89.078630696038,39.7095935949907));
#8246=CARTESIAN_POINT('',(-25.0281029025656,91.5186846240031,36.8446441261258));
#8247=CARTESIAN_POINT('',(-25.0264888415902,92.7361160342364,35.337999123834));
#8248=CARTESIAN_POINT('',(-24.6390956230991,94.4411517903934,33.1216337697084));
#8249=CARTESIAN_POINT('',(-24.4501870154958,94.9832733810409,32.3990432358381));
#8250=CARTESIAN_POINT('',(-23.9017027515736,96.035414451297,30.9675499901894));
#8251=CARTESIAN_POINT('',(-23.563070481509,96.5104939564504,30.3086356582124));
#8252=CARTESIAN_POINT('',(-22.7055371247493,97.430285381463,29.0095460432182));
#8253=CARTESIAN_POINT('',(-22.2245983648045,97.8441265922468,28.4117384525937));
#8254=CARTESIAN_POINT('',(-21.148798782528,98.6174068748131,27.2630635139487));
#8255=CARTESIAN_POINT('',(-20.572286360663,98.9669073417137,26.7264964984329));
#8256=CARTESIAN_POINT('',(-19.3341468261141,99.6132405841139,25.6976637828336));
#8257=CARTESIAN_POINT('',(-18.6856213140807,99.9041368382571,25.2144630680449));
#8258=CARTESIAN_POINT('',(-17.3194840171333,100.437704957933,24.2880203037094));
#8259=CARTESIAN_POINT('',(-16.6117212390486,100.676238490091,23.8513438908213));
#8260=CARTESIAN_POINT('',(-15.1336692893822,101.108354468656,23.0204587331004));
#8261=CARTESIAN_POINT('',(-14.3717520482364,101.298570234908,22.6323888855628));
#8262=CARTESIAN_POINT('',(-12.7891111663413,101.637783836942,21.9035302629481));
#8263=CARTESIAN_POINT('',(-11.9770296499042,101.783668108675,21.5666552439331));
#8264=CARTESIAN_POINT('',(-10.2989044839066,102.036590999942,20.9480872309209));
#8265=CARTESIAN_POINT('',(-9.44132486320041,102.141884196756,20.6704358765969));
#8266=CARTESIAN_POINT('',(-7.67230053347441,102.320270588325,20.1730190688004));
#8267=CARTESIAN_POINT('',(-6.76893864542964,102.391442785085,19.9580659778477));
#8268=CARTESIAN_POINT('',(-3.92829888274378,102.565147706106,19.4079162383059));
#8269=CARTESIAN_POINT('',(-1.96471511607521,102.61575443532,19.2060182116708));
#8270=CARTESIAN_POINT('',(-4.80865377669723E-5,102.616123895616,19.2032042888408));
#8271=CARTESIAN_POINT('',(-4.30635794972939E-5,102.616123896009,19.203204288582));
#8272=CARTESIAN_POINT('',(-3.80406208317127E-5,102.616123896402,19.2032042883231));
#8273=CARTESIAN_POINT('',(7.32699058496188E-6,102.616123895796,19.2032042937907));
#8274=CARTESIAN_POINT('',(4.78076009701835E-5,102.616123894787,19.2032042995241));
#8275=CARTESIAN_POINT('',(4.79435589999247E-5,102.616123894776,19.2032042995311));
#8276=CARTESIAN_POINT('',(4.80795170293786E-5,102.616123894765,19.2032042995467));
#8277=CARTESIAN_POINT('',(1.43067669647157,102.616181875808,19.2011392481058));
#8278=CARTESIAN_POINT('',(2.84083141138401,102.589450205712,19.3063523613519));
#8279=CARTESIAN_POINT('',(5.60463890704004,102.472662087361,19.7060219414057));
#8280=CARTESIAN_POINT('',(6.92505462090704,102.386703619403,19.9867656425211));
#8281=CARTESIAN_POINT('',(9.49148150674858,102.14054492048,20.6879107782212));
#8282=CARTESIAN_POINT('',(10.714231295526,101.98595747315,21.0945863955215));
#8283=CARTESIAN_POINT('',(13.086856395308,101.58800740534,22.0195043292527));
#8284=CARTESIAN_POINT('',(14.2527172771533,101.341380288214,22.5462662121886));
#8285=CARTESIAN_POINT('',(16.4265892217077,100.756302684092,23.6941368179969));
#8286=CARTESIAN_POINT('',(17.445430448125,100.418670252578,24.3164095622485));
#8287=CARTESIAN_POINT('',(19.3706830469413,99.614363784504,25.6992036558652));
#8288=CARTESIAN_POINT('',(20.2582467854,99.1550252067666,26.4469093745274));
#8289=CARTESIAN_POINT('',(21.871389275992,98.1006434391918,28.065385630294));
#8290=CARTESIAN_POINT('',(22.595476704091,97.5009791524621,28.9406808408553));
#8291=CARTESIAN_POINT('',(23.7991189799018,96.170910360735,30.80261186381));
#8292=CARTESIAN_POINT('',(24.258586424935,95.4539779743636,31.7705343068655));
#8293=CARTESIAN_POINT('',(24.8609617328162,93.8770354396928,33.8526484802285));
#8294=CARTESIAN_POINT('',(24.9829038221902,93.0378244060182,34.9337046811814));
#8295=CARTESIAN_POINT('',(25.0173088626917,91.3240950124842,37.0659777387478));
#8296=CARTESIAN_POINT('',(24.9277010944635,90.4522207392234,38.1152131683465));
#8297=CARTESIAN_POINT('',(24.7383725445599,89.11074391702,39.6604664385204));
#8298=CARTESIAN_POINT('',(24.6677018043319,88.6615724845168,40.1664748333315));
#8299=CARTESIAN_POINT('',(24.5168976948451,87.7594749715521,41.1609289139523));
#8300=CARTESIAN_POINT('',(24.4356561351885,87.307457695854,41.649074331095));
#8301=CARTESIAN_POINT('',(24.2561284722268,86.4049637146856,42.6070817741876));
#8302=CARTESIAN_POINT('',(24.1581781890701,85.9552405851681,43.0764933852154));
#8303=CARTESIAN_POINT('',(23.9423626942118,85.0625049866839,43.9951230458754));
#8304=CARTESIAN_POINT('',(23.8252637139181,84.6203561382717,44.4437797013331));
#8305=CARTESIAN_POINT('',(23.5701653889528,83.7511260881492,45.3156083758804));
#8306=CARTESIAN_POINT('',(23.4335662671334,83.3249823399014,45.7382026433857));
#8307=CARTESIAN_POINT('',(23.1396605203468,82.488687669088,46.5595111793841));
#8308=CARTESIAN_POINT('',(22.9839876121118,82.0794395296875,46.9575740826036));
#8309=CARTESIAN_POINT('',(22.4908836751741,80.8952291823954,48.1007979970729));
#8310=CARTESIAN_POINT('',(22.1216465944815,80.131434694501,48.8280667462642));
#8311=CARTESIAN_POINT('',(21.2473736795177,78.708064581804,50.1726319460024));
#8312=CARTESIAN_POINT('',(20.75671623266,78.0437115935181,50.7946151221646));
#8313=CARTESIAN_POINT('',(19.6114295907884,76.8670717193904,51.8992014052778));
#8314=CARTESIAN_POINT('',(18.9689315502007,76.3487802231787,52.3874365552979));
#8315=CARTESIAN_POINT('',(18.213907283065,75.9205834290269,52.8054463975586));
#8316=CARTESIAN_POINT('',(17.0831839347432,75.279316473912,53.4314573869345));
#8317=CARTESIAN_POINT('',(15.7509931110227,74.8727487991199,53.8701107223794));
#8318=CARTESIAN_POINT('',(13.6942861122026,74.4429871800242,54.3639931975474));
#8319=CARTESIAN_POINT('',(12.9830909411947,74.328559535348,54.5031298857554));
#8320=CARTESIAN_POINT('',(11.5182815960866,74.1327829003388,54.7483458982087));
#8321=CARTESIAN_POINT('',(10.7698036319293,74.0533657866196,54.8522042031767));
#8322=CARTESIAN_POINT('',(9.2385621485295,73.906404715505,55.0405176002901));
#8323=CARTESIAN_POINT('',(8.45749714605282,73.8377501530818,55.1250063559778));
#8324=CARTESIAN_POINT('',(6.86255481408215,73.6990209550432,55.2829223540479));
#8325=CARTESIAN_POINT('',(6.04896406106332,73.6302414977515,55.3549622292365));
#8326=CARTESIAN_POINT('',(3.49258653160943,73.4320925243323,55.5500681295124));
#8327=CARTESIAN_POINT('',(1.75119124121935,73.3232825688024,55.6377927949012));
#8328=CARTESIAN_POINT('',(5.99573404954364E-6,73.2709310555081,55.6693121115765));
#8329=CARTESIAN_POINT('',(48.3382374111268,-97.3574657393997,0.551099482865489));
#8330=CARTESIAN_POINT('',(48.7013189104637,-97.1349839009941,0.0580375550834136));
#8331=CARTESIAN_POINT('',(49.0681120196913,-96.9069726014885,-0.428882911510287));
#8332=CARTESIAN_POINT('',(49.827213604728,-96.4273900175253,-1.37583230703231));
#8333=CARTESIAN_POINT('',(50.2171859796921,-96.1772944865148,-1.8331935581865));
#8334=CARTESIAN_POINT('',(51.0368543036689,-95.6420553219193,-2.70148509087094));
#8335=CARTESIAN_POINT('',(51.4612988592364,-95.3603221008899,-3.10552782085004));
#8336=CARTESIAN_POINT('',(52.3542847766436,-94.7554963811059,-3.85097161459186));
#8337=CARTESIAN_POINT('',(52.813852272992,-94.4384179151059,-4.18571572984528));
#8338=CARTESIAN_POINT('',(54.235111171037,-93.4361925503202,-5.10048284775009));
#8339=CARTESIAN_POINT('',(55.2226646040717,-92.7112258140134,-5.58059335065467));
#8340=CARTESIAN_POINT('',(56.7132254890412,-91.5621868959625,-6.1395159777948));
#8341=CARTESIAN_POINT('',(57.2109581867201,-91.1695280284677,-6.2993205910753));
#8342=CARTESIAN_POINT('',(58.2085069602922,-90.3629892422204,-6.57207207289641));
#8343=CARTESIAN_POINT('',(58.7045043551784,-89.9522069855118,-6.68361883749282));
#8344=CARTESIAN_POINT('',(60.1927375381008,-88.6881975343871,-6.95409237184995));
#8345=CARTESIAN_POINT('',(61.1626188305119,-87.8225243328726,-7.04520633328418));
#8346=CARTESIAN_POINT('',(63.0794126279572,-86.0189710992453,-7.07006047373921));
#8347=CARTESIAN_POINT('',(64.0053102364914,-85.1006890107121,-7.00263715964645));
#8348=CARTESIAN_POINT('',(65.8130942520905,-83.2081495525282,-6.72211644121958));
#8349=CARTESIAN_POINT('',(66.6781273904782,-82.2515156767632,-6.51188488182266));
#8350=CARTESIAN_POINT('',(68.3498351758098,-80.2975153133228,-5.96125807255063));
#8351=CARTESIAN_POINT('',(69.1427526913585,-79.316052343327,-5.62414081751213));
#8352=CARTESIAN_POINT('',(70.6656465208006,-77.3313665279482,-4.82340373053346));
#8353=CARTESIAN_POINT('',(71.3850303198103,-76.3421332221489,-4.36597419445639));
#8354=CARTESIAN_POINT('',(72.4176490699395,-74.8532498347193,-3.60101627788957));
#8355=CARTESIAN_POINT('',(72.7521932849573,-74.3588541969398,-3.33429636495209));
#8356=CARTESIAN_POINT('',(73.4056935159977,-73.3706039620038,-2.77814126475173));
#8357=CARTESIAN_POINT('',(73.7240087335287,-72.8777083211982,-2.48972622716905));
#8358=CARTESIAN_POINT('',(74.6560288583834,-71.4023104195326,-1.58965365561549));
#8359=CARTESIAN_POINT('',(75.2419254191436,-70.4309517944845,-0.946912549562765));
#8360=CARTESIAN_POINT('',(76.3533029645131,-68.5145903283437,0.447607451096147));
#8361=CARTESIAN_POINT('',(76.8727445076191,-67.5801908761388,1.19141455383565));
#8362=CARTESIAN_POINT('',(77.8529902644472,-65.754280334625,2.77628064264098));
#8363=CARTESIAN_POINT('',(78.3088382995917,-64.872461277281,3.60923259078821));
#8364=CARTESIAN_POINT('',(78.9569941042464,-63.5798639723196,4.91855247865345));
#8365=CARTESIAN_POINT('',(79.1663501347813,-63.1554564473962,5.36379214360211));
#8366=CARTESIAN_POINT('',(79.5761807195735,-62.3123596761295,6.27889030611564));
#8367=CARTESIAN_POINT('',(79.7758991614089,-61.8949165361614,6.74728670190366));
#8368=CARTESIAN_POINT('',(80.1489813130696,-61.1046581194303,7.72737701478385));
#8369=CARTESIAN_POINT('',(80.3207216994148,-60.7354256346766,8.23031153539298));
#8370=CARTESIAN_POINT('',(80.6234255952823,-60.0780360480607,9.31630570998622));
#8371=CARTESIAN_POINT('',(80.75431879654,-59.7899879458327,9.89892273966218));
#8372=CARTESIAN_POINT('',(80.9374703187659,-59.3849156761378,11.1286237222911));
#8373=CARTESIAN_POINT('',(80.9881050271058,-59.2718378355845,11.7647860318831));
#8374=CARTESIAN_POINT('',(80.9836288184231,-59.2818053955763,13.0800564584634));
#8375=CARTESIAN_POINT('',(80.92850190297,-59.4047916306231,13.7065786712187));
#8376=CARTESIAN_POINT('',(80.8414591053418,-59.597260535777,14.3242972255232));
#8377=CARTESIAN_POINT('',(94.139394862047,25.9962540191382,0.73634013164244));
#8378=CARTESIAN_POINT('',(93.9837310496488,26.8467369980485,-0.256567806984066));
#8379=CARTESIAN_POINT('',(93.8113049075209,27.7473690236283,-1.18144450563618));
#8380=CARTESIAN_POINT('',(93.412214569258,29.7163548713239,-2.88674372549267));
#8381=CARTESIAN_POINT('',(93.1922636367395,30.7513712837709,-3.63647979998574));
#8382=CARTESIAN_POINT('',(92.6947279610582,32.9634938711659,-4.95568554021104));
#8383=CARTESIAN_POINT('',(92.418711141452,34.1322073923264,-5.52106205216758));
#8384=CARTESIAN_POINT('',(91.9729397264321,35.9209973463755,-6.19686703580725));
#8385=CARTESIAN_POINT('',(91.8184450719843,36.5257816099188,-6.3946242887089));
#8386=CARTESIAN_POINT('',(91.496144757178,37.7549091866672,-6.73427145666336));
#8387=CARTESIAN_POINT('',(91.3300653256205,38.3726634124055,-6.87488646355158));
#8388=CARTESIAN_POINT('',(90.9850634235011,39.6231267885953,-7.09567939587166));
#8389=CARTESIAN_POINT('',(90.8081128127293,40.2486838231665,-7.1746705831485));
#8390=CARTESIAN_POINT('',(90.4423288767934,41.5092803943959,-7.26917998984978));
#8391=CARTESIAN_POINT('',(90.2556634652413,42.1368457762937,-7.28392030379739));
#8392=CARTESIAN_POINT('',(89.6789130446813,44.0283244308007,-7.23760401476863));
#8393=CARTESIAN_POINT('',(89.284398497097,45.2608101309727,-7.088797850526));
#8394=CARTESIAN_POINT('',(88.4601150757272,47.7180755024842,-6.61472600696548));
#8395=CARTESIAN_POINT('',(88.0399431469969,48.9141559993064,-6.29498097613622));
#8396=CARTESIAN_POINT('',(87.1718101148016,51.2796784337273,-5.53977755224381));
#8397=CARTESIAN_POINT('',(86.7284305724409,52.4364918387577,-5.10968860488576));
#8398=CARTESIAN_POINT('',(85.8155755451609,54.721124703013,-4.18563979586842));
#8399=CARTESIAN_POINT('',(85.3480522494921,55.8440806866144,-3.69362696515746));
#8400=CARTESIAN_POINT('',(84.6238707471237,57.5146644513316,-2.94198703272134));
#8401=CARTESIAN_POINT('',(84.3786404460233,58.0691910783104,-2.69002215108355));
#8402=CARTESIAN_POINT('',(83.8810300570553,59.1721970254982,-2.1802283862578));
#8403=CARTESIAN_POINT('',(83.6287439255964,59.7204658629907,-1.92253145923624));
#8404=CARTESIAN_POINT('',(82.8626197972993,61.3530991035572,-1.12790307164981));
#8405=CARTESIAN_POINT('',(82.3420177080782,62.4197223570301,-0.571391857150457));
#8406=CARTESIAN_POINT('',(81.2914478619148,64.493700912355,0.658914375215154));
#8407=CARTESIAN_POINT('',(80.767941256006,65.4885298424092,1.32565304100642));
#8408=CARTESIAN_POINT('',(79.7290127959123,67.3973371243701,2.80703877840226));
#8409=CARTESIAN_POINT('',(79.2235970705853,68.2932439671724,3.60742142552259));
#8410=CARTESIAN_POINT('',(78.2472287819898,69.9733641482932,5.33106685060525));
#8411=CARTESIAN_POINT('',(77.74652474696,70.807160183332,6.30419097284909));
#8412=CARTESIAN_POINT('',(77.0875319455959,71.8771127929871,7.78727490370369));
#8413=CARTESIAN_POINT('',(76.8745666262588,72.2179877695796,8.30551470935373));
#8414=CARTESIAN_POINT('',(76.4781919765433,72.8455461898208,9.39435578918481));
#8415=CARTESIAN_POINT('',(76.2985776633999,73.1262415360149,9.95376910740685));
#8416=CARTESIAN_POINT('',(75.9913079061895,73.6027363897368,11.1360627148312));
#8417=CARTESIAN_POINT('',(75.8646563484064,73.7970052360881,11.7549691757157));
#8418=CARTESIAN_POINT('',(75.7008333779154,74.0475436808239,13.0343979820845));
#8419=CARTESIAN_POINT('',(75.6691382246435,74.095652519111,13.6646551058734));
#8420=CARTESIAN_POINT('',(75.6929427224392,74.0593731851273,14.3242972255232));
#8421=CARTESIAN_POINT('',(77.9528285613188,70.4586040305169,2.08845114875767));
#8422=CARTESIAN_POINT('',(77.4194702664638,71.347349935755,1.25881783397314));
#8423=CARTESIAN_POINT('',(76.8554149186454,72.2584008280212,0.484740731002725));
#8424=CARTESIAN_POINT('',(75.6519488194648,74.1326033842132,-0.96385137644603));
#8425=CARTESIAN_POINT('',(75.0191928077291,75.085223949669,-1.63079459377008));
#8426=CARTESIAN_POINT('',(73.6871345728631,77.0156055194401,-2.87961971664167));
#8427=CARTESIAN_POINT('',(72.9922859345828,77.9869875519592,-3.46174036748801));
#8428=CARTESIAN_POINT('',(71.5381912461675,79.9409219056075,-4.52584784295327));
#8429=CARTESIAN_POINT('',(70.7832942191452,80.9178885474257,-5.00331248346756));
#8430=CARTESIAN_POINT('',(68.4051325865408,83.8703401723975,-6.23483507784299));
#8431=CARTESIAN_POINT('',(66.6809403621454,85.8489769361259,-6.78664996385922));
#8432=CARTESIAN_POINT('',(63.917529213902,88.7397320741672,-6.94191333299862));
#8433=CARTESIAN_POINT('',(62.9855705264279,89.6715422492414,-6.87564095505478));
#8434=CARTESIAN_POINT('',(61.0661212737895,91.5040800610394,-6.52250755509514));
#8435=CARTESIAN_POINT('',(60.107502735029,92.3770911340846,-6.24502150254298));
#8436=CARTESIAN_POINT('',(58.165435625173,94.0658309485726,-5.53943455199581));
#8437=CARTESIAN_POINT('',(57.1983417623824,94.8675252797911,-5.11733397366683));
#8438=CARTESIAN_POINT('',(55.2469674657434,96.4113378775925,-4.17513582024034));
#8439=CARTESIAN_POINT('',(54.2704169180606,97.1472347975202,-3.65740354415475));
#8440=CARTESIAN_POINT('',(52.7924922894448,98.2084617518433,-2.83985913445609));
#8441=CARTESIAN_POINT('',(52.2983165723433,98.5545891830199,-2.56058050457496));
#8442=CARTESIAN_POINT('',(51.3067369570987,99.2320311053809,-1.98924822159334));
#8443=CARTESIAN_POINT('',(50.8099723648819,99.5628806759091,-1.6968801415897));
#8444=CARTESIAN_POINT('',(49.8194328688714,100.206162781316,-1.08571676625172));
#8445=CARTESIAN_POINT('',(49.3266283288755,100.517958280054,-0.768068795068518));
#8446=CARTESIAN_POINT('',(48.350447203668,101.119953399444,-0.0949648174124418));
#8447=CARTESIAN_POINT('',(47.869425255485,101.408668303397,0.258410103217291));
#8448=CARTESIAN_POINT('',(46.4562231945915,102.235852832062,1.39758379931468));
#8449=CARTESIAN_POINT('',(45.5672291030634,102.727128675588,2.25104712354709));
#8450=CARTESIAN_POINT('',(44.392025496434,103.351597154159,3.74166543512864));
#8451=CARTESIAN_POINT('',(44.0345232270908,103.537013475457,4.26301884128738));
#8452=CARTESIAN_POINT('',(43.3876454146518,103.86705957131,5.37840789771441));
#8453=CARTESIAN_POINT('',(43.1085369236375,104.00648769312,5.9561040054224));
#8454=CARTESIAN_POINT('',(42.3950840315471,104.358911481811,7.77852347326537));
#8455=CARTESIAN_POINT('',(42.092595156048,104.502859424373,9.07032360751228));
#8456=CARTESIAN_POINT('',(41.7464320052425,104.667615500507,11.6755191942891));
#8457=CARTESIAN_POINT('',(41.7019936381005,104.688360272888,13.0115720291238));
#8458=CARTESIAN_POINT('',(41.7657283575835,104.658209573489,14.3242972255232));
#8459=CARTESIAN_POINT('',(-91.979935303411,-28.1227450766002,14.3242972255232));
#8460=CARTESIAN_POINT('',(-91.9710146180894,-28.1558574009781,13.6621875819236));
#8461=CARTESIAN_POINT('',(-91.9885464237538,-28.0910571221843,13.0301785213444));
#8462=CARTESIAN_POINT('',(-92.069302895872,-27.7899083177963,11.7451102237337));
#8463=CARTESIAN_POINT('',(-92.1311369243499,-27.5583982031722,11.1082529561283));
#8464=CARTESIAN_POINT('',(-92.3444372821289,-26.7493983547093,9.31989821553725));
#8465=CARTESIAN_POINT('',(-92.5353499621208,-26.0118067620226,8.17494922201888));
#8466=CARTESIAN_POINT('',(-92.9186995308414,-24.4723584483181,6.11002051666319));
#8467=CARTESIAN_POINT('',(-93.1359771118568,-23.5703080435505,5.04808844654491));
#8468=CARTESIAN_POINT('',(-93.5439151981995,-21.7951977991202,3.16832649519608));
#8469=CARTESIAN_POINT('',(-93.7513507801856,-20.8526557963242,2.27904043290244));
#8470=CARTESIAN_POINT('',(-94.1691749514152,-18.8350713066499,0.607625375442672));
#8471=CARTESIAN_POINT('',(-94.3755725597794,-17.7781934528112,-0.157529185000713));
#8472=CARTESIAN_POINT('',(-94.7756415497899,-15.5603949196925,-1.57484976194067));
#8473=CARTESIAN_POINT('',(-94.9660356190624,-14.4167967572897,-2.21677349294995));
#8474=CARTESIAN_POINT('',(-95.3151890717997,-12.0908086559928,-3.41051703076831));
#8475=CARTESIAN_POINT('',(-95.4810656478126,-10.8567627070467,-3.9935643130777));
#8476=CARTESIAN_POINT('',(-95.7636294945206,-8.43991245223533,-5.015016347468));
#8477=CARTESIAN_POINT('',(-95.8873488235957,-7.20364311110178,-5.47601751298598));
#8478=CARTESIAN_POINT('',(-96.0415448619434,-5.30405060500011,-6.06673977849767));
#8479=CARTESIAN_POINT('',(-96.0872609043676,-4.66855464668238,-6.24515368659873));
#8480=CARTESIAN_POINT('',(-96.1677493269384,-3.38068711036381,-6.56468301995271));
#8481=CARTESIAN_POINT('',(-96.2022935769997,-2.73158205400757,-6.70502465485453));
#8482=CARTESIAN_POINT('',(-96.289008690113,-0.758729112065577,-7.05998332759043));
#8483=CARTESIAN_POINT('',(-96.3227528943665,0.555899280112489,-7.20315988743628));
#8484=CARTESIAN_POINT('',(-96.3432245865041,3.22930573851075,-7.25130315229778));
#8485=CARTESIAN_POINT('',(-96.3299043130011,4.5377572253246,-7.15608077603702));
#8486=CARTESIAN_POINT('',(-96.2770480226638,6.51389672806262,-6.84839024560097));
#8487=CARTESIAN_POINT('',(-96.2540291559513,7.16760488507457,-6.71960071926498));
#8488=CARTESIAN_POINT('',(-96.1977978558835,8.46771933390828,-6.41386156885904));
#8489=CARTESIAN_POINT('',(-96.1647873426103,9.10958847261118,-6.23790253245473));
#8490=CARTESIAN_POINT('',(-96.052015047024,11.0165332012019,-5.64593047537362));
#8491=CARTESIAN_POINT('',(-95.9597434689721,12.2468928518997,-5.17281705210757));
#8492=CARTESIAN_POINT('',(-95.7445641582933,14.6681494093301,-4.08343095269612));
#8493=CARTESIAN_POINT('',(-95.6233358237045,15.8391707101279,-3.47591637951958));
#8494=CARTESIAN_POINT('',(-95.3570295558499,18.1313512525289,-2.13866537924562));
#8495=CARTESIAN_POINT('',(-95.2137224049272,19.2360968068814,-1.41660126278432));
#8496=CARTESIAN_POINT('',(-94.9130201582421,21.36529833435,0.148118875415291));
#8497=CARTESIAN_POINT('',(-94.7578304188026,22.3759072877581,0.978607820597945));
#8498=CARTESIAN_POINT('',(-94.5984241925669,23.3493418429625,1.86188149535569));
#8499=CARTESIAN_POINT('',(-75.293152872704,-70.3319812188709,14.3242972255232));
#8500=CARTESIAN_POINT('',(-75.2071580867847,-70.4766552619874,13.6865502248249));
#8501=CARTESIAN_POINT('',(-75.1856161938574,-70.5125310873168,13.0540236217397));
#8502=CARTESIAN_POINT('',(-75.287673534911,-70.3413036036132,11.7518940264027));
#8503=CARTESIAN_POINT('',(-75.4064682199569,-70.1416766665455,11.1204720246164));
#8504=CARTESIAN_POINT('',(-75.8336940919961,-69.4138595339241,9.38831911792283));
#8505=CARTESIAN_POINT('',(-76.2500163934514,-68.6910078272094,8.27649243435665));
#8506=CARTESIAN_POINT('',(-76.8563063044527,-67.6009146061449,6.81884379946611));
#8507=CARTESIAN_POINT('',(-77.0692279256598,-67.2123302046456,6.33835129531606));
#8508=CARTESIAN_POINT('',(-77.5000352645729,-66.4130258840353,5.39463534589236));
#8509=CARTESIAN_POINT('',(-77.7173813843554,-66.0033656023919,4.93300605845521));
#8510=CARTESIAN_POINT('',(-78.3740487389188,-64.7449692084693,3.57807011608131));
#8511=CARTESIAN_POINT('',(-78.816040542458,-63.870831786025,2.72077682709282));
#8512=CARTESIAN_POINT('',(-79.7164546251336,-62.0279842132,1.09488338033936));
#8513=CARTESIAN_POINT('',(-80.16954515212,-61.0700165180463,0.336214508740623));
#8514=CARTESIAN_POINT('',(-81.0851051445191,-59.0666063830987,-1.08509933965118));
#8515=CARTESIAN_POINT('',(-81.5422048165738,-58.0325991394509,-1.74009540169566));
#8516=CARTESIAN_POINT('',(-82.4448839851746,-55.9223550887801,-2.96034220209776));
#8517=CARTESIAN_POINT('',(-82.9097119951145,-54.8001807223041,-3.55609865159929));
#8518=CARTESIAN_POINT('',(-83.7932165115663,-52.6024833550959,-4.61789038807282));
#8519=CARTESIAN_POINT('',(-84.2321555724905,-51.4780123114092,-5.10808856137239));
#8520=CARTESIAN_POINT('',(-85.1103783995256,-49.1678857625483,-5.97010548237962));
#8521=CARTESIAN_POINT('',(-85.5436259874102,-47.9981173951971,-6.3374503630905));
#8522=CARTESIAN_POINT('',(-86.414031857251,-45.5961101913065,-6.89699407222372));
#8523=CARTESIAN_POINT('',(-86.8485940006563,-44.3714083946741,-7.08635869192087));
#8524=CARTESIAN_POINT('',(-87.7077195526572,-41.908151200165,-7.19419297713598));
#8525=CARTESIAN_POINT('',(-88.1201552238819,-40.7026757578204,-7.11131521945746));
#8526=CARTESIAN_POINT('',(-88.7341231924905,-38.8641806792592,-6.79482305454819));
#8527=CARTESIAN_POINT('',(-88.9358337198794,-38.2524928889556,-6.65818675706801));
#8528=CARTESIAN_POINT('',(-89.3320251672279,-37.0347410732779,-6.32932146534443));
#8529=CARTESIAN_POINT('',(-89.5247306098208,-36.4341261639624,-6.13863209572001));
#8530=CARTESIAN_POINT('',(-89.900338850242,-35.2461970927758,-5.71094051512247));
#8531=CARTESIAN_POINT('',(-90.0820018889297,-34.6629267601824,-5.47568676223366));
#8532=CARTESIAN_POINT('',(-90.4353969221506,-33.5103977533372,-4.96673491425278));
#8533=CARTESIAN_POINT('',(-90.6062049638205,-32.9442517596803,-4.69430224335381));
#8534=CARTESIAN_POINT('',(-91.1000117417247,-31.2801115709033,-3.83252157738976));
#8535=CARTESIAN_POINT('',(-91.422928732882,-30.152469079234,-3.1659597039805));
#8536=CARTESIAN_POINT('',(-92.0062669016787,-28.0390722142329,-1.77661615616273));
#8537=CARTESIAN_POINT('',(-92.2786168175801,-27.0114179643895,-1.02340339717962));
#8538=CARTESIAN_POINT('',(-92.7853222806625,-25.0216640321943,0.603196323543814));
#8539=CARTESIAN_POINT('',(-93.0164059734003,-24.0726687264114,1.46487312623962));
#8540=CARTESIAN_POINT('',(-93.2302171679046,-23.1565926818389,2.37491734008642));
#8541=CARTESIAN_POINT('',(1.04108468354608,-112.39237588125,2.1447581652073));
#8542=CARTESIAN_POINT('',(2.14298065563634,-112.375078041334,1.30966198402514));
#8543=CARTESIAN_POINT('',(3.27527951478014,-112.330283423498,0.530476094783849));
#8544=CARTESIAN_POINT('',(5.62464478458959,-112.176700668945,-0.918197714161733));
#8545=CARTESIAN_POINT('',(6.82467153009268,-112.068951282035,-1.57830991059753));
#8546=CARTESIAN_POINT('',(9.27619055553296,-111.785046945894,-2.79145619466919));
#8547=CARTESIAN_POINT('',(10.5468280993767,-111.606017497761,-3.35458764703614));
#8548=CARTESIAN_POINT('',(13.0725705967221,-111.185763894126,-4.36345050849117));
#8549=CARTESIAN_POINT('',(14.3498061607402,-110.941472047164,-4.81591629377155));
#8550=CARTESIAN_POINT('',(16.9432201944395,-110.380684715182,-5.59976798851697));
#8551=CARTESIAN_POINT('',(18.2410528872556,-110.068218575909,-5.92640110156315));
#8552=CARTESIAN_POINT('',(20.8715038457727,-109.371349806314,-6.42922055340355));
#8553=CARTESIAN_POINT('',(22.1788305001229,-108.993711696928,-6.60055239361039));
#8554=CARTESIAN_POINT('',(24.8299931643419,-108.166876640324,-6.74903750819424));
#8555=CARTESIAN_POINT('',(26.1064613027857,-107.739181833899,-6.71993293214225));
#8556=CARTESIAN_POINT('',(28.0623871300782,-107.042128372671,-6.51511465892929));
#8557=CARTESIAN_POINT('',(28.7025201339279,-106.807062576362,-6.42260343773629));
#8558=CARTESIAN_POINT('',(29.9749655413999,-106.326805380859,-6.19107308413165));
#8559=CARTESIAN_POINT('',(30.6034708235815,-106.083054794033,-6.05289420616857));
#8560=CARTESIAN_POINT('',(32.4750307389664,-105.339022686803,-5.57624145902392));
#8561=CARTESIAN_POINT('',(33.6866908663064,-104.833456354657,-5.17938361041486));
#8562=CARTESIAN_POINT('',(36.0738347049877,-103.794749242195,-4.26965014985825));
#8563=CARTESIAN_POINT('',(37.2365750253484,-103.266699653415,-3.76168146057204));
#8564=CARTESIAN_POINT('',(38.9530323442474,-102.453620264833,-2.94498081383704));
#8565=CARTESIAN_POINT('',(39.5193454776187,-102.179634060707,-2.66406564291846));
#8566=CARTESIAN_POINT('',(40.6387289501077,-101.626593509972,-2.08175941472541));
#8567=CARTESIAN_POINT('',(41.1901573369104,-101.348358855417,-1.77974671319451));
#8568=CARTESIAN_POINT('',(42.8190603229989,-100.509411984809,-0.820989948525564));
#8569=CARTESIAN_POINT('',(43.8531734043711,-99.9536167749393,-0.121563674739732));
#8570=CARTESIAN_POINT('',(45.318810190907,-99.1359435200656,1.08164016230248));
#8571=CARTESIAN_POINT('',(45.7851442922708,-98.8706241439083,1.50110818639465));
#8572=CARTESIAN_POINT('',(46.6845957652326,-98.3499046948752,2.3927933898098));
#8573=CARTESIAN_POINT('',(47.1129570925562,-98.0972411829786,2.86056994114298));
#8574=CARTESIAN_POINT('',(48.326162204946,-97.3701633492975,4.32078382706162));
#8575=CARTESIAN_POINT('',(49.1089528771443,-96.8835214412336,5.45461520516703));
#8576=CARTESIAN_POINT('',(50.0445000397626,-96.2878621041159,7.17364504601642));
#8577=CARTESIAN_POINT('',(50.3294593903563,-96.1037085122087,7.77414138025124));
#8578=CARTESIAN_POINT('',(50.8082015131533,-95.7915749992486,9.02695043696336));
#8579=CARTESIAN_POINT('',(51.0034470601299,-95.6626907692572,9.68237056322717));
#8580=CARTESIAN_POINT('',(51.2444552247514,-95.5030765483861,11.0100233307949));
#8581=CARTESIAN_POINT('',(51.2916463932942,-95.4715991562931,11.698354676799));
#8582=CARTESIAN_POINT('',(51.1594056890519,-95.5594334014795,13.064431197051));
#8583=CARTESIAN_POINT('',(50.9832586528542,-95.6764634810196,13.704985383846));
#8584=CARTESIAN_POINT('',(50.731459015052,-95.841375362785,14.3242972255232));
#8585=CARTESIAN_POINT('',(77.270256181761,-71.5071664275218,14.3242972255232));
#8586=CARTESIAN_POINT('',(77.1858364937441,-71.6491907096019,13.7135749998139));
#8587=CARTESIAN_POINT('',(77.1616607504713,-71.6894738338182,13.1050435625346));
#8588=CARTESIAN_POINT('',(77.2510236358755,-71.5395857734495,11.8590667344852));
#8589=CARTESIAN_POINT('',(77.3593890795204,-71.3576202578249,11.2591052478229));
#8590=CARTESIAN_POINT('',(77.7594426880428,-70.6774069714556,9.59392283062693));
#8591=CARTESIAN_POINT('',(78.1589395712291,-69.986252862758,8.51771255820182));
#8592=CARTESIAN_POINT('',(78.7414341703024,-68.9448396539892,7.11530426481382));
#8593=CARTESIAN_POINT('',(78.9468898222599,-68.5723401617107,6.65232195613436));
#8594=CARTESIAN_POINT('',(79.364068198928,-67.8040715045191,5.74455762636156));
#8595=CARTESIAN_POINT('',(79.5747621969289,-67.4102279995871,5.30048053082413));
#8596=CARTESIAN_POINT('',(80.2124280871491,-66.1993841007715,3.99169189320092));
#8597=CARTESIAN_POINT('',(80.6415240517464,-65.3597181021834,3.15813087001008));
#8598=CARTESIAN_POINT('',(81.0776718500234,-64.4780038694876,2.36528816765633));
#8599=CARTESIAN_POINT('',(94.2007404711317,-28.7210766867645,14.3242972255232));
#8600=CARTESIAN_POINT('',(94.1921503371318,-28.7529616297457,13.6955892709874));
#8601=CARTESIAN_POINT('',(94.2077034095944,-28.6954600241303,13.0934373123365));
#8602=CARTESIAN_POINT('',(94.2807219585062,-28.423319438648,11.8825007979634));
#8603=CARTESIAN_POINT('',(94.3365938558202,-28.2143524878183,11.2846195586237));
#8604=CARTESIAN_POINT('',(94.466524430306,-27.7227883435769,10.1569871310625));
#8605=CARTESIAN_POINT('',(94.5419395315264,-27.4350623104037,9.61497640670372));
#8606=CARTESIAN_POINT('',(94.7056926956053,-26.8014003160857,8.55380790749263));
#8607=CARTESIAN_POINT('',(94.7932137243784,-26.4586236582979,8.04339817131429));
#8608=CARTESIAN_POINT('',(94.9754369866007,-25.7331801467383,7.04485119914522));
#8609=CARTESIAN_POINT('',(95.0694958551029,-25.3530610231214,6.56038287664377));
#8610=CARTESIAN_POINT('',(95.2605836243145,-24.5665133263084,5.60923165170466));
#8611=CARTESIAN_POINT('',(95.3573513126013,-24.1611880859483,5.14469605712808));
#8612=CARTESIAN_POINT('',(95.650853671305,-22.9062999581335,3.77686196389993));
#8613=CARTESIAN_POINT('',(95.8486201951527,-22.0274058653137,2.91472762178768));
#8614=CARTESIAN_POINT('',(96.0480058923434,-21.092751744869,2.10160954612429));
#8615=CARTESIAN_POINT('',(84.012349884549,64.2111306072539,14.3242972255232));
#8616=CARTESIAN_POINT('',(84.0546719182238,64.1270191509459,13.6775349384807));
#8617=CARTESIAN_POINT('',(84.0502710756106,64.1358270958358,13.0566060027533));
#8618=CARTESIAN_POINT('',(83.9458063200328,64.3432996628448,11.7790359327579));
#8619=CARTESIAN_POINT('',(83.8505149455924,64.5322528157727,11.1703807275113));
#8620=CARTESIAN_POINT('',(83.4791367981053,65.2606024722395,9.43113479543999));
#8621=CARTESIAN_POINT('',(83.1113679421697,65.9714847251804,8.35902907270789));
#8622=CARTESIAN_POINT('',(82.519514691452,67.0806432074905,6.91662512881599));
#8623=CARTESIAN_POINT('',(82.3081152688923,67.4717550908527,6.446815647846));
#8624=CARTESIAN_POINT('',(81.8704213638299,68.2697124554214,5.52347847227942));
#8625=CARTESIAN_POINT('',(81.644895051874,68.6752186065662,5.07113515449982));
#8626=CARTESIAN_POINT('',(80.9448004617092,69.9152181710552,3.73892358526145));
#8627=CARTESIAN_POINT('',(80.4521911595934,70.7635754210616,2.89142746773977));
#8628=CARTESIAN_POINT('',(79.9249543570343,71.6421225370065,2.08845114875767));
#8629=CARTESIAN_POINT('',(-0.936334415488491,114.98227584435,4.25282426656281));
#8630=CARTESIAN_POINT('',(-0.779464742328561,114.983144804453,4.36859642989386));
#8631=CARTESIAN_POINT('',(-0.622983477607138,114.98378995063,4.48488663466222));
#8632=CARTESIAN_POINT('',(-0.413146371244827,114.984364927494,4.64187911767566));
#8633=CARTESIAN_POINT('',(-0.0525237061348128,114.984855164287,4.91190272260546));
#8634=CARTESIAN_POINT('',(6.14419361288752E-5,114.98485495617,4.95364786022089));
#8635=CARTESIAN_POINT('',(0.677749306742068,114.984852274067,5.49166107888968));
#8636=CARTESIAN_POINT('',(1.31258642246614,114.980679719317,6.11031662895176));
#8637=CARTESIAN_POINT('',(2.41901466605078,114.968311398663,7.45455996709634));
#8638=CARTESIAN_POINT('',(2.88403645021011,114.960325360959,8.17066439168571));
#8639=CARTESIAN_POINT('',(4.03969480344465,114.937148425348,10.5272965185313));
#8640=CARTESIAN_POINT('',(4.4021077874499,114.925710720296,12.2274228820386));
#8641=CARTESIAN_POINT('',(4.36509699535152,114.926718055252,13.967143954387));
#8642=CARTESIAN_POINT('',(4.36256276212015,114.926787030315,14.0862675587461));
#8643=CARTESIAN_POINT('',(4.35828208642081,114.926903504836,14.2052940169968));
#8644=CARTESIAN_POINT('',(4.35226616500833,114.927066729983,14.3242972255232));
#8645=CARTESIAN_POINT('',(-96.8681920097688,23.7210318645968,1.86188149535569));
#8646=CARTESIAN_POINT('',(-96.7123106636475,24.6729396696901,2.71184054955386));
#8647=CARTESIAN_POINT('',(-96.5540295491239,25.5802671602456,3.60207569243349));
#8648=CARTESIAN_POINT('',(-96.313185357494,26.8938033897382,4.99155775186307));
#8649=CARTESIAN_POINT('',(-96.2325088469708,27.3226739729011,5.4617268255809));
#8650=CARTESIAN_POINT('',(-96.0707307743348,28.1631322305029,6.41712741324682));
#8651=CARTESIAN_POINT('',(-95.990082236832,28.5723016604403,6.90241105259649));
#8652=CARTESIAN_POINT('',(-95.8325344806202,29.3556989923958,7.90396510556999));
#8653=CARTESIAN_POINT('',(-95.7560864143163,29.7276859738716,8.41613719285186));
#8654=CARTESIAN_POINT('',(-95.6128505761951,30.4134097625224,9.48961229942274));
#8655=CARTESIAN_POINT('',(-95.547050294859,30.7224419064925,10.0400941813718));
#8656=CARTESIAN_POINT('',(-95.4348819303138,31.2434703485171,11.1990527872853));
#8657=CARTESIAN_POINT('',(-95.3886152804494,31.4550570537362,11.807780491349));
#8658=CARTESIAN_POINT('',(-95.3321243369432,31.7124698851533,13.0623111371854));
#8659=CARTESIAN_POINT('',(-95.3236064520143,31.7508871752404,13.6800559491055));
#8660=CARTESIAN_POINT('',(-95.3363309375589,31.6931080152068,14.3242972255232));
#8661=CARTESIAN_POINT('',(-79.8242002790751,-66.9365173167817,2.69626259324558));
#8662=CARTESIAN_POINT('',(-80.2714545731797,-66.085705511649,3.45503965231876));
#8663=CARTESIAN_POINT('',(-80.6914356396488,-65.2593308546758,4.24956365198677));
#8664=CARTESIAN_POINT('',(-81.280536395285,-64.0676377675576,5.47060151695783));
#8665=CARTESIAN_POINT('',(-81.4932011578643,-63.631066587869,5.93091655903301));
#8666=CARTESIAN_POINT('',(-81.8590450551321,-62.8699293069328,6.76983514468752));
#8667=CARTESIAN_POINT('',(-82.0384171534634,-62.4913935692411,7.21019628119532));
#8668=CARTESIAN_POINT('',(-82.53134730794,-61.439055326694,8.57573484102637));
#8669=CARTESIAN_POINT('',(-82.8280358601233,-60.7867990020119,9.62264111122561));
#8670=CARTESIAN_POINT('',(-83.0543048765548,-60.2854753333618,11.3555123384301));
#8671=CARTESIAN_POINT('',(-83.0917795659321,-60.2017720585432,11.9488459896882));
#8672=CARTESIAN_POINT('',(-83.0737576414998,-60.2419007770108,13.1687469839595));
#8673=CARTESIAN_POINT('',(-83.0192903269047,-60.3633244650069,13.7511281649158));
#8674=CARTESIAN_POINT('',(-82.9371222398266,-60.5450144337232,14.3242972255232));
#8675=CARTESIAN_POINT('',(-47.2426205005963,-100.684255369367,1.80795010795752));
#8676=CARTESIAN_POINT('',(-48.0738920511681,-100.204787039221,2.59780110920319));
#8677=CARTESIAN_POINT('',(-48.830210479681,-99.7532446403221,3.45086296470932));
#8678=CARTESIAN_POINT('',(-49.8738249734333,-99.1140118193248,4.85185466057063));
#8679=CARTESIAN_POINT('',(-50.202053229064,-98.9100256642254,5.33037493791613));
#8680=CARTESIAN_POINT('',(-50.8204602725616,-98.5210913018529,6.32385001565184));
#8681=CARTESIAN_POINT('',(-51.1076965464151,-98.3379885113909,6.83290492312774));
#8682=CARTESIAN_POINT('',(-51.6243442413546,-98.0053877160782,7.88927464647721));
#8683=CARTESIAN_POINT('',(-51.860021648337,-97.8518345632116,8.44980880277078));
#8684=CARTESIAN_POINT('',(-52.2321826362584,-97.6077312356493,9.57369311240429));
#8685=CARTESIAN_POINT('',(-52.3826424946266,-97.5080730040896,10.1762251549271));
#8686=CARTESIAN_POINT('',(-52.5428969932214,-97.4017415820577,11.3788137493999));
#8687=CARTESIAN_POINT('',(-52.5555657248275,-97.3933177280674,11.9832604213421));
#8688=CARTESIAN_POINT('',(-52.39044446424,-97.5029120416725,13.2038075433331));
#8689=CARTESIAN_POINT('',(-52.2212507528802,-97.6151045752124,13.7728713052616));
#8690=CARTESIAN_POINT('',(-51.9913947663643,-97.7656380696188,14.3242972255232));
#8691=CARTESIAN_POINT('',(-4.13702467282346,106.989162389521,13.671956809252));
#8692=CARTESIAN_POINT('',(-4.10506778597307,107.097931007739,14.5333053762182));
#8693=CARTESIAN_POINT('',(-3.9175867900807,107.250207130069,16.2590190614678));
#8694=CARTESIAN_POINT('',(-3.29506759334411,107.256252474446,18.7986181381407));
#8695=CARTESIAN_POINT('',(-2.3392797627568,107.039732614235,21.2202925758737));
#8696=CARTESIAN_POINT('',(-1.08201581478021,106.611173834898,23.4782830514787));
#8697=CARTESIAN_POINT('',(0.603293473755074,106.074834517352,25.4010793250603));
#8698=CARTESIAN_POINT('',(2.40628426562083,105.439415436265,27.1733888181103));
#8699=CARTESIAN_POINT('',(4.27947116194653,104.709517038244,28.83405008713));
#8700=CARTESIAN_POINT('',(6.2484385213293,103.920178875636,30.3507903603631));
#8701=CARTESIAN_POINT('',(8.31613022985562,103.098719380544,31.7110873065715));
#8702=CARTESIAN_POINT('',(10.479943872333,102.268323376518,32.9065161134519));
#8703=CARTESIAN_POINT('',(12.7313811111095,101.445347750003,33.9335026020311));
#8704=CARTESIAN_POINT('',(15.0654050897356,100.647266260792,34.7805673880655));
#8705=CARTESIAN_POINT('',(17.4756226049713,99.8919582921634,35.432308480706));
#8706=CARTESIAN_POINT('',(19.9553479611117,99.2021483334251,35.860843184127));
#8707=CARTESIAN_POINT('',(22.4916275293329,98.6060097598528,36.0275596448254));
#8708=CARTESIAN_POINT('',(25.0566134143262,98.1351671838943,35.8878939132135));
#8709=CARTESIAN_POINT('',(27.6058275368205,97.7903279453371,35.4396379230225));
#8710=CARTESIAN_POINT('',(30.0987245238008,97.5545155405004,34.7024614858268));
#8711=CARTESIAN_POINT('',(32.5071741240525,97.3966106025839,33.7107132844938));
#8712=CARTESIAN_POINT('',(34.8143030001358,97.2819048235244,32.4993574266473));
#8713=CARTESIAN_POINT('',(37.0149446127598,97.1740165670557,31.1023442489487));
#8714=CARTESIAN_POINT('',(39.0597899064631,97.0948830302035,29.4821479577544));
#8715=CARTESIAN_POINT('',(40.9082305607926,97.0351550183207,27.6398537113368));
#8716=CARTESIAN_POINT('',(42.5371250232615,96.9620892343003,25.6021345165356));
#8717=CARTESIAN_POINT('',(43.9486699415007,96.8304979448739,23.4108407552758));
#8718=CARTESIAN_POINT('',(45.1261441078524,96.6061285228854,21.092942106248));
#8719=CARTESIAN_POINT('',(46.0852777456548,96.2408320656321,18.6931870744372));
#8720=CARTESIAN_POINT('',(46.744082935422,95.7970166059438,16.2044995046823));
#8721=CARTESIAN_POINT('',(46.9071044715002,95.5001822656584,14.4926444184625));
#8722=CARTESIAN_POINT('',(46.8864686318602,95.3775231931635,13.6322961453575));
#8723=CARTESIAN_POINT('',(45.1416616699042,-87.3064484371365,14.2681237332214));
#8724=CARTESIAN_POINT('',(44.9344260639245,-87.5121694447435,14.9430449251402));
#8725=CARTESIAN_POINT('',(44.3485140218745,-87.9770864146101,16.2155877989084));
#8726=CARTESIAN_POINT('',(43.1735726785372,-88.7086113841426,17.9359766338058));
#8727=CARTESIAN_POINT('',(41.8332135748581,-89.3985176741164,19.5450471882254));
#8728=CARTESIAN_POINT('',(40.4265218055658,-89.9772176845087,21.1411138695709));
#8729=CARTESIAN_POINT('',(38.9544823382448,-90.4363565325332,22.717216928036));
#8730=CARTESIAN_POINT('',(37.3929360184209,-90.8041350089934,24.2299331088747));
#8731=CARTESIAN_POINT('',(35.7338718375164,-91.1069828678738,25.6508270834931));
#8732=CARTESIAN_POINT('',(33.9622835980057,-91.3858628283204,26.9355077990018));
#8733=CARTESIAN_POINT('',(32.0737794042763,-91.6857871658926,28.037365908485));
#8734=CARTESIAN_POINT('',(30.0845651517608,-92.0395773942398,28.9257719265542));
#8735=CARTESIAN_POINT('',(28.0256023069427,-92.4594474821242,29.6000878313871));
#8736=CARTESIAN_POINT('',(25.924496160561,-92.9541963330152,30.0587131383206));
#8737=CARTESIAN_POINT('',(23.8075638881427,-93.5222025473604,30.3118284749715));
#8738=CARTESIAN_POINT('',(21.6964336189394,-94.1605108469705,30.3682170110995));
#8739=CARTESIAN_POINT('',(19.6096010339835,-94.863027667348,30.2373929098906));
#8740=CARTESIAN_POINT('',(17.5556277329241,-95.6105700337233,29.9450135024944));
#8741=CARTESIAN_POINT('',(15.5371553369828,-96.3848511501235,29.5116827773035));
#8742=CARTESIAN_POINT('',(13.5531566740046,-97.1686826323511,28.9548767858035));
#8743=CARTESIAN_POINT('',(11.6033045828218,-97.9467262065292,28.2818207637222));
#8744=CARTESIAN_POINT('',(9.68576912408097,-98.7037230178526,27.5006749111774));
#8745=CARTESIAN_POINT('',(7.80095231506921,-99.4249748989605,26.6132215441359));
#8746=CARTESIAN_POINT('',(5.95204013464479,-100.09640445673,25.6171055857068));
#8747=CARTESIAN_POINT('',(4.15722505350969,-100.708044883699,24.490948820272));
#8748=CARTESIAN_POINT('',(2.43302655199627,-101.242239531027,23.2230705273003));
#8749=CARTESIAN_POINT('',(0.788970477997431,-101.67559460309,21.8183658481496));
#8750=CARTESIAN_POINT('',(-0.758267283171755,-101.985585482144,20.2723097125392));
#8751=CARTESIAN_POINT('',(-1.98548720285547,-102.177880108444,18.4374659028392));
#8752=CARTESIAN_POINT('',(-2.90570731046397,-102.21917374772,16.4271181766287));
#8753=CARTESIAN_POINT('',(-3.28560650607716,-102.151542127435,15.0028507732787));
#8754=CARTESIAN_POINT('',(-3.41455636294929,-102.096634582227,14.2818439594831));
#8755=CARTESIAN_POINT('',(0.,0.,0.));
ENDSEC;
END-ISO-10303-21;
