ISO-10303-21;
HEADER;
/* Generated by software containing ST-Developer
 * from STEP Tools, Inc. (www.steptools.com) 
 */
/* OPTION: using custom schema-name function */

FILE_DESCRIPTION(
/* description */ (''),
/* implementation_level */ '2;1');

FILE_NAME(
/* name */ 'birdcage_shield_copper',
/* time_stamp */ '2025-04-29T17:11:12+02:00',
/* author */ (''),
/* organization */ (''),
/* preprocessor_version */ 'ST-DEVELOPER v16.5',
/* originating_system */ 'Rhino 7.38',
/* authorisation */ '');

FILE_SCHEMA (('CONFIG_CONTROL_DESIGN'));
ENDSEC;

DATA;
#10=SHAPE_REPRESENTATION_RELATIONSHIP('','',#3618,#171);
#11=SHELL_BASED_SURFACE_MODEL('shell_1',(#172));
#12=SHELL_BASED_SURFACE_MODEL('shell_2',(#173));
#13=SHELL_BASED_SURFACE_MODEL('shell_3',(#174));
#14=SHELL_BASED_SURFACE_MODEL('shell_4',(#175));
#15=SHELL_BASED_SURFACE_MODEL('shell_5',(#176));
#16=SHELL_BASED_SURFACE_MODEL('shell_6',(#177));
#17=SHELL_BASED_SURFACE_MODEL('shell_7',(#178));
#18=SHELL_BASED_SURFACE_MODEL('shell_8',(#179));
#19=SHELL_BASED_SURFACE_MODEL('shell_9',(#180));
#20=SHELL_BASED_SURFACE_MODEL('shell_10',(#181));
#21=SHELL_BASED_SURFACE_MODEL('shell_11',(#182));
#22=SHELL_BASED_SURFACE_MODEL('shell_12',(#183));
#23=SHELL_BASED_SURFACE_MODEL('shell_13',(#184));
#24=SHELL_BASED_SURFACE_MODEL('shell_14',(#185));
#25=SHELL_BASED_SURFACE_MODEL('shell_15',(#186));
#26=SHELL_BASED_SURFACE_MODEL('shell_16',(#187));
#27=SHELL_BASED_SURFACE_MODEL('shell_17',(#188));
#28=SHELL_BASED_SURFACE_MODEL('shell_18',(#189));
#29=SHELL_BASED_SURFACE_MODEL('shell_19',(#190));
#30=SHELL_BASED_SURFACE_MODEL('shell_20',(#191));
#31=SHELL_BASED_SURFACE_MODEL('shell_21',(#192));
#32=SHELL_BASED_SURFACE_MODEL('shell_22',(#193));
#33=SHELL_BASED_SURFACE_MODEL('shell_23',(#194));
#34=SHELL_BASED_SURFACE_MODEL('shell_24',(#195));
#35=SHELL_BASED_SURFACE_MODEL('shell_25',(#196));
#36=SHELL_BASED_SURFACE_MODEL('shell_26',(#197));
#37=SHELL_BASED_SURFACE_MODEL('shell_27',(#198));
#38=SHELL_BASED_SURFACE_MODEL('shell_28',(#199));
#39=SHELL_BASED_SURFACE_MODEL('shell_29',(#200));
#40=SHELL_BASED_SURFACE_MODEL('shell_30',(#201));
#41=SHELL_BASED_SURFACE_MODEL('shell_31',(#202));
#42=SHELL_BASED_SURFACE_MODEL('shell_32',(#203));
#43=SHELL_BASED_SURFACE_MODEL('shell_33',(#204));
#44=SHELL_BASED_SURFACE_MODEL('shell_34',(#205));
#45=SHELL_BASED_SURFACE_MODEL('shell_35',(#206));
#46=SHELL_BASED_SURFACE_MODEL('shell_36',(#207));
#47=SHELL_BASED_SURFACE_MODEL('shell_37',(#208));
#48=SHELL_BASED_SURFACE_MODEL('shell_38',(#209));
#49=SHELL_BASED_SURFACE_MODEL('shell_39',(#210));
#50=SHELL_BASED_SURFACE_MODEL('shell_40',(#211));
#51=SHELL_BASED_SURFACE_MODEL('shell_41',(#212));
#52=SHELL_BASED_SURFACE_MODEL('shell_42',(#213));
#53=SHELL_BASED_SURFACE_MODEL('shell_43',(#214));
#54=SHELL_BASED_SURFACE_MODEL('shell_44',(#215));
#55=SHELL_BASED_SURFACE_MODEL('shell_45',(#216));
#56=SHELL_BASED_SURFACE_MODEL('shell_46',(#217));
#57=SHELL_BASED_SURFACE_MODEL('shell_47',(#218));
#58=SHELL_BASED_SURFACE_MODEL('shell_48',(#219));
#59=SHELL_BASED_SURFACE_MODEL('shell_49',(#220));
#60=SHELL_BASED_SURFACE_MODEL('shell_50',(#221));
#61=SHELL_BASED_SURFACE_MODEL('shell_51',(#222));
#62=SHELL_BASED_SURFACE_MODEL('shell_52',(#223));
#63=SHELL_BASED_SURFACE_MODEL('shell_53',(#224));
#64=SHELL_BASED_SURFACE_MODEL('shell_54',(#225));
#65=SHELL_BASED_SURFACE_MODEL('shell_55',(#226));
#66=SHELL_BASED_SURFACE_MODEL('shell_56',(#227));
#67=SHELL_BASED_SURFACE_MODEL('shell_57',(#228));
#68=SHELL_BASED_SURFACE_MODEL('shell_58',(#229));
#69=SHELL_BASED_SURFACE_MODEL('shell_59',(#230));
#70=SHELL_BASED_SURFACE_MODEL('shell_60',(#231));
#71=SHELL_BASED_SURFACE_MODEL('shell_61',(#232));
#72=SHELL_BASED_SURFACE_MODEL('shell_62',(#233));
#73=SHELL_BASED_SURFACE_MODEL('shell_63',(#234));
#74=SHELL_BASED_SURFACE_MODEL('shell_64',(#235));
#75=SHELL_BASED_SURFACE_MODEL('shell_65',(#236));
#76=SHELL_BASED_SURFACE_MODEL('shell_66',(#237));
#77=SHELL_BASED_SURFACE_MODEL('shell_67',(#238));
#78=SHELL_BASED_SURFACE_MODEL('shell_68',(#239));
#79=SHELL_BASED_SURFACE_MODEL('shell_69',(#240));
#80=SHELL_BASED_SURFACE_MODEL('shell_70',(#241));
#81=SHELL_BASED_SURFACE_MODEL('shell_71',(#242));
#82=SHELL_BASED_SURFACE_MODEL('shell_72',(#243));
#83=SHELL_BASED_SURFACE_MODEL('shell_73',(#244));
#84=SHELL_BASED_SURFACE_MODEL('shell_74',(#245));
#85=SHELL_BASED_SURFACE_MODEL('shell_75',(#246));
#86=SHELL_BASED_SURFACE_MODEL('shell_76',(#247));
#87=SHELL_BASED_SURFACE_MODEL('shell_77',(#248));
#88=SHELL_BASED_SURFACE_MODEL('shell_78',(#249));
#89=SHELL_BASED_SURFACE_MODEL('shell_79',(#250));
#90=SHELL_BASED_SURFACE_MODEL('shell_80',(#251));
#91=SHELL_BASED_SURFACE_MODEL('shell_81',(#252));
#92=SHELL_BASED_SURFACE_MODEL('shell_82',(#253));
#93=SHELL_BASED_SURFACE_MODEL('shell_83',(#254));
#94=SHELL_BASED_SURFACE_MODEL('shell_84',(#255));
#95=SHELL_BASED_SURFACE_MODEL('shell_85',(#256));
#96=SHELL_BASED_SURFACE_MODEL('shell_86',(#257));
#97=SHELL_BASED_SURFACE_MODEL('shell_87',(#258));
#98=SHELL_BASED_SURFACE_MODEL('shell_88',(#259));
#99=SHELL_BASED_SURFACE_MODEL('shell_89',(#260));
#100=SHELL_BASED_SURFACE_MODEL('shell_90',(#261));
#101=SHELL_BASED_SURFACE_MODEL('shell_91',(#262));
#102=SHELL_BASED_SURFACE_MODEL('shell_92',(#263));
#103=SHELL_BASED_SURFACE_MODEL('shell_93',(#264));
#104=SHELL_BASED_SURFACE_MODEL('shell_94',(#265));
#105=SHELL_BASED_SURFACE_MODEL('shell_95',(#266));
#106=SHELL_BASED_SURFACE_MODEL('shell_96',(#267));
#107=SHELL_BASED_SURFACE_MODEL('shell_97',(#268));
#108=SHELL_BASED_SURFACE_MODEL('shell_98',(#269));
#109=SHELL_BASED_SURFACE_MODEL('shell_99',(#270));
#110=SHELL_BASED_SURFACE_MODEL('shell_100',(#271));
#111=SHELL_BASED_SURFACE_MODEL('shell_101',(#272));
#112=SHELL_BASED_SURFACE_MODEL('shell_102',(#273));
#113=SHELL_BASED_SURFACE_MODEL('shell_103',(#274));
#114=SHELL_BASED_SURFACE_MODEL('shell_104',(#275));
#115=SHELL_BASED_SURFACE_MODEL('shell_105',(#276));
#116=SHELL_BASED_SURFACE_MODEL('shell_106',(#277));
#117=SHELL_BASED_SURFACE_MODEL('shell_107',(#278));
#118=SHELL_BASED_SURFACE_MODEL('shell_108',(#279));
#119=SHELL_BASED_SURFACE_MODEL('shell_109',(#280));
#120=SHELL_BASED_SURFACE_MODEL('shell_110',(#281));
#121=SHELL_BASED_SURFACE_MODEL('shell_111',(#282));
#122=SHELL_BASED_SURFACE_MODEL('shell_112',(#283));
#123=SHELL_BASED_SURFACE_MODEL('shell_113',(#284));
#124=SHELL_BASED_SURFACE_MODEL('shell_114',(#285));
#125=SHELL_BASED_SURFACE_MODEL('shell_115',(#286));
#126=SHELL_BASED_SURFACE_MODEL('shell_116',(#287));
#127=SHELL_BASED_SURFACE_MODEL('shell_117',(#288));
#128=SHELL_BASED_SURFACE_MODEL('shell_118',(#289));
#129=SHELL_BASED_SURFACE_MODEL('shell_119',(#290));
#130=SHELL_BASED_SURFACE_MODEL('shell_120',(#291));
#131=SHELL_BASED_SURFACE_MODEL('shell_121',(#292));
#132=SHELL_BASED_SURFACE_MODEL('shell_122',(#293));
#133=SHELL_BASED_SURFACE_MODEL('shell_123',(#294));
#134=SHELL_BASED_SURFACE_MODEL('shell_124',(#295));
#135=SHELL_BASED_SURFACE_MODEL('shell_125',(#296));
#136=SHELL_BASED_SURFACE_MODEL('shell_126',(#297));
#137=SHELL_BASED_SURFACE_MODEL('shell_127',(#298));
#138=SHELL_BASED_SURFACE_MODEL('shell_128',(#299));
#139=SHELL_BASED_SURFACE_MODEL('shell_129',(#300));
#140=SHELL_BASED_SURFACE_MODEL('shell_130',(#301));
#141=SHELL_BASED_SURFACE_MODEL('shell_131',(#302));
#142=SHELL_BASED_SURFACE_MODEL('shell_132',(#303));
#143=SHELL_BASED_SURFACE_MODEL('shell_133',(#304));
#144=SHELL_BASED_SURFACE_MODEL('shell_134',(#305));
#145=SHELL_BASED_SURFACE_MODEL('shell_135',(#306));
#146=SHELL_BASED_SURFACE_MODEL('shell_136',(#307));
#147=SHELL_BASED_SURFACE_MODEL('shell_137',(#308));
#148=SHELL_BASED_SURFACE_MODEL('shell_138',(#309));
#149=SHELL_BASED_SURFACE_MODEL('shell_139',(#310));
#150=SHELL_BASED_SURFACE_MODEL('shell_140',(#311));
#151=SHELL_BASED_SURFACE_MODEL('shell_141',(#312));
#152=SHELL_BASED_SURFACE_MODEL('shell_142',(#313));
#153=SHELL_BASED_SURFACE_MODEL('shell_143',(#314));
#154=SHELL_BASED_SURFACE_MODEL('shell_144',(#315));
#155=SHELL_BASED_SURFACE_MODEL('shell_145',(#316));
#156=SHELL_BASED_SURFACE_MODEL('shell_146',(#317));
#157=SHELL_BASED_SURFACE_MODEL('shell_147',(#318));
#158=SHELL_BASED_SURFACE_MODEL('shell_148',(#319));
#159=SHELL_BASED_SURFACE_MODEL('shell_149',(#320));
#160=SHELL_BASED_SURFACE_MODEL('shell_150',(#321));
#161=SHELL_BASED_SURFACE_MODEL('shell_151',(#322));
#162=SHELL_BASED_SURFACE_MODEL('shell_152',(#323));
#163=SHELL_BASED_SURFACE_MODEL('shell_153',(#324));
#164=SHELL_BASED_SURFACE_MODEL('shell_154',(#325));
#165=SHELL_BASED_SURFACE_MODEL('shell_155',(#326));
#166=SHELL_BASED_SURFACE_MODEL('shell_156',(#327));
#167=SHELL_BASED_SURFACE_MODEL('shell_157',(#328));
#168=SHELL_BASED_SURFACE_MODEL('shell_158',(#329));
#169=SHELL_BASED_SURFACE_MODEL('shell_159',(#330));
#170=SHELL_BASED_SURFACE_MODEL('shell_160',(#331));
#171=MANIFOLD_SURFACE_SHAPE_REPRESENTATION('shell_rep_0',(#11,#12,#13,#14,
#15,#16,#17,#18,#19,#20,#21,#22,#23,#24,#25,#26,#27,#28,#29,#30,#31,#32,
#33,#34,#35,#36,#37,#38,#39,#40,#41,#42,#43,#44,#45,#46,#47,#48,#49,#50,
#51,#52,#53,#54,#55,#56,#57,#58,#59,#60,#61,#62,#63,#64,#65,#66,#67,#68,
#69,#70,#71,#72,#73,#74,#75,#76,#77,#78,#79,#80,#81,#82,#83,#84,#85,#86,
#87,#88,#89,#90,#91,#92,#93,#94,#95,#96,#97,#98,#99,#100,#101,#102,#103,
#104,#105,#106,#107,#108,#109,#110,#111,#112,#113,#114,#115,#116,#117,#118,
#119,#120,#121,#122,#123,#124,#125,#126,#127,#128,#129,#130,#131,#132,#133,
#134,#135,#136,#137,#138,#139,#140,#141,#142,#143,#144,#145,#146,#147,#148,
#149,#150,#151,#152,#153,#154,#155,#156,#157,#158,#159,#160,#161,#162,#163,
#164,#165,#166,#167,#168,#169,#170,#3780),#3617);
#172=OPEN_SHELL('',(#332));
#173=OPEN_SHELL('',(#333));
#174=OPEN_SHELL('',(#334));
#175=OPEN_SHELL('',(#335));
#176=OPEN_SHELL('',(#336));
#177=OPEN_SHELL('',(#337));
#178=OPEN_SHELL('',(#338));
#179=OPEN_SHELL('',(#339));
#180=OPEN_SHELL('',(#340));
#181=OPEN_SHELL('',(#341));
#182=OPEN_SHELL('',(#342));
#183=OPEN_SHELL('',(#343));
#184=OPEN_SHELL('',(#344));
#185=OPEN_SHELL('',(#345));
#186=OPEN_SHELL('',(#346));
#187=OPEN_SHELL('',(#347));
#188=OPEN_SHELL('',(#348));
#189=OPEN_SHELL('',(#349));
#190=OPEN_SHELL('',(#350));
#191=OPEN_SHELL('',(#351));
#192=OPEN_SHELL('',(#352));
#193=OPEN_SHELL('',(#353));
#194=OPEN_SHELL('',(#354));
#195=OPEN_SHELL('',(#355));
#196=OPEN_SHELL('',(#356));
#197=OPEN_SHELL('',(#357));
#198=OPEN_SHELL('',(#358));
#199=OPEN_SHELL('',(#359));
#200=OPEN_SHELL('',(#360));
#201=OPEN_SHELL('',(#361));
#202=OPEN_SHELL('',(#362));
#203=OPEN_SHELL('',(#363));
#204=OPEN_SHELL('',(#364));
#205=OPEN_SHELL('',(#365));
#206=OPEN_SHELL('',(#366));
#207=OPEN_SHELL('',(#367));
#208=OPEN_SHELL('',(#368));
#209=OPEN_SHELL('',(#369));
#210=OPEN_SHELL('',(#370));
#211=OPEN_SHELL('',(#371));
#212=OPEN_SHELL('',(#372));
#213=OPEN_SHELL('',(#373));
#214=OPEN_SHELL('',(#374));
#215=OPEN_SHELL('',(#375));
#216=OPEN_SHELL('',(#376));
#217=OPEN_SHELL('',(#377));
#218=OPEN_SHELL('',(#378));
#219=OPEN_SHELL('',(#379));
#220=OPEN_SHELL('',(#380));
#221=OPEN_SHELL('',(#381));
#222=OPEN_SHELL('',(#382));
#223=OPEN_SHELL('',(#383));
#224=OPEN_SHELL('',(#384));
#225=OPEN_SHELL('',(#385));
#226=OPEN_SHELL('',(#386));
#227=OPEN_SHELL('',(#387));
#228=OPEN_SHELL('',(#388));
#229=OPEN_SHELL('',(#389));
#230=OPEN_SHELL('',(#390));
#231=OPEN_SHELL('',(#391));
#232=OPEN_SHELL('',(#392));
#233=OPEN_SHELL('',(#393));
#234=OPEN_SHELL('',(#394));
#235=OPEN_SHELL('',(#395));
#236=OPEN_SHELL('',(#396));
#237=OPEN_SHELL('',(#397));
#238=OPEN_SHELL('',(#398));
#239=OPEN_SHELL('',(#399));
#240=OPEN_SHELL('',(#400));
#241=OPEN_SHELL('',(#401));
#242=OPEN_SHELL('',(#402));
#243=OPEN_SHELL('',(#403));
#244=OPEN_SHELL('',(#404));
#245=OPEN_SHELL('',(#405));
#246=OPEN_SHELL('',(#406));
#247=OPEN_SHELL('',(#407));
#248=OPEN_SHELL('',(#408));
#249=OPEN_SHELL('',(#409));
#250=OPEN_SHELL('',(#410));
#251=OPEN_SHELL('',(#411));
#252=OPEN_SHELL('',(#412));
#253=OPEN_SHELL('',(#413));
#254=OPEN_SHELL('',(#414));
#255=OPEN_SHELL('',(#415));
#256=OPEN_SHELL('',(#416));
#257=OPEN_SHELL('',(#417));
#258=OPEN_SHELL('',(#418));
#259=OPEN_SHELL('',(#419));
#260=OPEN_SHELL('',(#420));
#261=OPEN_SHELL('',(#421));
#262=OPEN_SHELL('',(#422));
#263=OPEN_SHELL('',(#423));
#264=OPEN_SHELL('',(#424));
#265=OPEN_SHELL('',(#425));
#266=OPEN_SHELL('',(#426));
#267=OPEN_SHELL('',(#427));
#268=OPEN_SHELL('',(#428));
#269=OPEN_SHELL('',(#429));
#270=OPEN_SHELL('',(#430));
#271=OPEN_SHELL('',(#431));
#272=OPEN_SHELL('',(#432));
#273=OPEN_SHELL('',(#433));
#274=OPEN_SHELL('',(#434));
#275=OPEN_SHELL('',(#435));
#276=OPEN_SHELL('',(#436));
#277=OPEN_SHELL('',(#437));
#278=OPEN_SHELL('',(#438));
#279=OPEN_SHELL('',(#439));
#280=OPEN_SHELL('',(#440));
#281=OPEN_SHELL('',(#441));
#282=OPEN_SHELL('',(#442));
#283=OPEN_SHELL('',(#443));
#284=OPEN_SHELL('',(#444));
#285=OPEN_SHELL('',(#445));
#286=OPEN_SHELL('',(#446));
#287=OPEN_SHELL('',(#447));
#288=OPEN_SHELL('',(#448));
#289=OPEN_SHELL('',(#449));
#290=OPEN_SHELL('',(#450));
#291=OPEN_SHELL('',(#451));
#292=OPEN_SHELL('',(#452));
#293=OPEN_SHELL('',(#453));
#294=OPEN_SHELL('',(#454));
#295=OPEN_SHELL('',(#455));
#296=OPEN_SHELL('',(#456));
#297=OPEN_SHELL('',(#457));
#298=OPEN_SHELL('',(#458));
#299=OPEN_SHELL('',(#459));
#300=OPEN_SHELL('',(#460));
#301=OPEN_SHELL('',(#461));
#302=OPEN_SHELL('',(#462));
#303=OPEN_SHELL('',(#463));
#304=OPEN_SHELL('',(#464));
#305=OPEN_SHELL('',(#465));
#306=OPEN_SHELL('',(#466));
#307=OPEN_SHELL('',(#467));
#308=OPEN_SHELL('',(#468));
#309=OPEN_SHELL('',(#469));
#310=OPEN_SHELL('',(#470));
#311=OPEN_SHELL('',(#471));
#312=OPEN_SHELL('',(#472));
#313=OPEN_SHELL('',(#473));
#314=OPEN_SHELL('',(#474));
#315=OPEN_SHELL('',(#475));
#316=OPEN_SHELL('',(#476));
#317=OPEN_SHELL('',(#477));
#318=OPEN_SHELL('',(#478));
#319=OPEN_SHELL('',(#479));
#320=OPEN_SHELL('',(#480));
#321=OPEN_SHELL('',(#481));
#322=OPEN_SHELL('',(#482));
#323=OPEN_SHELL('',(#483));
#324=OPEN_SHELL('',(#484));
#325=OPEN_SHELL('',(#485));
#326=OPEN_SHELL('',(#486));
#327=OPEN_SHELL('',(#487));
#328=OPEN_SHELL('',(#488));
#329=OPEN_SHELL('',(#489));
#330=OPEN_SHELL('',(#490));
#331=OPEN_SHELL('',(#491));
#332=ADVANCED_FACE('',(#492),#3372,.T.);
#333=ADVANCED_FACE('',(#493),#3373,.T.);
#334=ADVANCED_FACE('',(#494),#3374,.T.);
#335=ADVANCED_FACE('',(#495),#3375,.T.);
#336=ADVANCED_FACE('',(#496),#3376,.T.);
#337=ADVANCED_FACE('',(#497),#3377,.T.);
#338=ADVANCED_FACE('',(#498),#3378,.T.);
#339=ADVANCED_FACE('',(#499),#3379,.T.);
#340=ADVANCED_FACE('',(#500),#3380,.T.);
#341=ADVANCED_FACE('',(#501),#3381,.T.);
#342=ADVANCED_FACE('',(#502),#3382,.T.);
#343=ADVANCED_FACE('',(#503),#3383,.T.);
#344=ADVANCED_FACE('',(#504),#3384,.T.);
#345=ADVANCED_FACE('',(#505),#3385,.T.);
#346=ADVANCED_FACE('',(#506),#3386,.T.);
#347=ADVANCED_FACE('',(#507),#3387,.T.);
#348=ADVANCED_FACE('',(#508),#3388,.T.);
#349=ADVANCED_FACE('',(#509),#3389,.T.);
#350=ADVANCED_FACE('',(#510),#3390,.T.);
#351=ADVANCED_FACE('',(#511),#3391,.T.);
#352=ADVANCED_FACE('',(#512),#3392,.T.);
#353=ADVANCED_FACE('',(#513),#3393,.T.);
#354=ADVANCED_FACE('',(#514),#3394,.T.);
#355=ADVANCED_FACE('',(#515),#3395,.T.);
#356=ADVANCED_FACE('',(#516),#3396,.T.);
#357=ADVANCED_FACE('',(#517),#3397,.T.);
#358=ADVANCED_FACE('',(#518),#3398,.T.);
#359=ADVANCED_FACE('',(#519),#3399,.T.);
#360=ADVANCED_FACE('',(#520),#3400,.T.);
#361=ADVANCED_FACE('',(#521),#3401,.T.);
#362=ADVANCED_FACE('',(#522),#3402,.T.);
#363=ADVANCED_FACE('',(#523),#3403,.T.);
#364=ADVANCED_FACE('',(#524),#3404,.T.);
#365=ADVANCED_FACE('',(#525),#3405,.T.);
#366=ADVANCED_FACE('',(#526),#3406,.T.);
#367=ADVANCED_FACE('',(#527),#3407,.T.);
#368=ADVANCED_FACE('',(#528),#3408,.T.);
#369=ADVANCED_FACE('',(#529),#3409,.T.);
#370=ADVANCED_FACE('',(#530),#3410,.T.);
#371=ADVANCED_FACE('',(#531),#3411,.T.);
#372=ADVANCED_FACE('',(#532),#3412,.T.);
#373=ADVANCED_FACE('',(#533),#3413,.T.);
#374=ADVANCED_FACE('',(#534),#3414,.T.);
#375=ADVANCED_FACE('',(#535),#3415,.T.);
#376=ADVANCED_FACE('',(#536),#3416,.T.);
#377=ADVANCED_FACE('',(#537),#3417,.T.);
#378=ADVANCED_FACE('',(#538),#3418,.T.);
#379=ADVANCED_FACE('',(#539),#3419,.T.);
#380=ADVANCED_FACE('',(#540),#3420,.T.);
#381=ADVANCED_FACE('',(#541),#3421,.T.);
#382=ADVANCED_FACE('',(#542),#3422,.T.);
#383=ADVANCED_FACE('',(#543),#3423,.T.);
#384=ADVANCED_FACE('',(#544),#3424,.T.);
#385=ADVANCED_FACE('',(#545),#3425,.T.);
#386=ADVANCED_FACE('',(#546),#3426,.T.);
#387=ADVANCED_FACE('',(#547),#3427,.T.);
#388=ADVANCED_FACE('',(#548),#3428,.T.);
#389=ADVANCED_FACE('',(#549),#3429,.T.);
#390=ADVANCED_FACE('',(#550),#3430,.T.);
#391=ADVANCED_FACE('',(#551),#3431,.T.);
#392=ADVANCED_FACE('',(#552),#3432,.T.);
#393=ADVANCED_FACE('',(#553),#3433,.T.);
#394=ADVANCED_FACE('',(#554),#3434,.T.);
#395=ADVANCED_FACE('',(#555),#3435,.T.);
#396=ADVANCED_FACE('',(#556),#3436,.T.);
#397=ADVANCED_FACE('',(#557),#3437,.T.);
#398=ADVANCED_FACE('',(#558),#3438,.T.);
#399=ADVANCED_FACE('',(#559),#3439,.T.);
#400=ADVANCED_FACE('',(#560),#3440,.T.);
#401=ADVANCED_FACE('',(#561),#3441,.T.);
#402=ADVANCED_FACE('',(#562),#3442,.T.);
#403=ADVANCED_FACE('',(#563),#3443,.T.);
#404=ADVANCED_FACE('',(#564),#3444,.T.);
#405=ADVANCED_FACE('',(#565),#3445,.T.);
#406=ADVANCED_FACE('',(#566),#3446,.T.);
#407=ADVANCED_FACE('',(#567),#3447,.T.);
#408=ADVANCED_FACE('',(#568),#3448,.T.);
#409=ADVANCED_FACE('',(#569),#3449,.T.);
#410=ADVANCED_FACE('',(#570),#3450,.T.);
#411=ADVANCED_FACE('',(#571),#3451,.T.);
#412=ADVANCED_FACE('',(#572),#3452,.T.);
#413=ADVANCED_FACE('',(#573),#3453,.T.);
#414=ADVANCED_FACE('',(#574),#3454,.T.);
#415=ADVANCED_FACE('',(#575),#3455,.T.);
#416=ADVANCED_FACE('',(#576),#3456,.T.);
#417=ADVANCED_FACE('',(#577),#3457,.T.);
#418=ADVANCED_FACE('',(#578),#3458,.T.);
#419=ADVANCED_FACE('',(#579),#3459,.T.);
#420=ADVANCED_FACE('',(#580),#3460,.T.);
#421=ADVANCED_FACE('',(#581),#3461,.T.);
#422=ADVANCED_FACE('',(#582),#3462,.T.);
#423=ADVANCED_FACE('',(#583),#3463,.T.);
#424=ADVANCED_FACE('',(#584),#3464,.T.);
#425=ADVANCED_FACE('',(#585),#3465,.T.);
#426=ADVANCED_FACE('',(#586),#3466,.T.);
#427=ADVANCED_FACE('',(#587),#3467,.T.);
#428=ADVANCED_FACE('',(#588),#3468,.T.);
#429=ADVANCED_FACE('',(#589),#3469,.T.);
#430=ADVANCED_FACE('',(#590),#3470,.T.);
#431=ADVANCED_FACE('',(#591),#3471,.T.);
#432=ADVANCED_FACE('',(#592),#3472,.T.);
#433=ADVANCED_FACE('',(#593),#3473,.T.);
#434=ADVANCED_FACE('',(#594),#3474,.T.);
#435=ADVANCED_FACE('',(#595),#3475,.T.);
#436=ADVANCED_FACE('',(#596),#3476,.T.);
#437=ADVANCED_FACE('',(#597),#3477,.T.);
#438=ADVANCED_FACE('',(#598),#3478,.T.);
#439=ADVANCED_FACE('',(#599),#3479,.T.);
#440=ADVANCED_FACE('',(#600),#3480,.T.);
#441=ADVANCED_FACE('',(#601),#3481,.T.);
#442=ADVANCED_FACE('',(#602),#3482,.T.);
#443=ADVANCED_FACE('',(#603),#3483,.T.);
#444=ADVANCED_FACE('',(#604),#3484,.T.);
#445=ADVANCED_FACE('',(#605),#3485,.T.);
#446=ADVANCED_FACE('',(#606),#3486,.T.);
#447=ADVANCED_FACE('',(#607),#3487,.T.);
#448=ADVANCED_FACE('',(#608),#3488,.T.);
#449=ADVANCED_FACE('',(#609),#3489,.T.);
#450=ADVANCED_FACE('',(#610),#3490,.T.);
#451=ADVANCED_FACE('',(#611),#3491,.T.);
#452=ADVANCED_FACE('',(#612),#3492,.T.);
#453=ADVANCED_FACE('',(#613),#3493,.T.);
#454=ADVANCED_FACE('',(#614),#3494,.T.);
#455=ADVANCED_FACE('',(#615),#3495,.T.);
#456=ADVANCED_FACE('',(#616),#3496,.T.);
#457=ADVANCED_FACE('',(#617),#3497,.T.);
#458=ADVANCED_FACE('',(#618),#3498,.T.);
#459=ADVANCED_FACE('',(#619),#3499,.T.);
#460=ADVANCED_FACE('',(#620),#3500,.T.);
#461=ADVANCED_FACE('',(#621),#3501,.T.);
#462=ADVANCED_FACE('',(#622),#3502,.T.);
#463=ADVANCED_FACE('',(#623),#3503,.T.);
#464=ADVANCED_FACE('',(#624),#3504,.T.);
#465=ADVANCED_FACE('',(#625),#3505,.T.);
#466=ADVANCED_FACE('',(#626),#3506,.T.);
#467=ADVANCED_FACE('',(#627),#3507,.T.);
#468=ADVANCED_FACE('',(#628),#3508,.T.);
#469=ADVANCED_FACE('',(#629),#3509,.T.);
#470=ADVANCED_FACE('',(#630),#3510,.T.);
#471=ADVANCED_FACE('',(#631),#3511,.T.);
#472=ADVANCED_FACE('',(#632),#3512,.T.);
#473=ADVANCED_FACE('',(#633),#3513,.T.);
#474=ADVANCED_FACE('',(#634),#3514,.T.);
#475=ADVANCED_FACE('',(#635),#3515,.T.);
#476=ADVANCED_FACE('',(#636),#3516,.T.);
#477=ADVANCED_FACE('',(#637),#3517,.T.);
#478=ADVANCED_FACE('',(#638),#3518,.T.);
#479=ADVANCED_FACE('',(#639),#3519,.T.);
#480=ADVANCED_FACE('',(#640),#3520,.T.);
#481=ADVANCED_FACE('',(#641),#3521,.T.);
#482=ADVANCED_FACE('',(#642),#3522,.T.);
#483=ADVANCED_FACE('',(#643),#3523,.T.);
#484=ADVANCED_FACE('',(#644),#3524,.T.);
#485=ADVANCED_FACE('',(#645),#3525,.T.);
#486=ADVANCED_FACE('',(#646),#3526,.T.);
#487=ADVANCED_FACE('',(#647),#3527,.T.);
#488=ADVANCED_FACE('',(#648),#3528,.T.);
#489=ADVANCED_FACE('',(#649),#3529,.T.);
#490=ADVANCED_FACE('',(#650),#3530,.T.);
#491=ADVANCED_FACE('',(#651),#3531,.T.);
#492=FACE_OUTER_BOUND('',#652,.T.);
#493=FACE_OUTER_BOUND('',#653,.T.);
#494=FACE_OUTER_BOUND('',#654,.T.);
#495=FACE_OUTER_BOUND('',#655,.T.);
#496=FACE_OUTER_BOUND('',#656,.T.);
#497=FACE_OUTER_BOUND('',#657,.T.);
#498=FACE_OUTER_BOUND('',#658,.T.);
#499=FACE_OUTER_BOUND('',#659,.T.);
#500=FACE_OUTER_BOUND('',#660,.T.);
#501=FACE_OUTER_BOUND('',#661,.T.);
#502=FACE_OUTER_BOUND('',#662,.T.);
#503=FACE_OUTER_BOUND('',#663,.T.);
#504=FACE_OUTER_BOUND('',#664,.T.);
#505=FACE_OUTER_BOUND('',#665,.T.);
#506=FACE_OUTER_BOUND('',#666,.T.);
#507=FACE_OUTER_BOUND('',#667,.T.);
#508=FACE_OUTER_BOUND('',#668,.T.);
#509=FACE_OUTER_BOUND('',#669,.T.);
#510=FACE_OUTER_BOUND('',#670,.T.);
#511=FACE_OUTER_BOUND('',#671,.T.);
#512=FACE_OUTER_BOUND('',#672,.T.);
#513=FACE_OUTER_BOUND('',#673,.T.);
#514=FACE_OUTER_BOUND('',#674,.T.);
#515=FACE_OUTER_BOUND('',#675,.T.);
#516=FACE_OUTER_BOUND('',#676,.T.);
#517=FACE_OUTER_BOUND('',#677,.T.);
#518=FACE_OUTER_BOUND('',#678,.T.);
#519=FACE_OUTER_BOUND('',#679,.T.);
#520=FACE_OUTER_BOUND('',#680,.T.);
#521=FACE_OUTER_BOUND('',#681,.T.);
#522=FACE_OUTER_BOUND('',#682,.T.);
#523=FACE_OUTER_BOUND('',#683,.T.);
#524=FACE_OUTER_BOUND('',#684,.T.);
#525=FACE_OUTER_BOUND('',#685,.T.);
#526=FACE_OUTER_BOUND('',#686,.T.);
#527=FACE_OUTER_BOUND('',#687,.T.);
#528=FACE_OUTER_BOUND('',#688,.T.);
#529=FACE_OUTER_BOUND('',#689,.T.);
#530=FACE_OUTER_BOUND('',#690,.T.);
#531=FACE_OUTER_BOUND('',#691,.T.);
#532=FACE_OUTER_BOUND('',#692,.T.);
#533=FACE_OUTER_BOUND('',#693,.T.);
#534=FACE_OUTER_BOUND('',#694,.T.);
#535=FACE_OUTER_BOUND('',#695,.T.);
#536=FACE_OUTER_BOUND('',#696,.T.);
#537=FACE_OUTER_BOUND('',#697,.T.);
#538=FACE_OUTER_BOUND('',#698,.T.);
#539=FACE_OUTER_BOUND('',#699,.T.);
#540=FACE_OUTER_BOUND('',#700,.T.);
#541=FACE_OUTER_BOUND('',#701,.T.);
#542=FACE_OUTER_BOUND('',#702,.T.);
#543=FACE_OUTER_BOUND('',#703,.T.);
#544=FACE_OUTER_BOUND('',#704,.T.);
#545=FACE_OUTER_BOUND('',#705,.T.);
#546=FACE_OUTER_BOUND('',#706,.T.);
#547=FACE_OUTER_BOUND('',#707,.T.);
#548=FACE_OUTER_BOUND('',#708,.T.);
#549=FACE_OUTER_BOUND('',#709,.T.);
#550=FACE_OUTER_BOUND('',#710,.T.);
#551=FACE_OUTER_BOUND('',#711,.T.);
#552=FACE_OUTER_BOUND('',#712,.T.);
#553=FACE_OUTER_BOUND('',#713,.T.);
#554=FACE_OUTER_BOUND('',#714,.T.);
#555=FACE_OUTER_BOUND('',#715,.T.);
#556=FACE_OUTER_BOUND('',#716,.T.);
#557=FACE_OUTER_BOUND('',#717,.T.);
#558=FACE_OUTER_BOUND('',#718,.T.);
#559=FACE_OUTER_BOUND('',#719,.T.);
#560=FACE_OUTER_BOUND('',#720,.T.);
#561=FACE_OUTER_BOUND('',#721,.T.);
#562=FACE_OUTER_BOUND('',#722,.T.);
#563=FACE_OUTER_BOUND('',#723,.T.);
#564=FACE_OUTER_BOUND('',#724,.T.);
#565=FACE_OUTER_BOUND('',#725,.T.);
#566=FACE_OUTER_BOUND('',#726,.T.);
#567=FACE_OUTER_BOUND('',#727,.T.);
#568=FACE_OUTER_BOUND('',#728,.T.);
#569=FACE_OUTER_BOUND('',#729,.T.);
#570=FACE_OUTER_BOUND('',#730,.T.);
#571=FACE_OUTER_BOUND('',#731,.T.);
#572=FACE_OUTER_BOUND('',#732,.T.);
#573=FACE_OUTER_BOUND('',#733,.T.);
#574=FACE_OUTER_BOUND('',#734,.T.);
#575=FACE_OUTER_BOUND('',#735,.T.);
#576=FACE_OUTER_BOUND('',#736,.T.);
#577=FACE_OUTER_BOUND('',#737,.T.);
#578=FACE_OUTER_BOUND('',#738,.T.);
#579=FACE_OUTER_BOUND('',#739,.T.);
#580=FACE_OUTER_BOUND('',#740,.T.);
#581=FACE_OUTER_BOUND('',#741,.T.);
#582=FACE_OUTER_BOUND('',#742,.T.);
#583=FACE_OUTER_BOUND('',#743,.T.);
#584=FACE_OUTER_BOUND('',#744,.T.);
#585=FACE_OUTER_BOUND('',#745,.T.);
#586=FACE_OUTER_BOUND('',#746,.T.);
#587=FACE_OUTER_BOUND('',#747,.T.);
#588=FACE_OUTER_BOUND('',#748,.T.);
#589=FACE_OUTER_BOUND('',#749,.T.);
#590=FACE_OUTER_BOUND('',#750,.T.);
#591=FACE_OUTER_BOUND('',#751,.T.);
#592=FACE_OUTER_BOUND('',#752,.T.);
#593=FACE_OUTER_BOUND('',#753,.T.);
#594=FACE_OUTER_BOUND('',#754,.T.);
#595=FACE_OUTER_BOUND('',#755,.T.);
#596=FACE_OUTER_BOUND('',#756,.T.);
#597=FACE_OUTER_BOUND('',#757,.T.);
#598=FACE_OUTER_BOUND('',#758,.T.);
#599=FACE_OUTER_BOUND('',#759,.T.);
#600=FACE_OUTER_BOUND('',#760,.T.);
#601=FACE_OUTER_BOUND('',#761,.T.);
#602=FACE_OUTER_BOUND('',#762,.T.);
#603=FACE_OUTER_BOUND('',#763,.T.);
#604=FACE_OUTER_BOUND('',#764,.T.);
#605=FACE_OUTER_BOUND('',#765,.T.);
#606=FACE_OUTER_BOUND('',#766,.T.);
#607=FACE_OUTER_BOUND('',#767,.T.);
#608=FACE_OUTER_BOUND('',#768,.T.);
#609=FACE_OUTER_BOUND('',#769,.T.);
#610=FACE_OUTER_BOUND('',#770,.T.);
#611=FACE_OUTER_BOUND('',#771,.T.);
#612=FACE_OUTER_BOUND('',#772,.T.);
#613=FACE_OUTER_BOUND('',#773,.T.);
#614=FACE_OUTER_BOUND('',#774,.T.);
#615=FACE_OUTER_BOUND('',#775,.T.);
#616=FACE_OUTER_BOUND('',#776,.T.);
#617=FACE_OUTER_BOUND('',#777,.T.);
#618=FACE_OUTER_BOUND('',#778,.T.);
#619=FACE_OUTER_BOUND('',#779,.T.);
#620=FACE_OUTER_BOUND('',#780,.T.);
#621=FACE_OUTER_BOUND('',#781,.T.);
#622=FACE_OUTER_BOUND('',#782,.T.);
#623=FACE_OUTER_BOUND('',#783,.T.);
#624=FACE_OUTER_BOUND('',#784,.T.);
#625=FACE_OUTER_BOUND('',#785,.T.);
#626=FACE_OUTER_BOUND('',#786,.T.);
#627=FACE_OUTER_BOUND('',#787,.T.);
#628=FACE_OUTER_BOUND('',#788,.T.);
#629=FACE_OUTER_BOUND('',#789,.T.);
#630=FACE_OUTER_BOUND('',#790,.T.);
#631=FACE_OUTER_BOUND('',#791,.T.);
#632=FACE_OUTER_BOUND('',#792,.T.);
#633=FACE_OUTER_BOUND('',#793,.T.);
#634=FACE_OUTER_BOUND('',#794,.T.);
#635=FACE_OUTER_BOUND('',#795,.T.);
#636=FACE_OUTER_BOUND('',#796,.T.);
#637=FACE_OUTER_BOUND('',#797,.T.);
#638=FACE_OUTER_BOUND('',#798,.T.);
#639=FACE_OUTER_BOUND('',#799,.T.);
#640=FACE_OUTER_BOUND('',#800,.T.);
#641=FACE_OUTER_BOUND('',#801,.T.);
#642=FACE_OUTER_BOUND('',#802,.T.);
#643=FACE_OUTER_BOUND('',#803,.T.);
#644=FACE_OUTER_BOUND('',#804,.T.);
#645=FACE_OUTER_BOUND('',#805,.T.);
#646=FACE_OUTER_BOUND('',#806,.T.);
#647=FACE_OUTER_BOUND('',#807,.T.);
#648=FACE_OUTER_BOUND('',#808,.T.);
#649=FACE_OUTER_BOUND('',#809,.T.);
#650=FACE_OUTER_BOUND('',#810,.T.);
#651=FACE_OUTER_BOUND('',#811,.T.);
#652=EDGE_LOOP('',(#812,#813,#814,#815));
#653=EDGE_LOOP('',(#816,#817,#818,#819));
#654=EDGE_LOOP('',(#820,#821,#822,#823));
#655=EDGE_LOOP('',(#824,#825,#826,#827));
#656=EDGE_LOOP('',(#828,#829,#830,#831));
#657=EDGE_LOOP('',(#832,#833,#834,#835));
#658=EDGE_LOOP('',(#836,#837,#838,#839));
#659=EDGE_LOOP('',(#840,#841,#842,#843));
#660=EDGE_LOOP('',(#844,#845,#846,#847));
#661=EDGE_LOOP('',(#848,#849,#850,#851));
#662=EDGE_LOOP('',(#852,#853,#854,#855));
#663=EDGE_LOOP('',(#856,#857,#858,#859));
#664=EDGE_LOOP('',(#860,#861,#862,#863));
#665=EDGE_LOOP('',(#864,#865,#866,#867));
#666=EDGE_LOOP('',(#868,#869,#870,#871));
#667=EDGE_LOOP('',(#872,#873,#874,#875));
#668=EDGE_LOOP('',(#876,#877,#878,#879));
#669=EDGE_LOOP('',(#880,#881,#882,#883));
#670=EDGE_LOOP('',(#884,#885,#886,#887));
#671=EDGE_LOOP('',(#888,#889,#890,#891));
#672=EDGE_LOOP('',(#892,#893,#894,#895));
#673=EDGE_LOOP('',(#896,#897,#898,#899));
#674=EDGE_LOOP('',(#900,#901,#902,#903));
#675=EDGE_LOOP('',(#904,#905,#906,#907));
#676=EDGE_LOOP('',(#908,#909,#910,#911));
#677=EDGE_LOOP('',(#912,#913,#914,#915));
#678=EDGE_LOOP('',(#916,#917,#918,#919));
#679=EDGE_LOOP('',(#920,#921,#922,#923));
#680=EDGE_LOOP('',(#924,#925,#926,#927));
#681=EDGE_LOOP('',(#928,#929,#930,#931));
#682=EDGE_LOOP('',(#932,#933,#934,#935));
#683=EDGE_LOOP('',(#936,#937,#938,#939));
#684=EDGE_LOOP('',(#940,#941,#942,#943));
#685=EDGE_LOOP('',(#944,#945,#946,#947));
#686=EDGE_LOOP('',(#948,#949,#950,#951));
#687=EDGE_LOOP('',(#952,#953,#954,#955));
#688=EDGE_LOOP('',(#956,#957,#958,#959));
#689=EDGE_LOOP('',(#960,#961,#962,#963));
#690=EDGE_LOOP('',(#964,#965,#966,#967));
#691=EDGE_LOOP('',(#968,#969,#970,#971));
#692=EDGE_LOOP('',(#972,#973,#974,#975));
#693=EDGE_LOOP('',(#976,#977,#978,#979));
#694=EDGE_LOOP('',(#980,#981,#982,#983));
#695=EDGE_LOOP('',(#984,#985,#986,#987));
#696=EDGE_LOOP('',(#988,#989,#990,#991));
#697=EDGE_LOOP('',(#992,#993,#994,#995));
#698=EDGE_LOOP('',(#996,#997,#998,#999));
#699=EDGE_LOOP('',(#1000,#1001,#1002,#1003));
#700=EDGE_LOOP('',(#1004,#1005,#1006,#1007));
#701=EDGE_LOOP('',(#1008,#1009,#1010,#1011));
#702=EDGE_LOOP('',(#1012,#1013,#1014,#1015));
#703=EDGE_LOOP('',(#1016,#1017,#1018,#1019));
#704=EDGE_LOOP('',(#1020,#1021,#1022,#1023));
#705=EDGE_LOOP('',(#1024,#1025,#1026,#1027));
#706=EDGE_LOOP('',(#1028,#1029,#1030,#1031));
#707=EDGE_LOOP('',(#1032,#1033,#1034,#1035));
#708=EDGE_LOOP('',(#1036,#1037,#1038,#1039));
#709=EDGE_LOOP('',(#1040,#1041,#1042,#1043));
#710=EDGE_LOOP('',(#1044,#1045,#1046,#1047));
#711=EDGE_LOOP('',(#1048,#1049,#1050,#1051));
#712=EDGE_LOOP('',(#1052,#1053,#1054,#1055));
#713=EDGE_LOOP('',(#1056,#1057,#1058,#1059));
#714=EDGE_LOOP('',(#1060,#1061,#1062,#1063));
#715=EDGE_LOOP('',(#1064,#1065,#1066,#1067));
#716=EDGE_LOOP('',(#1068,#1069,#1070,#1071));
#717=EDGE_LOOP('',(#1072,#1073,#1074,#1075));
#718=EDGE_LOOP('',(#1076,#1077,#1078,#1079));
#719=EDGE_LOOP('',(#1080,#1081,#1082,#1083));
#720=EDGE_LOOP('',(#1084,#1085,#1086,#1087));
#721=EDGE_LOOP('',(#1088,#1089,#1090,#1091));
#722=EDGE_LOOP('',(#1092,#1093,#1094,#1095));
#723=EDGE_LOOP('',(#1096,#1097,#1098,#1099));
#724=EDGE_LOOP('',(#1100,#1101,#1102,#1103));
#725=EDGE_LOOP('',(#1104,#1105,#1106,#1107));
#726=EDGE_LOOP('',(#1108,#1109,#1110,#1111));
#727=EDGE_LOOP('',(#1112,#1113,#1114,#1115));
#728=EDGE_LOOP('',(#1116,#1117,#1118,#1119));
#729=EDGE_LOOP('',(#1120,#1121,#1122,#1123));
#730=EDGE_LOOP('',(#1124,#1125,#1126,#1127));
#731=EDGE_LOOP('',(#1128,#1129,#1130,#1131));
#732=EDGE_LOOP('',(#1132,#1133,#1134,#1135));
#733=EDGE_LOOP('',(#1136,#1137,#1138,#1139));
#734=EDGE_LOOP('',(#1140,#1141,#1142,#1143));
#735=EDGE_LOOP('',(#1144,#1145,#1146,#1147));
#736=EDGE_LOOP('',(#1148,#1149,#1150,#1151));
#737=EDGE_LOOP('',(#1152,#1153,#1154,#1155));
#738=EDGE_LOOP('',(#1156,#1157,#1158,#1159));
#739=EDGE_LOOP('',(#1160,#1161,#1162,#1163));
#740=EDGE_LOOP('',(#1164,#1165,#1166,#1167));
#741=EDGE_LOOP('',(#1168,#1169,#1170,#1171));
#742=EDGE_LOOP('',(#1172,#1173,#1174,#1175));
#743=EDGE_LOOP('',(#1176,#1177,#1178,#1179));
#744=EDGE_LOOP('',(#1180,#1181,#1182,#1183));
#745=EDGE_LOOP('',(#1184,#1185,#1186,#1187));
#746=EDGE_LOOP('',(#1188,#1189,#1190,#1191));
#747=EDGE_LOOP('',(#1192,#1193,#1194,#1195));
#748=EDGE_LOOP('',(#1196,#1197,#1198,#1199));
#749=EDGE_LOOP('',(#1200,#1201,#1202,#1203));
#750=EDGE_LOOP('',(#1204,#1205,#1206,#1207));
#751=EDGE_LOOP('',(#1208,#1209,#1210,#1211));
#752=EDGE_LOOP('',(#1212,#1213,#1214,#1215));
#753=EDGE_LOOP('',(#1216,#1217,#1218,#1219));
#754=EDGE_LOOP('',(#1220,#1221,#1222,#1223));
#755=EDGE_LOOP('',(#1224,#1225,#1226,#1227));
#756=EDGE_LOOP('',(#1228,#1229,#1230,#1231));
#757=EDGE_LOOP('',(#1232,#1233,#1234,#1235));
#758=EDGE_LOOP('',(#1236,#1237,#1238,#1239));
#759=EDGE_LOOP('',(#1240,#1241,#1242,#1243));
#760=EDGE_LOOP('',(#1244,#1245,#1246,#1247));
#761=EDGE_LOOP('',(#1248,#1249,#1250,#1251));
#762=EDGE_LOOP('',(#1252,#1253,#1254,#1255));
#763=EDGE_LOOP('',(#1256,#1257,#1258,#1259));
#764=EDGE_LOOP('',(#1260,#1261,#1262,#1263));
#765=EDGE_LOOP('',(#1264,#1265,#1266,#1267));
#766=EDGE_LOOP('',(#1268,#1269,#1270,#1271));
#767=EDGE_LOOP('',(#1272,#1273,#1274,#1275));
#768=EDGE_LOOP('',(#1276,#1277,#1278,#1279));
#769=EDGE_LOOP('',(#1280,#1281,#1282,#1283));
#770=EDGE_LOOP('',(#1284,#1285,#1286,#1287));
#771=EDGE_LOOP('',(#1288,#1289,#1290,#1291));
#772=EDGE_LOOP('',(#1292,#1293,#1294,#1295));
#773=EDGE_LOOP('',(#1296,#1297,#1298,#1299));
#774=EDGE_LOOP('',(#1300,#1301,#1302,#1303));
#775=EDGE_LOOP('',(#1304,#1305,#1306,#1307));
#776=EDGE_LOOP('',(#1308,#1309,#1310,#1311));
#777=EDGE_LOOP('',(#1312,#1313,#1314,#1315));
#778=EDGE_LOOP('',(#1316,#1317,#1318,#1319));
#779=EDGE_LOOP('',(#1320,#1321,#1322,#1323));
#780=EDGE_LOOP('',(#1324,#1325,#1326,#1327));
#781=EDGE_LOOP('',(#1328,#1329,#1330,#1331));
#782=EDGE_LOOP('',(#1332,#1333,#1334,#1335));
#783=EDGE_LOOP('',(#1336,#1337,#1338,#1339));
#784=EDGE_LOOP('',(#1340,#1341,#1342,#1343));
#785=EDGE_LOOP('',(#1344,#1345,#1346,#1347));
#786=EDGE_LOOP('',(#1348,#1349,#1350,#1351));
#787=EDGE_LOOP('',(#1352,#1353,#1354,#1355));
#788=EDGE_LOOP('',(#1356,#1357,#1358,#1359));
#789=EDGE_LOOP('',(#1360,#1361,#1362,#1363));
#790=EDGE_LOOP('',(#1364,#1365,#1366,#1367));
#791=EDGE_LOOP('',(#1368,#1369,#1370,#1371));
#792=EDGE_LOOP('',(#1372,#1373,#1374,#1375));
#793=EDGE_LOOP('',(#1376,#1377,#1378,#1379));
#794=EDGE_LOOP('',(#1380,#1381,#1382,#1383));
#795=EDGE_LOOP('',(#1384,#1385,#1386,#1387));
#796=EDGE_LOOP('',(#1388,#1389,#1390,#1391));
#797=EDGE_LOOP('',(#1392,#1393,#1394,#1395));
#798=EDGE_LOOP('',(#1396,#1397,#1398,#1399));
#799=EDGE_LOOP('',(#1400,#1401,#1402,#1403));
#800=EDGE_LOOP('',(#1404,#1405,#1406,#1407));
#801=EDGE_LOOP('',(#1408,#1409,#1410,#1411));
#802=EDGE_LOOP('',(#1412,#1413,#1414,#1415));
#803=EDGE_LOOP('',(#1416,#1417,#1418,#1419));
#804=EDGE_LOOP('',(#1420,#1421,#1422,#1423));
#805=EDGE_LOOP('',(#1424,#1425,#1426,#1427));
#806=EDGE_LOOP('',(#1428,#1429,#1430,#1431));
#807=EDGE_LOOP('',(#1432,#1433,#1434,#1435));
#808=EDGE_LOOP('',(#1436,#1437,#1438,#1439));
#809=EDGE_LOOP('',(#1440,#1441,#1442,#1443));
#810=EDGE_LOOP('',(#1444,#1445,#1446,#1447));
#811=EDGE_LOOP('',(#1448,#1449,#1450,#1451));
#812=ORIENTED_EDGE('',*,*,#1455,.T.);
#813=ORIENTED_EDGE('',*,*,#1452,.T.);
#814=ORIENTED_EDGE('',*,*,#1454,.F.);
#815=ORIENTED_EDGE('',*,*,#1453,.F.);
#816=ORIENTED_EDGE('',*,*,#1459,.T.);
#817=ORIENTED_EDGE('',*,*,#1457,.F.);
#818=ORIENTED_EDGE('',*,*,#1456,.F.);
#819=ORIENTED_EDGE('',*,*,#1458,.T.);
#820=ORIENTED_EDGE('',*,*,#1463,.T.);
#821=ORIENTED_EDGE('',*,*,#1460,.T.);
#822=ORIENTED_EDGE('',*,*,#1462,.F.);
#823=ORIENTED_EDGE('',*,*,#1461,.F.);
#824=ORIENTED_EDGE('',*,*,#1467,.T.);
#825=ORIENTED_EDGE('',*,*,#1465,.F.);
#826=ORIENTED_EDGE('',*,*,#1464,.F.);
#827=ORIENTED_EDGE('',*,*,#1466,.T.);
#828=ORIENTED_EDGE('',*,*,#1471,.T.);
#829=ORIENTED_EDGE('',*,*,#1468,.T.);
#830=ORIENTED_EDGE('',*,*,#1470,.F.);
#831=ORIENTED_EDGE('',*,*,#1469,.F.);
#832=ORIENTED_EDGE('',*,*,#1475,.T.);
#833=ORIENTED_EDGE('',*,*,#1473,.F.);
#834=ORIENTED_EDGE('',*,*,#1472,.F.);
#835=ORIENTED_EDGE('',*,*,#1474,.T.);
#836=ORIENTED_EDGE('',*,*,#1479,.T.);
#837=ORIENTED_EDGE('',*,*,#1476,.T.);
#838=ORIENTED_EDGE('',*,*,#1478,.F.);
#839=ORIENTED_EDGE('',*,*,#1477,.F.);
#840=ORIENTED_EDGE('',*,*,#1483,.T.);
#841=ORIENTED_EDGE('',*,*,#1481,.F.);
#842=ORIENTED_EDGE('',*,*,#1480,.F.);
#843=ORIENTED_EDGE('',*,*,#1482,.T.);
#844=ORIENTED_EDGE('',*,*,#1487,.T.);
#845=ORIENTED_EDGE('',*,*,#1484,.T.);
#846=ORIENTED_EDGE('',*,*,#1486,.F.);
#847=ORIENTED_EDGE('',*,*,#1485,.F.);
#848=ORIENTED_EDGE('',*,*,#1491,.T.);
#849=ORIENTED_EDGE('',*,*,#1489,.F.);
#850=ORIENTED_EDGE('',*,*,#1488,.F.);
#851=ORIENTED_EDGE('',*,*,#1490,.T.);
#852=ORIENTED_EDGE('',*,*,#1495,.T.);
#853=ORIENTED_EDGE('',*,*,#1492,.T.);
#854=ORIENTED_EDGE('',*,*,#1494,.F.);
#855=ORIENTED_EDGE('',*,*,#1493,.F.);
#856=ORIENTED_EDGE('',*,*,#1499,.T.);
#857=ORIENTED_EDGE('',*,*,#1497,.F.);
#858=ORIENTED_EDGE('',*,*,#1496,.F.);
#859=ORIENTED_EDGE('',*,*,#1498,.T.);
#860=ORIENTED_EDGE('',*,*,#1503,.T.);
#861=ORIENTED_EDGE('',*,*,#1500,.T.);
#862=ORIENTED_EDGE('',*,*,#1502,.F.);
#863=ORIENTED_EDGE('',*,*,#1501,.F.);
#864=ORIENTED_EDGE('',*,*,#1507,.T.);
#865=ORIENTED_EDGE('',*,*,#1505,.F.);
#866=ORIENTED_EDGE('',*,*,#1504,.F.);
#867=ORIENTED_EDGE('',*,*,#1506,.T.);
#868=ORIENTED_EDGE('',*,*,#1511,.T.);
#869=ORIENTED_EDGE('',*,*,#1508,.T.);
#870=ORIENTED_EDGE('',*,*,#1510,.F.);
#871=ORIENTED_EDGE('',*,*,#1509,.F.);
#872=ORIENTED_EDGE('',*,*,#1515,.T.);
#873=ORIENTED_EDGE('',*,*,#1513,.F.);
#874=ORIENTED_EDGE('',*,*,#1512,.F.);
#875=ORIENTED_EDGE('',*,*,#1514,.T.);
#876=ORIENTED_EDGE('',*,*,#1519,.T.);
#877=ORIENTED_EDGE('',*,*,#1516,.T.);
#878=ORIENTED_EDGE('',*,*,#1518,.F.);
#879=ORIENTED_EDGE('',*,*,#1517,.F.);
#880=ORIENTED_EDGE('',*,*,#1523,.T.);
#881=ORIENTED_EDGE('',*,*,#1521,.F.);
#882=ORIENTED_EDGE('',*,*,#1520,.F.);
#883=ORIENTED_EDGE('',*,*,#1522,.T.);
#884=ORIENTED_EDGE('',*,*,#1527,.T.);
#885=ORIENTED_EDGE('',*,*,#1524,.T.);
#886=ORIENTED_EDGE('',*,*,#1526,.F.);
#887=ORIENTED_EDGE('',*,*,#1525,.F.);
#888=ORIENTED_EDGE('',*,*,#1531,.T.);
#889=ORIENTED_EDGE('',*,*,#1529,.F.);
#890=ORIENTED_EDGE('',*,*,#1528,.F.);
#891=ORIENTED_EDGE('',*,*,#1530,.T.);
#892=ORIENTED_EDGE('',*,*,#1535,.T.);
#893=ORIENTED_EDGE('',*,*,#1532,.T.);
#894=ORIENTED_EDGE('',*,*,#1534,.F.);
#895=ORIENTED_EDGE('',*,*,#1533,.F.);
#896=ORIENTED_EDGE('',*,*,#1539,.T.);
#897=ORIENTED_EDGE('',*,*,#1537,.F.);
#898=ORIENTED_EDGE('',*,*,#1536,.F.);
#899=ORIENTED_EDGE('',*,*,#1538,.T.);
#900=ORIENTED_EDGE('',*,*,#1543,.T.);
#901=ORIENTED_EDGE('',*,*,#1540,.T.);
#902=ORIENTED_EDGE('',*,*,#1542,.F.);
#903=ORIENTED_EDGE('',*,*,#1541,.F.);
#904=ORIENTED_EDGE('',*,*,#1547,.T.);
#905=ORIENTED_EDGE('',*,*,#1545,.F.);
#906=ORIENTED_EDGE('',*,*,#1544,.F.);
#907=ORIENTED_EDGE('',*,*,#1546,.T.);
#908=ORIENTED_EDGE('',*,*,#1551,.T.);
#909=ORIENTED_EDGE('',*,*,#1548,.T.);
#910=ORIENTED_EDGE('',*,*,#1550,.F.);
#911=ORIENTED_EDGE('',*,*,#1549,.F.);
#912=ORIENTED_EDGE('',*,*,#1555,.T.);
#913=ORIENTED_EDGE('',*,*,#1553,.F.);
#914=ORIENTED_EDGE('',*,*,#1552,.F.);
#915=ORIENTED_EDGE('',*,*,#1554,.T.);
#916=ORIENTED_EDGE('',*,*,#1559,.T.);
#917=ORIENTED_EDGE('',*,*,#1556,.T.);
#918=ORIENTED_EDGE('',*,*,#1558,.F.);
#919=ORIENTED_EDGE('',*,*,#1557,.F.);
#920=ORIENTED_EDGE('',*,*,#1563,.T.);
#921=ORIENTED_EDGE('',*,*,#1561,.F.);
#922=ORIENTED_EDGE('',*,*,#1560,.F.);
#923=ORIENTED_EDGE('',*,*,#1562,.T.);
#924=ORIENTED_EDGE('',*,*,#1567,.T.);
#925=ORIENTED_EDGE('',*,*,#1564,.T.);
#926=ORIENTED_EDGE('',*,*,#1566,.F.);
#927=ORIENTED_EDGE('',*,*,#1565,.F.);
#928=ORIENTED_EDGE('',*,*,#1571,.T.);
#929=ORIENTED_EDGE('',*,*,#1569,.F.);
#930=ORIENTED_EDGE('',*,*,#1568,.F.);
#931=ORIENTED_EDGE('',*,*,#1570,.T.);
#932=ORIENTED_EDGE('',*,*,#1575,.T.);
#933=ORIENTED_EDGE('',*,*,#1572,.T.);
#934=ORIENTED_EDGE('',*,*,#1574,.F.);
#935=ORIENTED_EDGE('',*,*,#1573,.F.);
#936=ORIENTED_EDGE('',*,*,#1579,.T.);
#937=ORIENTED_EDGE('',*,*,#1577,.F.);
#938=ORIENTED_EDGE('',*,*,#1576,.F.);
#939=ORIENTED_EDGE('',*,*,#1578,.T.);
#940=ORIENTED_EDGE('',*,*,#1583,.T.);
#941=ORIENTED_EDGE('',*,*,#1580,.T.);
#942=ORIENTED_EDGE('',*,*,#1582,.F.);
#943=ORIENTED_EDGE('',*,*,#1581,.F.);
#944=ORIENTED_EDGE('',*,*,#1587,.T.);
#945=ORIENTED_EDGE('',*,*,#1585,.F.);
#946=ORIENTED_EDGE('',*,*,#1584,.F.);
#947=ORIENTED_EDGE('',*,*,#1586,.T.);
#948=ORIENTED_EDGE('',*,*,#1591,.T.);
#949=ORIENTED_EDGE('',*,*,#1588,.T.);
#950=ORIENTED_EDGE('',*,*,#1590,.F.);
#951=ORIENTED_EDGE('',*,*,#1589,.F.);
#952=ORIENTED_EDGE('',*,*,#1595,.T.);
#953=ORIENTED_EDGE('',*,*,#1593,.F.);
#954=ORIENTED_EDGE('',*,*,#1592,.F.);
#955=ORIENTED_EDGE('',*,*,#1594,.T.);
#956=ORIENTED_EDGE('',*,*,#1599,.T.);
#957=ORIENTED_EDGE('',*,*,#1596,.T.);
#958=ORIENTED_EDGE('',*,*,#1598,.F.);
#959=ORIENTED_EDGE('',*,*,#1597,.F.);
#960=ORIENTED_EDGE('',*,*,#1603,.T.);
#961=ORIENTED_EDGE('',*,*,#1601,.F.);
#962=ORIENTED_EDGE('',*,*,#1600,.F.);
#963=ORIENTED_EDGE('',*,*,#1602,.T.);
#964=ORIENTED_EDGE('',*,*,#1607,.T.);
#965=ORIENTED_EDGE('',*,*,#1604,.T.);
#966=ORIENTED_EDGE('',*,*,#1606,.F.);
#967=ORIENTED_EDGE('',*,*,#1605,.F.);
#968=ORIENTED_EDGE('',*,*,#1611,.T.);
#969=ORIENTED_EDGE('',*,*,#1609,.F.);
#970=ORIENTED_EDGE('',*,*,#1608,.F.);
#971=ORIENTED_EDGE('',*,*,#1610,.T.);
#972=ORIENTED_EDGE('',*,*,#1615,.T.);
#973=ORIENTED_EDGE('',*,*,#1612,.T.);
#974=ORIENTED_EDGE('',*,*,#1614,.F.);
#975=ORIENTED_EDGE('',*,*,#1613,.F.);
#976=ORIENTED_EDGE('',*,*,#1619,.T.);
#977=ORIENTED_EDGE('',*,*,#1617,.F.);
#978=ORIENTED_EDGE('',*,*,#1616,.F.);
#979=ORIENTED_EDGE('',*,*,#1618,.T.);
#980=ORIENTED_EDGE('',*,*,#1623,.T.);
#981=ORIENTED_EDGE('',*,*,#1620,.T.);
#982=ORIENTED_EDGE('',*,*,#1622,.F.);
#983=ORIENTED_EDGE('',*,*,#1621,.F.);
#984=ORIENTED_EDGE('',*,*,#1627,.T.);
#985=ORIENTED_EDGE('',*,*,#1625,.F.);
#986=ORIENTED_EDGE('',*,*,#1624,.F.);
#987=ORIENTED_EDGE('',*,*,#1626,.T.);
#988=ORIENTED_EDGE('',*,*,#1631,.T.);
#989=ORIENTED_EDGE('',*,*,#1628,.T.);
#990=ORIENTED_EDGE('',*,*,#1630,.F.);
#991=ORIENTED_EDGE('',*,*,#1629,.F.);
#992=ORIENTED_EDGE('',*,*,#1635,.T.);
#993=ORIENTED_EDGE('',*,*,#1633,.F.);
#994=ORIENTED_EDGE('',*,*,#1632,.F.);
#995=ORIENTED_EDGE('',*,*,#1634,.T.);
#996=ORIENTED_EDGE('',*,*,#1639,.T.);
#997=ORIENTED_EDGE('',*,*,#1637,.F.);
#998=ORIENTED_EDGE('',*,*,#1636,.F.);
#999=ORIENTED_EDGE('',*,*,#1638,.T.);
#1000=ORIENTED_EDGE('',*,*,#1643,.T.);
#1001=ORIENTED_EDGE('',*,*,#1641,.F.);
#1002=ORIENTED_EDGE('',*,*,#1640,.F.);
#1003=ORIENTED_EDGE('',*,*,#1642,.T.);
#1004=ORIENTED_EDGE('',*,*,#1647,.T.);
#1005=ORIENTED_EDGE('',*,*,#1645,.F.);
#1006=ORIENTED_EDGE('',*,*,#1644,.F.);
#1007=ORIENTED_EDGE('',*,*,#1646,.T.);
#1008=ORIENTED_EDGE('',*,*,#1651,.T.);
#1009=ORIENTED_EDGE('',*,*,#1649,.F.);
#1010=ORIENTED_EDGE('',*,*,#1648,.F.);
#1011=ORIENTED_EDGE('',*,*,#1650,.T.);
#1012=ORIENTED_EDGE('',*,*,#1655,.T.);
#1013=ORIENTED_EDGE('',*,*,#1653,.F.);
#1014=ORIENTED_EDGE('',*,*,#1652,.F.);
#1015=ORIENTED_EDGE('',*,*,#1654,.T.);
#1016=ORIENTED_EDGE('',*,*,#1659,.T.);
#1017=ORIENTED_EDGE('',*,*,#1657,.F.);
#1018=ORIENTED_EDGE('',*,*,#1656,.F.);
#1019=ORIENTED_EDGE('',*,*,#1658,.T.);
#1020=ORIENTED_EDGE('',*,*,#1662,.T.);
#1021=ORIENTED_EDGE('',*,*,#1660,.T.);
#1022=ORIENTED_EDGE('',*,*,#1663,.F.);
#1023=ORIENTED_EDGE('',*,*,#1661,.F.);
#1024=ORIENTED_EDGE('',*,*,#1667,.T.);
#1025=ORIENTED_EDGE('',*,*,#1666,.F.);
#1026=ORIENTED_EDGE('',*,*,#1664,.F.);
#1027=ORIENTED_EDGE('',*,*,#1665,.T.);
#1028=ORIENTED_EDGE('',*,*,#1670,.T.);
#1029=ORIENTED_EDGE('',*,*,#1668,.T.);
#1030=ORIENTED_EDGE('',*,*,#1671,.F.);
#1031=ORIENTED_EDGE('',*,*,#1669,.F.);
#1032=ORIENTED_EDGE('',*,*,#1675,.T.);
#1033=ORIENTED_EDGE('',*,*,#1674,.F.);
#1034=ORIENTED_EDGE('',*,*,#1672,.F.);
#1035=ORIENTED_EDGE('',*,*,#1673,.T.);
#1036=ORIENTED_EDGE('',*,*,#1679,.T.);
#1037=ORIENTED_EDGE('',*,*,#1677,.F.);
#1038=ORIENTED_EDGE('',*,*,#1676,.F.);
#1039=ORIENTED_EDGE('',*,*,#1678,.T.);
#1040=ORIENTED_EDGE('',*,*,#1683,.T.);
#1041=ORIENTED_EDGE('',*,*,#1681,.F.);
#1042=ORIENTED_EDGE('',*,*,#1680,.F.);
#1043=ORIENTED_EDGE('',*,*,#1682,.T.);
#1044=ORIENTED_EDGE('',*,*,#1687,.T.);
#1045=ORIENTED_EDGE('',*,*,#1685,.F.);
#1046=ORIENTED_EDGE('',*,*,#1684,.F.);
#1047=ORIENTED_EDGE('',*,*,#1686,.T.);
#1048=ORIENTED_EDGE('',*,*,#1691,.T.);
#1049=ORIENTED_EDGE('',*,*,#1689,.F.);
#1050=ORIENTED_EDGE('',*,*,#1688,.F.);
#1051=ORIENTED_EDGE('',*,*,#1690,.T.);
#1052=ORIENTED_EDGE('',*,*,#1695,.T.);
#1053=ORIENTED_EDGE('',*,*,#1693,.F.);
#1054=ORIENTED_EDGE('',*,*,#1692,.F.);
#1055=ORIENTED_EDGE('',*,*,#1694,.T.);
#1056=ORIENTED_EDGE('',*,*,#1699,.T.);
#1057=ORIENTED_EDGE('',*,*,#1697,.F.);
#1058=ORIENTED_EDGE('',*,*,#1696,.F.);
#1059=ORIENTED_EDGE('',*,*,#1698,.T.);
#1060=ORIENTED_EDGE('',*,*,#1703,.T.);
#1061=ORIENTED_EDGE('',*,*,#1701,.F.);
#1062=ORIENTED_EDGE('',*,*,#1700,.F.);
#1063=ORIENTED_EDGE('',*,*,#1702,.T.);
#1064=ORIENTED_EDGE('',*,*,#1707,.T.);
#1065=ORIENTED_EDGE('',*,*,#1705,.F.);
#1066=ORIENTED_EDGE('',*,*,#1704,.F.);
#1067=ORIENTED_EDGE('',*,*,#1706,.T.);
#1068=ORIENTED_EDGE('',*,*,#1711,.T.);
#1069=ORIENTED_EDGE('',*,*,#1709,.F.);
#1070=ORIENTED_EDGE('',*,*,#1708,.F.);
#1071=ORIENTED_EDGE('',*,*,#1710,.T.);
#1072=ORIENTED_EDGE('',*,*,#1715,.T.);
#1073=ORIENTED_EDGE('',*,*,#1713,.F.);
#1074=ORIENTED_EDGE('',*,*,#1712,.F.);
#1075=ORIENTED_EDGE('',*,*,#1714,.T.);
#1076=ORIENTED_EDGE('',*,*,#1719,.T.);
#1077=ORIENTED_EDGE('',*,*,#1717,.F.);
#1078=ORIENTED_EDGE('',*,*,#1716,.F.);
#1079=ORIENTED_EDGE('',*,*,#1718,.T.);
#1080=ORIENTED_EDGE('',*,*,#1723,.T.);
#1081=ORIENTED_EDGE('',*,*,#1721,.F.);
#1082=ORIENTED_EDGE('',*,*,#1720,.F.);
#1083=ORIENTED_EDGE('',*,*,#1722,.T.);
#1084=ORIENTED_EDGE('',*,*,#1727,.T.);
#1085=ORIENTED_EDGE('',*,*,#1725,.F.);
#1086=ORIENTED_EDGE('',*,*,#1724,.F.);
#1087=ORIENTED_EDGE('',*,*,#1726,.T.);
#1088=ORIENTED_EDGE('',*,*,#1731,.T.);
#1089=ORIENTED_EDGE('',*,*,#1729,.F.);
#1090=ORIENTED_EDGE('',*,*,#1728,.F.);
#1091=ORIENTED_EDGE('',*,*,#1730,.T.);
#1092=ORIENTED_EDGE('',*,*,#1734,.T.);
#1093=ORIENTED_EDGE('',*,*,#1732,.T.);
#1094=ORIENTED_EDGE('',*,*,#1735,.F.);
#1095=ORIENTED_EDGE('',*,*,#1733,.F.);
#1096=ORIENTED_EDGE('',*,*,#1738,.T.);
#1097=ORIENTED_EDGE('',*,*,#1736,.T.);
#1098=ORIENTED_EDGE('',*,*,#1739,.F.);
#1099=ORIENTED_EDGE('',*,*,#1737,.F.);
#1100=ORIENTED_EDGE('',*,*,#1742,.T.);
#1101=ORIENTED_EDGE('',*,*,#1740,.T.);
#1102=ORIENTED_EDGE('',*,*,#1743,.F.);
#1103=ORIENTED_EDGE('',*,*,#1741,.F.);
#1104=ORIENTED_EDGE('',*,*,#1747,.T.);
#1105=ORIENTED_EDGE('',*,*,#1746,.F.);
#1106=ORIENTED_EDGE('',*,*,#1744,.F.);
#1107=ORIENTED_EDGE('',*,*,#1745,.T.);
#1108=ORIENTED_EDGE('',*,*,#1750,.T.);
#1109=ORIENTED_EDGE('',*,*,#1748,.T.);
#1110=ORIENTED_EDGE('',*,*,#1751,.F.);
#1111=ORIENTED_EDGE('',*,*,#1749,.F.);
#1112=ORIENTED_EDGE('',*,*,#1755,.T.);
#1113=ORIENTED_EDGE('',*,*,#1754,.F.);
#1114=ORIENTED_EDGE('',*,*,#1752,.F.);
#1115=ORIENTED_EDGE('',*,*,#1753,.T.);
#1116=ORIENTED_EDGE('',*,*,#1758,.T.);
#1117=ORIENTED_EDGE('',*,*,#1756,.T.);
#1118=ORIENTED_EDGE('',*,*,#1759,.F.);
#1119=ORIENTED_EDGE('',*,*,#1757,.F.);
#1120=ORIENTED_EDGE('',*,*,#1763,.T.);
#1121=ORIENTED_EDGE('',*,*,#1762,.F.);
#1122=ORIENTED_EDGE('',*,*,#1760,.F.);
#1123=ORIENTED_EDGE('',*,*,#1761,.T.);
#1124=ORIENTED_EDGE('',*,*,#1766,.T.);
#1125=ORIENTED_EDGE('',*,*,#1764,.T.);
#1126=ORIENTED_EDGE('',*,*,#1767,.F.);
#1127=ORIENTED_EDGE('',*,*,#1765,.F.);
#1128=ORIENTED_EDGE('',*,*,#1771,.T.);
#1129=ORIENTED_EDGE('',*,*,#1770,.F.);
#1130=ORIENTED_EDGE('',*,*,#1768,.F.);
#1131=ORIENTED_EDGE('',*,*,#1769,.T.);
#1132=ORIENTED_EDGE('',*,*,#1774,.T.);
#1133=ORIENTED_EDGE('',*,*,#1772,.T.);
#1134=ORIENTED_EDGE('',*,*,#1775,.F.);
#1135=ORIENTED_EDGE('',*,*,#1773,.F.);
#1136=ORIENTED_EDGE('',*,*,#1779,.T.);
#1137=ORIENTED_EDGE('',*,*,#1778,.F.);
#1138=ORIENTED_EDGE('',*,*,#1776,.F.);
#1139=ORIENTED_EDGE('',*,*,#1777,.T.);
#1140=ORIENTED_EDGE('',*,*,#1782,.T.);
#1141=ORIENTED_EDGE('',*,*,#1780,.T.);
#1142=ORIENTED_EDGE('',*,*,#1783,.F.);
#1143=ORIENTED_EDGE('',*,*,#1781,.F.);
#1144=ORIENTED_EDGE('',*,*,#1787,.T.);
#1145=ORIENTED_EDGE('',*,*,#1786,.F.);
#1146=ORIENTED_EDGE('',*,*,#1784,.F.);
#1147=ORIENTED_EDGE('',*,*,#1785,.T.);
#1148=ORIENTED_EDGE('',*,*,#1790,.T.);
#1149=ORIENTED_EDGE('',*,*,#1788,.T.);
#1150=ORIENTED_EDGE('',*,*,#1791,.F.);
#1151=ORIENTED_EDGE('',*,*,#1789,.F.);
#1152=ORIENTED_EDGE('',*,*,#1795,.T.);
#1153=ORIENTED_EDGE('',*,*,#1794,.F.);
#1154=ORIENTED_EDGE('',*,*,#1792,.F.);
#1155=ORIENTED_EDGE('',*,*,#1793,.T.);
#1156=ORIENTED_EDGE('',*,*,#1799,.T.);
#1157=ORIENTED_EDGE('',*,*,#1798,.F.);
#1158=ORIENTED_EDGE('',*,*,#1796,.F.);
#1159=ORIENTED_EDGE('',*,*,#1797,.T.);
#1160=ORIENTED_EDGE('',*,*,#1803,.T.);
#1161=ORIENTED_EDGE('',*,*,#1802,.F.);
#1162=ORIENTED_EDGE('',*,*,#1800,.F.);
#1163=ORIENTED_EDGE('',*,*,#1801,.T.);
#1164=ORIENTED_EDGE('',*,*,#1807,.T.);
#1165=ORIENTED_EDGE('',*,*,#1806,.F.);
#1166=ORIENTED_EDGE('',*,*,#1804,.F.);
#1167=ORIENTED_EDGE('',*,*,#1805,.T.);
#1168=ORIENTED_EDGE('',*,*,#1811,.T.);
#1169=ORIENTED_EDGE('',*,*,#1810,.F.);
#1170=ORIENTED_EDGE('',*,*,#1808,.F.);
#1171=ORIENTED_EDGE('',*,*,#1809,.T.);
#1172=ORIENTED_EDGE('',*,*,#1815,.T.);
#1173=ORIENTED_EDGE('',*,*,#1814,.F.);
#1174=ORIENTED_EDGE('',*,*,#1812,.F.);
#1175=ORIENTED_EDGE('',*,*,#1813,.T.);
#1176=ORIENTED_EDGE('',*,*,#1819,.T.);
#1177=ORIENTED_EDGE('',*,*,#1818,.F.);
#1178=ORIENTED_EDGE('',*,*,#1816,.F.);
#1179=ORIENTED_EDGE('',*,*,#1817,.T.);
#1180=ORIENTED_EDGE('',*,*,#1823,.T.);
#1181=ORIENTED_EDGE('',*,*,#1822,.F.);
#1182=ORIENTED_EDGE('',*,*,#1820,.F.);
#1183=ORIENTED_EDGE('',*,*,#1821,.T.);
#1184=ORIENTED_EDGE('',*,*,#1827,.T.);
#1185=ORIENTED_EDGE('',*,*,#1826,.F.);
#1186=ORIENTED_EDGE('',*,*,#1824,.F.);
#1187=ORIENTED_EDGE('',*,*,#1825,.T.);
#1188=ORIENTED_EDGE('',*,*,#1831,.T.);
#1189=ORIENTED_EDGE('',*,*,#1830,.F.);
#1190=ORIENTED_EDGE('',*,*,#1828,.F.);
#1191=ORIENTED_EDGE('',*,*,#1829,.T.);
#1192=ORIENTED_EDGE('',*,*,#1835,.T.);
#1193=ORIENTED_EDGE('',*,*,#1834,.F.);
#1194=ORIENTED_EDGE('',*,*,#1832,.F.);
#1195=ORIENTED_EDGE('',*,*,#1833,.T.);
#1196=ORIENTED_EDGE('',*,*,#1839,.T.);
#1197=ORIENTED_EDGE('',*,*,#1838,.F.);
#1198=ORIENTED_EDGE('',*,*,#1836,.T.);
#1199=ORIENTED_EDGE('',*,*,#1837,.T.);
#1200=ORIENTED_EDGE('',*,*,#1843,.T.);
#1201=ORIENTED_EDGE('',*,*,#1842,.F.);
#1202=ORIENTED_EDGE('',*,*,#1840,.T.);
#1203=ORIENTED_EDGE('',*,*,#1841,.T.);
#1204=ORIENTED_EDGE('',*,*,#1847,.T.);
#1205=ORIENTED_EDGE('',*,*,#1846,.F.);
#1206=ORIENTED_EDGE('',*,*,#1844,.T.);
#1207=ORIENTED_EDGE('',*,*,#1845,.T.);
#1208=ORIENTED_EDGE('',*,*,#1851,.T.);
#1209=ORIENTED_EDGE('',*,*,#1850,.F.);
#1210=ORIENTED_EDGE('',*,*,#1848,.T.);
#1211=ORIENTED_EDGE('',*,*,#1849,.T.);
#1212=ORIENTED_EDGE('',*,*,#1855,.T.);
#1213=ORIENTED_EDGE('',*,*,#1854,.F.);
#1214=ORIENTED_EDGE('',*,*,#1852,.T.);
#1215=ORIENTED_EDGE('',*,*,#1853,.T.);
#1216=ORIENTED_EDGE('',*,*,#1859,.T.);
#1217=ORIENTED_EDGE('',*,*,#1858,.F.);
#1218=ORIENTED_EDGE('',*,*,#1856,.T.);
#1219=ORIENTED_EDGE('',*,*,#1857,.T.);
#1220=ORIENTED_EDGE('',*,*,#1863,.T.);
#1221=ORIENTED_EDGE('',*,*,#1862,.F.);
#1222=ORIENTED_EDGE('',*,*,#1860,.T.);
#1223=ORIENTED_EDGE('',*,*,#1861,.T.);
#1224=ORIENTED_EDGE('',*,*,#1867,.T.);
#1225=ORIENTED_EDGE('',*,*,#1866,.F.);
#1226=ORIENTED_EDGE('',*,*,#1864,.T.);
#1227=ORIENTED_EDGE('',*,*,#1865,.T.);
#1228=ORIENTED_EDGE('',*,*,#1871,.T.);
#1229=ORIENTED_EDGE('',*,*,#1870,.F.);
#1230=ORIENTED_EDGE('',*,*,#1868,.T.);
#1231=ORIENTED_EDGE('',*,*,#1869,.T.);
#1232=ORIENTED_EDGE('',*,*,#1875,.T.);
#1233=ORIENTED_EDGE('',*,*,#1874,.F.);
#1234=ORIENTED_EDGE('',*,*,#1872,.T.);
#1235=ORIENTED_EDGE('',*,*,#1873,.T.);
#1236=ORIENTED_EDGE('',*,*,#1879,.T.);
#1237=ORIENTED_EDGE('',*,*,#1878,.F.);
#1238=ORIENTED_EDGE('',*,*,#1876,.T.);
#1239=ORIENTED_EDGE('',*,*,#1877,.T.);
#1240=ORIENTED_EDGE('',*,*,#1883,.T.);
#1241=ORIENTED_EDGE('',*,*,#1882,.F.);
#1242=ORIENTED_EDGE('',*,*,#1880,.T.);
#1243=ORIENTED_EDGE('',*,*,#1881,.T.);
#1244=ORIENTED_EDGE('',*,*,#1887,.T.);
#1245=ORIENTED_EDGE('',*,*,#1886,.F.);
#1246=ORIENTED_EDGE('',*,*,#1884,.T.);
#1247=ORIENTED_EDGE('',*,*,#1885,.T.);
#1248=ORIENTED_EDGE('',*,*,#1891,.T.);
#1249=ORIENTED_EDGE('',*,*,#1890,.F.);
#1250=ORIENTED_EDGE('',*,*,#1888,.T.);
#1251=ORIENTED_EDGE('',*,*,#1889,.T.);
#1252=ORIENTED_EDGE('',*,*,#1895,.T.);
#1253=ORIENTED_EDGE('',*,*,#1894,.F.);
#1254=ORIENTED_EDGE('',*,*,#1892,.T.);
#1255=ORIENTED_EDGE('',*,*,#1893,.T.);
#1256=ORIENTED_EDGE('',*,*,#1899,.T.);
#1257=ORIENTED_EDGE('',*,*,#1898,.F.);
#1258=ORIENTED_EDGE('',*,*,#1896,.T.);
#1259=ORIENTED_EDGE('',*,*,#1897,.T.);
#1260=ORIENTED_EDGE('',*,*,#1903,.T.);
#1261=ORIENTED_EDGE('',*,*,#1902,.F.);
#1262=ORIENTED_EDGE('',*,*,#1900,.T.);
#1263=ORIENTED_EDGE('',*,*,#1901,.T.);
#1264=ORIENTED_EDGE('',*,*,#1907,.T.);
#1265=ORIENTED_EDGE('',*,*,#1906,.F.);
#1266=ORIENTED_EDGE('',*,*,#1904,.T.);
#1267=ORIENTED_EDGE('',*,*,#1905,.T.);
#1268=ORIENTED_EDGE('',*,*,#1911,.T.);
#1269=ORIENTED_EDGE('',*,*,#1910,.F.);
#1270=ORIENTED_EDGE('',*,*,#1908,.T.);
#1271=ORIENTED_EDGE('',*,*,#1909,.T.);
#1272=ORIENTED_EDGE('',*,*,#1915,.T.);
#1273=ORIENTED_EDGE('',*,*,#1914,.F.);
#1274=ORIENTED_EDGE('',*,*,#1912,.T.);
#1275=ORIENTED_EDGE('',*,*,#1913,.T.);
#1276=ORIENTED_EDGE('',*,*,#1919,.T.);
#1277=ORIENTED_EDGE('',*,*,#1918,.F.);
#1278=ORIENTED_EDGE('',*,*,#1916,.T.);
#1279=ORIENTED_EDGE('',*,*,#1917,.T.);
#1280=ORIENTED_EDGE('',*,*,#1923,.T.);
#1281=ORIENTED_EDGE('',*,*,#1922,.F.);
#1282=ORIENTED_EDGE('',*,*,#1920,.T.);
#1283=ORIENTED_EDGE('',*,*,#1921,.T.);
#1284=ORIENTED_EDGE('',*,*,#1927,.T.);
#1285=ORIENTED_EDGE('',*,*,#1926,.F.);
#1286=ORIENTED_EDGE('',*,*,#1924,.T.);
#1287=ORIENTED_EDGE('',*,*,#1925,.T.);
#1288=ORIENTED_EDGE('',*,*,#1931,.T.);
#1289=ORIENTED_EDGE('',*,*,#1930,.F.);
#1290=ORIENTED_EDGE('',*,*,#1928,.T.);
#1291=ORIENTED_EDGE('',*,*,#1929,.T.);
#1292=ORIENTED_EDGE('',*,*,#1935,.T.);
#1293=ORIENTED_EDGE('',*,*,#1934,.F.);
#1294=ORIENTED_EDGE('',*,*,#1932,.T.);
#1295=ORIENTED_EDGE('',*,*,#1933,.T.);
#1296=ORIENTED_EDGE('',*,*,#1939,.T.);
#1297=ORIENTED_EDGE('',*,*,#1938,.F.);
#1298=ORIENTED_EDGE('',*,*,#1936,.T.);
#1299=ORIENTED_EDGE('',*,*,#1937,.T.);
#1300=ORIENTED_EDGE('',*,*,#1943,.T.);
#1301=ORIENTED_EDGE('',*,*,#1942,.F.);
#1302=ORIENTED_EDGE('',*,*,#1940,.T.);
#1303=ORIENTED_EDGE('',*,*,#1941,.T.);
#1304=ORIENTED_EDGE('',*,*,#1947,.T.);
#1305=ORIENTED_EDGE('',*,*,#1946,.F.);
#1306=ORIENTED_EDGE('',*,*,#1944,.T.);
#1307=ORIENTED_EDGE('',*,*,#1945,.T.);
#1308=ORIENTED_EDGE('',*,*,#1951,.T.);
#1309=ORIENTED_EDGE('',*,*,#1950,.F.);
#1310=ORIENTED_EDGE('',*,*,#1948,.T.);
#1311=ORIENTED_EDGE('',*,*,#1949,.T.);
#1312=ORIENTED_EDGE('',*,*,#1955,.T.);
#1313=ORIENTED_EDGE('',*,*,#1954,.F.);
#1314=ORIENTED_EDGE('',*,*,#1952,.T.);
#1315=ORIENTED_EDGE('',*,*,#1953,.T.);
#1316=ORIENTED_EDGE('',*,*,#1959,.T.);
#1317=ORIENTED_EDGE('',*,*,#1958,.F.);
#1318=ORIENTED_EDGE('',*,*,#1956,.T.);
#1319=ORIENTED_EDGE('',*,*,#1957,.T.);
#1320=ORIENTED_EDGE('',*,*,#1963,.T.);
#1321=ORIENTED_EDGE('',*,*,#1962,.F.);
#1322=ORIENTED_EDGE('',*,*,#1960,.T.);
#1323=ORIENTED_EDGE('',*,*,#1961,.T.);
#1324=ORIENTED_EDGE('',*,*,#1966,.T.);
#1325=ORIENTED_EDGE('',*,*,#1964,.F.);
#1326=ORIENTED_EDGE('',*,*,#1967,.F.);
#1327=ORIENTED_EDGE('',*,*,#1965,.F.);
#1328=ORIENTED_EDGE('',*,*,#1970,.T.);
#1329=ORIENTED_EDGE('',*,*,#1968,.F.);
#1330=ORIENTED_EDGE('',*,*,#1971,.F.);
#1331=ORIENTED_EDGE('',*,*,#1969,.F.);
#1332=ORIENTED_EDGE('',*,*,#1974,.T.);
#1333=ORIENTED_EDGE('',*,*,#1972,.F.);
#1334=ORIENTED_EDGE('',*,*,#1975,.F.);
#1335=ORIENTED_EDGE('',*,*,#1973,.F.);
#1336=ORIENTED_EDGE('',*,*,#1978,.T.);
#1337=ORIENTED_EDGE('',*,*,#1976,.F.);
#1338=ORIENTED_EDGE('',*,*,#1979,.F.);
#1339=ORIENTED_EDGE('',*,*,#1977,.F.);
#1340=ORIENTED_EDGE('',*,*,#1982,.T.);
#1341=ORIENTED_EDGE('',*,*,#1980,.F.);
#1342=ORIENTED_EDGE('',*,*,#1983,.F.);
#1343=ORIENTED_EDGE('',*,*,#1981,.F.);
#1344=ORIENTED_EDGE('',*,*,#1986,.T.);
#1345=ORIENTED_EDGE('',*,*,#1984,.F.);
#1346=ORIENTED_EDGE('',*,*,#1987,.F.);
#1347=ORIENTED_EDGE('',*,*,#1985,.F.);
#1348=ORIENTED_EDGE('',*,*,#1990,.T.);
#1349=ORIENTED_EDGE('',*,*,#1988,.F.);
#1350=ORIENTED_EDGE('',*,*,#1991,.F.);
#1351=ORIENTED_EDGE('',*,*,#1989,.F.);
#1352=ORIENTED_EDGE('',*,*,#1994,.T.);
#1353=ORIENTED_EDGE('',*,*,#1992,.F.);
#1354=ORIENTED_EDGE('',*,*,#1995,.F.);
#1355=ORIENTED_EDGE('',*,*,#1993,.F.);
#1356=ORIENTED_EDGE('',*,*,#1998,.T.);
#1357=ORIENTED_EDGE('',*,*,#1996,.F.);
#1358=ORIENTED_EDGE('',*,*,#1999,.F.);
#1359=ORIENTED_EDGE('',*,*,#1997,.F.);
#1360=ORIENTED_EDGE('',*,*,#2002,.T.);
#1361=ORIENTED_EDGE('',*,*,#2000,.F.);
#1362=ORIENTED_EDGE('',*,*,#2003,.F.);
#1363=ORIENTED_EDGE('',*,*,#2001,.F.);
#1364=ORIENTED_EDGE('',*,*,#2006,.T.);
#1365=ORIENTED_EDGE('',*,*,#2004,.F.);
#1366=ORIENTED_EDGE('',*,*,#2007,.F.);
#1367=ORIENTED_EDGE('',*,*,#2005,.F.);
#1368=ORIENTED_EDGE('',*,*,#2010,.T.);
#1369=ORIENTED_EDGE('',*,*,#2008,.F.);
#1370=ORIENTED_EDGE('',*,*,#2011,.F.);
#1371=ORIENTED_EDGE('',*,*,#2009,.F.);
#1372=ORIENTED_EDGE('',*,*,#2014,.T.);
#1373=ORIENTED_EDGE('',*,*,#2012,.F.);
#1374=ORIENTED_EDGE('',*,*,#2015,.F.);
#1375=ORIENTED_EDGE('',*,*,#2013,.F.);
#1376=ORIENTED_EDGE('',*,*,#2018,.T.);
#1377=ORIENTED_EDGE('',*,*,#2016,.F.);
#1378=ORIENTED_EDGE('',*,*,#2019,.F.);
#1379=ORIENTED_EDGE('',*,*,#2017,.F.);
#1380=ORIENTED_EDGE('',*,*,#2022,.T.);
#1381=ORIENTED_EDGE('',*,*,#2020,.F.);
#1382=ORIENTED_EDGE('',*,*,#2023,.F.);
#1383=ORIENTED_EDGE('',*,*,#2021,.F.);
#1384=ORIENTED_EDGE('',*,*,#2026,.T.);
#1385=ORIENTED_EDGE('',*,*,#2024,.F.);
#1386=ORIENTED_EDGE('',*,*,#2027,.F.);
#1387=ORIENTED_EDGE('',*,*,#2025,.F.);
#1388=ORIENTED_EDGE('',*,*,#2030,.T.);
#1389=ORIENTED_EDGE('',*,*,#2028,.F.);
#1390=ORIENTED_EDGE('',*,*,#2031,.F.);
#1391=ORIENTED_EDGE('',*,*,#2029,.F.);
#1392=ORIENTED_EDGE('',*,*,#2034,.T.);
#1393=ORIENTED_EDGE('',*,*,#2032,.F.);
#1394=ORIENTED_EDGE('',*,*,#2035,.F.);
#1395=ORIENTED_EDGE('',*,*,#2033,.F.);
#1396=ORIENTED_EDGE('',*,*,#2038,.T.);
#1397=ORIENTED_EDGE('',*,*,#2036,.F.);
#1398=ORIENTED_EDGE('',*,*,#2039,.F.);
#1399=ORIENTED_EDGE('',*,*,#2037,.F.);
#1400=ORIENTED_EDGE('',*,*,#2042,.T.);
#1401=ORIENTED_EDGE('',*,*,#2040,.F.);
#1402=ORIENTED_EDGE('',*,*,#2043,.F.);
#1403=ORIENTED_EDGE('',*,*,#2041,.F.);
#1404=ORIENTED_EDGE('',*,*,#2046,.T.);
#1405=ORIENTED_EDGE('',*,*,#2044,.F.);
#1406=ORIENTED_EDGE('',*,*,#2047,.F.);
#1407=ORIENTED_EDGE('',*,*,#2045,.F.);
#1408=ORIENTED_EDGE('',*,*,#2050,.T.);
#1409=ORIENTED_EDGE('',*,*,#2048,.F.);
#1410=ORIENTED_EDGE('',*,*,#2051,.F.);
#1411=ORIENTED_EDGE('',*,*,#2049,.F.);
#1412=ORIENTED_EDGE('',*,*,#2054,.T.);
#1413=ORIENTED_EDGE('',*,*,#2052,.F.);
#1414=ORIENTED_EDGE('',*,*,#2055,.F.);
#1415=ORIENTED_EDGE('',*,*,#2053,.F.);
#1416=ORIENTED_EDGE('',*,*,#2058,.T.);
#1417=ORIENTED_EDGE('',*,*,#2056,.F.);
#1418=ORIENTED_EDGE('',*,*,#2059,.F.);
#1419=ORIENTED_EDGE('',*,*,#2057,.F.);
#1420=ORIENTED_EDGE('',*,*,#2062,.T.);
#1421=ORIENTED_EDGE('',*,*,#2060,.F.);
#1422=ORIENTED_EDGE('',*,*,#2063,.F.);
#1423=ORIENTED_EDGE('',*,*,#2061,.F.);
#1424=ORIENTED_EDGE('',*,*,#2066,.T.);
#1425=ORIENTED_EDGE('',*,*,#2064,.F.);
#1426=ORIENTED_EDGE('',*,*,#2067,.F.);
#1427=ORIENTED_EDGE('',*,*,#2065,.F.);
#1428=ORIENTED_EDGE('',*,*,#2070,.T.);
#1429=ORIENTED_EDGE('',*,*,#2068,.F.);
#1430=ORIENTED_EDGE('',*,*,#2071,.F.);
#1431=ORIENTED_EDGE('',*,*,#2069,.F.);
#1432=ORIENTED_EDGE('',*,*,#2074,.T.);
#1433=ORIENTED_EDGE('',*,*,#2072,.F.);
#1434=ORIENTED_EDGE('',*,*,#2075,.F.);
#1435=ORIENTED_EDGE('',*,*,#2073,.F.);
#1436=ORIENTED_EDGE('',*,*,#2078,.T.);
#1437=ORIENTED_EDGE('',*,*,#2076,.F.);
#1438=ORIENTED_EDGE('',*,*,#2079,.F.);
#1439=ORIENTED_EDGE('',*,*,#2077,.F.);
#1440=ORIENTED_EDGE('',*,*,#2082,.T.);
#1441=ORIENTED_EDGE('',*,*,#2080,.F.);
#1442=ORIENTED_EDGE('',*,*,#2083,.F.);
#1443=ORIENTED_EDGE('',*,*,#2081,.F.);
#1444=ORIENTED_EDGE('',*,*,#2086,.T.);
#1445=ORIENTED_EDGE('',*,*,#2084,.F.);
#1446=ORIENTED_EDGE('',*,*,#2087,.F.);
#1447=ORIENTED_EDGE('',*,*,#2085,.F.);
#1448=ORIENTED_EDGE('',*,*,#2090,.T.);
#1449=ORIENTED_EDGE('',*,*,#2088,.F.);
#1450=ORIENTED_EDGE('',*,*,#2091,.F.);
#1451=ORIENTED_EDGE('',*,*,#2089,.F.);
#1452=EDGE_CURVE('',#2732,#2733,#2092,.T.);
#1453=EDGE_CURVE('',#2734,#2735,#2093,.T.);
#1454=EDGE_CURVE('',#2735,#2733,#2094,.T.);
#1455=EDGE_CURVE('',#2734,#2732,#2095,.T.);
#1456=EDGE_CURVE('',#2736,#2737,#2096,.T.);
#1457=EDGE_CURVE('',#2737,#2739,#2097,.T.);
#1458=EDGE_CURVE('',#2736,#2738,#2098,.T.);
#1459=EDGE_CURVE('',#2738,#2739,#2099,.T.);
#1460=EDGE_CURVE('',#2740,#2741,#2100,.T.);
#1461=EDGE_CURVE('',#2742,#2743,#2101,.T.);
#1462=EDGE_CURVE('',#2743,#2741,#2102,.T.);
#1463=EDGE_CURVE('',#2742,#2740,#2103,.T.);
#1464=EDGE_CURVE('',#2744,#2745,#2104,.T.);
#1465=EDGE_CURVE('',#2745,#2747,#2105,.T.);
#1466=EDGE_CURVE('',#2744,#2746,#2106,.T.);
#1467=EDGE_CURVE('',#2746,#2747,#2107,.T.);
#1468=EDGE_CURVE('',#2748,#2749,#2108,.T.);
#1469=EDGE_CURVE('',#2750,#2751,#2109,.T.);
#1470=EDGE_CURVE('',#2751,#2749,#2110,.T.);
#1471=EDGE_CURVE('',#2750,#2748,#2111,.T.);
#1472=EDGE_CURVE('',#2752,#2753,#2112,.T.);
#1473=EDGE_CURVE('',#2753,#2755,#2113,.T.);
#1474=EDGE_CURVE('',#2752,#2754,#2114,.T.);
#1475=EDGE_CURVE('',#2754,#2755,#2115,.T.);
#1476=EDGE_CURVE('',#2756,#2757,#2116,.T.);
#1477=EDGE_CURVE('',#2758,#2759,#2117,.T.);
#1478=EDGE_CURVE('',#2759,#2757,#2118,.T.);
#1479=EDGE_CURVE('',#2758,#2756,#2119,.T.);
#1480=EDGE_CURVE('',#2760,#2761,#2120,.T.);
#1481=EDGE_CURVE('',#2761,#2763,#2121,.T.);
#1482=EDGE_CURVE('',#2760,#2762,#2122,.T.);
#1483=EDGE_CURVE('',#2762,#2763,#2123,.T.);
#1484=EDGE_CURVE('',#2764,#2765,#2124,.T.);
#1485=EDGE_CURVE('',#2766,#2767,#2125,.T.);
#1486=EDGE_CURVE('',#2767,#2765,#2126,.T.);
#1487=EDGE_CURVE('',#2766,#2764,#2127,.T.);
#1488=EDGE_CURVE('',#2768,#2769,#2128,.T.);
#1489=EDGE_CURVE('',#2769,#2771,#2129,.T.);
#1490=EDGE_CURVE('',#2768,#2770,#2130,.T.);
#1491=EDGE_CURVE('',#2770,#2771,#2131,.T.);
#1492=EDGE_CURVE('',#2772,#2773,#2132,.T.);
#1493=EDGE_CURVE('',#2774,#2775,#2133,.T.);
#1494=EDGE_CURVE('',#2775,#2773,#2134,.T.);
#1495=EDGE_CURVE('',#2774,#2772,#2135,.T.);
#1496=EDGE_CURVE('',#2776,#2777,#2136,.T.);
#1497=EDGE_CURVE('',#2777,#2779,#2137,.T.);
#1498=EDGE_CURVE('',#2776,#2778,#2138,.T.);
#1499=EDGE_CURVE('',#2778,#2779,#2139,.T.);
#1500=EDGE_CURVE('',#2780,#2781,#2140,.T.);
#1501=EDGE_CURVE('',#2782,#2783,#2141,.T.);
#1502=EDGE_CURVE('',#2783,#2781,#2142,.T.);
#1503=EDGE_CURVE('',#2782,#2780,#2143,.T.);
#1504=EDGE_CURVE('',#2784,#2785,#2144,.T.);
#1505=EDGE_CURVE('',#2785,#2787,#2145,.T.);
#1506=EDGE_CURVE('',#2784,#2786,#2146,.T.);
#1507=EDGE_CURVE('',#2786,#2787,#2147,.T.);
#1508=EDGE_CURVE('',#2788,#2789,#2148,.T.);
#1509=EDGE_CURVE('',#2790,#2791,#2149,.T.);
#1510=EDGE_CURVE('',#2791,#2789,#2150,.T.);
#1511=EDGE_CURVE('',#2790,#2788,#2151,.T.);
#1512=EDGE_CURVE('',#2792,#2793,#2152,.T.);
#1513=EDGE_CURVE('',#2793,#2795,#2153,.T.);
#1514=EDGE_CURVE('',#2792,#2794,#2154,.T.);
#1515=EDGE_CURVE('',#2794,#2795,#2155,.T.);
#1516=EDGE_CURVE('',#2796,#2797,#2156,.T.);
#1517=EDGE_CURVE('',#2798,#2799,#2157,.T.);
#1518=EDGE_CURVE('',#2799,#2797,#2158,.T.);
#1519=EDGE_CURVE('',#2798,#2796,#2159,.T.);
#1520=EDGE_CURVE('',#2800,#2801,#2160,.T.);
#1521=EDGE_CURVE('',#2801,#2803,#2161,.T.);
#1522=EDGE_CURVE('',#2800,#2802,#2162,.T.);
#1523=EDGE_CURVE('',#2802,#2803,#2163,.T.);
#1524=EDGE_CURVE('',#2804,#2805,#2164,.T.);
#1525=EDGE_CURVE('',#2806,#2807,#2165,.T.);
#1526=EDGE_CURVE('',#2807,#2805,#2166,.T.);
#1527=EDGE_CURVE('',#2806,#2804,#2167,.T.);
#1528=EDGE_CURVE('',#2808,#2809,#2168,.T.);
#1529=EDGE_CURVE('',#2809,#2811,#2169,.T.);
#1530=EDGE_CURVE('',#2808,#2810,#2170,.T.);
#1531=EDGE_CURVE('',#2810,#2811,#2171,.T.);
#1532=EDGE_CURVE('',#2812,#2813,#2172,.T.);
#1533=EDGE_CURVE('',#2814,#2815,#2173,.T.);
#1534=EDGE_CURVE('',#2815,#2813,#2174,.T.);
#1535=EDGE_CURVE('',#2814,#2812,#2175,.T.);
#1536=EDGE_CURVE('',#2816,#2817,#2176,.T.);
#1537=EDGE_CURVE('',#2817,#2819,#2177,.T.);
#1538=EDGE_CURVE('',#2816,#2818,#2178,.T.);
#1539=EDGE_CURVE('',#2818,#2819,#2179,.T.);
#1540=EDGE_CURVE('',#2820,#2821,#2180,.T.);
#1541=EDGE_CURVE('',#2822,#2823,#2181,.T.);
#1542=EDGE_CURVE('',#2823,#2821,#2182,.T.);
#1543=EDGE_CURVE('',#2822,#2820,#2183,.T.);
#1544=EDGE_CURVE('',#2824,#2825,#2184,.T.);
#1545=EDGE_CURVE('',#2825,#2827,#2185,.T.);
#1546=EDGE_CURVE('',#2824,#2826,#2186,.T.);
#1547=EDGE_CURVE('',#2826,#2827,#2187,.T.);
#1548=EDGE_CURVE('',#2828,#2829,#2188,.T.);
#1549=EDGE_CURVE('',#2830,#2831,#2189,.T.);
#1550=EDGE_CURVE('',#2831,#2829,#2190,.T.);
#1551=EDGE_CURVE('',#2830,#2828,#2191,.T.);
#1552=EDGE_CURVE('',#2832,#2833,#2192,.T.);
#1553=EDGE_CURVE('',#2833,#2835,#2193,.T.);
#1554=EDGE_CURVE('',#2832,#2834,#2194,.T.);
#1555=EDGE_CURVE('',#2834,#2835,#2195,.T.);
#1556=EDGE_CURVE('',#2836,#2837,#2196,.T.);
#1557=EDGE_CURVE('',#2838,#2839,#2197,.T.);
#1558=EDGE_CURVE('',#2839,#2837,#2198,.T.);
#1559=EDGE_CURVE('',#2838,#2836,#2199,.T.);
#1560=EDGE_CURVE('',#2840,#2841,#2200,.T.);
#1561=EDGE_CURVE('',#2841,#2843,#2201,.T.);
#1562=EDGE_CURVE('',#2840,#2842,#2202,.T.);
#1563=EDGE_CURVE('',#2842,#2843,#2203,.T.);
#1564=EDGE_CURVE('',#2844,#2845,#2204,.T.);
#1565=EDGE_CURVE('',#2846,#2847,#2205,.T.);
#1566=EDGE_CURVE('',#2847,#2845,#2206,.T.);
#1567=EDGE_CURVE('',#2846,#2844,#2207,.T.);
#1568=EDGE_CURVE('',#2848,#2849,#2208,.T.);
#1569=EDGE_CURVE('',#2849,#2851,#2209,.T.);
#1570=EDGE_CURVE('',#2848,#2850,#2210,.T.);
#1571=EDGE_CURVE('',#2850,#2851,#2211,.T.);
#1572=EDGE_CURVE('',#2852,#2853,#2212,.T.);
#1573=EDGE_CURVE('',#2854,#2855,#2213,.T.);
#1574=EDGE_CURVE('',#2855,#2853,#2214,.T.);
#1575=EDGE_CURVE('',#2854,#2852,#2215,.T.);
#1576=EDGE_CURVE('',#2856,#2857,#2216,.T.);
#1577=EDGE_CURVE('',#2857,#2859,#2217,.T.);
#1578=EDGE_CURVE('',#2856,#2858,#2218,.T.);
#1579=EDGE_CURVE('',#2858,#2859,#2219,.T.);
#1580=EDGE_CURVE('',#2860,#2861,#2220,.T.);
#1581=EDGE_CURVE('',#2862,#2863,#2221,.T.);
#1582=EDGE_CURVE('',#2863,#2861,#2222,.T.);
#1583=EDGE_CURVE('',#2862,#2860,#2223,.T.);
#1584=EDGE_CURVE('',#2864,#2865,#2224,.T.);
#1585=EDGE_CURVE('',#2865,#2867,#2225,.T.);
#1586=EDGE_CURVE('',#2864,#2866,#2226,.T.);
#1587=EDGE_CURVE('',#2866,#2867,#2227,.T.);
#1588=EDGE_CURVE('',#2868,#2869,#2228,.T.);
#1589=EDGE_CURVE('',#2870,#2871,#2229,.T.);
#1590=EDGE_CURVE('',#2871,#2869,#2230,.T.);
#1591=EDGE_CURVE('',#2870,#2868,#2231,.T.);
#1592=EDGE_CURVE('',#2872,#2873,#2232,.T.);
#1593=EDGE_CURVE('',#2873,#2875,#2233,.T.);
#1594=EDGE_CURVE('',#2872,#2874,#2234,.T.);
#1595=EDGE_CURVE('',#2874,#2875,#2235,.T.);
#1596=EDGE_CURVE('',#2876,#2877,#2236,.T.);
#1597=EDGE_CURVE('',#2878,#2879,#2237,.T.);
#1598=EDGE_CURVE('',#2879,#2877,#2238,.T.);
#1599=EDGE_CURVE('',#2878,#2876,#2239,.T.);
#1600=EDGE_CURVE('',#2880,#2881,#2240,.T.);
#1601=EDGE_CURVE('',#2881,#2883,#2241,.T.);
#1602=EDGE_CURVE('',#2880,#2882,#2242,.T.);
#1603=EDGE_CURVE('',#2882,#2883,#2243,.T.);
#1604=EDGE_CURVE('',#2884,#2885,#2244,.T.);
#1605=EDGE_CURVE('',#2886,#2887,#2245,.T.);
#1606=EDGE_CURVE('',#2887,#2885,#2246,.T.);
#1607=EDGE_CURVE('',#2886,#2884,#2247,.T.);
#1608=EDGE_CURVE('',#2888,#2889,#2248,.T.);
#1609=EDGE_CURVE('',#2889,#2891,#2249,.T.);
#1610=EDGE_CURVE('',#2888,#2890,#2250,.T.);
#1611=EDGE_CURVE('',#2890,#2891,#2251,.T.);
#1612=EDGE_CURVE('',#2892,#2893,#2252,.T.);
#1613=EDGE_CURVE('',#2894,#2895,#2253,.T.);
#1614=EDGE_CURVE('',#2895,#2893,#2254,.T.);
#1615=EDGE_CURVE('',#2894,#2892,#2255,.T.);
#1616=EDGE_CURVE('',#2896,#2897,#2256,.T.);
#1617=EDGE_CURVE('',#2897,#2899,#2257,.T.);
#1618=EDGE_CURVE('',#2896,#2898,#2258,.T.);
#1619=EDGE_CURVE('',#2898,#2899,#2259,.T.);
#1620=EDGE_CURVE('',#2900,#2901,#2260,.T.);
#1621=EDGE_CURVE('',#2902,#2903,#2261,.T.);
#1622=EDGE_CURVE('',#2903,#2901,#2262,.T.);
#1623=EDGE_CURVE('',#2902,#2900,#2263,.T.);
#1624=EDGE_CURVE('',#2904,#2905,#2264,.T.);
#1625=EDGE_CURVE('',#2905,#2907,#2265,.T.);
#1626=EDGE_CURVE('',#2904,#2906,#2266,.T.);
#1627=EDGE_CURVE('',#2906,#2907,#2267,.T.);
#1628=EDGE_CURVE('',#2908,#2909,#2268,.T.);
#1629=EDGE_CURVE('',#2910,#2911,#2269,.T.);
#1630=EDGE_CURVE('',#2911,#2909,#2270,.T.);
#1631=EDGE_CURVE('',#2910,#2908,#2271,.T.);
#1632=EDGE_CURVE('',#2912,#2913,#2272,.T.);
#1633=EDGE_CURVE('',#2913,#2915,#2273,.T.);
#1634=EDGE_CURVE('',#2912,#2914,#2274,.T.);
#1635=EDGE_CURVE('',#2914,#2915,#2275,.T.);
#1636=EDGE_CURVE('',#2916,#2917,#2276,.T.);
#1637=EDGE_CURVE('',#2917,#2919,#2277,.T.);
#1638=EDGE_CURVE('',#2916,#2918,#2278,.T.);
#1639=EDGE_CURVE('',#2918,#2919,#2279,.T.);
#1640=EDGE_CURVE('',#2920,#2921,#2280,.T.);
#1641=EDGE_CURVE('',#2921,#2923,#2281,.T.);
#1642=EDGE_CURVE('',#2920,#2922,#2282,.T.);
#1643=EDGE_CURVE('',#2922,#2923,#2283,.T.);
#1644=EDGE_CURVE('',#2924,#2925,#2284,.T.);
#1645=EDGE_CURVE('',#2925,#2927,#2285,.T.);
#1646=EDGE_CURVE('',#2924,#2926,#2286,.T.);
#1647=EDGE_CURVE('',#2926,#2927,#2287,.T.);
#1648=EDGE_CURVE('',#2928,#2929,#2288,.T.);
#1649=EDGE_CURVE('',#2929,#2931,#2289,.T.);
#1650=EDGE_CURVE('',#2928,#2930,#2290,.T.);
#1651=EDGE_CURVE('',#2930,#2931,#2291,.T.);
#1652=EDGE_CURVE('',#2932,#2933,#2292,.T.);
#1653=EDGE_CURVE('',#2933,#2935,#2293,.T.);
#1654=EDGE_CURVE('',#2932,#2934,#2294,.T.);
#1655=EDGE_CURVE('',#2934,#2935,#2295,.T.);
#1656=EDGE_CURVE('',#2936,#2937,#2296,.T.);
#1657=EDGE_CURVE('',#2937,#2939,#2297,.T.);
#1658=EDGE_CURVE('',#2936,#2938,#2298,.T.);
#1659=EDGE_CURVE('',#2938,#2939,#2299,.T.);
#1660=EDGE_CURVE('',#2940,#2941,#2300,.T.);
#1661=EDGE_CURVE('',#2942,#2943,#2301,.T.);
#1662=EDGE_CURVE('',#2942,#2940,#2302,.T.);
#1663=EDGE_CURVE('',#2943,#2941,#2303,.T.);
#1664=EDGE_CURVE('',#2944,#2945,#2304,.T.);
#1665=EDGE_CURVE('',#2944,#2946,#2305,.T.);
#1666=EDGE_CURVE('',#2945,#2947,#2306,.T.);
#1667=EDGE_CURVE('',#2946,#2947,#2307,.T.);
#1668=EDGE_CURVE('',#2948,#2949,#2308,.T.);
#1669=EDGE_CURVE('',#2950,#2951,#2309,.T.);
#1670=EDGE_CURVE('',#2950,#2948,#2310,.T.);
#1671=EDGE_CURVE('',#2951,#2949,#2311,.T.);
#1672=EDGE_CURVE('',#2952,#2953,#2312,.T.);
#1673=EDGE_CURVE('',#2952,#2954,#2313,.T.);
#1674=EDGE_CURVE('',#2953,#2955,#2314,.T.);
#1675=EDGE_CURVE('',#2954,#2955,#2315,.T.);
#1676=EDGE_CURVE('',#2956,#2957,#2316,.T.);
#1677=EDGE_CURVE('',#2957,#2959,#2317,.T.);
#1678=EDGE_CURVE('',#2956,#2958,#2318,.T.);
#1679=EDGE_CURVE('',#2958,#2959,#2319,.T.);
#1680=EDGE_CURVE('',#2960,#2961,#2320,.T.);
#1681=EDGE_CURVE('',#2961,#2963,#2321,.T.);
#1682=EDGE_CURVE('',#2960,#2962,#2322,.T.);
#1683=EDGE_CURVE('',#2962,#2963,#2323,.T.);
#1684=EDGE_CURVE('',#2964,#2965,#2324,.T.);
#1685=EDGE_CURVE('',#2965,#2967,#2325,.T.);
#1686=EDGE_CURVE('',#2964,#2966,#2326,.T.);
#1687=EDGE_CURVE('',#2966,#2967,#2327,.T.);
#1688=EDGE_CURVE('',#2968,#2969,#2328,.T.);
#1689=EDGE_CURVE('',#2969,#2971,#2329,.T.);
#1690=EDGE_CURVE('',#2968,#2970,#2330,.T.);
#1691=EDGE_CURVE('',#2970,#2971,#2331,.T.);
#1692=EDGE_CURVE('',#2972,#2973,#2332,.T.);
#1693=EDGE_CURVE('',#2973,#2975,#2333,.T.);
#1694=EDGE_CURVE('',#2972,#2974,#2334,.T.);
#1695=EDGE_CURVE('',#2974,#2975,#2335,.T.);
#1696=EDGE_CURVE('',#2976,#2977,#2336,.T.);
#1697=EDGE_CURVE('',#2977,#2979,#2337,.T.);
#1698=EDGE_CURVE('',#2976,#2978,#2338,.T.);
#1699=EDGE_CURVE('',#2978,#2979,#2339,.T.);
#1700=EDGE_CURVE('',#2980,#2981,#2340,.T.);
#1701=EDGE_CURVE('',#2981,#2983,#2341,.T.);
#1702=EDGE_CURVE('',#2980,#2982,#2342,.T.);
#1703=EDGE_CURVE('',#2982,#2983,#2343,.T.);
#1704=EDGE_CURVE('',#2984,#2985,#2344,.T.);
#1705=EDGE_CURVE('',#2985,#2987,#2345,.T.);
#1706=EDGE_CURVE('',#2984,#2986,#2346,.T.);
#1707=EDGE_CURVE('',#2986,#2987,#2347,.T.);
#1708=EDGE_CURVE('',#2988,#2989,#2348,.T.);
#1709=EDGE_CURVE('',#2989,#2991,#2349,.T.);
#1710=EDGE_CURVE('',#2988,#2990,#2350,.T.);
#1711=EDGE_CURVE('',#2990,#2991,#2351,.T.);
#1712=EDGE_CURVE('',#2992,#2993,#2352,.T.);
#1713=EDGE_CURVE('',#2993,#2995,#2353,.T.);
#1714=EDGE_CURVE('',#2992,#2994,#2354,.T.);
#1715=EDGE_CURVE('',#2994,#2995,#2355,.T.);
#1716=EDGE_CURVE('',#2996,#2997,#2356,.T.);
#1717=EDGE_CURVE('',#2997,#2999,#2357,.T.);
#1718=EDGE_CURVE('',#2996,#2998,#2358,.T.);
#1719=EDGE_CURVE('',#2998,#2999,#2359,.T.);
#1720=EDGE_CURVE('',#3000,#3001,#2360,.T.);
#1721=EDGE_CURVE('',#3001,#3003,#2361,.T.);
#1722=EDGE_CURVE('',#3000,#3002,#2362,.T.);
#1723=EDGE_CURVE('',#3002,#3003,#2363,.T.);
#1724=EDGE_CURVE('',#3004,#3005,#2364,.T.);
#1725=EDGE_CURVE('',#3005,#3007,#2365,.T.);
#1726=EDGE_CURVE('',#3004,#3006,#2366,.T.);
#1727=EDGE_CURVE('',#3006,#3007,#2367,.T.);
#1728=EDGE_CURVE('',#3008,#3009,#2368,.T.);
#1729=EDGE_CURVE('',#3009,#3011,#2369,.T.);
#1730=EDGE_CURVE('',#3008,#3010,#2370,.T.);
#1731=EDGE_CURVE('',#3010,#3011,#2371,.T.);
#1732=EDGE_CURVE('',#3012,#3013,#2372,.T.);
#1733=EDGE_CURVE('',#3014,#3015,#2373,.T.);
#1734=EDGE_CURVE('',#3014,#3012,#2374,.T.);
#1735=EDGE_CURVE('',#3015,#3013,#2375,.T.);
#1736=EDGE_CURVE('',#3016,#3017,#2376,.T.);
#1737=EDGE_CURVE('',#3018,#3019,#2377,.T.);
#1738=EDGE_CURVE('',#3018,#3016,#2378,.T.);
#1739=EDGE_CURVE('',#3019,#3017,#2379,.T.);
#1740=EDGE_CURVE('',#3020,#3021,#2380,.T.);
#1741=EDGE_CURVE('',#3022,#3023,#2381,.T.);
#1742=EDGE_CURVE('',#3022,#3020,#2382,.T.);
#1743=EDGE_CURVE('',#3023,#3021,#2383,.T.);
#1744=EDGE_CURVE('',#3024,#3025,#2384,.T.);
#1745=EDGE_CURVE('',#3024,#3026,#2385,.T.);
#1746=EDGE_CURVE('',#3025,#3027,#2386,.T.);
#1747=EDGE_CURVE('',#3026,#3027,#2387,.T.);
#1748=EDGE_CURVE('',#3028,#3029,#2388,.T.);
#1749=EDGE_CURVE('',#3030,#3031,#2389,.T.);
#1750=EDGE_CURVE('',#3030,#3028,#2390,.T.);
#1751=EDGE_CURVE('',#3031,#3029,#2391,.T.);
#1752=EDGE_CURVE('',#3032,#3033,#2392,.T.);
#1753=EDGE_CURVE('',#3032,#3034,#2393,.T.);
#1754=EDGE_CURVE('',#3033,#3035,#2394,.T.);
#1755=EDGE_CURVE('',#3034,#3035,#2395,.T.);
#1756=EDGE_CURVE('',#3036,#3037,#2396,.T.);
#1757=EDGE_CURVE('',#3038,#3039,#2397,.T.);
#1758=EDGE_CURVE('',#3038,#3036,#2398,.T.);
#1759=EDGE_CURVE('',#3039,#3037,#2399,.T.);
#1760=EDGE_CURVE('',#3040,#3041,#2400,.T.);
#1761=EDGE_CURVE('',#3040,#3042,#2401,.T.);
#1762=EDGE_CURVE('',#3041,#3043,#2402,.T.);
#1763=EDGE_CURVE('',#3042,#3043,#2403,.T.);
#1764=EDGE_CURVE('',#3044,#3045,#2404,.T.);
#1765=EDGE_CURVE('',#3046,#3047,#2405,.T.);
#1766=EDGE_CURVE('',#3046,#3044,#2406,.T.);
#1767=EDGE_CURVE('',#3047,#3045,#2407,.T.);
#1768=EDGE_CURVE('',#3048,#3049,#2408,.T.);
#1769=EDGE_CURVE('',#3048,#3050,#2409,.T.);
#1770=EDGE_CURVE('',#3049,#3051,#2410,.T.);
#1771=EDGE_CURVE('',#3050,#3051,#2411,.T.);
#1772=EDGE_CURVE('',#3052,#3053,#2412,.T.);
#1773=EDGE_CURVE('',#3054,#3055,#2413,.T.);
#1774=EDGE_CURVE('',#3054,#3052,#2414,.T.);
#1775=EDGE_CURVE('',#3055,#3053,#2415,.T.);
#1776=EDGE_CURVE('',#3056,#3057,#2416,.T.);
#1777=EDGE_CURVE('',#3056,#3058,#2417,.T.);
#1778=EDGE_CURVE('',#3057,#3059,#2418,.T.);
#1779=EDGE_CURVE('',#3058,#3059,#2419,.T.);
#1780=EDGE_CURVE('',#3060,#3061,#2420,.T.);
#1781=EDGE_CURVE('',#3062,#3063,#2421,.T.);
#1782=EDGE_CURVE('',#3062,#3060,#2422,.T.);
#1783=EDGE_CURVE('',#3063,#3061,#2423,.T.);
#1784=EDGE_CURVE('',#3064,#3065,#2424,.T.);
#1785=EDGE_CURVE('',#3064,#3066,#2425,.T.);
#1786=EDGE_CURVE('',#3065,#3067,#2426,.T.);
#1787=EDGE_CURVE('',#3066,#3067,#2427,.T.);
#1788=EDGE_CURVE('',#3068,#3069,#2428,.T.);
#1789=EDGE_CURVE('',#3070,#3071,#2429,.T.);
#1790=EDGE_CURVE('',#3070,#3068,#2430,.T.);
#1791=EDGE_CURVE('',#3071,#3069,#2431,.T.);
#1792=EDGE_CURVE('',#3072,#3073,#2432,.T.);
#1793=EDGE_CURVE('',#3072,#3074,#2433,.T.);
#1794=EDGE_CURVE('',#3073,#3075,#2434,.T.);
#1795=EDGE_CURVE('',#3074,#3075,#2435,.T.);
#1796=EDGE_CURVE('',#3076,#3077,#2436,.T.);
#1797=EDGE_CURVE('',#3076,#3078,#2437,.T.);
#1798=EDGE_CURVE('',#3077,#3079,#2438,.T.);
#1799=EDGE_CURVE('',#3078,#3079,#2439,.T.);
#1800=EDGE_CURVE('',#3080,#3081,#2440,.T.);
#1801=EDGE_CURVE('',#3080,#3082,#2441,.T.);
#1802=EDGE_CURVE('',#3081,#3083,#2442,.T.);
#1803=EDGE_CURVE('',#3082,#3083,#2443,.T.);
#1804=EDGE_CURVE('',#3084,#3085,#2444,.T.);
#1805=EDGE_CURVE('',#3084,#3086,#2445,.T.);
#1806=EDGE_CURVE('',#3085,#3087,#2446,.T.);
#1807=EDGE_CURVE('',#3086,#3087,#2447,.T.);
#1808=EDGE_CURVE('',#3088,#3089,#2448,.T.);
#1809=EDGE_CURVE('',#3088,#3090,#2449,.T.);
#1810=EDGE_CURVE('',#3089,#3091,#2450,.T.);
#1811=EDGE_CURVE('',#3090,#3091,#2451,.T.);
#1812=EDGE_CURVE('',#3092,#3093,#2452,.T.);
#1813=EDGE_CURVE('',#3092,#3094,#2453,.T.);
#1814=EDGE_CURVE('',#3093,#3095,#2454,.T.);
#1815=EDGE_CURVE('',#3094,#3095,#2455,.T.);
#1816=EDGE_CURVE('',#3096,#3097,#2456,.T.);
#1817=EDGE_CURVE('',#3096,#3098,#2457,.T.);
#1818=EDGE_CURVE('',#3097,#3099,#2458,.T.);
#1819=EDGE_CURVE('',#3098,#3099,#2459,.T.);
#1820=EDGE_CURVE('',#3100,#3101,#2460,.T.);
#1821=EDGE_CURVE('',#3100,#3102,#2461,.T.);
#1822=EDGE_CURVE('',#3101,#3103,#2462,.T.);
#1823=EDGE_CURVE('',#3102,#3103,#2463,.T.);
#1824=EDGE_CURVE('',#3104,#3105,#2464,.T.);
#1825=EDGE_CURVE('',#3104,#3106,#2465,.T.);
#1826=EDGE_CURVE('',#3105,#3107,#2466,.T.);
#1827=EDGE_CURVE('',#3106,#3107,#2467,.T.);
#1828=EDGE_CURVE('',#3108,#3109,#2468,.T.);
#1829=EDGE_CURVE('',#3108,#3110,#2469,.T.);
#1830=EDGE_CURVE('',#3109,#3111,#2470,.T.);
#1831=EDGE_CURVE('',#3110,#3111,#2471,.T.);
#1832=EDGE_CURVE('',#3112,#3113,#2472,.T.);
#1833=EDGE_CURVE('',#3112,#3114,#2473,.T.);
#1834=EDGE_CURVE('',#3113,#3115,#2474,.T.);
#1835=EDGE_CURVE('',#3114,#3115,#2475,.T.);
#1836=EDGE_CURVE('',#3116,#3117,#2476,.T.);
#1837=EDGE_CURVE('',#3117,#3118,#2477,.T.);
#1838=EDGE_CURVE('',#3116,#3119,#2478,.T.);
#1839=EDGE_CURVE('',#3118,#3119,#2479,.T.);
#1840=EDGE_CURVE('',#3120,#3121,#2480,.T.);
#1841=EDGE_CURVE('',#3121,#3122,#2481,.T.);
#1842=EDGE_CURVE('',#3120,#3123,#2482,.T.);
#1843=EDGE_CURVE('',#3122,#3123,#2483,.T.);
#1844=EDGE_CURVE('',#3124,#3125,#2484,.T.);
#1845=EDGE_CURVE('',#3125,#3126,#2485,.T.);
#1846=EDGE_CURVE('',#3124,#3127,#2486,.T.);
#1847=EDGE_CURVE('',#3126,#3127,#2487,.T.);
#1848=EDGE_CURVE('',#3128,#3129,#2488,.T.);
#1849=EDGE_CURVE('',#3129,#3130,#2489,.T.);
#1850=EDGE_CURVE('',#3128,#3131,#2490,.T.);
#1851=EDGE_CURVE('',#3130,#3131,#2491,.T.);
#1852=EDGE_CURVE('',#3132,#3133,#2492,.T.);
#1853=EDGE_CURVE('',#3133,#3134,#2493,.T.);
#1854=EDGE_CURVE('',#3132,#3135,#2494,.T.);
#1855=EDGE_CURVE('',#3134,#3135,#2495,.T.);
#1856=EDGE_CURVE('',#3136,#3137,#2496,.T.);
#1857=EDGE_CURVE('',#3137,#3138,#2497,.T.);
#1858=EDGE_CURVE('',#3136,#3139,#2498,.T.);
#1859=EDGE_CURVE('',#3138,#3139,#2499,.T.);
#1860=EDGE_CURVE('',#3140,#3141,#2500,.T.);
#1861=EDGE_CURVE('',#3141,#3142,#2501,.T.);
#1862=EDGE_CURVE('',#3140,#3143,#2502,.T.);
#1863=EDGE_CURVE('',#3142,#3143,#2503,.T.);
#1864=EDGE_CURVE('',#3144,#3145,#2504,.T.);
#1865=EDGE_CURVE('',#3145,#3146,#2505,.T.);
#1866=EDGE_CURVE('',#3144,#3147,#2506,.T.);
#1867=EDGE_CURVE('',#3146,#3147,#2507,.T.);
#1868=EDGE_CURVE('',#3148,#3149,#2508,.T.);
#1869=EDGE_CURVE('',#3149,#3150,#2509,.T.);
#1870=EDGE_CURVE('',#3148,#3151,#2510,.T.);
#1871=EDGE_CURVE('',#3150,#3151,#2511,.T.);
#1872=EDGE_CURVE('',#3152,#3153,#2512,.T.);
#1873=EDGE_CURVE('',#3153,#3154,#2513,.T.);
#1874=EDGE_CURVE('',#3152,#3155,#2514,.T.);
#1875=EDGE_CURVE('',#3154,#3155,#2515,.T.);
#1876=EDGE_CURVE('',#3156,#3157,#2516,.T.);
#1877=EDGE_CURVE('',#3157,#3158,#2517,.T.);
#1878=EDGE_CURVE('',#3156,#3159,#2518,.T.);
#1879=EDGE_CURVE('',#3158,#3159,#2519,.T.);
#1880=EDGE_CURVE('',#3160,#3161,#2520,.T.);
#1881=EDGE_CURVE('',#3161,#3162,#2521,.T.);
#1882=EDGE_CURVE('',#3160,#3163,#2522,.T.);
#1883=EDGE_CURVE('',#3162,#3163,#2523,.T.);
#1884=EDGE_CURVE('',#3164,#3165,#2524,.T.);
#1885=EDGE_CURVE('',#3165,#3166,#2525,.T.);
#1886=EDGE_CURVE('',#3164,#3167,#2526,.T.);
#1887=EDGE_CURVE('',#3166,#3167,#2527,.T.);
#1888=EDGE_CURVE('',#3168,#3169,#2528,.T.);
#1889=EDGE_CURVE('',#3169,#3170,#2529,.T.);
#1890=EDGE_CURVE('',#3168,#3171,#2530,.T.);
#1891=EDGE_CURVE('',#3170,#3171,#2531,.T.);
#1892=EDGE_CURVE('',#3172,#3173,#2532,.T.);
#1893=EDGE_CURVE('',#3173,#3174,#2533,.T.);
#1894=EDGE_CURVE('',#3172,#3175,#2534,.T.);
#1895=EDGE_CURVE('',#3174,#3175,#2535,.T.);
#1896=EDGE_CURVE('',#3176,#3177,#2536,.T.);
#1897=EDGE_CURVE('',#3177,#3178,#2537,.T.);
#1898=EDGE_CURVE('',#3176,#3179,#2538,.T.);
#1899=EDGE_CURVE('',#3178,#3179,#2539,.T.);
#1900=EDGE_CURVE('',#3180,#3181,#2540,.T.);
#1901=EDGE_CURVE('',#3181,#3182,#2541,.T.);
#1902=EDGE_CURVE('',#3180,#3183,#2542,.T.);
#1903=EDGE_CURVE('',#3182,#3183,#2543,.T.);
#1904=EDGE_CURVE('',#3184,#3185,#2544,.T.);
#1905=EDGE_CURVE('',#3185,#3186,#2545,.T.);
#1906=EDGE_CURVE('',#3184,#3187,#2546,.T.);
#1907=EDGE_CURVE('',#3186,#3187,#2547,.T.);
#1908=EDGE_CURVE('',#3188,#3189,#2548,.T.);
#1909=EDGE_CURVE('',#3189,#3190,#2549,.T.);
#1910=EDGE_CURVE('',#3188,#3191,#2550,.T.);
#1911=EDGE_CURVE('',#3190,#3191,#2551,.T.);
#1912=EDGE_CURVE('',#3192,#3193,#2552,.T.);
#1913=EDGE_CURVE('',#3193,#3194,#2553,.T.);
#1914=EDGE_CURVE('',#3192,#3195,#2554,.T.);
#1915=EDGE_CURVE('',#3194,#3195,#2555,.T.);
#1916=EDGE_CURVE('',#3196,#3197,#2556,.T.);
#1917=EDGE_CURVE('',#3197,#3198,#2557,.T.);
#1918=EDGE_CURVE('',#3196,#3199,#2558,.T.);
#1919=EDGE_CURVE('',#3198,#3199,#2559,.T.);
#1920=EDGE_CURVE('',#3200,#3201,#2560,.T.);
#1921=EDGE_CURVE('',#3201,#3202,#2561,.T.);
#1922=EDGE_CURVE('',#3200,#3203,#2562,.T.);
#1923=EDGE_CURVE('',#3202,#3203,#2563,.T.);
#1924=EDGE_CURVE('',#3204,#3205,#2564,.T.);
#1925=EDGE_CURVE('',#3205,#3206,#2565,.T.);
#1926=EDGE_CURVE('',#3204,#3207,#2566,.T.);
#1927=EDGE_CURVE('',#3206,#3207,#2567,.T.);
#1928=EDGE_CURVE('',#3208,#3209,#2568,.T.);
#1929=EDGE_CURVE('',#3209,#3210,#2569,.T.);
#1930=EDGE_CURVE('',#3208,#3211,#2570,.T.);
#1931=EDGE_CURVE('',#3210,#3211,#2571,.T.);
#1932=EDGE_CURVE('',#3212,#3213,#2572,.T.);
#1933=EDGE_CURVE('',#3213,#3214,#2573,.T.);
#1934=EDGE_CURVE('',#3212,#3215,#2574,.T.);
#1935=EDGE_CURVE('',#3214,#3215,#2575,.T.);
#1936=EDGE_CURVE('',#3216,#3217,#2576,.T.);
#1937=EDGE_CURVE('',#3217,#3218,#2577,.T.);
#1938=EDGE_CURVE('',#3216,#3219,#2578,.T.);
#1939=EDGE_CURVE('',#3218,#3219,#2579,.T.);
#1940=EDGE_CURVE('',#3220,#3221,#2580,.T.);
#1941=EDGE_CURVE('',#3221,#3222,#2581,.T.);
#1942=EDGE_CURVE('',#3220,#3223,#2582,.T.);
#1943=EDGE_CURVE('',#3222,#3223,#2583,.T.);
#1944=EDGE_CURVE('',#3224,#3225,#2584,.T.);
#1945=EDGE_CURVE('',#3225,#3226,#2585,.T.);
#1946=EDGE_CURVE('',#3224,#3227,#2586,.T.);
#1947=EDGE_CURVE('',#3226,#3227,#2587,.T.);
#1948=EDGE_CURVE('',#3228,#3229,#2588,.T.);
#1949=EDGE_CURVE('',#3229,#3230,#2589,.T.);
#1950=EDGE_CURVE('',#3228,#3231,#2590,.T.);
#1951=EDGE_CURVE('',#3230,#3231,#2591,.T.);
#1952=EDGE_CURVE('',#3232,#3233,#2592,.T.);
#1953=EDGE_CURVE('',#3233,#3234,#2593,.T.);
#1954=EDGE_CURVE('',#3232,#3235,#2594,.T.);
#1955=EDGE_CURVE('',#3234,#3235,#2595,.T.);
#1956=EDGE_CURVE('',#3236,#3237,#2596,.T.);
#1957=EDGE_CURVE('',#3237,#3238,#2597,.T.);
#1958=EDGE_CURVE('',#3236,#3239,#2598,.T.);
#1959=EDGE_CURVE('',#3238,#3239,#2599,.T.);
#1960=EDGE_CURVE('',#3240,#3241,#2600,.T.);
#1961=EDGE_CURVE('',#3241,#3242,#2601,.T.);
#1962=EDGE_CURVE('',#3240,#3243,#2602,.T.);
#1963=EDGE_CURVE('',#3242,#3243,#2603,.T.);
#1964=EDGE_CURVE('',#3245,#3244,#2604,.T.);
#1965=EDGE_CURVE('',#3246,#3247,#2605,.T.);
#1966=EDGE_CURVE('',#3246,#3244,#2606,.T.);
#1967=EDGE_CURVE('',#3247,#3245,#2607,.T.);
#1968=EDGE_CURVE('',#3249,#3248,#2608,.T.);
#1969=EDGE_CURVE('',#3250,#3251,#2609,.T.);
#1970=EDGE_CURVE('',#3250,#3248,#2610,.T.);
#1971=EDGE_CURVE('',#3251,#3249,#2611,.T.);
#1972=EDGE_CURVE('',#3253,#3252,#2612,.T.);
#1973=EDGE_CURVE('',#3254,#3255,#2613,.T.);
#1974=EDGE_CURVE('',#3254,#3252,#2614,.T.);
#1975=EDGE_CURVE('',#3255,#3253,#2615,.T.);
#1976=EDGE_CURVE('',#3257,#3256,#2616,.T.);
#1977=EDGE_CURVE('',#3258,#3259,#2617,.T.);
#1978=EDGE_CURVE('',#3258,#3256,#2618,.T.);
#1979=EDGE_CURVE('',#3259,#3257,#2619,.T.);
#1980=EDGE_CURVE('',#3261,#3260,#2620,.T.);
#1981=EDGE_CURVE('',#3262,#3263,#2621,.T.);
#1982=EDGE_CURVE('',#3262,#3260,#2622,.T.);
#1983=EDGE_CURVE('',#3263,#3261,#2623,.T.);
#1984=EDGE_CURVE('',#3265,#3264,#2624,.T.);
#1985=EDGE_CURVE('',#3266,#3267,#2625,.T.);
#1986=EDGE_CURVE('',#3266,#3264,#2626,.T.);
#1987=EDGE_CURVE('',#3267,#3265,#2627,.T.);
#1988=EDGE_CURVE('',#3269,#3268,#2628,.T.);
#1989=EDGE_CURVE('',#3270,#3271,#2629,.T.);
#1990=EDGE_CURVE('',#3270,#3268,#2630,.T.);
#1991=EDGE_CURVE('',#3271,#3269,#2631,.T.);
#1992=EDGE_CURVE('',#3273,#3272,#2632,.T.);
#1993=EDGE_CURVE('',#3274,#3275,#2633,.T.);
#1994=EDGE_CURVE('',#3274,#3272,#2634,.T.);
#1995=EDGE_CURVE('',#3275,#3273,#2635,.T.);
#1996=EDGE_CURVE('',#3277,#3276,#2636,.T.);
#1997=EDGE_CURVE('',#3278,#3279,#2637,.T.);
#1998=EDGE_CURVE('',#3278,#3276,#2638,.T.);
#1999=EDGE_CURVE('',#3279,#3277,#2639,.T.);
#2000=EDGE_CURVE('',#3281,#3280,#2640,.T.);
#2001=EDGE_CURVE('',#3282,#3283,#2641,.T.);
#2002=EDGE_CURVE('',#3282,#3280,#2642,.T.);
#2003=EDGE_CURVE('',#3283,#3281,#2643,.T.);
#2004=EDGE_CURVE('',#3285,#3284,#2644,.T.);
#2005=EDGE_CURVE('',#3286,#3287,#2645,.T.);
#2006=EDGE_CURVE('',#3286,#3284,#2646,.T.);
#2007=EDGE_CURVE('',#3287,#3285,#2647,.T.);
#2008=EDGE_CURVE('',#3289,#3288,#2648,.T.);
#2009=EDGE_CURVE('',#3290,#3291,#2649,.T.);
#2010=EDGE_CURVE('',#3290,#3288,#2650,.T.);
#2011=EDGE_CURVE('',#3291,#3289,#2651,.T.);
#2012=EDGE_CURVE('',#3293,#3292,#2652,.T.);
#2013=EDGE_CURVE('',#3294,#3295,#2653,.T.);
#2014=EDGE_CURVE('',#3294,#3292,#2654,.T.);
#2015=EDGE_CURVE('',#3295,#3293,#2655,.T.);
#2016=EDGE_CURVE('',#3297,#3296,#2656,.T.);
#2017=EDGE_CURVE('',#3298,#3299,#2657,.T.);
#2018=EDGE_CURVE('',#3298,#3296,#2658,.T.);
#2019=EDGE_CURVE('',#3299,#3297,#2659,.T.);
#2020=EDGE_CURVE('',#3301,#3300,#2660,.T.);
#2021=EDGE_CURVE('',#3302,#3303,#2661,.T.);
#2022=EDGE_CURVE('',#3302,#3300,#2662,.T.);
#2023=EDGE_CURVE('',#3303,#3301,#2663,.T.);
#2024=EDGE_CURVE('',#3305,#3304,#2664,.T.);
#2025=EDGE_CURVE('',#3306,#3307,#2665,.T.);
#2026=EDGE_CURVE('',#3306,#3304,#2666,.T.);
#2027=EDGE_CURVE('',#3307,#3305,#2667,.T.);
#2028=EDGE_CURVE('',#3309,#3308,#2668,.T.);
#2029=EDGE_CURVE('',#3310,#3311,#2669,.T.);
#2030=EDGE_CURVE('',#3310,#3308,#2670,.T.);
#2031=EDGE_CURVE('',#3311,#3309,#2671,.T.);
#2032=EDGE_CURVE('',#3313,#3312,#2672,.T.);
#2033=EDGE_CURVE('',#3314,#3315,#2673,.T.);
#2034=EDGE_CURVE('',#3314,#3312,#2674,.T.);
#2035=EDGE_CURVE('',#3315,#3313,#2675,.T.);
#2036=EDGE_CURVE('',#3317,#3316,#2676,.T.);
#2037=EDGE_CURVE('',#3318,#3319,#2677,.T.);
#2038=EDGE_CURVE('',#3318,#3316,#2678,.T.);
#2039=EDGE_CURVE('',#3319,#3317,#2679,.T.);
#2040=EDGE_CURVE('',#3321,#3320,#2680,.T.);
#2041=EDGE_CURVE('',#3322,#3323,#2681,.T.);
#2042=EDGE_CURVE('',#3322,#3320,#2682,.T.);
#2043=EDGE_CURVE('',#3323,#3321,#2683,.T.);
#2044=EDGE_CURVE('',#3325,#3324,#2684,.T.);
#2045=EDGE_CURVE('',#3326,#3327,#2685,.T.);
#2046=EDGE_CURVE('',#3326,#3324,#2686,.T.);
#2047=EDGE_CURVE('',#3327,#3325,#2687,.T.);
#2048=EDGE_CURVE('',#3329,#3328,#2688,.T.);
#2049=EDGE_CURVE('',#3330,#3331,#2689,.T.);
#2050=EDGE_CURVE('',#3330,#3328,#2690,.T.);
#2051=EDGE_CURVE('',#3331,#3329,#2691,.T.);
#2052=EDGE_CURVE('',#3333,#3332,#2692,.T.);
#2053=EDGE_CURVE('',#3334,#3335,#2693,.T.);
#2054=EDGE_CURVE('',#3334,#3332,#2694,.T.);
#2055=EDGE_CURVE('',#3335,#3333,#2695,.T.);
#2056=EDGE_CURVE('',#3337,#3336,#2696,.T.);
#2057=EDGE_CURVE('',#3338,#3339,#2697,.T.);
#2058=EDGE_CURVE('',#3338,#3336,#2698,.T.);
#2059=EDGE_CURVE('',#3339,#3337,#2699,.T.);
#2060=EDGE_CURVE('',#3341,#3340,#2700,.T.);
#2061=EDGE_CURVE('',#3342,#3343,#2701,.T.);
#2062=EDGE_CURVE('',#3342,#3340,#2702,.T.);
#2063=EDGE_CURVE('',#3343,#3341,#2703,.T.);
#2064=EDGE_CURVE('',#3345,#3344,#2704,.T.);
#2065=EDGE_CURVE('',#3346,#3347,#2705,.T.);
#2066=EDGE_CURVE('',#3346,#3344,#2706,.T.);
#2067=EDGE_CURVE('',#3347,#3345,#2707,.T.);
#2068=EDGE_CURVE('',#3349,#3348,#2708,.T.);
#2069=EDGE_CURVE('',#3350,#3351,#2709,.T.);
#2070=EDGE_CURVE('',#3350,#3348,#2710,.T.);
#2071=EDGE_CURVE('',#3351,#3349,#2711,.T.);
#2072=EDGE_CURVE('',#3353,#3352,#2712,.T.);
#2073=EDGE_CURVE('',#3354,#3355,#2713,.T.);
#2074=EDGE_CURVE('',#3354,#3352,#2714,.T.);
#2075=EDGE_CURVE('',#3355,#3353,#2715,.T.);
#2076=EDGE_CURVE('',#3357,#3356,#2716,.T.);
#2077=EDGE_CURVE('',#3358,#3359,#2717,.T.);
#2078=EDGE_CURVE('',#3358,#3356,#2718,.T.);
#2079=EDGE_CURVE('',#3359,#3357,#2719,.T.);
#2080=EDGE_CURVE('',#3361,#3360,#2720,.T.);
#2081=EDGE_CURVE('',#3362,#3363,#2721,.T.);
#2082=EDGE_CURVE('',#3362,#3360,#2722,.T.);
#2083=EDGE_CURVE('',#3363,#3361,#2723,.T.);
#2084=EDGE_CURVE('',#3365,#3364,#2724,.T.);
#2085=EDGE_CURVE('',#3366,#3367,#2725,.T.);
#2086=EDGE_CURVE('',#3366,#3364,#2726,.T.);
#2087=EDGE_CURVE('',#3367,#3365,#2727,.T.);
#2088=EDGE_CURVE('',#3369,#3368,#2728,.T.);
#2089=EDGE_CURVE('',#3370,#3371,#2729,.T.);
#2090=EDGE_CURVE('',#3370,#3368,#2730,.T.);
#2091=EDGE_CURVE('',#3371,#3369,#2731,.T.);
#2092=(
BOUNDED_CURVE()
B_SPLINE_CURVE(2,(#3951,#3952,#3953),.UNSPECIFIED.,.F.,.F.)
B_SPLINE_CURVE_WITH_KNOTS((3,3),(-1138.81424695691,-1104.76069158894),
 .UNSPECIFIED.)
CURVE()
GEOMETRIC_REPRESENTATION_ITEM()
RATIONAL_B_SPLINE_CURVE((1.,0.995602932329326,1.))
REPRESENTATION_ITEM('')
);
#2093=(
BOUNDED_CURVE()
B_SPLINE_CURVE(2,(#3954,#3955,#3956),.UNSPECIFIED.,.F.,.F.)
B_SPLINE_CURVE_WITH_KNOTS((3,3),(-1138.81424695691,-1104.76069158894),
 .UNSPECIFIED.)
CURVE()
GEOMETRIC_REPRESENTATION_ITEM()
RATIONAL_B_SPLINE_CURVE((1.,0.995602932329327,1.))
REPRESENTATION_ITEM('')
);
#2094=(
BOUNDED_CURVE()
B_SPLINE_CURVE(1,(#3957,#3958),.UNSPECIFIED.,.F.,.F.)
B_SPLINE_CURVE_WITH_KNOTS((2,2),(166.266666666667,216.4),.UNSPECIFIED.)
CURVE()
GEOMETRIC_REPRESENTATION_ITEM()
RATIONAL_B_SPLINE_CURVE((1.,1.))
REPRESENTATION_ITEM('')
);
#2095=(
BOUNDED_CURVE()
B_SPLINE_CURVE(1,(#3959,#3960),.UNSPECIFIED.,.F.,.F.)
B_SPLINE_CURVE_WITH_KNOTS((2,2),(166.266666666667,216.4),.UNSPECIFIED.)
CURVE()
GEOMETRIC_REPRESENTATION_ITEM()
RATIONAL_B_SPLINE_CURVE((1.,1.))
REPRESENTATION_ITEM('')
);
#2096=(
BOUNDED_CURVE()
B_SPLINE_CURVE(2,(#3966,#3967,#3968),.UNSPECIFIED.,.F.,.F.)
B_SPLINE_CURVE_WITH_KNOTS((3,3),(-1138.81424695691,-1104.76069158894),
 .UNSPECIFIED.)
CURVE()
GEOMETRIC_REPRESENTATION_ITEM()
RATIONAL_B_SPLINE_CURVE((1.,0.995602932329327,1.))
REPRESENTATION_ITEM('')
);
#2097=(
BOUNDED_CURVE()
B_SPLINE_CURVE(1,(#3969,#3970),.UNSPECIFIED.,.F.,.F.)
B_SPLINE_CURVE_WITH_KNOTS((2,2),(115.333333333333,164.666666666667),
 .UNSPECIFIED.)
CURVE()
GEOMETRIC_REPRESENTATION_ITEM()
RATIONAL_B_SPLINE_CURVE((1.,1.))
REPRESENTATION_ITEM('')
);
#2098=(
BOUNDED_CURVE()
B_SPLINE_CURVE(1,(#3971,#3972),.UNSPECIFIED.,.F.,.F.)
B_SPLINE_CURVE_WITH_KNOTS((2,2),(115.333333333333,164.666666666667),
 .UNSPECIFIED.)
CURVE()
GEOMETRIC_REPRESENTATION_ITEM()
RATIONAL_B_SPLINE_CURVE((1.,1.))
REPRESENTATION_ITEM('')
);
#2099=(
BOUNDED_CURVE()
B_SPLINE_CURVE(2,(#3973,#3974,#3975),.UNSPECIFIED.,.F.,.F.)
B_SPLINE_CURVE_WITH_KNOTS((3,3),(-1138.81424695691,-1104.76069158894),
 .UNSPECIFIED.)
CURVE()
GEOMETRIC_REPRESENTATION_ITEM()
RATIONAL_B_SPLINE_CURVE((1.,0.995602932329327,1.))
REPRESENTATION_ITEM('')
);
#2100=(
BOUNDED_CURVE()
B_SPLINE_CURVE(2,(#3981,#3982,#3983),.UNSPECIFIED.,.F.,.F.)
B_SPLINE_CURVE_WITH_KNOTS((3,3),(-1138.81424695691,-1104.76069158894),
 .UNSPECIFIED.)
CURVE()
GEOMETRIC_REPRESENTATION_ITEM()
RATIONAL_B_SPLINE_CURVE((1.,0.995602932329327,1.))
REPRESENTATION_ITEM('')
);
#2101=(
BOUNDED_CURVE()
B_SPLINE_CURVE(2,(#3984,#3985,#3986),.UNSPECIFIED.,.F.,.F.)
B_SPLINE_CURVE_WITH_KNOTS((3,3),(-1138.81424695691,-1104.76069158894),
 .UNSPECIFIED.)
CURVE()
GEOMETRIC_REPRESENTATION_ITEM()
RATIONAL_B_SPLINE_CURVE((1.,0.995602932329326,1.))
REPRESENTATION_ITEM('')
);
#2102=(
BOUNDED_CURVE()
B_SPLINE_CURVE(1,(#3987,#3988),.UNSPECIFIED.,.F.,.F.)
B_SPLINE_CURVE_WITH_KNOTS((2,2),(166.266666666667,216.4),.UNSPECIFIED.)
CURVE()
GEOMETRIC_REPRESENTATION_ITEM()
RATIONAL_B_SPLINE_CURVE((1.,1.))
REPRESENTATION_ITEM('')
);
#2103=(
BOUNDED_CURVE()
B_SPLINE_CURVE(1,(#3989,#3990),.UNSPECIFIED.,.F.,.F.)
B_SPLINE_CURVE_WITH_KNOTS((2,2),(166.266666666667,216.4),.UNSPECIFIED.)
CURVE()
GEOMETRIC_REPRESENTATION_ITEM()
RATIONAL_B_SPLINE_CURVE((1.,1.))
REPRESENTATION_ITEM('')
);
#2104=(
BOUNDED_CURVE()
B_SPLINE_CURVE(2,(#3996,#3997,#3998),.UNSPECIFIED.,.F.,.F.)
B_SPLINE_CURVE_WITH_KNOTS((3,3),(-1138.81424695691,-1104.76069158894),
 .UNSPECIFIED.)
CURVE()
GEOMETRIC_REPRESENTATION_ITEM()
RATIONAL_B_SPLINE_CURVE((1.,0.995602932329326,1.))
REPRESENTATION_ITEM('')
);
#2105=(
BOUNDED_CURVE()
B_SPLINE_CURVE(1,(#3999,#4000),.UNSPECIFIED.,.F.,.F.)
B_SPLINE_CURVE_WITH_KNOTS((2,2),(115.333333333333,164.666666666667),
 .UNSPECIFIED.)
CURVE()
GEOMETRIC_REPRESENTATION_ITEM()
RATIONAL_B_SPLINE_CURVE((1.,1.))
REPRESENTATION_ITEM('')
);
#2106=(
BOUNDED_CURVE()
B_SPLINE_CURVE(1,(#4001,#4002),.UNSPECIFIED.,.F.,.F.)
B_SPLINE_CURVE_WITH_KNOTS((2,2),(115.333333333333,164.666666666667),
 .UNSPECIFIED.)
CURVE()
GEOMETRIC_REPRESENTATION_ITEM()
RATIONAL_B_SPLINE_CURVE((1.,1.))
REPRESENTATION_ITEM('')
);
#2107=(
BOUNDED_CURVE()
B_SPLINE_CURVE(2,(#4003,#4004,#4005),.UNSPECIFIED.,.F.,.F.)
B_SPLINE_CURVE_WITH_KNOTS((3,3),(-1138.81424695691,-1104.76069158894),
 .UNSPECIFIED.)
CURVE()
GEOMETRIC_REPRESENTATION_ITEM()
RATIONAL_B_SPLINE_CURVE((1.,0.995602932329326,1.))
REPRESENTATION_ITEM('')
);
#2108=(
BOUNDED_CURVE()
B_SPLINE_CURVE(2,(#4011,#4012,#4013),.UNSPECIFIED.,.F.,.F.)
B_SPLINE_CURVE_WITH_KNOTS((3,3),(-1138.81424695691,-1104.76069158894),
 .UNSPECIFIED.)
CURVE()
GEOMETRIC_REPRESENTATION_ITEM()
RATIONAL_B_SPLINE_CURVE((1.,0.995602932329328,1.))
REPRESENTATION_ITEM('')
);
#2109=(
BOUNDED_CURVE()
B_SPLINE_CURVE(2,(#4014,#4015,#4016),.UNSPECIFIED.,.F.,.F.)
B_SPLINE_CURVE_WITH_KNOTS((3,3),(-1138.81424695691,-1104.76069158894),
 .UNSPECIFIED.)
CURVE()
GEOMETRIC_REPRESENTATION_ITEM()
RATIONAL_B_SPLINE_CURVE((1.,0.995602932329328,1.))
REPRESENTATION_ITEM('')
);
#2110=(
BOUNDED_CURVE()
B_SPLINE_CURVE(1,(#4017,#4018),.UNSPECIFIED.,.F.,.F.)
B_SPLINE_CURVE_WITH_KNOTS((2,2),(166.266666666667,216.4),.UNSPECIFIED.)
CURVE()
GEOMETRIC_REPRESENTATION_ITEM()
RATIONAL_B_SPLINE_CURVE((1.,1.))
REPRESENTATION_ITEM('')
);
#2111=(
BOUNDED_CURVE()
B_SPLINE_CURVE(1,(#4019,#4020),.UNSPECIFIED.,.F.,.F.)
B_SPLINE_CURVE_WITH_KNOTS((2,2),(166.266666666667,216.4),.UNSPECIFIED.)
CURVE()
GEOMETRIC_REPRESENTATION_ITEM()
RATIONAL_B_SPLINE_CURVE((1.,1.))
REPRESENTATION_ITEM('')
);
#2112=(
BOUNDED_CURVE()
B_SPLINE_CURVE(2,(#4026,#4027,#4028),.UNSPECIFIED.,.F.,.F.)
B_SPLINE_CURVE_WITH_KNOTS((3,3),(-1138.81424695691,-1104.76069158894),
 .UNSPECIFIED.)
CURVE()
GEOMETRIC_REPRESENTATION_ITEM()
RATIONAL_B_SPLINE_CURVE((1.,0.995602932329328,1.))
REPRESENTATION_ITEM('')
);
#2113=(
BOUNDED_CURVE()
B_SPLINE_CURVE(1,(#4029,#4030),.UNSPECIFIED.,.F.,.F.)
B_SPLINE_CURVE_WITH_KNOTS((2,2),(115.333333333333,164.666666666667),
 .UNSPECIFIED.)
CURVE()
GEOMETRIC_REPRESENTATION_ITEM()
RATIONAL_B_SPLINE_CURVE((1.,1.))
REPRESENTATION_ITEM('')
);
#2114=(
BOUNDED_CURVE()
B_SPLINE_CURVE(1,(#4031,#4032),.UNSPECIFIED.,.F.,.F.)
B_SPLINE_CURVE_WITH_KNOTS((2,2),(115.333333333333,164.666666666667),
 .UNSPECIFIED.)
CURVE()
GEOMETRIC_REPRESENTATION_ITEM()
RATIONAL_B_SPLINE_CURVE((1.,1.))
REPRESENTATION_ITEM('')
);
#2115=(
BOUNDED_CURVE()
B_SPLINE_CURVE(2,(#4033,#4034,#4035),.UNSPECIFIED.,.F.,.F.)
B_SPLINE_CURVE_WITH_KNOTS((3,3),(-1138.81424695691,-1104.76069158894),
 .UNSPECIFIED.)
CURVE()
GEOMETRIC_REPRESENTATION_ITEM()
RATIONAL_B_SPLINE_CURVE((1.,0.995602932329328,1.))
REPRESENTATION_ITEM('')
);
#2116=(
BOUNDED_CURVE()
B_SPLINE_CURVE(2,(#4041,#4042,#4043),.UNSPECIFIED.,.F.,.F.)
B_SPLINE_CURVE_WITH_KNOTS((3,3),(-1138.81424695691,-1104.76069158894),
 .UNSPECIFIED.)
CURVE()
GEOMETRIC_REPRESENTATION_ITEM()
RATIONAL_B_SPLINE_CURVE((1.,0.995602932329327,1.))
REPRESENTATION_ITEM('')
);
#2117=(
BOUNDED_CURVE()
B_SPLINE_CURVE(2,(#4044,#4045,#4046),.UNSPECIFIED.,.F.,.F.)
B_SPLINE_CURVE_WITH_KNOTS((3,3),(-1138.81424695691,-1104.76069158894),
 .UNSPECIFIED.)
CURVE()
GEOMETRIC_REPRESENTATION_ITEM()
RATIONAL_B_SPLINE_CURVE((1.,0.995602932329327,1.))
REPRESENTATION_ITEM('')
);
#2118=(
BOUNDED_CURVE()
B_SPLINE_CURVE(1,(#4047,#4048),.UNSPECIFIED.,.F.,.F.)
B_SPLINE_CURVE_WITH_KNOTS((2,2),(166.266666666667,216.4),.UNSPECIFIED.)
CURVE()
GEOMETRIC_REPRESENTATION_ITEM()
RATIONAL_B_SPLINE_CURVE((1.,1.))
REPRESENTATION_ITEM('')
);
#2119=(
BOUNDED_CURVE()
B_SPLINE_CURVE(1,(#4049,#4050),.UNSPECIFIED.,.F.,.F.)
B_SPLINE_CURVE_WITH_KNOTS((2,2),(166.266666666667,216.4),.UNSPECIFIED.)
CURVE()
GEOMETRIC_REPRESENTATION_ITEM()
RATIONAL_B_SPLINE_CURVE((1.,1.))
REPRESENTATION_ITEM('')
);
#2120=(
BOUNDED_CURVE()
B_SPLINE_CURVE(2,(#4056,#4057,#4058),.UNSPECIFIED.,.F.,.F.)
B_SPLINE_CURVE_WITH_KNOTS((3,3),(-1138.81424695691,-1104.76069158894),
 .UNSPECIFIED.)
CURVE()
GEOMETRIC_REPRESENTATION_ITEM()
RATIONAL_B_SPLINE_CURVE((1.,0.995602932329327,1.))
REPRESENTATION_ITEM('')
);
#2121=(
BOUNDED_CURVE()
B_SPLINE_CURVE(1,(#4059,#4060),.UNSPECIFIED.,.F.,.F.)
B_SPLINE_CURVE_WITH_KNOTS((2,2),(115.333333333333,164.666666666667),
 .UNSPECIFIED.)
CURVE()
GEOMETRIC_REPRESENTATION_ITEM()
RATIONAL_B_SPLINE_CURVE((1.,1.))
REPRESENTATION_ITEM('')
);
#2122=(
BOUNDED_CURVE()
B_SPLINE_CURVE(1,(#4061,#4062),.UNSPECIFIED.,.F.,.F.)
B_SPLINE_CURVE_WITH_KNOTS((2,2),(115.333333333333,164.666666666667),
 .UNSPECIFIED.)
CURVE()
GEOMETRIC_REPRESENTATION_ITEM()
RATIONAL_B_SPLINE_CURVE((1.,1.))
REPRESENTATION_ITEM('')
);
#2123=(
BOUNDED_CURVE()
B_SPLINE_CURVE(2,(#4063,#4064,#4065),.UNSPECIFIED.,.F.,.F.)
B_SPLINE_CURVE_WITH_KNOTS((3,3),(-1138.81424695691,-1104.76069158894),
 .UNSPECIFIED.)
CURVE()
GEOMETRIC_REPRESENTATION_ITEM()
RATIONAL_B_SPLINE_CURVE((1.,0.995602932329327,1.))
REPRESENTATION_ITEM('')
);
#2124=(
BOUNDED_CURVE()
B_SPLINE_CURVE(2,(#4071,#4072,#4073),.UNSPECIFIED.,.F.,.F.)
B_SPLINE_CURVE_WITH_KNOTS((3,3),(-1138.81424695691,-1104.76069158894),
 .UNSPECIFIED.)
CURVE()
GEOMETRIC_REPRESENTATION_ITEM()
RATIONAL_B_SPLINE_CURVE((1.,0.995602932329327,1.))
REPRESENTATION_ITEM('')
);
#2125=(
BOUNDED_CURVE()
B_SPLINE_CURVE(2,(#4074,#4075,#4076),.UNSPECIFIED.,.F.,.F.)
B_SPLINE_CURVE_WITH_KNOTS((3,3),(-1138.81424695691,-1104.76069158894),
 .UNSPECIFIED.)
CURVE()
GEOMETRIC_REPRESENTATION_ITEM()
RATIONAL_B_SPLINE_CURVE((1.,0.995602932329328,1.))
REPRESENTATION_ITEM('')
);
#2126=(
BOUNDED_CURVE()
B_SPLINE_CURVE(1,(#4077,#4078),.UNSPECIFIED.,.F.,.F.)
B_SPLINE_CURVE_WITH_KNOTS((2,2),(166.266666666667,216.4),.UNSPECIFIED.)
CURVE()
GEOMETRIC_REPRESENTATION_ITEM()
RATIONAL_B_SPLINE_CURVE((1.,1.))
REPRESENTATION_ITEM('')
);
#2127=(
BOUNDED_CURVE()
B_SPLINE_CURVE(1,(#4079,#4080),.UNSPECIFIED.,.F.,.F.)
B_SPLINE_CURVE_WITH_KNOTS((2,2),(166.266666666667,216.4),.UNSPECIFIED.)
CURVE()
GEOMETRIC_REPRESENTATION_ITEM()
RATIONAL_B_SPLINE_CURVE((1.,1.))
REPRESENTATION_ITEM('')
);
#2128=(
BOUNDED_CURVE()
B_SPLINE_CURVE(2,(#4086,#4087,#4088),.UNSPECIFIED.,.F.,.F.)
B_SPLINE_CURVE_WITH_KNOTS((3,3),(-1138.81424695691,-1104.76069158894),
 .UNSPECIFIED.)
CURVE()
GEOMETRIC_REPRESENTATION_ITEM()
RATIONAL_B_SPLINE_CURVE((1.,0.995602932329328,1.))
REPRESENTATION_ITEM('')
);
#2129=(
BOUNDED_CURVE()
B_SPLINE_CURVE(1,(#4089,#4090),.UNSPECIFIED.,.F.,.F.)
B_SPLINE_CURVE_WITH_KNOTS((2,2),(115.333333333333,164.666666666667),
 .UNSPECIFIED.)
CURVE()
GEOMETRIC_REPRESENTATION_ITEM()
RATIONAL_B_SPLINE_CURVE((1.,1.))
REPRESENTATION_ITEM('')
);
#2130=(
BOUNDED_CURVE()
B_SPLINE_CURVE(1,(#4091,#4092),.UNSPECIFIED.,.F.,.F.)
B_SPLINE_CURVE_WITH_KNOTS((2,2),(115.333333333333,164.666666666667),
 .UNSPECIFIED.)
CURVE()
GEOMETRIC_REPRESENTATION_ITEM()
RATIONAL_B_SPLINE_CURVE((1.,1.))
REPRESENTATION_ITEM('')
);
#2131=(
BOUNDED_CURVE()
B_SPLINE_CURVE(2,(#4093,#4094,#4095),.UNSPECIFIED.,.F.,.F.)
B_SPLINE_CURVE_WITH_KNOTS((3,3),(-1138.81424695691,-1104.76069158894),
 .UNSPECIFIED.)
CURVE()
GEOMETRIC_REPRESENTATION_ITEM()
RATIONAL_B_SPLINE_CURVE((1.,0.995602932329328,1.))
REPRESENTATION_ITEM('')
);
#2132=(
BOUNDED_CURVE()
B_SPLINE_CURVE(2,(#4101,#4102,#4103),.UNSPECIFIED.,.F.,.F.)
B_SPLINE_CURVE_WITH_KNOTS((3,3),(-1138.81424695691,-1104.76069158894),
 .UNSPECIFIED.)
CURVE()
GEOMETRIC_REPRESENTATION_ITEM()
RATIONAL_B_SPLINE_CURVE((1.,0.995602932329327,1.))
REPRESENTATION_ITEM('')
);
#2133=(
BOUNDED_CURVE()
B_SPLINE_CURVE(2,(#4104,#4105,#4106),.UNSPECIFIED.,.F.,.F.)
B_SPLINE_CURVE_WITH_KNOTS((3,3),(-1138.81424695691,-1104.76069158894),
 .UNSPECIFIED.)
CURVE()
GEOMETRIC_REPRESENTATION_ITEM()
RATIONAL_B_SPLINE_CURVE((1.,0.995602932329327,1.))
REPRESENTATION_ITEM('')
);
#2134=(
BOUNDED_CURVE()
B_SPLINE_CURVE(1,(#4107,#4108),.UNSPECIFIED.,.F.,.F.)
B_SPLINE_CURVE_WITH_KNOTS((2,2),(166.266666666667,216.4),.UNSPECIFIED.)
CURVE()
GEOMETRIC_REPRESENTATION_ITEM()
RATIONAL_B_SPLINE_CURVE((1.,1.))
REPRESENTATION_ITEM('')
);
#2135=(
BOUNDED_CURVE()
B_SPLINE_CURVE(1,(#4109,#4110),.UNSPECIFIED.,.F.,.F.)
B_SPLINE_CURVE_WITH_KNOTS((2,2),(166.266666666667,216.4),.UNSPECIFIED.)
CURVE()
GEOMETRIC_REPRESENTATION_ITEM()
RATIONAL_B_SPLINE_CURVE((1.,1.))
REPRESENTATION_ITEM('')
);
#2136=(
BOUNDED_CURVE()
B_SPLINE_CURVE(2,(#4116,#4117,#4118),.UNSPECIFIED.,.F.,.F.)
B_SPLINE_CURVE_WITH_KNOTS((3,3),(-1138.81424695691,-1104.76069158894),
 .UNSPECIFIED.)
CURVE()
GEOMETRIC_REPRESENTATION_ITEM()
RATIONAL_B_SPLINE_CURVE((1.,0.995602932329327,1.))
REPRESENTATION_ITEM('')
);
#2137=(
BOUNDED_CURVE()
B_SPLINE_CURVE(1,(#4119,#4120),.UNSPECIFIED.,.F.,.F.)
B_SPLINE_CURVE_WITH_KNOTS((2,2),(115.333333333333,164.666666666667),
 .UNSPECIFIED.)
CURVE()
GEOMETRIC_REPRESENTATION_ITEM()
RATIONAL_B_SPLINE_CURVE((1.,1.))
REPRESENTATION_ITEM('')
);
#2138=(
BOUNDED_CURVE()
B_SPLINE_CURVE(1,(#4121,#4122),.UNSPECIFIED.,.F.,.F.)
B_SPLINE_CURVE_WITH_KNOTS((2,2),(115.333333333333,164.666666666667),
 .UNSPECIFIED.)
CURVE()
GEOMETRIC_REPRESENTATION_ITEM()
RATIONAL_B_SPLINE_CURVE((1.,1.))
REPRESENTATION_ITEM('')
);
#2139=(
BOUNDED_CURVE()
B_SPLINE_CURVE(2,(#4123,#4124,#4125),.UNSPECIFIED.,.F.,.F.)
B_SPLINE_CURVE_WITH_KNOTS((3,3),(-1138.81424695691,-1104.76069158894),
 .UNSPECIFIED.)
CURVE()
GEOMETRIC_REPRESENTATION_ITEM()
RATIONAL_B_SPLINE_CURVE((1.,0.995602932329328,1.))
REPRESENTATION_ITEM('')
);
#2140=(
BOUNDED_CURVE()
B_SPLINE_CURVE(2,(#4131,#4132,#4133),.UNSPECIFIED.,.F.,.F.)
B_SPLINE_CURVE_WITH_KNOTS((3,3),(-1138.81424695691,-1104.76069158894),
 .UNSPECIFIED.)
CURVE()
GEOMETRIC_REPRESENTATION_ITEM()
RATIONAL_B_SPLINE_CURVE((1.,0.995602932329327,1.))
REPRESENTATION_ITEM('')
);
#2141=(
BOUNDED_CURVE()
B_SPLINE_CURVE(2,(#4134,#4135,#4136),.UNSPECIFIED.,.F.,.F.)
B_SPLINE_CURVE_WITH_KNOTS((3,3),(-1138.81424695691,-1104.76069158894),
 .UNSPECIFIED.)
CURVE()
GEOMETRIC_REPRESENTATION_ITEM()
RATIONAL_B_SPLINE_CURVE((1.,0.995602932329328,1.))
REPRESENTATION_ITEM('')
);
#2142=(
BOUNDED_CURVE()
B_SPLINE_CURVE(1,(#4137,#4138),.UNSPECIFIED.,.F.,.F.)
B_SPLINE_CURVE_WITH_KNOTS((2,2),(166.266666666667,216.4),.UNSPECIFIED.)
CURVE()
GEOMETRIC_REPRESENTATION_ITEM()
RATIONAL_B_SPLINE_CURVE((1.,1.))
REPRESENTATION_ITEM('')
);
#2143=(
BOUNDED_CURVE()
B_SPLINE_CURVE(1,(#4139,#4140),.UNSPECIFIED.,.F.,.F.)
B_SPLINE_CURVE_WITH_KNOTS((2,2),(166.266666666667,216.4),.UNSPECIFIED.)
CURVE()
GEOMETRIC_REPRESENTATION_ITEM()
RATIONAL_B_SPLINE_CURVE((1.,1.))
REPRESENTATION_ITEM('')
);
#2144=(
BOUNDED_CURVE()
B_SPLINE_CURVE(2,(#4146,#4147,#4148),.UNSPECIFIED.,.F.,.F.)
B_SPLINE_CURVE_WITH_KNOTS((3,3),(-1138.81424695691,-1104.76069158894),
 .UNSPECIFIED.)
CURVE()
GEOMETRIC_REPRESENTATION_ITEM()
RATIONAL_B_SPLINE_CURVE((1.,0.995602932329328,1.))
REPRESENTATION_ITEM('')
);
#2145=(
BOUNDED_CURVE()
B_SPLINE_CURVE(1,(#4149,#4150),.UNSPECIFIED.,.F.,.F.)
B_SPLINE_CURVE_WITH_KNOTS((2,2),(115.333333333333,164.666666666667),
 .UNSPECIFIED.)
CURVE()
GEOMETRIC_REPRESENTATION_ITEM()
RATIONAL_B_SPLINE_CURVE((1.,1.))
REPRESENTATION_ITEM('')
);
#2146=(
BOUNDED_CURVE()
B_SPLINE_CURVE(1,(#4151,#4152),.UNSPECIFIED.,.F.,.F.)
B_SPLINE_CURVE_WITH_KNOTS((2,2),(115.333333333333,164.666666666667),
 .UNSPECIFIED.)
CURVE()
GEOMETRIC_REPRESENTATION_ITEM()
RATIONAL_B_SPLINE_CURVE((1.,1.))
REPRESENTATION_ITEM('')
);
#2147=(
BOUNDED_CURVE()
B_SPLINE_CURVE(2,(#4153,#4154,#4155),.UNSPECIFIED.,.F.,.F.)
B_SPLINE_CURVE_WITH_KNOTS((3,3),(-1138.81424695691,-1104.76069158894),
 .UNSPECIFIED.)
CURVE()
GEOMETRIC_REPRESENTATION_ITEM()
RATIONAL_B_SPLINE_CURVE((1.,0.995602932329328,1.))
REPRESENTATION_ITEM('')
);
#2148=(
BOUNDED_CURVE()
B_SPLINE_CURVE(2,(#4161,#4162,#4163),.UNSPECIFIED.,.F.,.F.)
B_SPLINE_CURVE_WITH_KNOTS((3,3),(-1138.81424695691,-1104.76069158894),
 .UNSPECIFIED.)
CURVE()
GEOMETRIC_REPRESENTATION_ITEM()
RATIONAL_B_SPLINE_CURVE((1.,0.995602932329327,1.))
REPRESENTATION_ITEM('')
);
#2149=(
BOUNDED_CURVE()
B_SPLINE_CURVE(2,(#4164,#4165,#4166),.UNSPECIFIED.,.F.,.F.)
B_SPLINE_CURVE_WITH_KNOTS((3,3),(-1138.81424695691,-1104.76069158894),
 .UNSPECIFIED.)
CURVE()
GEOMETRIC_REPRESENTATION_ITEM()
RATIONAL_B_SPLINE_CURVE((1.,0.995602932329327,1.))
REPRESENTATION_ITEM('')
);
#2150=(
BOUNDED_CURVE()
B_SPLINE_CURVE(1,(#4167,#4168),.UNSPECIFIED.,.F.,.F.)
B_SPLINE_CURVE_WITH_KNOTS((2,2),(166.266666666667,216.4),.UNSPECIFIED.)
CURVE()
GEOMETRIC_REPRESENTATION_ITEM()
RATIONAL_B_SPLINE_CURVE((1.,1.))
REPRESENTATION_ITEM('')
);
#2151=(
BOUNDED_CURVE()
B_SPLINE_CURVE(1,(#4169,#4170),.UNSPECIFIED.,.F.,.F.)
B_SPLINE_CURVE_WITH_KNOTS((2,2),(166.266666666667,216.4),.UNSPECIFIED.)
CURVE()
GEOMETRIC_REPRESENTATION_ITEM()
RATIONAL_B_SPLINE_CURVE((1.,1.))
REPRESENTATION_ITEM('')
);
#2152=(
BOUNDED_CURVE()
B_SPLINE_CURVE(2,(#4176,#4177,#4178),.UNSPECIFIED.,.F.,.F.)
B_SPLINE_CURVE_WITH_KNOTS((3,3),(-1138.81424695691,-1104.76069158894),
 .UNSPECIFIED.)
CURVE()
GEOMETRIC_REPRESENTATION_ITEM()
RATIONAL_B_SPLINE_CURVE((1.,0.995602932329327,1.))
REPRESENTATION_ITEM('')
);
#2153=(
BOUNDED_CURVE()
B_SPLINE_CURVE(1,(#4179,#4180),.UNSPECIFIED.,.F.,.F.)
B_SPLINE_CURVE_WITH_KNOTS((2,2),(115.333333333333,164.666666666667),
 .UNSPECIFIED.)
CURVE()
GEOMETRIC_REPRESENTATION_ITEM()
RATIONAL_B_SPLINE_CURVE((1.,1.))
REPRESENTATION_ITEM('')
);
#2154=(
BOUNDED_CURVE()
B_SPLINE_CURVE(1,(#4181,#4182),.UNSPECIFIED.,.F.,.F.)
B_SPLINE_CURVE_WITH_KNOTS((2,2),(115.333333333333,164.666666666667),
 .UNSPECIFIED.)
CURVE()
GEOMETRIC_REPRESENTATION_ITEM()
RATIONAL_B_SPLINE_CURVE((1.,1.))
REPRESENTATION_ITEM('')
);
#2155=(
BOUNDED_CURVE()
B_SPLINE_CURVE(2,(#4183,#4184,#4185),.UNSPECIFIED.,.F.,.F.)
B_SPLINE_CURVE_WITH_KNOTS((3,3),(-1138.81424695691,-1104.76069158894),
 .UNSPECIFIED.)
CURVE()
GEOMETRIC_REPRESENTATION_ITEM()
RATIONAL_B_SPLINE_CURVE((1.,0.995602932329327,1.))
REPRESENTATION_ITEM('')
);
#2156=(
BOUNDED_CURVE()
B_SPLINE_CURVE(2,(#4191,#4192,#4193),.UNSPECIFIED.,.F.,.F.)
B_SPLINE_CURVE_WITH_KNOTS((3,3),(-1138.81424695691,-1104.76069158894),
 .UNSPECIFIED.)
CURVE()
GEOMETRIC_REPRESENTATION_ITEM()
RATIONAL_B_SPLINE_CURVE((1.,0.995602932329327,1.))
REPRESENTATION_ITEM('')
);
#2157=(
BOUNDED_CURVE()
B_SPLINE_CURVE(2,(#4194,#4195,#4196),.UNSPECIFIED.,.F.,.F.)
B_SPLINE_CURVE_WITH_KNOTS((3,3),(-1138.81424695691,-1104.76069158894),
 .UNSPECIFIED.)
CURVE()
GEOMETRIC_REPRESENTATION_ITEM()
RATIONAL_B_SPLINE_CURVE((1.,0.995602932329327,1.))
REPRESENTATION_ITEM('')
);
#2158=(
BOUNDED_CURVE()
B_SPLINE_CURVE(1,(#4197,#4198),.UNSPECIFIED.,.F.,.F.)
B_SPLINE_CURVE_WITH_KNOTS((2,2),(166.266666666667,216.4),.UNSPECIFIED.)
CURVE()
GEOMETRIC_REPRESENTATION_ITEM()
RATIONAL_B_SPLINE_CURVE((1.,1.))
REPRESENTATION_ITEM('')
);
#2159=(
BOUNDED_CURVE()
B_SPLINE_CURVE(1,(#4199,#4200),.UNSPECIFIED.,.F.,.F.)
B_SPLINE_CURVE_WITH_KNOTS((2,2),(166.266666666667,216.4),.UNSPECIFIED.)
CURVE()
GEOMETRIC_REPRESENTATION_ITEM()
RATIONAL_B_SPLINE_CURVE((1.,1.))
REPRESENTATION_ITEM('')
);
#2160=(
BOUNDED_CURVE()
B_SPLINE_CURVE(2,(#4206,#4207,#4208),.UNSPECIFIED.,.F.,.F.)
B_SPLINE_CURVE_WITH_KNOTS((3,3),(-1138.81424695691,-1104.76069158894),
 .UNSPECIFIED.)
CURVE()
GEOMETRIC_REPRESENTATION_ITEM()
RATIONAL_B_SPLINE_CURVE((1.,0.995602932329327,1.))
REPRESENTATION_ITEM('')
);
#2161=(
BOUNDED_CURVE()
B_SPLINE_CURVE(1,(#4209,#4210),.UNSPECIFIED.,.F.,.F.)
B_SPLINE_CURVE_WITH_KNOTS((2,2),(115.333333333333,164.666666666667),
 .UNSPECIFIED.)
CURVE()
GEOMETRIC_REPRESENTATION_ITEM()
RATIONAL_B_SPLINE_CURVE((1.,1.))
REPRESENTATION_ITEM('')
);
#2162=(
BOUNDED_CURVE()
B_SPLINE_CURVE(1,(#4211,#4212),.UNSPECIFIED.,.F.,.F.)
B_SPLINE_CURVE_WITH_KNOTS((2,2),(115.333333333333,164.666666666667),
 .UNSPECIFIED.)
CURVE()
GEOMETRIC_REPRESENTATION_ITEM()
RATIONAL_B_SPLINE_CURVE((1.,1.))
REPRESENTATION_ITEM('')
);
#2163=(
BOUNDED_CURVE()
B_SPLINE_CURVE(2,(#4213,#4214,#4215),.UNSPECIFIED.,.F.,.F.)
B_SPLINE_CURVE_WITH_KNOTS((3,3),(-1138.81424695691,-1104.76069158894),
 .UNSPECIFIED.)
CURVE()
GEOMETRIC_REPRESENTATION_ITEM()
RATIONAL_B_SPLINE_CURVE((1.,0.995602932329327,1.))
REPRESENTATION_ITEM('')
);
#2164=(
BOUNDED_CURVE()
B_SPLINE_CURVE(2,(#4221,#4222,#4223),.UNSPECIFIED.,.F.,.F.)
B_SPLINE_CURVE_WITH_KNOTS((3,3),(-1138.81424695691,-1104.76069158894),
 .UNSPECIFIED.)
CURVE()
GEOMETRIC_REPRESENTATION_ITEM()
RATIONAL_B_SPLINE_CURVE((1.,0.995602932329327,1.))
REPRESENTATION_ITEM('')
);
#2165=(
BOUNDED_CURVE()
B_SPLINE_CURVE(2,(#4224,#4225,#4226),.UNSPECIFIED.,.F.,.F.)
B_SPLINE_CURVE_WITH_KNOTS((3,3),(-1138.81424695691,-1104.76069158894),
 .UNSPECIFIED.)
CURVE()
GEOMETRIC_REPRESENTATION_ITEM()
RATIONAL_B_SPLINE_CURVE((1.,0.995602932329327,1.))
REPRESENTATION_ITEM('')
);
#2166=(
BOUNDED_CURVE()
B_SPLINE_CURVE(1,(#4227,#4228),.UNSPECIFIED.,.F.,.F.)
B_SPLINE_CURVE_WITH_KNOTS((2,2),(166.266666666667,216.4),.UNSPECIFIED.)
CURVE()
GEOMETRIC_REPRESENTATION_ITEM()
RATIONAL_B_SPLINE_CURVE((1.,1.))
REPRESENTATION_ITEM('')
);
#2167=(
BOUNDED_CURVE()
B_SPLINE_CURVE(1,(#4229,#4230),.UNSPECIFIED.,.F.,.F.)
B_SPLINE_CURVE_WITH_KNOTS((2,2),(166.266666666667,216.4),.UNSPECIFIED.)
CURVE()
GEOMETRIC_REPRESENTATION_ITEM()
RATIONAL_B_SPLINE_CURVE((1.,1.))
REPRESENTATION_ITEM('')
);
#2168=(
BOUNDED_CURVE()
B_SPLINE_CURVE(2,(#4236,#4237,#4238),.UNSPECIFIED.,.F.,.F.)
B_SPLINE_CURVE_WITH_KNOTS((3,3),(-1138.81424695691,-1104.76069158894),
 .UNSPECIFIED.)
CURVE()
GEOMETRIC_REPRESENTATION_ITEM()
RATIONAL_B_SPLINE_CURVE((1.,0.995602932329327,1.))
REPRESENTATION_ITEM('')
);
#2169=(
BOUNDED_CURVE()
B_SPLINE_CURVE(1,(#4239,#4240),.UNSPECIFIED.,.F.,.F.)
B_SPLINE_CURVE_WITH_KNOTS((2,2),(115.333333333333,164.666666666667),
 .UNSPECIFIED.)
CURVE()
GEOMETRIC_REPRESENTATION_ITEM()
RATIONAL_B_SPLINE_CURVE((1.,1.))
REPRESENTATION_ITEM('')
);
#2170=(
BOUNDED_CURVE()
B_SPLINE_CURVE(1,(#4241,#4242),.UNSPECIFIED.,.F.,.F.)
B_SPLINE_CURVE_WITH_KNOTS((2,2),(115.333333333333,164.666666666667),
 .UNSPECIFIED.)
CURVE()
GEOMETRIC_REPRESENTATION_ITEM()
RATIONAL_B_SPLINE_CURVE((1.,1.))
REPRESENTATION_ITEM('')
);
#2171=(
BOUNDED_CURVE()
B_SPLINE_CURVE(2,(#4243,#4244,#4245),.UNSPECIFIED.,.F.,.F.)
B_SPLINE_CURVE_WITH_KNOTS((3,3),(-1138.81424695691,-1104.76069158894),
 .UNSPECIFIED.)
CURVE()
GEOMETRIC_REPRESENTATION_ITEM()
RATIONAL_B_SPLINE_CURVE((1.,0.995602932329327,1.))
REPRESENTATION_ITEM('')
);
#2172=(
BOUNDED_CURVE()
B_SPLINE_CURVE(2,(#4251,#4252,#4253),.UNSPECIFIED.,.F.,.F.)
B_SPLINE_CURVE_WITH_KNOTS((3,3),(-1138.81424695691,-1104.76069158894),
 .UNSPECIFIED.)
CURVE()
GEOMETRIC_REPRESENTATION_ITEM()
RATIONAL_B_SPLINE_CURVE((1.,0.995602932329327,1.))
REPRESENTATION_ITEM('')
);
#2173=(
BOUNDED_CURVE()
B_SPLINE_CURVE(2,(#4254,#4255,#4256),.UNSPECIFIED.,.F.,.F.)
B_SPLINE_CURVE_WITH_KNOTS((3,3),(-1138.81424695691,-1104.76069158894),
 .UNSPECIFIED.)
CURVE()
GEOMETRIC_REPRESENTATION_ITEM()
RATIONAL_B_SPLINE_CURVE((1.,0.995602932329328,1.))
REPRESENTATION_ITEM('')
);
#2174=(
BOUNDED_CURVE()
B_SPLINE_CURVE(1,(#4257,#4258),.UNSPECIFIED.,.F.,.F.)
B_SPLINE_CURVE_WITH_KNOTS((2,2),(166.266666666667,216.4),.UNSPECIFIED.)
CURVE()
GEOMETRIC_REPRESENTATION_ITEM()
RATIONAL_B_SPLINE_CURVE((1.,1.))
REPRESENTATION_ITEM('')
);
#2175=(
BOUNDED_CURVE()
B_SPLINE_CURVE(1,(#4259,#4260),.UNSPECIFIED.,.F.,.F.)
B_SPLINE_CURVE_WITH_KNOTS((2,2),(166.266666666667,216.4),.UNSPECIFIED.)
CURVE()
GEOMETRIC_REPRESENTATION_ITEM()
RATIONAL_B_SPLINE_CURVE((1.,1.))
REPRESENTATION_ITEM('')
);
#2176=(
BOUNDED_CURVE()
B_SPLINE_CURVE(2,(#4266,#4267,#4268),.UNSPECIFIED.,.F.,.F.)
B_SPLINE_CURVE_WITH_KNOTS((3,3),(-1138.81424695691,-1104.76069158894),
 .UNSPECIFIED.)
CURVE()
GEOMETRIC_REPRESENTATION_ITEM()
RATIONAL_B_SPLINE_CURVE((1.,0.995602932329328,1.))
REPRESENTATION_ITEM('')
);
#2177=(
BOUNDED_CURVE()
B_SPLINE_CURVE(1,(#4269,#4270),.UNSPECIFIED.,.F.,.F.)
B_SPLINE_CURVE_WITH_KNOTS((2,2),(115.333333333333,164.666666666667),
 .UNSPECIFIED.)
CURVE()
GEOMETRIC_REPRESENTATION_ITEM()
RATIONAL_B_SPLINE_CURVE((1.,1.))
REPRESENTATION_ITEM('')
);
#2178=(
BOUNDED_CURVE()
B_SPLINE_CURVE(1,(#4271,#4272),.UNSPECIFIED.,.F.,.F.)
B_SPLINE_CURVE_WITH_KNOTS((2,2),(115.333333333333,164.666666666667),
 .UNSPECIFIED.)
CURVE()
GEOMETRIC_REPRESENTATION_ITEM()
RATIONAL_B_SPLINE_CURVE((1.,1.))
REPRESENTATION_ITEM('')
);
#2179=(
BOUNDED_CURVE()
B_SPLINE_CURVE(2,(#4273,#4274,#4275),.UNSPECIFIED.,.F.,.F.)
B_SPLINE_CURVE_WITH_KNOTS((3,3),(-1138.81424695691,-1104.76069158894),
 .UNSPECIFIED.)
CURVE()
GEOMETRIC_REPRESENTATION_ITEM()
RATIONAL_B_SPLINE_CURVE((1.,0.995602932329328,1.))
REPRESENTATION_ITEM('')
);
#2180=(
BOUNDED_CURVE()
B_SPLINE_CURVE(2,(#4281,#4282,#4283),.UNSPECIFIED.,.F.,.F.)
B_SPLINE_CURVE_WITH_KNOTS((3,3),(-1138.81424695691,-1104.76069158894),
 .UNSPECIFIED.)
CURVE()
GEOMETRIC_REPRESENTATION_ITEM()
RATIONAL_B_SPLINE_CURVE((1.,0.995602932329326,1.))
REPRESENTATION_ITEM('')
);
#2181=(
BOUNDED_CURVE()
B_SPLINE_CURVE(2,(#4284,#4285,#4286),.UNSPECIFIED.,.F.,.F.)
B_SPLINE_CURVE_WITH_KNOTS((3,3),(-1138.81424695691,-1104.76069158894),
 .UNSPECIFIED.)
CURVE()
GEOMETRIC_REPRESENTATION_ITEM()
RATIONAL_B_SPLINE_CURVE((1.,0.995602932329327,1.))
REPRESENTATION_ITEM('')
);
#2182=(
BOUNDED_CURVE()
B_SPLINE_CURVE(1,(#4287,#4288),.UNSPECIFIED.,.F.,.F.)
B_SPLINE_CURVE_WITH_KNOTS((2,2),(166.266666666667,216.4),.UNSPECIFIED.)
CURVE()
GEOMETRIC_REPRESENTATION_ITEM()
RATIONAL_B_SPLINE_CURVE((1.,1.))
REPRESENTATION_ITEM('')
);
#2183=(
BOUNDED_CURVE()
B_SPLINE_CURVE(1,(#4289,#4290),.UNSPECIFIED.,.F.,.F.)
B_SPLINE_CURVE_WITH_KNOTS((2,2),(166.266666666667,216.4),.UNSPECIFIED.)
CURVE()
GEOMETRIC_REPRESENTATION_ITEM()
RATIONAL_B_SPLINE_CURVE((1.,1.))
REPRESENTATION_ITEM('')
);
#2184=(
BOUNDED_CURVE()
B_SPLINE_CURVE(2,(#4296,#4297,#4298),.UNSPECIFIED.,.F.,.F.)
B_SPLINE_CURVE_WITH_KNOTS((3,3),(-1138.81424695691,-1104.76069158894),
 .UNSPECIFIED.)
CURVE()
GEOMETRIC_REPRESENTATION_ITEM()
RATIONAL_B_SPLINE_CURVE((1.,0.995602932329327,1.))
REPRESENTATION_ITEM('')
);
#2185=(
BOUNDED_CURVE()
B_SPLINE_CURVE(1,(#4299,#4300),.UNSPECIFIED.,.F.,.F.)
B_SPLINE_CURVE_WITH_KNOTS((2,2),(115.333333333333,164.666666666667),
 .UNSPECIFIED.)
CURVE()
GEOMETRIC_REPRESENTATION_ITEM()
RATIONAL_B_SPLINE_CURVE((1.,1.))
REPRESENTATION_ITEM('')
);
#2186=(
BOUNDED_CURVE()
B_SPLINE_CURVE(1,(#4301,#4302),.UNSPECIFIED.,.F.,.F.)
B_SPLINE_CURVE_WITH_KNOTS((2,2),(115.333333333333,164.666666666667),
 .UNSPECIFIED.)
CURVE()
GEOMETRIC_REPRESENTATION_ITEM()
RATIONAL_B_SPLINE_CURVE((1.,1.))
REPRESENTATION_ITEM('')
);
#2187=(
BOUNDED_CURVE()
B_SPLINE_CURVE(2,(#4303,#4304,#4305),.UNSPECIFIED.,.F.,.F.)
B_SPLINE_CURVE_WITH_KNOTS((3,3),(-1138.81424695691,-1104.76069158894),
 .UNSPECIFIED.)
CURVE()
GEOMETRIC_REPRESENTATION_ITEM()
RATIONAL_B_SPLINE_CURVE((1.,0.995602932329327,1.))
REPRESENTATION_ITEM('')
);
#2188=(
BOUNDED_CURVE()
B_SPLINE_CURVE(2,(#4311,#4312,#4313),.UNSPECIFIED.,.F.,.F.)
B_SPLINE_CURVE_WITH_KNOTS((3,3),(-1138.81424695691,-1104.76069158894),
 .UNSPECIFIED.)
CURVE()
GEOMETRIC_REPRESENTATION_ITEM()
RATIONAL_B_SPLINE_CURVE((1.,0.995602932329327,1.))
REPRESENTATION_ITEM('')
);
#2189=(
BOUNDED_CURVE()
B_SPLINE_CURVE(2,(#4314,#4315,#4316),.UNSPECIFIED.,.F.,.F.)
B_SPLINE_CURVE_WITH_KNOTS((3,3),(-1138.81424695691,-1104.76069158894),
 .UNSPECIFIED.)
CURVE()
GEOMETRIC_REPRESENTATION_ITEM()
RATIONAL_B_SPLINE_CURVE((1.,0.995602932329326,1.))
REPRESENTATION_ITEM('')
);
#2190=(
BOUNDED_CURVE()
B_SPLINE_CURVE(1,(#4317,#4318),.UNSPECIFIED.,.F.,.F.)
B_SPLINE_CURVE_WITH_KNOTS((2,2),(166.266666666667,216.4),.UNSPECIFIED.)
CURVE()
GEOMETRIC_REPRESENTATION_ITEM()
RATIONAL_B_SPLINE_CURVE((1.,1.))
REPRESENTATION_ITEM('')
);
#2191=(
BOUNDED_CURVE()
B_SPLINE_CURVE(1,(#4319,#4320),.UNSPECIFIED.,.F.,.F.)
B_SPLINE_CURVE_WITH_KNOTS((2,2),(166.266666666667,216.4),.UNSPECIFIED.)
CURVE()
GEOMETRIC_REPRESENTATION_ITEM()
RATIONAL_B_SPLINE_CURVE((1.,1.))
REPRESENTATION_ITEM('')
);
#2192=(
BOUNDED_CURVE()
B_SPLINE_CURVE(2,(#4326,#4327,#4328),.UNSPECIFIED.,.F.,.F.)
B_SPLINE_CURVE_WITH_KNOTS((3,3),(-1138.81424695691,-1104.76069158894),
 .UNSPECIFIED.)
CURVE()
GEOMETRIC_REPRESENTATION_ITEM()
RATIONAL_B_SPLINE_CURVE((1.,0.995602932329326,1.))
REPRESENTATION_ITEM('')
);
#2193=(
BOUNDED_CURVE()
B_SPLINE_CURVE(1,(#4329,#4330),.UNSPECIFIED.,.F.,.F.)
B_SPLINE_CURVE_WITH_KNOTS((2,2),(115.333333333333,164.666666666667),
 .UNSPECIFIED.)
CURVE()
GEOMETRIC_REPRESENTATION_ITEM()
RATIONAL_B_SPLINE_CURVE((1.,1.))
REPRESENTATION_ITEM('')
);
#2194=(
BOUNDED_CURVE()
B_SPLINE_CURVE(1,(#4331,#4332),.UNSPECIFIED.,.F.,.F.)
B_SPLINE_CURVE_WITH_KNOTS((2,2),(115.333333333333,164.666666666667),
 .UNSPECIFIED.)
CURVE()
GEOMETRIC_REPRESENTATION_ITEM()
RATIONAL_B_SPLINE_CURVE((1.,1.))
REPRESENTATION_ITEM('')
);
#2195=(
BOUNDED_CURVE()
B_SPLINE_CURVE(2,(#4333,#4334,#4335),.UNSPECIFIED.,.F.,.F.)
B_SPLINE_CURVE_WITH_KNOTS((3,3),(-1138.81424695691,-1104.76069158894),
 .UNSPECIFIED.)
CURVE()
GEOMETRIC_REPRESENTATION_ITEM()
RATIONAL_B_SPLINE_CURVE((1.,0.995602932329326,1.))
REPRESENTATION_ITEM('')
);
#2196=(
BOUNDED_CURVE()
B_SPLINE_CURVE(2,(#4341,#4342,#4343),.UNSPECIFIED.,.F.,.F.)
B_SPLINE_CURVE_WITH_KNOTS((3,3),(-1138.81424695691,-1104.76069158894),
 .UNSPECIFIED.)
CURVE()
GEOMETRIC_REPRESENTATION_ITEM()
RATIONAL_B_SPLINE_CURVE((1.,0.995602932329327,1.))
REPRESENTATION_ITEM('')
);
#2197=(
BOUNDED_CURVE()
B_SPLINE_CURVE(2,(#4344,#4345,#4346),.UNSPECIFIED.,.F.,.F.)
B_SPLINE_CURVE_WITH_KNOTS((3,3),(-1138.81424695691,-1104.76069158894),
 .UNSPECIFIED.)
CURVE()
GEOMETRIC_REPRESENTATION_ITEM()
RATIONAL_B_SPLINE_CURVE((1.,0.995602932329327,1.))
REPRESENTATION_ITEM('')
);
#2198=(
BOUNDED_CURVE()
B_SPLINE_CURVE(1,(#4347,#4348),.UNSPECIFIED.,.F.,.F.)
B_SPLINE_CURVE_WITH_KNOTS((2,2),(166.266666666667,216.4),.UNSPECIFIED.)
CURVE()
GEOMETRIC_REPRESENTATION_ITEM()
RATIONAL_B_SPLINE_CURVE((1.,1.))
REPRESENTATION_ITEM('')
);
#2199=(
BOUNDED_CURVE()
B_SPLINE_CURVE(1,(#4349,#4350),.UNSPECIFIED.,.F.,.F.)
B_SPLINE_CURVE_WITH_KNOTS((2,2),(166.266666666667,216.4),.UNSPECIFIED.)
CURVE()
GEOMETRIC_REPRESENTATION_ITEM()
RATIONAL_B_SPLINE_CURVE((1.,1.))
REPRESENTATION_ITEM('')
);
#2200=(
BOUNDED_CURVE()
B_SPLINE_CURVE(2,(#4356,#4357,#4358),.UNSPECIFIED.,.F.,.F.)
B_SPLINE_CURVE_WITH_KNOTS((3,3),(-1138.81424695691,-1104.76069158894),
 .UNSPECIFIED.)
CURVE()
GEOMETRIC_REPRESENTATION_ITEM()
RATIONAL_B_SPLINE_CURVE((1.,0.995602932329327,1.))
REPRESENTATION_ITEM('')
);
#2201=(
BOUNDED_CURVE()
B_SPLINE_CURVE(1,(#4359,#4360),.UNSPECIFIED.,.F.,.F.)
B_SPLINE_CURVE_WITH_KNOTS((2,2),(115.333333333333,164.666666666667),
 .UNSPECIFIED.)
CURVE()
GEOMETRIC_REPRESENTATION_ITEM()
RATIONAL_B_SPLINE_CURVE((1.,1.))
REPRESENTATION_ITEM('')
);
#2202=(
BOUNDED_CURVE()
B_SPLINE_CURVE(1,(#4361,#4362),.UNSPECIFIED.,.F.,.F.)
B_SPLINE_CURVE_WITH_KNOTS((2,2),(115.333333333333,164.666666666667),
 .UNSPECIFIED.)
CURVE()
GEOMETRIC_REPRESENTATION_ITEM()
RATIONAL_B_SPLINE_CURVE((1.,1.))
REPRESENTATION_ITEM('')
);
#2203=(
BOUNDED_CURVE()
B_SPLINE_CURVE(2,(#4363,#4364,#4365),.UNSPECIFIED.,.F.,.F.)
B_SPLINE_CURVE_WITH_KNOTS((3,3),(-1138.81424695691,-1104.76069158894),
 .UNSPECIFIED.)
CURVE()
GEOMETRIC_REPRESENTATION_ITEM()
RATIONAL_B_SPLINE_CURVE((1.,0.995602932329327,1.))
REPRESENTATION_ITEM('')
);
#2204=(
BOUNDED_CURVE()
B_SPLINE_CURVE(2,(#4371,#4372,#4373),.UNSPECIFIED.,.F.,.F.)
B_SPLINE_CURVE_WITH_KNOTS((3,3),(-1138.81424695691,-1104.76069158894),
 .UNSPECIFIED.)
CURVE()
GEOMETRIC_REPRESENTATION_ITEM()
RATIONAL_B_SPLINE_CURVE((1.,0.995602932329327,1.))
REPRESENTATION_ITEM('')
);
#2205=(
BOUNDED_CURVE()
B_SPLINE_CURVE(2,(#4374,#4375,#4376),.UNSPECIFIED.,.F.,.F.)
B_SPLINE_CURVE_WITH_KNOTS((3,3),(-1138.81424695691,-1104.76069158894),
 .UNSPECIFIED.)
CURVE()
GEOMETRIC_REPRESENTATION_ITEM()
RATIONAL_B_SPLINE_CURVE((1.,0.995602932329327,1.))
REPRESENTATION_ITEM('')
);
#2206=(
BOUNDED_CURVE()
B_SPLINE_CURVE(1,(#4377,#4378),.UNSPECIFIED.,.F.,.F.)
B_SPLINE_CURVE_WITH_KNOTS((2,2),(166.266666666667,216.4),.UNSPECIFIED.)
CURVE()
GEOMETRIC_REPRESENTATION_ITEM()
RATIONAL_B_SPLINE_CURVE((1.,1.))
REPRESENTATION_ITEM('')
);
#2207=(
BOUNDED_CURVE()
B_SPLINE_CURVE(1,(#4379,#4380),.UNSPECIFIED.,.F.,.F.)
B_SPLINE_CURVE_WITH_KNOTS((2,2),(166.266666666667,216.4),.UNSPECIFIED.)
CURVE()
GEOMETRIC_REPRESENTATION_ITEM()
RATIONAL_B_SPLINE_CURVE((1.,1.))
REPRESENTATION_ITEM('')
);
#2208=(
BOUNDED_CURVE()
B_SPLINE_CURVE(2,(#4386,#4387,#4388),.UNSPECIFIED.,.F.,.F.)
B_SPLINE_CURVE_WITH_KNOTS((3,3),(-1138.81424695691,-1104.76069158894),
 .UNSPECIFIED.)
CURVE()
GEOMETRIC_REPRESENTATION_ITEM()
RATIONAL_B_SPLINE_CURVE((1.,0.995602932329327,1.))
REPRESENTATION_ITEM('')
);
#2209=(
BOUNDED_CURVE()
B_SPLINE_CURVE(1,(#4389,#4390),.UNSPECIFIED.,.F.,.F.)
B_SPLINE_CURVE_WITH_KNOTS((2,2),(115.333333333333,164.666666666667),
 .UNSPECIFIED.)
CURVE()
GEOMETRIC_REPRESENTATION_ITEM()
RATIONAL_B_SPLINE_CURVE((1.,1.))
REPRESENTATION_ITEM('')
);
#2210=(
BOUNDED_CURVE()
B_SPLINE_CURVE(1,(#4391,#4392),.UNSPECIFIED.,.F.,.F.)
B_SPLINE_CURVE_WITH_KNOTS((2,2),(115.333333333333,164.666666666667),
 .UNSPECIFIED.)
CURVE()
GEOMETRIC_REPRESENTATION_ITEM()
RATIONAL_B_SPLINE_CURVE((1.,1.))
REPRESENTATION_ITEM('')
);
#2211=(
BOUNDED_CURVE()
B_SPLINE_CURVE(2,(#4393,#4394,#4395),.UNSPECIFIED.,.F.,.F.)
B_SPLINE_CURVE_WITH_KNOTS((3,3),(-1138.81424695691,-1104.76069158894),
 .UNSPECIFIED.)
CURVE()
GEOMETRIC_REPRESENTATION_ITEM()
RATIONAL_B_SPLINE_CURVE((1.,0.995602932329327,1.))
REPRESENTATION_ITEM('')
);
#2212=(
BOUNDED_CURVE()
B_SPLINE_CURVE(2,(#4401,#4402,#4403),.UNSPECIFIED.,.F.,.F.)
B_SPLINE_CURVE_WITH_KNOTS((3,3),(-1138.81424695691,-1104.76069158894),
 .UNSPECIFIED.)
CURVE()
GEOMETRIC_REPRESENTATION_ITEM()
RATIONAL_B_SPLINE_CURVE((1.,0.995602932329327,1.))
REPRESENTATION_ITEM('')
);
#2213=(
BOUNDED_CURVE()
B_SPLINE_CURVE(2,(#4404,#4405,#4406),.UNSPECIFIED.,.F.,.F.)
B_SPLINE_CURVE_WITH_KNOTS((3,3),(-1138.81424695691,-1104.76069158894),
 .UNSPECIFIED.)
CURVE()
GEOMETRIC_REPRESENTATION_ITEM()
RATIONAL_B_SPLINE_CURVE((1.,0.995602932329327,1.))
REPRESENTATION_ITEM('')
);
#2214=(
BOUNDED_CURVE()
B_SPLINE_CURVE(1,(#4407,#4408),.UNSPECIFIED.,.F.,.F.)
B_SPLINE_CURVE_WITH_KNOTS((2,2),(166.266666666667,216.4),.UNSPECIFIED.)
CURVE()
GEOMETRIC_REPRESENTATION_ITEM()
RATIONAL_B_SPLINE_CURVE((1.,1.))
REPRESENTATION_ITEM('')
);
#2215=(
BOUNDED_CURVE()
B_SPLINE_CURVE(1,(#4409,#4410),.UNSPECIFIED.,.F.,.F.)
B_SPLINE_CURVE_WITH_KNOTS((2,2),(166.266666666667,216.4),.UNSPECIFIED.)
CURVE()
GEOMETRIC_REPRESENTATION_ITEM()
RATIONAL_B_SPLINE_CURVE((1.,1.))
REPRESENTATION_ITEM('')
);
#2216=(
BOUNDED_CURVE()
B_SPLINE_CURVE(2,(#4416,#4417,#4418),.UNSPECIFIED.,.F.,.F.)
B_SPLINE_CURVE_WITH_KNOTS((3,3),(-1138.81424695691,-1104.76069158894),
 .UNSPECIFIED.)
CURVE()
GEOMETRIC_REPRESENTATION_ITEM()
RATIONAL_B_SPLINE_CURVE((1.,0.995602932329327,1.))
REPRESENTATION_ITEM('')
);
#2217=(
BOUNDED_CURVE()
B_SPLINE_CURVE(1,(#4419,#4420),.UNSPECIFIED.,.F.,.F.)
B_SPLINE_CURVE_WITH_KNOTS((2,2),(115.333333333333,164.666666666667),
 .UNSPECIFIED.)
CURVE()
GEOMETRIC_REPRESENTATION_ITEM()
RATIONAL_B_SPLINE_CURVE((1.,1.))
REPRESENTATION_ITEM('')
);
#2218=(
BOUNDED_CURVE()
B_SPLINE_CURVE(1,(#4421,#4422),.UNSPECIFIED.,.F.,.F.)
B_SPLINE_CURVE_WITH_KNOTS((2,2),(115.333333333333,164.666666666667),
 .UNSPECIFIED.)
CURVE()
GEOMETRIC_REPRESENTATION_ITEM()
RATIONAL_B_SPLINE_CURVE((1.,1.))
REPRESENTATION_ITEM('')
);
#2219=(
BOUNDED_CURVE()
B_SPLINE_CURVE(2,(#4423,#4424,#4425),.UNSPECIFIED.,.F.,.F.)
B_SPLINE_CURVE_WITH_KNOTS((3,3),(-1138.81424695691,-1104.76069158894),
 .UNSPECIFIED.)
CURVE()
GEOMETRIC_REPRESENTATION_ITEM()
RATIONAL_B_SPLINE_CURVE((1.,0.995602932329327,1.))
REPRESENTATION_ITEM('')
);
#2220=(
BOUNDED_CURVE()
B_SPLINE_CURVE(2,(#4431,#4432,#4433),.UNSPECIFIED.,.F.,.F.)
B_SPLINE_CURVE_WITH_KNOTS((3,3),(-1138.81424695691,-1104.76069158894),
 .UNSPECIFIED.)
CURVE()
GEOMETRIC_REPRESENTATION_ITEM()
RATIONAL_B_SPLINE_CURVE((1.,0.995602932329327,1.))
REPRESENTATION_ITEM('')
);
#2221=(
BOUNDED_CURVE()
B_SPLINE_CURVE(2,(#4434,#4435,#4436),.UNSPECIFIED.,.F.,.F.)
B_SPLINE_CURVE_WITH_KNOTS((3,3),(-1138.81424695691,-1104.76069158894),
 .UNSPECIFIED.)
CURVE()
GEOMETRIC_REPRESENTATION_ITEM()
RATIONAL_B_SPLINE_CURVE((1.,0.995602932329327,1.))
REPRESENTATION_ITEM('')
);
#2222=(
BOUNDED_CURVE()
B_SPLINE_CURVE(1,(#4437,#4438),.UNSPECIFIED.,.F.,.F.)
B_SPLINE_CURVE_WITH_KNOTS((2,2),(166.266666666667,216.4),.UNSPECIFIED.)
CURVE()
GEOMETRIC_REPRESENTATION_ITEM()
RATIONAL_B_SPLINE_CURVE((1.,1.))
REPRESENTATION_ITEM('')
);
#2223=(
BOUNDED_CURVE()
B_SPLINE_CURVE(1,(#4439,#4440),.UNSPECIFIED.,.F.,.F.)
B_SPLINE_CURVE_WITH_KNOTS((2,2),(166.266666666667,216.4),.UNSPECIFIED.)
CURVE()
GEOMETRIC_REPRESENTATION_ITEM()
RATIONAL_B_SPLINE_CURVE((1.,1.))
REPRESENTATION_ITEM('')
);
#2224=(
BOUNDED_CURVE()
B_SPLINE_CURVE(2,(#4446,#4447,#4448),.UNSPECIFIED.,.F.,.F.)
B_SPLINE_CURVE_WITH_KNOTS((3,3),(-1138.81424695691,-1104.76069158894),
 .UNSPECIFIED.)
CURVE()
GEOMETRIC_REPRESENTATION_ITEM()
RATIONAL_B_SPLINE_CURVE((1.,0.995602932329327,1.))
REPRESENTATION_ITEM('')
);
#2225=(
BOUNDED_CURVE()
B_SPLINE_CURVE(1,(#4449,#4450),.UNSPECIFIED.,.F.,.F.)
B_SPLINE_CURVE_WITH_KNOTS((2,2),(115.333333333333,164.666666666667),
 .UNSPECIFIED.)
CURVE()
GEOMETRIC_REPRESENTATION_ITEM()
RATIONAL_B_SPLINE_CURVE((1.,1.))
REPRESENTATION_ITEM('')
);
#2226=(
BOUNDED_CURVE()
B_SPLINE_CURVE(1,(#4451,#4452),.UNSPECIFIED.,.F.,.F.)
B_SPLINE_CURVE_WITH_KNOTS((2,2),(115.333333333333,164.666666666667),
 .UNSPECIFIED.)
CURVE()
GEOMETRIC_REPRESENTATION_ITEM()
RATIONAL_B_SPLINE_CURVE((1.,1.))
REPRESENTATION_ITEM('')
);
#2227=(
BOUNDED_CURVE()
B_SPLINE_CURVE(2,(#4453,#4454,#4455),.UNSPECIFIED.,.F.,.F.)
B_SPLINE_CURVE_WITH_KNOTS((3,3),(-1138.81424695691,-1104.76069158894),
 .UNSPECIFIED.)
CURVE()
GEOMETRIC_REPRESENTATION_ITEM()
RATIONAL_B_SPLINE_CURVE((1.,0.995602932329326,1.))
REPRESENTATION_ITEM('')
);
#2228=(
BOUNDED_CURVE()
B_SPLINE_CURVE(2,(#4461,#4462,#4463),.UNSPECIFIED.,.F.,.F.)
B_SPLINE_CURVE_WITH_KNOTS((3,3),(-1138.81424695691,-1104.76069158894),
 .UNSPECIFIED.)
CURVE()
GEOMETRIC_REPRESENTATION_ITEM()
RATIONAL_B_SPLINE_CURVE((1.,0.995602932329327,1.))
REPRESENTATION_ITEM('')
);
#2229=(
BOUNDED_CURVE()
B_SPLINE_CURVE(2,(#4464,#4465,#4466),.UNSPECIFIED.,.F.,.F.)
B_SPLINE_CURVE_WITH_KNOTS((3,3),(-1138.81424695691,-1104.76069158894),
 .UNSPECIFIED.)
CURVE()
GEOMETRIC_REPRESENTATION_ITEM()
RATIONAL_B_SPLINE_CURVE((1.,0.995602932329327,1.))
REPRESENTATION_ITEM('')
);
#2230=(
BOUNDED_CURVE()
B_SPLINE_CURVE(1,(#4467,#4468),.UNSPECIFIED.,.F.,.F.)
B_SPLINE_CURVE_WITH_KNOTS((2,2),(166.266666666667,216.4),.UNSPECIFIED.)
CURVE()
GEOMETRIC_REPRESENTATION_ITEM()
RATIONAL_B_SPLINE_CURVE((1.,1.))
REPRESENTATION_ITEM('')
);
#2231=(
BOUNDED_CURVE()
B_SPLINE_CURVE(1,(#4469,#4470),.UNSPECIFIED.,.F.,.F.)
B_SPLINE_CURVE_WITH_KNOTS((2,2),(166.266666666667,216.4),.UNSPECIFIED.)
CURVE()
GEOMETRIC_REPRESENTATION_ITEM()
RATIONAL_B_SPLINE_CURVE((1.,1.))
REPRESENTATION_ITEM('')
);
#2232=(
BOUNDED_CURVE()
B_SPLINE_CURVE(2,(#4476,#4477,#4478),.UNSPECIFIED.,.F.,.F.)
B_SPLINE_CURVE_WITH_KNOTS((3,3),(-1138.81424695691,-1104.76069158894),
 .UNSPECIFIED.)
CURVE()
GEOMETRIC_REPRESENTATION_ITEM()
RATIONAL_B_SPLINE_CURVE((1.,0.995602932329327,1.))
REPRESENTATION_ITEM('')
);
#2233=(
BOUNDED_CURVE()
B_SPLINE_CURVE(1,(#4479,#4480),.UNSPECIFIED.,.F.,.F.)
B_SPLINE_CURVE_WITH_KNOTS((2,2),(115.333333333333,164.666666666667),
 .UNSPECIFIED.)
CURVE()
GEOMETRIC_REPRESENTATION_ITEM()
RATIONAL_B_SPLINE_CURVE((1.,1.))
REPRESENTATION_ITEM('')
);
#2234=(
BOUNDED_CURVE()
B_SPLINE_CURVE(1,(#4481,#4482),.UNSPECIFIED.,.F.,.F.)
B_SPLINE_CURVE_WITH_KNOTS((2,2),(115.333333333333,164.666666666667),
 .UNSPECIFIED.)
CURVE()
GEOMETRIC_REPRESENTATION_ITEM()
RATIONAL_B_SPLINE_CURVE((1.,1.))
REPRESENTATION_ITEM('')
);
#2235=(
BOUNDED_CURVE()
B_SPLINE_CURVE(2,(#4483,#4484,#4485),.UNSPECIFIED.,.F.,.F.)
B_SPLINE_CURVE_WITH_KNOTS((3,3),(-1138.81424695691,-1104.76069158894),
 .UNSPECIFIED.)
CURVE()
GEOMETRIC_REPRESENTATION_ITEM()
RATIONAL_B_SPLINE_CURVE((1.,0.995602932329327,1.))
REPRESENTATION_ITEM('')
);
#2236=(
BOUNDED_CURVE()
B_SPLINE_CURVE(2,(#4491,#4492,#4493),.UNSPECIFIED.,.F.,.F.)
B_SPLINE_CURVE_WITH_KNOTS((3,3),(-1138.81424695691,-1104.76069158894),
 .UNSPECIFIED.)
CURVE()
GEOMETRIC_REPRESENTATION_ITEM()
RATIONAL_B_SPLINE_CURVE((1.,0.995602932329326,1.))
REPRESENTATION_ITEM('')
);
#2237=(
BOUNDED_CURVE()
B_SPLINE_CURVE(2,(#4494,#4495,#4496),.UNSPECIFIED.,.F.,.F.)
B_SPLINE_CURVE_WITH_KNOTS((3,3),(-1138.81424695691,-1104.76069158894),
 .UNSPECIFIED.)
CURVE()
GEOMETRIC_REPRESENTATION_ITEM()
RATIONAL_B_SPLINE_CURVE((1.,0.995602932329327,1.))
REPRESENTATION_ITEM('')
);
#2238=(
BOUNDED_CURVE()
B_SPLINE_CURVE(1,(#4497,#4498),.UNSPECIFIED.,.F.,.F.)
B_SPLINE_CURVE_WITH_KNOTS((2,2),(166.266666666667,216.4),.UNSPECIFIED.)
CURVE()
GEOMETRIC_REPRESENTATION_ITEM()
RATIONAL_B_SPLINE_CURVE((1.,1.))
REPRESENTATION_ITEM('')
);
#2239=(
BOUNDED_CURVE()
B_SPLINE_CURVE(1,(#4499,#4500),.UNSPECIFIED.,.F.,.F.)
B_SPLINE_CURVE_WITH_KNOTS((2,2),(166.266666666667,216.4),.UNSPECIFIED.)
CURVE()
GEOMETRIC_REPRESENTATION_ITEM()
RATIONAL_B_SPLINE_CURVE((1.,1.))
REPRESENTATION_ITEM('')
);
#2240=(
BOUNDED_CURVE()
B_SPLINE_CURVE(2,(#4506,#4507,#4508),.UNSPECIFIED.,.F.,.F.)
B_SPLINE_CURVE_WITH_KNOTS((3,3),(-1138.81424695691,-1104.76069158894),
 .UNSPECIFIED.)
CURVE()
GEOMETRIC_REPRESENTATION_ITEM()
RATIONAL_B_SPLINE_CURVE((1.,0.995602932329327,1.))
REPRESENTATION_ITEM('')
);
#2241=(
BOUNDED_CURVE()
B_SPLINE_CURVE(1,(#4509,#4510),.UNSPECIFIED.,.F.,.F.)
B_SPLINE_CURVE_WITH_KNOTS((2,2),(115.333333333333,164.666666666667),
 .UNSPECIFIED.)
CURVE()
GEOMETRIC_REPRESENTATION_ITEM()
RATIONAL_B_SPLINE_CURVE((1.,1.))
REPRESENTATION_ITEM('')
);
#2242=(
BOUNDED_CURVE()
B_SPLINE_CURVE(1,(#4511,#4512),.UNSPECIFIED.,.F.,.F.)
B_SPLINE_CURVE_WITH_KNOTS((2,2),(115.333333333333,164.666666666667),
 .UNSPECIFIED.)
CURVE()
GEOMETRIC_REPRESENTATION_ITEM()
RATIONAL_B_SPLINE_CURVE((1.,1.))
REPRESENTATION_ITEM('')
);
#2243=(
BOUNDED_CURVE()
B_SPLINE_CURVE(2,(#4513,#4514,#4515),.UNSPECIFIED.,.F.,.F.)
B_SPLINE_CURVE_WITH_KNOTS((3,3),(-1138.81424695691,-1104.76069158894),
 .UNSPECIFIED.)
CURVE()
GEOMETRIC_REPRESENTATION_ITEM()
RATIONAL_B_SPLINE_CURVE((1.,0.995602932329327,1.))
REPRESENTATION_ITEM('')
);
#2244=(
BOUNDED_CURVE()
B_SPLINE_CURVE(2,(#4521,#4522,#4523),.UNSPECIFIED.,.F.,.F.)
B_SPLINE_CURVE_WITH_KNOTS((3,3),(-1138.81424695691,-1104.76069158894),
 .UNSPECIFIED.)
CURVE()
GEOMETRIC_REPRESENTATION_ITEM()
RATIONAL_B_SPLINE_CURVE((1.,0.995602932329327,1.))
REPRESENTATION_ITEM('')
);
#2245=(
BOUNDED_CURVE()
B_SPLINE_CURVE(2,(#4524,#4525,#4526),.UNSPECIFIED.,.F.,.F.)
B_SPLINE_CURVE_WITH_KNOTS((3,3),(-1138.81424695691,-1104.76069158894),
 .UNSPECIFIED.)
CURVE()
GEOMETRIC_REPRESENTATION_ITEM()
RATIONAL_B_SPLINE_CURVE((1.,0.995602932329328,1.))
REPRESENTATION_ITEM('')
);
#2246=(
BOUNDED_CURVE()
B_SPLINE_CURVE(1,(#4527,#4528),.UNSPECIFIED.,.F.,.F.)
B_SPLINE_CURVE_WITH_KNOTS((2,2),(166.266666666667,216.4),.UNSPECIFIED.)
CURVE()
GEOMETRIC_REPRESENTATION_ITEM()
RATIONAL_B_SPLINE_CURVE((1.,1.))
REPRESENTATION_ITEM('')
);
#2247=(
BOUNDED_CURVE()
B_SPLINE_CURVE(1,(#4529,#4530),.UNSPECIFIED.,.F.,.F.)
B_SPLINE_CURVE_WITH_KNOTS((2,2),(166.266666666667,216.4),.UNSPECIFIED.)
CURVE()
GEOMETRIC_REPRESENTATION_ITEM()
RATIONAL_B_SPLINE_CURVE((1.,1.))
REPRESENTATION_ITEM('')
);
#2248=(
BOUNDED_CURVE()
B_SPLINE_CURVE(2,(#4536,#4537,#4538),.UNSPECIFIED.,.F.,.F.)
B_SPLINE_CURVE_WITH_KNOTS((3,3),(-1138.81424695691,-1104.76069158894),
 .UNSPECIFIED.)
CURVE()
GEOMETRIC_REPRESENTATION_ITEM()
RATIONAL_B_SPLINE_CURVE((1.,0.995602932329328,1.))
REPRESENTATION_ITEM('')
);
#2249=(
BOUNDED_CURVE()
B_SPLINE_CURVE(1,(#4539,#4540),.UNSPECIFIED.,.F.,.F.)
B_SPLINE_CURVE_WITH_KNOTS((2,2),(115.333333333333,164.666666666667),
 .UNSPECIFIED.)
CURVE()
GEOMETRIC_REPRESENTATION_ITEM()
RATIONAL_B_SPLINE_CURVE((1.,1.))
REPRESENTATION_ITEM('')
);
#2250=(
BOUNDED_CURVE()
B_SPLINE_CURVE(1,(#4541,#4542),.UNSPECIFIED.,.F.,.F.)
B_SPLINE_CURVE_WITH_KNOTS((2,2),(115.333333333333,164.666666666667),
 .UNSPECIFIED.)
CURVE()
GEOMETRIC_REPRESENTATION_ITEM()
RATIONAL_B_SPLINE_CURVE((1.,1.))
REPRESENTATION_ITEM('')
);
#2251=(
BOUNDED_CURVE()
B_SPLINE_CURVE(2,(#4543,#4544,#4545),.UNSPECIFIED.,.F.,.F.)
B_SPLINE_CURVE_WITH_KNOTS((3,3),(-1138.81424695691,-1104.76069158894),
 .UNSPECIFIED.)
CURVE()
GEOMETRIC_REPRESENTATION_ITEM()
RATIONAL_B_SPLINE_CURVE((1.,0.995602932329328,1.))
REPRESENTATION_ITEM('')
);
#2252=(
BOUNDED_CURVE()
B_SPLINE_CURVE(2,(#4551,#4552,#4553),.UNSPECIFIED.,.F.,.F.)
B_SPLINE_CURVE_WITH_KNOTS((3,3),(-1138.81424695691,-1104.76069158894),
 .UNSPECIFIED.)
CURVE()
GEOMETRIC_REPRESENTATION_ITEM()
RATIONAL_B_SPLINE_CURVE((1.,0.995602932329327,1.))
REPRESENTATION_ITEM('')
);
#2253=(
BOUNDED_CURVE()
B_SPLINE_CURVE(2,(#4554,#4555,#4556),.UNSPECIFIED.,.F.,.F.)
B_SPLINE_CURVE_WITH_KNOTS((3,3),(-1138.81424695691,-1104.76069158894),
 .UNSPECIFIED.)
CURVE()
GEOMETRIC_REPRESENTATION_ITEM()
RATIONAL_B_SPLINE_CURVE((1.,0.995602932329327,1.))
REPRESENTATION_ITEM('')
);
#2254=(
BOUNDED_CURVE()
B_SPLINE_CURVE(1,(#4557,#4558),.UNSPECIFIED.,.F.,.F.)
B_SPLINE_CURVE_WITH_KNOTS((2,2),(166.266666666667,216.4),.UNSPECIFIED.)
CURVE()
GEOMETRIC_REPRESENTATION_ITEM()
RATIONAL_B_SPLINE_CURVE((1.,1.))
REPRESENTATION_ITEM('')
);
#2255=(
BOUNDED_CURVE()
B_SPLINE_CURVE(1,(#4559,#4560),.UNSPECIFIED.,.F.,.F.)
B_SPLINE_CURVE_WITH_KNOTS((2,2),(166.266666666667,216.4),.UNSPECIFIED.)
CURVE()
GEOMETRIC_REPRESENTATION_ITEM()
RATIONAL_B_SPLINE_CURVE((1.,1.))
REPRESENTATION_ITEM('')
);
#2256=(
BOUNDED_CURVE()
B_SPLINE_CURVE(2,(#4566,#4567,#4568),.UNSPECIFIED.,.F.,.F.)
B_SPLINE_CURVE_WITH_KNOTS((3,3),(-1138.81424695691,-1104.76069158894),
 .UNSPECIFIED.)
CURVE()
GEOMETRIC_REPRESENTATION_ITEM()
RATIONAL_B_SPLINE_CURVE((1.,0.995602932329327,1.))
REPRESENTATION_ITEM('')
);
#2257=(
BOUNDED_CURVE()
B_SPLINE_CURVE(1,(#4569,#4570),.UNSPECIFIED.,.F.,.F.)
B_SPLINE_CURVE_WITH_KNOTS((2,2),(115.333333333333,164.666666666667),
 .UNSPECIFIED.)
CURVE()
GEOMETRIC_REPRESENTATION_ITEM()
RATIONAL_B_SPLINE_CURVE((1.,1.))
REPRESENTATION_ITEM('')
);
#2258=(
BOUNDED_CURVE()
B_SPLINE_CURVE(1,(#4571,#4572),.UNSPECIFIED.,.F.,.F.)
B_SPLINE_CURVE_WITH_KNOTS((2,2),(115.333333333333,164.666666666667),
 .UNSPECIFIED.)
CURVE()
GEOMETRIC_REPRESENTATION_ITEM()
RATIONAL_B_SPLINE_CURVE((1.,1.))
REPRESENTATION_ITEM('')
);
#2259=(
BOUNDED_CURVE()
B_SPLINE_CURVE(2,(#4573,#4574,#4575),.UNSPECIFIED.,.F.,.F.)
B_SPLINE_CURVE_WITH_KNOTS((3,3),(-1138.81424695691,-1104.76069158894),
 .UNSPECIFIED.)
CURVE()
GEOMETRIC_REPRESENTATION_ITEM()
RATIONAL_B_SPLINE_CURVE((1.,0.995602932329327,1.))
REPRESENTATION_ITEM('')
);
#2260=(
BOUNDED_CURVE()
B_SPLINE_CURVE(2,(#4581,#4582,#4583),.UNSPECIFIED.,.F.,.F.)
B_SPLINE_CURVE_WITH_KNOTS((3,3),(-1138.81424695691,-1104.76069158894),
 .UNSPECIFIED.)
CURVE()
GEOMETRIC_REPRESENTATION_ITEM()
RATIONAL_B_SPLINE_CURVE((1.,0.995602932329328,1.))
REPRESENTATION_ITEM('')
);
#2261=(
BOUNDED_CURVE()
B_SPLINE_CURVE(2,(#4584,#4585,#4586),.UNSPECIFIED.,.F.,.F.)
B_SPLINE_CURVE_WITH_KNOTS((3,3),(-1138.81424695691,-1104.76069158894),
 .UNSPECIFIED.)
CURVE()
GEOMETRIC_REPRESENTATION_ITEM()
RATIONAL_B_SPLINE_CURVE((1.,0.995602932329328,1.))
REPRESENTATION_ITEM('')
);
#2262=(
BOUNDED_CURVE()
B_SPLINE_CURVE(1,(#4587,#4588),.UNSPECIFIED.,.F.,.F.)
B_SPLINE_CURVE_WITH_KNOTS((2,2),(166.266666666667,216.4),.UNSPECIFIED.)
CURVE()
GEOMETRIC_REPRESENTATION_ITEM()
RATIONAL_B_SPLINE_CURVE((1.,1.))
REPRESENTATION_ITEM('')
);
#2263=(
BOUNDED_CURVE()
B_SPLINE_CURVE(1,(#4589,#4590),.UNSPECIFIED.,.F.,.F.)
B_SPLINE_CURVE_WITH_KNOTS((2,2),(166.266666666667,216.4),.UNSPECIFIED.)
CURVE()
GEOMETRIC_REPRESENTATION_ITEM()
RATIONAL_B_SPLINE_CURVE((1.,1.))
REPRESENTATION_ITEM('')
);
#2264=(
BOUNDED_CURVE()
B_SPLINE_CURVE(2,(#4596,#4597,#4598),.UNSPECIFIED.,.F.,.F.)
B_SPLINE_CURVE_WITH_KNOTS((3,3),(-1138.81424695691,-1104.76069158894),
 .UNSPECIFIED.)
CURVE()
GEOMETRIC_REPRESENTATION_ITEM()
RATIONAL_B_SPLINE_CURVE((1.,0.995602932329328,1.))
REPRESENTATION_ITEM('')
);
#2265=(
BOUNDED_CURVE()
B_SPLINE_CURVE(1,(#4599,#4600),.UNSPECIFIED.,.F.,.F.)
B_SPLINE_CURVE_WITH_KNOTS((2,2),(115.333333333333,164.666666666667),
 .UNSPECIFIED.)
CURVE()
GEOMETRIC_REPRESENTATION_ITEM()
RATIONAL_B_SPLINE_CURVE((1.,1.))
REPRESENTATION_ITEM('')
);
#2266=(
BOUNDED_CURVE()
B_SPLINE_CURVE(1,(#4601,#4602),.UNSPECIFIED.,.F.,.F.)
B_SPLINE_CURVE_WITH_KNOTS((2,2),(115.333333333333,164.666666666667),
 .UNSPECIFIED.)
CURVE()
GEOMETRIC_REPRESENTATION_ITEM()
RATIONAL_B_SPLINE_CURVE((1.,1.))
REPRESENTATION_ITEM('')
);
#2267=(
BOUNDED_CURVE()
B_SPLINE_CURVE(2,(#4603,#4604,#4605),.UNSPECIFIED.,.F.,.F.)
B_SPLINE_CURVE_WITH_KNOTS((3,3),(-1138.81424695691,-1104.76069158894),
 .UNSPECIFIED.)
CURVE()
GEOMETRIC_REPRESENTATION_ITEM()
RATIONAL_B_SPLINE_CURVE((1.,0.995602932329328,1.))
REPRESENTATION_ITEM('')
);
#2268=(
BOUNDED_CURVE()
B_SPLINE_CURVE(2,(#4611,#4612,#4613),.UNSPECIFIED.,.F.,.F.)
B_SPLINE_CURVE_WITH_KNOTS((3,3),(-1138.81424695691,-1104.76069158894),
 .UNSPECIFIED.)
CURVE()
GEOMETRIC_REPRESENTATION_ITEM()
RATIONAL_B_SPLINE_CURVE((1.,0.995602932329327,1.))
REPRESENTATION_ITEM('')
);
#2269=(
BOUNDED_CURVE()
B_SPLINE_CURVE(2,(#4614,#4615,#4616),.UNSPECIFIED.,.F.,.F.)
B_SPLINE_CURVE_WITH_KNOTS((3,3),(-1138.81424695691,-1104.76069158894),
 .UNSPECIFIED.)
CURVE()
GEOMETRIC_REPRESENTATION_ITEM()
RATIONAL_B_SPLINE_CURVE((1.,0.995602932329327,1.))
REPRESENTATION_ITEM('')
);
#2270=(
BOUNDED_CURVE()
B_SPLINE_CURVE(1,(#4617,#4618),.UNSPECIFIED.,.F.,.F.)
B_SPLINE_CURVE_WITH_KNOTS((2,2),(166.266666666667,216.4),.UNSPECIFIED.)
CURVE()
GEOMETRIC_REPRESENTATION_ITEM()
RATIONAL_B_SPLINE_CURVE((1.,1.))
REPRESENTATION_ITEM('')
);
#2271=(
BOUNDED_CURVE()
B_SPLINE_CURVE(1,(#4619,#4620),.UNSPECIFIED.,.F.,.F.)
B_SPLINE_CURVE_WITH_KNOTS((2,2),(166.266666666667,216.4),.UNSPECIFIED.)
CURVE()
GEOMETRIC_REPRESENTATION_ITEM()
RATIONAL_B_SPLINE_CURVE((1.,1.))
REPRESENTATION_ITEM('')
);
#2272=(
BOUNDED_CURVE()
B_SPLINE_CURVE(2,(#4626,#4627,#4628),.UNSPECIFIED.,.F.,.F.)
B_SPLINE_CURVE_WITH_KNOTS((3,3),(-1138.81424695691,-1104.76069158894),
 .UNSPECIFIED.)
CURVE()
GEOMETRIC_REPRESENTATION_ITEM()
RATIONAL_B_SPLINE_CURVE((1.,0.995602932329326,1.))
REPRESENTATION_ITEM('')
);
#2273=(
BOUNDED_CURVE()
B_SPLINE_CURVE(1,(#4629,#4630),.UNSPECIFIED.,.F.,.F.)
B_SPLINE_CURVE_WITH_KNOTS((2,2),(115.333333333333,164.666666666667),
 .UNSPECIFIED.)
CURVE()
GEOMETRIC_REPRESENTATION_ITEM()
RATIONAL_B_SPLINE_CURVE((1.,1.))
REPRESENTATION_ITEM('')
);
#2274=(
BOUNDED_CURVE()
B_SPLINE_CURVE(1,(#4631,#4632),.UNSPECIFIED.,.F.,.F.)
B_SPLINE_CURVE_WITH_KNOTS((2,2),(115.333333333333,164.666666666667),
 .UNSPECIFIED.)
CURVE()
GEOMETRIC_REPRESENTATION_ITEM()
RATIONAL_B_SPLINE_CURVE((1.,1.))
REPRESENTATION_ITEM('')
);
#2275=(
BOUNDED_CURVE()
B_SPLINE_CURVE(2,(#4633,#4634,#4635),.UNSPECIFIED.,.F.,.F.)
B_SPLINE_CURVE_WITH_KNOTS((3,3),(-1138.81424695691,-1104.76069158894),
 .UNSPECIFIED.)
CURVE()
GEOMETRIC_REPRESENTATION_ITEM()
RATIONAL_B_SPLINE_CURVE((1.,0.995602932329327,1.))
REPRESENTATION_ITEM('')
);
#2276=(
BOUNDED_CURVE()
B_SPLINE_CURVE(2,(#4641,#4642,#4643),.UNSPECIFIED.,.F.,.F.)
B_SPLINE_CURVE_WITH_KNOTS((3,3),(-1138.81424695691,-1104.76069158894),
 .UNSPECIFIED.)
CURVE()
GEOMETRIC_REPRESENTATION_ITEM()
RATIONAL_B_SPLINE_CURVE((1.,0.995602932329326,1.))
REPRESENTATION_ITEM('')
);
#2277=(
BOUNDED_CURVE()
B_SPLINE_CURVE(1,(#4644,#4645),.UNSPECIFIED.,.F.,.F.)
B_SPLINE_CURVE_WITH_KNOTS((2,2),(63.6,113.733333333333),.UNSPECIFIED.)
CURVE()
GEOMETRIC_REPRESENTATION_ITEM()
RATIONAL_B_SPLINE_CURVE((1.,1.))
REPRESENTATION_ITEM('')
);
#2278=(
BOUNDED_CURVE()
B_SPLINE_CURVE(1,(#4646,#4647),.UNSPECIFIED.,.F.,.F.)
B_SPLINE_CURVE_WITH_KNOTS((2,2),(63.6,113.733333333333),.UNSPECIFIED.)
CURVE()
GEOMETRIC_REPRESENTATION_ITEM()
RATIONAL_B_SPLINE_CURVE((1.,1.))
REPRESENTATION_ITEM('')
);
#2279=(
BOUNDED_CURVE()
B_SPLINE_CURVE(2,(#4648,#4649,#4650),.UNSPECIFIED.,.F.,.F.)
B_SPLINE_CURVE_WITH_KNOTS((3,3),(-1138.81424695691,-1104.76069158894),
 .UNSPECIFIED.)
CURVE()
GEOMETRIC_REPRESENTATION_ITEM()
RATIONAL_B_SPLINE_CURVE((1.,0.995602932329327,1.))
REPRESENTATION_ITEM('')
);
#2280=(
BOUNDED_CURVE()
B_SPLINE_CURVE(2,(#4656,#4657,#4658),.UNSPECIFIED.,.F.,.F.)
B_SPLINE_CURVE_WITH_KNOTS((3,3),(-1138.81424695691,-1104.76069158894),
 .UNSPECIFIED.)
CURVE()
GEOMETRIC_REPRESENTATION_ITEM()
RATIONAL_B_SPLINE_CURVE((1.,0.995602932329327,1.))
REPRESENTATION_ITEM('')
);
#2281=(
BOUNDED_CURVE()
B_SPLINE_CURVE(1,(#4659,#4660),.UNSPECIFIED.,.F.,.F.)
B_SPLINE_CURVE_WITH_KNOTS((2,2),(63.6,113.733333333333),.UNSPECIFIED.)
CURVE()
GEOMETRIC_REPRESENTATION_ITEM()
RATIONAL_B_SPLINE_CURVE((1.,1.))
REPRESENTATION_ITEM('')
);
#2282=(
BOUNDED_CURVE()
B_SPLINE_CURVE(1,(#4661,#4662),.UNSPECIFIED.,.F.,.F.)
B_SPLINE_CURVE_WITH_KNOTS((2,2),(63.6,113.733333333333),.UNSPECIFIED.)
CURVE()
GEOMETRIC_REPRESENTATION_ITEM()
RATIONAL_B_SPLINE_CURVE((1.,1.))
REPRESENTATION_ITEM('')
);
#2283=(
BOUNDED_CURVE()
B_SPLINE_CURVE(2,(#4663,#4664,#4665),.UNSPECIFIED.,.F.,.F.)
B_SPLINE_CURVE_WITH_KNOTS((3,3),(-1138.81424695691,-1104.76069158894),
 .UNSPECIFIED.)
CURVE()
GEOMETRIC_REPRESENTATION_ITEM()
RATIONAL_B_SPLINE_CURVE((1.,0.995602932329326,1.))
REPRESENTATION_ITEM('')
);
#2284=(
BOUNDED_CURVE()
B_SPLINE_CURVE(2,(#4671,#4672,#4673),.UNSPECIFIED.,.F.,.F.)
B_SPLINE_CURVE_WITH_KNOTS((3,3),(-1138.81424695691,-1104.76069158894),
 .UNSPECIFIED.)
CURVE()
GEOMETRIC_REPRESENTATION_ITEM()
RATIONAL_B_SPLINE_CURVE((1.,0.995602932329328,1.))
REPRESENTATION_ITEM('')
);
#2285=(
BOUNDED_CURVE()
B_SPLINE_CURVE(1,(#4674,#4675),.UNSPECIFIED.,.F.,.F.)
B_SPLINE_CURVE_WITH_KNOTS((2,2),(63.6,113.733333333333),.UNSPECIFIED.)
CURVE()
GEOMETRIC_REPRESENTATION_ITEM()
RATIONAL_B_SPLINE_CURVE((1.,1.))
REPRESENTATION_ITEM('')
);
#2286=(
BOUNDED_CURVE()
B_SPLINE_CURVE(1,(#4676,#4677),.UNSPECIFIED.,.F.,.F.)
B_SPLINE_CURVE_WITH_KNOTS((2,2),(63.6,113.733333333333),.UNSPECIFIED.)
CURVE()
GEOMETRIC_REPRESENTATION_ITEM()
RATIONAL_B_SPLINE_CURVE((1.,1.))
REPRESENTATION_ITEM('')
);
#2287=(
BOUNDED_CURVE()
B_SPLINE_CURVE(2,(#4678,#4679,#4680),.UNSPECIFIED.,.F.,.F.)
B_SPLINE_CURVE_WITH_KNOTS((3,3),(-1138.81424695691,-1104.76069158894),
 .UNSPECIFIED.)
CURVE()
GEOMETRIC_REPRESENTATION_ITEM()
RATIONAL_B_SPLINE_CURVE((1.,0.995602932329327,1.))
REPRESENTATION_ITEM('')
);
#2288=(
BOUNDED_CURVE()
B_SPLINE_CURVE(2,(#4686,#4687,#4688),.UNSPECIFIED.,.F.,.F.)
B_SPLINE_CURVE_WITH_KNOTS((3,3),(-1138.81424695691,-1104.76069158894),
 .UNSPECIFIED.)
CURVE()
GEOMETRIC_REPRESENTATION_ITEM()
RATIONAL_B_SPLINE_CURVE((1.,0.995602932329327,1.))
REPRESENTATION_ITEM('')
);
#2289=(
BOUNDED_CURVE()
B_SPLINE_CURVE(1,(#4689,#4690),.UNSPECIFIED.,.F.,.F.)
B_SPLINE_CURVE_WITH_KNOTS((2,2),(63.6,113.733333333333),.UNSPECIFIED.)
CURVE()
GEOMETRIC_REPRESENTATION_ITEM()
RATIONAL_B_SPLINE_CURVE((1.,1.))
REPRESENTATION_ITEM('')
);
#2290=(
BOUNDED_CURVE()
B_SPLINE_CURVE(1,(#4691,#4692),.UNSPECIFIED.,.F.,.F.)
B_SPLINE_CURVE_WITH_KNOTS((2,2),(63.6,113.733333333333),.UNSPECIFIED.)
CURVE()
GEOMETRIC_REPRESENTATION_ITEM()
RATIONAL_B_SPLINE_CURVE((1.,1.))
REPRESENTATION_ITEM('')
);
#2291=(
BOUNDED_CURVE()
B_SPLINE_CURVE(2,(#4693,#4694,#4695),.UNSPECIFIED.,.F.,.F.)
B_SPLINE_CURVE_WITH_KNOTS((3,3),(-1138.81424695691,-1104.76069158894),
 .UNSPECIFIED.)
CURVE()
GEOMETRIC_REPRESENTATION_ITEM()
RATIONAL_B_SPLINE_CURVE((1.,0.995602932329327,1.))
REPRESENTATION_ITEM('')
);
#2292=(
BOUNDED_CURVE()
B_SPLINE_CURVE(2,(#4701,#4702,#4703),.UNSPECIFIED.,.F.,.F.)
B_SPLINE_CURVE_WITH_KNOTS((3,3),(-1138.81424695691,-1104.76069158894),
 .UNSPECIFIED.)
CURVE()
GEOMETRIC_REPRESENTATION_ITEM()
RATIONAL_B_SPLINE_CURVE((1.,0.995602932329328,1.))
REPRESENTATION_ITEM('')
);
#2293=(
BOUNDED_CURVE()
B_SPLINE_CURVE(1,(#4704,#4705),.UNSPECIFIED.,.F.,.F.)
B_SPLINE_CURVE_WITH_KNOTS((2,2),(63.6,113.733333333333),.UNSPECIFIED.)
CURVE()
GEOMETRIC_REPRESENTATION_ITEM()
RATIONAL_B_SPLINE_CURVE((1.,1.))
REPRESENTATION_ITEM('')
);
#2294=(
BOUNDED_CURVE()
B_SPLINE_CURVE(1,(#4706,#4707),.UNSPECIFIED.,.F.,.F.)
B_SPLINE_CURVE_WITH_KNOTS((2,2),(63.6,113.733333333333),.UNSPECIFIED.)
CURVE()
GEOMETRIC_REPRESENTATION_ITEM()
RATIONAL_B_SPLINE_CURVE((1.,1.))
REPRESENTATION_ITEM('')
);
#2295=(
BOUNDED_CURVE()
B_SPLINE_CURVE(2,(#4708,#4709,#4710),.UNSPECIFIED.,.F.,.F.)
B_SPLINE_CURVE_WITH_KNOTS((3,3),(-1138.81424695691,-1104.76069158894),
 .UNSPECIFIED.)
CURVE()
GEOMETRIC_REPRESENTATION_ITEM()
RATIONAL_B_SPLINE_CURVE((1.,0.995602932329328,1.))
REPRESENTATION_ITEM('')
);
#2296=(
BOUNDED_CURVE()
B_SPLINE_CURVE(2,(#4716,#4717,#4718),.UNSPECIFIED.,.F.,.F.)
B_SPLINE_CURVE_WITH_KNOTS((3,3),(-1138.81424695691,-1104.76069158894),
 .UNSPECIFIED.)
CURVE()
GEOMETRIC_REPRESENTATION_ITEM()
RATIONAL_B_SPLINE_CURVE((1.,0.995602932329327,1.))
REPRESENTATION_ITEM('')
);
#2297=(
BOUNDED_CURVE()
B_SPLINE_CURVE(1,(#4719,#4720),.UNSPECIFIED.,.F.,.F.)
B_SPLINE_CURVE_WITH_KNOTS((2,2),(63.6,113.733333333333),.UNSPECIFIED.)
CURVE()
GEOMETRIC_REPRESENTATION_ITEM()
RATIONAL_B_SPLINE_CURVE((1.,1.))
REPRESENTATION_ITEM('')
);
#2298=(
BOUNDED_CURVE()
B_SPLINE_CURVE(1,(#4721,#4722),.UNSPECIFIED.,.F.,.F.)
B_SPLINE_CURVE_WITH_KNOTS((2,2),(63.6,113.733333333333),.UNSPECIFIED.)
CURVE()
GEOMETRIC_REPRESENTATION_ITEM()
RATIONAL_B_SPLINE_CURVE((1.,1.))
REPRESENTATION_ITEM('')
);
#2299=(
BOUNDED_CURVE()
B_SPLINE_CURVE(2,(#4723,#4724,#4725),.UNSPECIFIED.,.F.,.F.)
B_SPLINE_CURVE_WITH_KNOTS((3,3),(-1138.81424695691,-1104.76069158894),
 .UNSPECIFIED.)
CURVE()
GEOMETRIC_REPRESENTATION_ITEM()
RATIONAL_B_SPLINE_CURVE((1.,0.995602932329327,1.))
REPRESENTATION_ITEM('')
);
#2300=(
BOUNDED_CURVE()
B_SPLINE_CURVE(2,(#4731,#4732,#4733),.UNSPECIFIED.,.F.,.F.)
B_SPLINE_CURVE_WITH_KNOTS((3,3),(-1138.81424695691,-1104.76069158894),
 .UNSPECIFIED.)
CURVE()
GEOMETRIC_REPRESENTATION_ITEM()
RATIONAL_B_SPLINE_CURVE((1.,0.995602932329328,1.))
REPRESENTATION_ITEM('')
);
#2301=(
BOUNDED_CURVE()
B_SPLINE_CURVE(2,(#4734,#4735,#4736),.UNSPECIFIED.,.F.,.F.)
B_SPLINE_CURVE_WITH_KNOTS((3,3),(-1138.81424695691,-1104.76069158894),
 .UNSPECIFIED.)
CURVE()
GEOMETRIC_REPRESENTATION_ITEM()
RATIONAL_B_SPLINE_CURVE((1.,0.995602932329327,1.))
REPRESENTATION_ITEM('')
);
#2302=(
BOUNDED_CURVE()
B_SPLINE_CURVE(1,(#4737,#4738),.UNSPECIFIED.,.F.,.F.)
B_SPLINE_CURVE_WITH_KNOTS((2,2),(115.333333333333,164.666666666667),
 .UNSPECIFIED.)
CURVE()
GEOMETRIC_REPRESENTATION_ITEM()
RATIONAL_B_SPLINE_CURVE((1.,1.))
REPRESENTATION_ITEM('')
);
#2303=(
BOUNDED_CURVE()
B_SPLINE_CURVE(1,(#4739,#4740),.UNSPECIFIED.,.F.,.F.)
B_SPLINE_CURVE_WITH_KNOTS((2,2),(115.333333333333,164.666666666667),
 .UNSPECIFIED.)
CURVE()
GEOMETRIC_REPRESENTATION_ITEM()
RATIONAL_B_SPLINE_CURVE((1.,1.))
REPRESENTATION_ITEM('')
);
#2304=(
BOUNDED_CURVE()
B_SPLINE_CURVE(2,(#4746,#4747,#4748),.UNSPECIFIED.,.F.,.F.)
B_SPLINE_CURVE_WITH_KNOTS((3,3),(-1138.81424695691,-1104.76069158894),
 .UNSPECIFIED.)
CURVE()
GEOMETRIC_REPRESENTATION_ITEM()
RATIONAL_B_SPLINE_CURVE((1.,0.995602932329327,1.))
REPRESENTATION_ITEM('')
);
#2305=(
BOUNDED_CURVE()
B_SPLINE_CURVE(1,(#4749,#4750),.UNSPECIFIED.,.F.,.F.)
B_SPLINE_CURVE_WITH_KNOTS((2,2),(63.6,113.733333333333),.UNSPECIFIED.)
CURVE()
GEOMETRIC_REPRESENTATION_ITEM()
RATIONAL_B_SPLINE_CURVE((1.,1.))
REPRESENTATION_ITEM('')
);
#2306=(
BOUNDED_CURVE()
B_SPLINE_CURVE(1,(#4751,#4752),.UNSPECIFIED.,.F.,.F.)
B_SPLINE_CURVE_WITH_KNOTS((2,2),(63.6,113.733333333333),.UNSPECIFIED.)
CURVE()
GEOMETRIC_REPRESENTATION_ITEM()
RATIONAL_B_SPLINE_CURVE((1.,1.))
REPRESENTATION_ITEM('')
);
#2307=(
BOUNDED_CURVE()
B_SPLINE_CURVE(2,(#4753,#4754,#4755),.UNSPECIFIED.,.F.,.F.)
B_SPLINE_CURVE_WITH_KNOTS((3,3),(-1138.81424695691,-1104.76069158894),
 .UNSPECIFIED.)
CURVE()
GEOMETRIC_REPRESENTATION_ITEM()
RATIONAL_B_SPLINE_CURVE((1.,0.995602932329327,1.))
REPRESENTATION_ITEM('')
);
#2308=(
BOUNDED_CURVE()
B_SPLINE_CURVE(2,(#4761,#4762,#4763),.UNSPECIFIED.,.F.,.F.)
B_SPLINE_CURVE_WITH_KNOTS((3,3),(-1138.81424695691,-1104.76069158894),
 .UNSPECIFIED.)
CURVE()
GEOMETRIC_REPRESENTATION_ITEM()
RATIONAL_B_SPLINE_CURVE((1.,0.995602932329327,1.))
REPRESENTATION_ITEM('')
);
#2309=(
BOUNDED_CURVE()
B_SPLINE_CURVE(2,(#4764,#4765,#4766),.UNSPECIFIED.,.F.,.F.)
B_SPLINE_CURVE_WITH_KNOTS((3,3),(-1138.81424695691,-1104.76069158894),
 .UNSPECIFIED.)
CURVE()
GEOMETRIC_REPRESENTATION_ITEM()
RATIONAL_B_SPLINE_CURVE((1.,0.995602932329327,1.))
REPRESENTATION_ITEM('')
);
#2310=(
BOUNDED_CURVE()
B_SPLINE_CURVE(1,(#4767,#4768),.UNSPECIFIED.,.F.,.F.)
B_SPLINE_CURVE_WITH_KNOTS((2,2),(115.333333333333,164.666666666667),
 .UNSPECIFIED.)
CURVE()
GEOMETRIC_REPRESENTATION_ITEM()
RATIONAL_B_SPLINE_CURVE((1.,1.))
REPRESENTATION_ITEM('')
);
#2311=(
BOUNDED_CURVE()
B_SPLINE_CURVE(1,(#4769,#4770),.UNSPECIFIED.,.F.,.F.)
B_SPLINE_CURVE_WITH_KNOTS((2,2),(115.333333333333,164.666666666667),
 .UNSPECIFIED.)
CURVE()
GEOMETRIC_REPRESENTATION_ITEM()
RATIONAL_B_SPLINE_CURVE((1.,1.))
REPRESENTATION_ITEM('')
);
#2312=(
BOUNDED_CURVE()
B_SPLINE_CURVE(2,(#4776,#4777,#4778),.UNSPECIFIED.,.F.,.F.)
B_SPLINE_CURVE_WITH_KNOTS((3,3),(-1138.81424695691,-1104.76069158894),
 .UNSPECIFIED.)
CURVE()
GEOMETRIC_REPRESENTATION_ITEM()
RATIONAL_B_SPLINE_CURVE((1.,0.995602932329327,1.))
REPRESENTATION_ITEM('')
);
#2313=(
BOUNDED_CURVE()
B_SPLINE_CURVE(1,(#4779,#4780),.UNSPECIFIED.,.F.,.F.)
B_SPLINE_CURVE_WITH_KNOTS((2,2),(63.6,113.733333333333),.UNSPECIFIED.)
CURVE()
GEOMETRIC_REPRESENTATION_ITEM()
RATIONAL_B_SPLINE_CURVE((1.,1.))
REPRESENTATION_ITEM('')
);
#2314=(
BOUNDED_CURVE()
B_SPLINE_CURVE(1,(#4781,#4782),.UNSPECIFIED.,.F.,.F.)
B_SPLINE_CURVE_WITH_KNOTS((2,2),(63.6,113.733333333333),.UNSPECIFIED.)
CURVE()
GEOMETRIC_REPRESENTATION_ITEM()
RATIONAL_B_SPLINE_CURVE((1.,1.))
REPRESENTATION_ITEM('')
);
#2315=(
BOUNDED_CURVE()
B_SPLINE_CURVE(2,(#4783,#4784,#4785),.UNSPECIFIED.,.F.,.F.)
B_SPLINE_CURVE_WITH_KNOTS((3,3),(-1138.81424695691,-1104.76069158894),
 .UNSPECIFIED.)
CURVE()
GEOMETRIC_REPRESENTATION_ITEM()
RATIONAL_B_SPLINE_CURVE((1.,0.995602932329327,1.))
REPRESENTATION_ITEM('')
);
#2316=(
BOUNDED_CURVE()
B_SPLINE_CURVE(2,(#4791,#4792,#4793),.UNSPECIFIED.,.F.,.F.)
B_SPLINE_CURVE_WITH_KNOTS((3,3),(-1138.81424695691,-1104.76069158894),
 .UNSPECIFIED.)
CURVE()
GEOMETRIC_REPRESENTATION_ITEM()
RATIONAL_B_SPLINE_CURVE((1.,0.995602932329327,1.))
REPRESENTATION_ITEM('')
);
#2317=(
BOUNDED_CURVE()
B_SPLINE_CURVE(1,(#4794,#4795),.UNSPECIFIED.,.F.,.F.)
B_SPLINE_CURVE_WITH_KNOTS((2,2),(63.6,113.733333333333),.UNSPECIFIED.)
CURVE()
GEOMETRIC_REPRESENTATION_ITEM()
RATIONAL_B_SPLINE_CURVE((1.,1.))
REPRESENTATION_ITEM('')
);
#2318=(
BOUNDED_CURVE()
B_SPLINE_CURVE(1,(#4796,#4797),.UNSPECIFIED.,.F.,.F.)
B_SPLINE_CURVE_WITH_KNOTS((2,2),(63.6,113.733333333333),.UNSPECIFIED.)
CURVE()
GEOMETRIC_REPRESENTATION_ITEM()
RATIONAL_B_SPLINE_CURVE((1.,1.))
REPRESENTATION_ITEM('')
);
#2319=(
BOUNDED_CURVE()
B_SPLINE_CURVE(2,(#4798,#4799,#4800),.UNSPECIFIED.,.F.,.F.)
B_SPLINE_CURVE_WITH_KNOTS((3,3),(-1138.81424695691,-1104.76069158894),
 .UNSPECIFIED.)
CURVE()
GEOMETRIC_REPRESENTATION_ITEM()
RATIONAL_B_SPLINE_CURVE((1.,0.995602932329327,1.))
REPRESENTATION_ITEM('')
);
#2320=(
BOUNDED_CURVE()
B_SPLINE_CURVE(2,(#4806,#4807,#4808),.UNSPECIFIED.,.F.,.F.)
B_SPLINE_CURVE_WITH_KNOTS((3,3),(-1138.81424695691,-1104.76069158894),
 .UNSPECIFIED.)
CURVE()
GEOMETRIC_REPRESENTATION_ITEM()
RATIONAL_B_SPLINE_CURVE((1.,0.995602932329327,1.))
REPRESENTATION_ITEM('')
);
#2321=(
BOUNDED_CURVE()
B_SPLINE_CURVE(1,(#4809,#4810),.UNSPECIFIED.,.F.,.F.)
B_SPLINE_CURVE_WITH_KNOTS((2,2),(63.6,113.733333333333),.UNSPECIFIED.)
CURVE()
GEOMETRIC_REPRESENTATION_ITEM()
RATIONAL_B_SPLINE_CURVE((1.,1.))
REPRESENTATION_ITEM('')
);
#2322=(
BOUNDED_CURVE()
B_SPLINE_CURVE(1,(#4811,#4812),.UNSPECIFIED.,.F.,.F.)
B_SPLINE_CURVE_WITH_KNOTS((2,2),(63.6,113.733333333333),.UNSPECIFIED.)
CURVE()
GEOMETRIC_REPRESENTATION_ITEM()
RATIONAL_B_SPLINE_CURVE((1.,1.))
REPRESENTATION_ITEM('')
);
#2323=(
BOUNDED_CURVE()
B_SPLINE_CURVE(2,(#4813,#4814,#4815),.UNSPECIFIED.,.F.,.F.)
B_SPLINE_CURVE_WITH_KNOTS((3,3),(-1138.81424695691,-1104.76069158894),
 .UNSPECIFIED.)
CURVE()
GEOMETRIC_REPRESENTATION_ITEM()
RATIONAL_B_SPLINE_CURVE((1.,0.995602932329327,1.))
REPRESENTATION_ITEM('')
);
#2324=(
BOUNDED_CURVE()
B_SPLINE_CURVE(2,(#4821,#4822,#4823),.UNSPECIFIED.,.F.,.F.)
B_SPLINE_CURVE_WITH_KNOTS((3,3),(-1138.81424695691,-1104.76069158894),
 .UNSPECIFIED.)
CURVE()
GEOMETRIC_REPRESENTATION_ITEM()
RATIONAL_B_SPLINE_CURVE((1.,0.995602932329327,1.))
REPRESENTATION_ITEM('')
);
#2325=(
BOUNDED_CURVE()
B_SPLINE_CURVE(1,(#4824,#4825),.UNSPECIFIED.,.F.,.F.)
B_SPLINE_CURVE_WITH_KNOTS((2,2),(63.6,113.733333333333),.UNSPECIFIED.)
CURVE()
GEOMETRIC_REPRESENTATION_ITEM()
RATIONAL_B_SPLINE_CURVE((1.,1.))
REPRESENTATION_ITEM('')
);
#2326=(
BOUNDED_CURVE()
B_SPLINE_CURVE(1,(#4826,#4827),.UNSPECIFIED.,.F.,.F.)
B_SPLINE_CURVE_WITH_KNOTS((2,2),(63.6,113.733333333333),.UNSPECIFIED.)
CURVE()
GEOMETRIC_REPRESENTATION_ITEM()
RATIONAL_B_SPLINE_CURVE((1.,1.))
REPRESENTATION_ITEM('')
);
#2327=(
BOUNDED_CURVE()
B_SPLINE_CURVE(2,(#4828,#4829,#4830),.UNSPECIFIED.,.F.,.F.)
B_SPLINE_CURVE_WITH_KNOTS((3,3),(-1138.81424695691,-1104.76069158894),
 .UNSPECIFIED.)
CURVE()
GEOMETRIC_REPRESENTATION_ITEM()
RATIONAL_B_SPLINE_CURVE((1.,0.995602932329328,1.))
REPRESENTATION_ITEM('')
);
#2328=(
BOUNDED_CURVE()
B_SPLINE_CURVE(2,(#4836,#4837,#4838),.UNSPECIFIED.,.F.,.F.)
B_SPLINE_CURVE_WITH_KNOTS((3,3),(-1138.81424695691,-1104.76069158894),
 .UNSPECIFIED.)
CURVE()
GEOMETRIC_REPRESENTATION_ITEM()
RATIONAL_B_SPLINE_CURVE((1.,0.995602932329327,1.))
REPRESENTATION_ITEM('')
);
#2329=(
BOUNDED_CURVE()
B_SPLINE_CURVE(1,(#4839,#4840),.UNSPECIFIED.,.F.,.F.)
B_SPLINE_CURVE_WITH_KNOTS((2,2),(63.6,113.733333333333),.UNSPECIFIED.)
CURVE()
GEOMETRIC_REPRESENTATION_ITEM()
RATIONAL_B_SPLINE_CURVE((1.,1.))
REPRESENTATION_ITEM('')
);
#2330=(
BOUNDED_CURVE()
B_SPLINE_CURVE(1,(#4841,#4842),.UNSPECIFIED.,.F.,.F.)
B_SPLINE_CURVE_WITH_KNOTS((2,2),(63.6,113.733333333333),.UNSPECIFIED.)
CURVE()
GEOMETRIC_REPRESENTATION_ITEM()
RATIONAL_B_SPLINE_CURVE((1.,1.))
REPRESENTATION_ITEM('')
);
#2331=(
BOUNDED_CURVE()
B_SPLINE_CURVE(2,(#4843,#4844,#4845),.UNSPECIFIED.,.F.,.F.)
B_SPLINE_CURVE_WITH_KNOTS((3,3),(-1138.81424695691,-1104.76069158894),
 .UNSPECIFIED.)
CURVE()
GEOMETRIC_REPRESENTATION_ITEM()
RATIONAL_B_SPLINE_CURVE((1.,0.995602932329327,1.))
REPRESENTATION_ITEM('')
);
#2332=(
BOUNDED_CURVE()
B_SPLINE_CURVE(2,(#4851,#4852,#4853),.UNSPECIFIED.,.F.,.F.)
B_SPLINE_CURVE_WITH_KNOTS((3,3),(-1138.81424695691,-1104.76069158894),
 .UNSPECIFIED.)
CURVE()
GEOMETRIC_REPRESENTATION_ITEM()
RATIONAL_B_SPLINE_CURVE((1.,0.995602932329327,1.))
REPRESENTATION_ITEM('')
);
#2333=(
BOUNDED_CURVE()
B_SPLINE_CURVE(1,(#4854,#4855),.UNSPECIFIED.,.F.,.F.)
B_SPLINE_CURVE_WITH_KNOTS((2,2),(63.6,113.733333333333),.UNSPECIFIED.)
CURVE()
GEOMETRIC_REPRESENTATION_ITEM()
RATIONAL_B_SPLINE_CURVE((1.,1.))
REPRESENTATION_ITEM('')
);
#2334=(
BOUNDED_CURVE()
B_SPLINE_CURVE(1,(#4856,#4857),.UNSPECIFIED.,.F.,.F.)
B_SPLINE_CURVE_WITH_KNOTS((2,2),(63.6,113.733333333333),.UNSPECIFIED.)
CURVE()
GEOMETRIC_REPRESENTATION_ITEM()
RATIONAL_B_SPLINE_CURVE((1.,1.))
REPRESENTATION_ITEM('')
);
#2335=(
BOUNDED_CURVE()
B_SPLINE_CURVE(2,(#4858,#4859,#4860),.UNSPECIFIED.,.F.,.F.)
B_SPLINE_CURVE_WITH_KNOTS((3,3),(-1138.81424695691,-1104.76069158894),
 .UNSPECIFIED.)
CURVE()
GEOMETRIC_REPRESENTATION_ITEM()
RATIONAL_B_SPLINE_CURVE((1.,0.995602932329327,1.))
REPRESENTATION_ITEM('')
);
#2336=(
BOUNDED_CURVE()
B_SPLINE_CURVE(2,(#4866,#4867,#4868),.UNSPECIFIED.,.F.,.F.)
B_SPLINE_CURVE_WITH_KNOTS((3,3),(-1138.81424695691,-1104.76069158894),
 .UNSPECIFIED.)
CURVE()
GEOMETRIC_REPRESENTATION_ITEM()
RATIONAL_B_SPLINE_CURVE((1.,0.995602932329327,1.))
REPRESENTATION_ITEM('')
);
#2337=(
BOUNDED_CURVE()
B_SPLINE_CURVE(1,(#4869,#4870),.UNSPECIFIED.,.F.,.F.)
B_SPLINE_CURVE_WITH_KNOTS((2,2),(63.6,113.733333333333),.UNSPECIFIED.)
CURVE()
GEOMETRIC_REPRESENTATION_ITEM()
RATIONAL_B_SPLINE_CURVE((1.,1.))
REPRESENTATION_ITEM('')
);
#2338=(
BOUNDED_CURVE()
B_SPLINE_CURVE(1,(#4871,#4872),.UNSPECIFIED.,.F.,.F.)
B_SPLINE_CURVE_WITH_KNOTS((2,2),(63.6,113.733333333333),.UNSPECIFIED.)
CURVE()
GEOMETRIC_REPRESENTATION_ITEM()
RATIONAL_B_SPLINE_CURVE((1.,1.))
REPRESENTATION_ITEM('')
);
#2339=(
BOUNDED_CURVE()
B_SPLINE_CURVE(2,(#4873,#4874,#4875),.UNSPECIFIED.,.F.,.F.)
B_SPLINE_CURVE_WITH_KNOTS((3,3),(-1138.81424695691,-1104.76069158894),
 .UNSPECIFIED.)
CURVE()
GEOMETRIC_REPRESENTATION_ITEM()
RATIONAL_B_SPLINE_CURVE((1.,0.995602932329327,1.))
REPRESENTATION_ITEM('')
);
#2340=(
BOUNDED_CURVE()
B_SPLINE_CURVE(2,(#4881,#4882,#4883),.UNSPECIFIED.,.F.,.F.)
B_SPLINE_CURVE_WITH_KNOTS((3,3),(-1138.81424695691,-1104.76069158894),
 .UNSPECIFIED.)
CURVE()
GEOMETRIC_REPRESENTATION_ITEM()
RATIONAL_B_SPLINE_CURVE((1.,0.995602932329326,1.))
REPRESENTATION_ITEM('')
);
#2341=(
BOUNDED_CURVE()
B_SPLINE_CURVE(1,(#4884,#4885),.UNSPECIFIED.,.F.,.F.)
B_SPLINE_CURVE_WITH_KNOTS((2,2),(63.6,113.733333333333),.UNSPECIFIED.)
CURVE()
GEOMETRIC_REPRESENTATION_ITEM()
RATIONAL_B_SPLINE_CURVE((1.,1.))
REPRESENTATION_ITEM('')
);
#2342=(
BOUNDED_CURVE()
B_SPLINE_CURVE(1,(#4886,#4887),.UNSPECIFIED.,.F.,.F.)
B_SPLINE_CURVE_WITH_KNOTS((2,2),(63.6,113.733333333333),.UNSPECIFIED.)
CURVE()
GEOMETRIC_REPRESENTATION_ITEM()
RATIONAL_B_SPLINE_CURVE((1.,1.))
REPRESENTATION_ITEM('')
);
#2343=(
BOUNDED_CURVE()
B_SPLINE_CURVE(2,(#4888,#4889,#4890),.UNSPECIFIED.,.F.,.F.)
B_SPLINE_CURVE_WITH_KNOTS((3,3),(-1138.81424695691,-1104.76069158894),
 .UNSPECIFIED.)
CURVE()
GEOMETRIC_REPRESENTATION_ITEM()
RATIONAL_B_SPLINE_CURVE((1.,0.995602932329326,1.))
REPRESENTATION_ITEM('')
);
#2344=(
BOUNDED_CURVE()
B_SPLINE_CURVE(2,(#4896,#4897,#4898),.UNSPECIFIED.,.F.,.F.)
B_SPLINE_CURVE_WITH_KNOTS((3,3),(-1138.81424695691,-1104.76069158894),
 .UNSPECIFIED.)
CURVE()
GEOMETRIC_REPRESENTATION_ITEM()
RATIONAL_B_SPLINE_CURVE((1.,0.995602932329327,1.))
REPRESENTATION_ITEM('')
);
#2345=(
BOUNDED_CURVE()
B_SPLINE_CURVE(1,(#4899,#4900),.UNSPECIFIED.,.F.,.F.)
B_SPLINE_CURVE_WITH_KNOTS((2,2),(63.6,113.733333333333),.UNSPECIFIED.)
CURVE()
GEOMETRIC_REPRESENTATION_ITEM()
RATIONAL_B_SPLINE_CURVE((1.,1.))
REPRESENTATION_ITEM('')
);
#2346=(
BOUNDED_CURVE()
B_SPLINE_CURVE(1,(#4901,#4902),.UNSPECIFIED.,.F.,.F.)
B_SPLINE_CURVE_WITH_KNOTS((2,2),(63.6,113.733333333333),.UNSPECIFIED.)
CURVE()
GEOMETRIC_REPRESENTATION_ITEM()
RATIONAL_B_SPLINE_CURVE((1.,1.))
REPRESENTATION_ITEM('')
);
#2347=(
BOUNDED_CURVE()
B_SPLINE_CURVE(2,(#4903,#4904,#4905),.UNSPECIFIED.,.F.,.F.)
B_SPLINE_CURVE_WITH_KNOTS((3,3),(-1138.81424695691,-1104.76069158894),
 .UNSPECIFIED.)
CURVE()
GEOMETRIC_REPRESENTATION_ITEM()
RATIONAL_B_SPLINE_CURVE((1.,0.995602932329328,1.))
REPRESENTATION_ITEM('')
);
#2348=(
BOUNDED_CURVE()
B_SPLINE_CURVE(2,(#4911,#4912,#4913),.UNSPECIFIED.,.F.,.F.)
B_SPLINE_CURVE_WITH_KNOTS((3,3),(-1138.81424695691,-1104.76069158894),
 .UNSPECIFIED.)
CURVE()
GEOMETRIC_REPRESENTATION_ITEM()
RATIONAL_B_SPLINE_CURVE((1.,0.995602932329327,1.))
REPRESENTATION_ITEM('')
);
#2349=(
BOUNDED_CURVE()
B_SPLINE_CURVE(1,(#4914,#4915),.UNSPECIFIED.,.F.,.F.)
B_SPLINE_CURVE_WITH_KNOTS((2,2),(63.6,113.733333333333),.UNSPECIFIED.)
CURVE()
GEOMETRIC_REPRESENTATION_ITEM()
RATIONAL_B_SPLINE_CURVE((1.,1.))
REPRESENTATION_ITEM('')
);
#2350=(
BOUNDED_CURVE()
B_SPLINE_CURVE(1,(#4916,#4917),.UNSPECIFIED.,.F.,.F.)
B_SPLINE_CURVE_WITH_KNOTS((2,2),(63.6,113.733333333333),.UNSPECIFIED.)
CURVE()
GEOMETRIC_REPRESENTATION_ITEM()
RATIONAL_B_SPLINE_CURVE((1.,1.))
REPRESENTATION_ITEM('')
);
#2351=(
BOUNDED_CURVE()
B_SPLINE_CURVE(2,(#4918,#4919,#4920),.UNSPECIFIED.,.F.,.F.)
B_SPLINE_CURVE_WITH_KNOTS((3,3),(-1138.81424695691,-1104.76069158894),
 .UNSPECIFIED.)
CURVE()
GEOMETRIC_REPRESENTATION_ITEM()
RATIONAL_B_SPLINE_CURVE((1.,0.995602932329327,1.))
REPRESENTATION_ITEM('')
);
#2352=(
BOUNDED_CURVE()
B_SPLINE_CURVE(2,(#4926,#4927,#4928),.UNSPECIFIED.,.F.,.F.)
B_SPLINE_CURVE_WITH_KNOTS((3,3),(-1138.81424695691,-1104.76069158894),
 .UNSPECIFIED.)
CURVE()
GEOMETRIC_REPRESENTATION_ITEM()
RATIONAL_B_SPLINE_CURVE((1.,0.995602932329327,1.))
REPRESENTATION_ITEM('')
);
#2353=(
BOUNDED_CURVE()
B_SPLINE_CURVE(1,(#4929,#4930),.UNSPECIFIED.,.F.,.F.)
B_SPLINE_CURVE_WITH_KNOTS((2,2),(63.6,113.733333333333),.UNSPECIFIED.)
CURVE()
GEOMETRIC_REPRESENTATION_ITEM()
RATIONAL_B_SPLINE_CURVE((1.,1.))
REPRESENTATION_ITEM('')
);
#2354=(
BOUNDED_CURVE()
B_SPLINE_CURVE(1,(#4931,#4932),.UNSPECIFIED.,.F.,.F.)
B_SPLINE_CURVE_WITH_KNOTS((2,2),(63.6,113.733333333333),.UNSPECIFIED.)
CURVE()
GEOMETRIC_REPRESENTATION_ITEM()
RATIONAL_B_SPLINE_CURVE((1.,1.))
REPRESENTATION_ITEM('')
);
#2355=(
BOUNDED_CURVE()
B_SPLINE_CURVE(2,(#4933,#4934,#4935),.UNSPECIFIED.,.F.,.F.)
B_SPLINE_CURVE_WITH_KNOTS((3,3),(-1138.81424695691,-1104.76069158894),
 .UNSPECIFIED.)
CURVE()
GEOMETRIC_REPRESENTATION_ITEM()
RATIONAL_B_SPLINE_CURVE((1.,0.995602932329327,1.))
REPRESENTATION_ITEM('')
);
#2356=(
BOUNDED_CURVE()
B_SPLINE_CURVE(2,(#4941,#4942,#4943),.UNSPECIFIED.,.F.,.F.)
B_SPLINE_CURVE_WITH_KNOTS((3,3),(-1138.81424695691,-1104.76069158894),
 .UNSPECIFIED.)
CURVE()
GEOMETRIC_REPRESENTATION_ITEM()
RATIONAL_B_SPLINE_CURVE((1.,0.995602932329327,1.))
REPRESENTATION_ITEM('')
);
#2357=(
BOUNDED_CURVE()
B_SPLINE_CURVE(1,(#4944,#4945),.UNSPECIFIED.,.F.,.F.)
B_SPLINE_CURVE_WITH_KNOTS((2,2),(63.6,113.733333333333),.UNSPECIFIED.)
CURVE()
GEOMETRIC_REPRESENTATION_ITEM()
RATIONAL_B_SPLINE_CURVE((1.,1.))
REPRESENTATION_ITEM('')
);
#2358=(
BOUNDED_CURVE()
B_SPLINE_CURVE(1,(#4946,#4947),.UNSPECIFIED.,.F.,.F.)
B_SPLINE_CURVE_WITH_KNOTS((2,2),(63.6,113.733333333333),.UNSPECIFIED.)
CURVE()
GEOMETRIC_REPRESENTATION_ITEM()
RATIONAL_B_SPLINE_CURVE((1.,1.))
REPRESENTATION_ITEM('')
);
#2359=(
BOUNDED_CURVE()
B_SPLINE_CURVE(2,(#4948,#4949,#4950),.UNSPECIFIED.,.F.,.F.)
B_SPLINE_CURVE_WITH_KNOTS((3,3),(-1138.81424695691,-1104.76069158894),
 .UNSPECIFIED.)
CURVE()
GEOMETRIC_REPRESENTATION_ITEM()
RATIONAL_B_SPLINE_CURVE((1.,0.995602932329326,1.))
REPRESENTATION_ITEM('')
);
#2360=(
BOUNDED_CURVE()
B_SPLINE_CURVE(2,(#4956,#4957,#4958),.UNSPECIFIED.,.F.,.F.)
B_SPLINE_CURVE_WITH_KNOTS((3,3),(-1138.81424695691,-1104.76069158894),
 .UNSPECIFIED.)
CURVE()
GEOMETRIC_REPRESENTATION_ITEM()
RATIONAL_B_SPLINE_CURVE((1.,0.995602932329326,1.))
REPRESENTATION_ITEM('')
);
#2361=(
BOUNDED_CURVE()
B_SPLINE_CURVE(1,(#4959,#4960),.UNSPECIFIED.,.F.,.F.)
B_SPLINE_CURVE_WITH_KNOTS((2,2),(63.6,113.733333333333),.UNSPECIFIED.)
CURVE()
GEOMETRIC_REPRESENTATION_ITEM()
RATIONAL_B_SPLINE_CURVE((1.,1.))
REPRESENTATION_ITEM('')
);
#2362=(
BOUNDED_CURVE()
B_SPLINE_CURVE(1,(#4961,#4962),.UNSPECIFIED.,.F.,.F.)
B_SPLINE_CURVE_WITH_KNOTS((2,2),(63.6,113.733333333333),.UNSPECIFIED.)
CURVE()
GEOMETRIC_REPRESENTATION_ITEM()
RATIONAL_B_SPLINE_CURVE((1.,1.))
REPRESENTATION_ITEM('')
);
#2363=(
BOUNDED_CURVE()
B_SPLINE_CURVE(2,(#4963,#4964,#4965),.UNSPECIFIED.,.F.,.F.)
B_SPLINE_CURVE_WITH_KNOTS((3,3),(-1138.81424695691,-1104.76069158894),
 .UNSPECIFIED.)
CURVE()
GEOMETRIC_REPRESENTATION_ITEM()
RATIONAL_B_SPLINE_CURVE((1.,0.995602932329327,1.))
REPRESENTATION_ITEM('')
);
#2364=(
BOUNDED_CURVE()
B_SPLINE_CURVE(2,(#4971,#4972,#4973),.UNSPECIFIED.,.F.,.F.)
B_SPLINE_CURVE_WITH_KNOTS((3,3),(-1138.81424695691,-1104.76069158894),
 .UNSPECIFIED.)
CURVE()
GEOMETRIC_REPRESENTATION_ITEM()
RATIONAL_B_SPLINE_CURVE((1.,0.995602932329327,1.))
REPRESENTATION_ITEM('')
);
#2365=(
BOUNDED_CURVE()
B_SPLINE_CURVE(1,(#4974,#4975),.UNSPECIFIED.,.F.,.F.)
B_SPLINE_CURVE_WITH_KNOTS((2,2),(63.6,113.733333333333),.UNSPECIFIED.)
CURVE()
GEOMETRIC_REPRESENTATION_ITEM()
RATIONAL_B_SPLINE_CURVE((1.,1.))
REPRESENTATION_ITEM('')
);
#2366=(
BOUNDED_CURVE()
B_SPLINE_CURVE(1,(#4976,#4977),.UNSPECIFIED.,.F.,.F.)
B_SPLINE_CURVE_WITH_KNOTS((2,2),(63.6,113.733333333333),.UNSPECIFIED.)
CURVE()
GEOMETRIC_REPRESENTATION_ITEM()
RATIONAL_B_SPLINE_CURVE((1.,1.))
REPRESENTATION_ITEM('')
);
#2367=(
BOUNDED_CURVE()
B_SPLINE_CURVE(2,(#4978,#4979,#4980),.UNSPECIFIED.,.F.,.F.)
B_SPLINE_CURVE_WITH_KNOTS((3,3),(-1138.81424695691,-1104.76069158894),
 .UNSPECIFIED.)
CURVE()
GEOMETRIC_REPRESENTATION_ITEM()
RATIONAL_B_SPLINE_CURVE((1.,0.995602932329327,1.))
REPRESENTATION_ITEM('')
);
#2368=(
BOUNDED_CURVE()
B_SPLINE_CURVE(2,(#4986,#4987,#4988),.UNSPECIFIED.,.F.,.F.)
B_SPLINE_CURVE_WITH_KNOTS((3,3),(-1138.81424695691,-1104.76069158894),
 .UNSPECIFIED.)
CURVE()
GEOMETRIC_REPRESENTATION_ITEM()
RATIONAL_B_SPLINE_CURVE((1.,0.995602932329327,1.))
REPRESENTATION_ITEM('')
);
#2369=(
BOUNDED_CURVE()
B_SPLINE_CURVE(1,(#4989,#4990),.UNSPECIFIED.,.F.,.F.)
B_SPLINE_CURVE_WITH_KNOTS((2,2),(63.6,113.733333333333),.UNSPECIFIED.)
CURVE()
GEOMETRIC_REPRESENTATION_ITEM()
RATIONAL_B_SPLINE_CURVE((1.,1.))
REPRESENTATION_ITEM('')
);
#2370=(
BOUNDED_CURVE()
B_SPLINE_CURVE(1,(#4991,#4992),.UNSPECIFIED.,.F.,.F.)
B_SPLINE_CURVE_WITH_KNOTS((2,2),(63.6,113.733333333333),.UNSPECIFIED.)
CURVE()
GEOMETRIC_REPRESENTATION_ITEM()
RATIONAL_B_SPLINE_CURVE((1.,1.))
REPRESENTATION_ITEM('')
);
#2371=(
BOUNDED_CURVE()
B_SPLINE_CURVE(2,(#4993,#4994,#4995),.UNSPECIFIED.,.F.,.F.)
B_SPLINE_CURVE_WITH_KNOTS((3,3),(-1138.81424695691,-1104.76069158894),
 .UNSPECIFIED.)
CURVE()
GEOMETRIC_REPRESENTATION_ITEM()
RATIONAL_B_SPLINE_CURVE((1.,0.995602932329327,1.))
REPRESENTATION_ITEM('')
);
#2372=(
BOUNDED_CURVE()
B_SPLINE_CURVE(2,(#5001,#5002,#5003),.UNSPECIFIED.,.F.,.F.)
B_SPLINE_CURVE_WITH_KNOTS((3,3),(-1138.81424695691,-1104.76069158894),
 .UNSPECIFIED.)
CURVE()
GEOMETRIC_REPRESENTATION_ITEM()
RATIONAL_B_SPLINE_CURVE((1.,0.995602932329327,1.))
REPRESENTATION_ITEM('')
);
#2373=(
BOUNDED_CURVE()
B_SPLINE_CURVE(2,(#5004,#5005,#5006),.UNSPECIFIED.,.F.,.F.)
B_SPLINE_CURVE_WITH_KNOTS((3,3),(-1138.81424695691,-1104.76069158894),
 .UNSPECIFIED.)
CURVE()
GEOMETRIC_REPRESENTATION_ITEM()
RATIONAL_B_SPLINE_CURVE((1.,0.995602932329327,1.))
REPRESENTATION_ITEM('')
);
#2374=(
BOUNDED_CURVE()
B_SPLINE_CURVE(1,(#5007,#5008),.UNSPECIFIED.,.F.,.F.)
B_SPLINE_CURVE_WITH_KNOTS((2,2),(166.266666666667,216.4),.UNSPECIFIED.)
CURVE()
GEOMETRIC_REPRESENTATION_ITEM()
RATIONAL_B_SPLINE_CURVE((1.,1.))
REPRESENTATION_ITEM('')
);
#2375=(
BOUNDED_CURVE()
B_SPLINE_CURVE(1,(#5009,#5010),.UNSPECIFIED.,.F.,.F.)
B_SPLINE_CURVE_WITH_KNOTS((2,2),(166.266666666667,216.4),.UNSPECIFIED.)
CURVE()
GEOMETRIC_REPRESENTATION_ITEM()
RATIONAL_B_SPLINE_CURVE((1.,1.))
REPRESENTATION_ITEM('')
);
#2376=(
BOUNDED_CURVE()
B_SPLINE_CURVE(2,(#5016,#5017,#5018),.UNSPECIFIED.,.F.,.F.)
B_SPLINE_CURVE_WITH_KNOTS((3,3),(-1138.81424695691,-1104.76069158894),
 .UNSPECIFIED.)
CURVE()
GEOMETRIC_REPRESENTATION_ITEM()
RATIONAL_B_SPLINE_CURVE((1.,0.995602932329327,1.))
REPRESENTATION_ITEM('')
);
#2377=(
BOUNDED_CURVE()
B_SPLINE_CURVE(2,(#5019,#5020,#5021),.UNSPECIFIED.,.F.,.F.)
B_SPLINE_CURVE_WITH_KNOTS((3,3),(-1138.81424695691,-1104.76069158894),
 .UNSPECIFIED.)
CURVE()
GEOMETRIC_REPRESENTATION_ITEM()
RATIONAL_B_SPLINE_CURVE((1.,0.995602932329327,1.))
REPRESENTATION_ITEM('')
);
#2378=(
BOUNDED_CURVE()
B_SPLINE_CURVE(1,(#5022,#5023),.UNSPECIFIED.,.F.,.F.)
B_SPLINE_CURVE_WITH_KNOTS((2,2),(166.266666666667,216.4),.UNSPECIFIED.)
CURVE()
GEOMETRIC_REPRESENTATION_ITEM()
RATIONAL_B_SPLINE_CURVE((1.,1.))
REPRESENTATION_ITEM('')
);
#2379=(
BOUNDED_CURVE()
B_SPLINE_CURVE(1,(#5024,#5025),.UNSPECIFIED.,.F.,.F.)
B_SPLINE_CURVE_WITH_KNOTS((2,2),(166.266666666667,216.4),.UNSPECIFIED.)
CURVE()
GEOMETRIC_REPRESENTATION_ITEM()
RATIONAL_B_SPLINE_CURVE((1.,1.))
REPRESENTATION_ITEM('')
);
#2380=(
BOUNDED_CURVE()
B_SPLINE_CURVE(2,(#5031,#5032,#5033),.UNSPECIFIED.,.F.,.F.)
B_SPLINE_CURVE_WITH_KNOTS((3,3),(-1138.81424695691,-1104.76069158894),
 .UNSPECIFIED.)
CURVE()
GEOMETRIC_REPRESENTATION_ITEM()
RATIONAL_B_SPLINE_CURVE((1.,0.995602932329328,1.))
REPRESENTATION_ITEM('')
);
#2381=(
BOUNDED_CURVE()
B_SPLINE_CURVE(2,(#5034,#5035,#5036),.UNSPECIFIED.,.F.,.F.)
B_SPLINE_CURVE_WITH_KNOTS((3,3),(-1138.81424695691,-1104.76069158894),
 .UNSPECIFIED.)
CURVE()
GEOMETRIC_REPRESENTATION_ITEM()
RATIONAL_B_SPLINE_CURVE((1.,0.995602932329328,1.))
REPRESENTATION_ITEM('')
);
#2382=(
BOUNDED_CURVE()
B_SPLINE_CURVE(1,(#5037,#5038),.UNSPECIFIED.,.F.,.F.)
B_SPLINE_CURVE_WITH_KNOTS((2,2),(166.266666666667,216.4),.UNSPECIFIED.)
CURVE()
GEOMETRIC_REPRESENTATION_ITEM()
RATIONAL_B_SPLINE_CURVE((1.,1.))
REPRESENTATION_ITEM('')
);
#2383=(
BOUNDED_CURVE()
B_SPLINE_CURVE(1,(#5039,#5040),.UNSPECIFIED.,.F.,.F.)
B_SPLINE_CURVE_WITH_KNOTS((2,2),(166.266666666667,216.4),.UNSPECIFIED.)
CURVE()
GEOMETRIC_REPRESENTATION_ITEM()
RATIONAL_B_SPLINE_CURVE((1.,1.))
REPRESENTATION_ITEM('')
);
#2384=(
BOUNDED_CURVE()
B_SPLINE_CURVE(2,(#5046,#5047,#5048),.UNSPECIFIED.,.F.,.F.)
B_SPLINE_CURVE_WITH_KNOTS((3,3),(-1138.81424695691,-1104.76069158894),
 .UNSPECIFIED.)
CURVE()
GEOMETRIC_REPRESENTATION_ITEM()
RATIONAL_B_SPLINE_CURVE((1.,0.995602932329328,1.))
REPRESENTATION_ITEM('')
);
#2385=(
BOUNDED_CURVE()
B_SPLINE_CURVE(1,(#5049,#5050),.UNSPECIFIED.,.F.,.F.)
B_SPLINE_CURVE_WITH_KNOTS((2,2),(115.333333333333,164.666666666667),
 .UNSPECIFIED.)
CURVE()
GEOMETRIC_REPRESENTATION_ITEM()
RATIONAL_B_SPLINE_CURVE((1.,1.))
REPRESENTATION_ITEM('')
);
#2386=(
BOUNDED_CURVE()
B_SPLINE_CURVE(1,(#5051,#5052),.UNSPECIFIED.,.F.,.F.)
B_SPLINE_CURVE_WITH_KNOTS((2,2),(115.333333333333,164.666666666667),
 .UNSPECIFIED.)
CURVE()
GEOMETRIC_REPRESENTATION_ITEM()
RATIONAL_B_SPLINE_CURVE((1.,1.))
REPRESENTATION_ITEM('')
);
#2387=(
BOUNDED_CURVE()
B_SPLINE_CURVE(2,(#5053,#5054,#5055),.UNSPECIFIED.,.F.,.F.)
B_SPLINE_CURVE_WITH_KNOTS((3,3),(-1138.81424695691,-1104.76069158894),
 .UNSPECIFIED.)
CURVE()
GEOMETRIC_REPRESENTATION_ITEM()
RATIONAL_B_SPLINE_CURVE((1.,0.995602932329328,1.))
REPRESENTATION_ITEM('')
);
#2388=(
BOUNDED_CURVE()
B_SPLINE_CURVE(2,(#5061,#5062,#5063),.UNSPECIFIED.,.F.,.F.)
B_SPLINE_CURVE_WITH_KNOTS((3,3),(-1138.81424695691,-1104.76069158894),
 .UNSPECIFIED.)
CURVE()
GEOMETRIC_REPRESENTATION_ITEM()
RATIONAL_B_SPLINE_CURVE((1.,0.995602932329326,1.))
REPRESENTATION_ITEM('')
);
#2389=(
BOUNDED_CURVE()
B_SPLINE_CURVE(2,(#5064,#5065,#5066),.UNSPECIFIED.,.F.,.F.)
B_SPLINE_CURVE_WITH_KNOTS((3,3),(-1138.81424695691,-1104.76069158894),
 .UNSPECIFIED.)
CURVE()
GEOMETRIC_REPRESENTATION_ITEM()
RATIONAL_B_SPLINE_CURVE((1.,0.995602932329327,1.))
REPRESENTATION_ITEM('')
);
#2390=(
BOUNDED_CURVE()
B_SPLINE_CURVE(1,(#5067,#5068),.UNSPECIFIED.,.F.,.F.)
B_SPLINE_CURVE_WITH_KNOTS((2,2),(166.266666666667,216.4),.UNSPECIFIED.)
CURVE()
GEOMETRIC_REPRESENTATION_ITEM()
RATIONAL_B_SPLINE_CURVE((1.,1.))
REPRESENTATION_ITEM('')
);
#2391=(
BOUNDED_CURVE()
B_SPLINE_CURVE(1,(#5069,#5070),.UNSPECIFIED.,.F.,.F.)
B_SPLINE_CURVE_WITH_KNOTS((2,2),(166.266666666667,216.4),.UNSPECIFIED.)
CURVE()
GEOMETRIC_REPRESENTATION_ITEM()
RATIONAL_B_SPLINE_CURVE((1.,1.))
REPRESENTATION_ITEM('')
);
#2392=(
BOUNDED_CURVE()
B_SPLINE_CURVE(2,(#5076,#5077,#5078),.UNSPECIFIED.,.F.,.F.)
B_SPLINE_CURVE_WITH_KNOTS((3,3),(-1138.81424695691,-1104.76069158894),
 .UNSPECIFIED.)
CURVE()
GEOMETRIC_REPRESENTATION_ITEM()
RATIONAL_B_SPLINE_CURVE((1.,0.995602932329326,1.))
REPRESENTATION_ITEM('')
);
#2393=(
BOUNDED_CURVE()
B_SPLINE_CURVE(1,(#5079,#5080),.UNSPECIFIED.,.F.,.F.)
B_SPLINE_CURVE_WITH_KNOTS((2,2),(115.333333333333,164.666666666667),
 .UNSPECIFIED.)
CURVE()
GEOMETRIC_REPRESENTATION_ITEM()
RATIONAL_B_SPLINE_CURVE((1.,1.))
REPRESENTATION_ITEM('')
);
#2394=(
BOUNDED_CURVE()
B_SPLINE_CURVE(1,(#5081,#5082),.UNSPECIFIED.,.F.,.F.)
B_SPLINE_CURVE_WITH_KNOTS((2,2),(115.333333333333,164.666666666667),
 .UNSPECIFIED.)
CURVE()
GEOMETRIC_REPRESENTATION_ITEM()
RATIONAL_B_SPLINE_CURVE((1.,1.))
REPRESENTATION_ITEM('')
);
#2395=(
BOUNDED_CURVE()
B_SPLINE_CURVE(2,(#5083,#5084,#5085),.UNSPECIFIED.,.F.,.F.)
B_SPLINE_CURVE_WITH_KNOTS((3,3),(-1138.81424695691,-1104.76069158894),
 .UNSPECIFIED.)
CURVE()
GEOMETRIC_REPRESENTATION_ITEM()
RATIONAL_B_SPLINE_CURVE((1.,0.995602932329327,1.))
REPRESENTATION_ITEM('')
);
#2396=(
BOUNDED_CURVE()
B_SPLINE_CURVE(2,(#5091,#5092,#5093),.UNSPECIFIED.,.F.,.F.)
B_SPLINE_CURVE_WITH_KNOTS((3,3),(-1138.81424695691,-1104.76069158894),
 .UNSPECIFIED.)
CURVE()
GEOMETRIC_REPRESENTATION_ITEM()
RATIONAL_B_SPLINE_CURVE((1.,0.995602932329327,1.))
REPRESENTATION_ITEM('')
);
#2397=(
BOUNDED_CURVE()
B_SPLINE_CURVE(2,(#5094,#5095,#5096),.UNSPECIFIED.,.F.,.F.)
B_SPLINE_CURVE_WITH_KNOTS((3,3),(-1138.81424695691,-1104.76069158894),
 .UNSPECIFIED.)
CURVE()
GEOMETRIC_REPRESENTATION_ITEM()
RATIONAL_B_SPLINE_CURVE((1.,0.995602932329327,1.))
REPRESENTATION_ITEM('')
);
#2398=(
BOUNDED_CURVE()
B_SPLINE_CURVE(1,(#5097,#5098),.UNSPECIFIED.,.F.,.F.)
B_SPLINE_CURVE_WITH_KNOTS((2,2),(166.266666666667,216.4),.UNSPECIFIED.)
CURVE()
GEOMETRIC_REPRESENTATION_ITEM()
RATIONAL_B_SPLINE_CURVE((1.,1.))
REPRESENTATION_ITEM('')
);
#2399=(
BOUNDED_CURVE()
B_SPLINE_CURVE(1,(#5099,#5100),.UNSPECIFIED.,.F.,.F.)
B_SPLINE_CURVE_WITH_KNOTS((2,2),(166.266666666667,216.4),.UNSPECIFIED.)
CURVE()
GEOMETRIC_REPRESENTATION_ITEM()
RATIONAL_B_SPLINE_CURVE((1.,1.))
REPRESENTATION_ITEM('')
);
#2400=(
BOUNDED_CURVE()
B_SPLINE_CURVE(2,(#5106,#5107,#5108),.UNSPECIFIED.,.F.,.F.)
B_SPLINE_CURVE_WITH_KNOTS((3,3),(-1138.81424695691,-1104.76069158894),
 .UNSPECIFIED.)
CURVE()
GEOMETRIC_REPRESENTATION_ITEM()
RATIONAL_B_SPLINE_CURVE((1.,0.995602932329327,1.))
REPRESENTATION_ITEM('')
);
#2401=(
BOUNDED_CURVE()
B_SPLINE_CURVE(1,(#5109,#5110),.UNSPECIFIED.,.F.,.F.)
B_SPLINE_CURVE_WITH_KNOTS((2,2),(115.333333333333,164.666666666667),
 .UNSPECIFIED.)
CURVE()
GEOMETRIC_REPRESENTATION_ITEM()
RATIONAL_B_SPLINE_CURVE((1.,1.))
REPRESENTATION_ITEM('')
);
#2402=(
BOUNDED_CURVE()
B_SPLINE_CURVE(1,(#5111,#5112),.UNSPECIFIED.,.F.,.F.)
B_SPLINE_CURVE_WITH_KNOTS((2,2),(115.333333333333,164.666666666667),
 .UNSPECIFIED.)
CURVE()
GEOMETRIC_REPRESENTATION_ITEM()
RATIONAL_B_SPLINE_CURVE((1.,1.))
REPRESENTATION_ITEM('')
);
#2403=(
BOUNDED_CURVE()
B_SPLINE_CURVE(2,(#5113,#5114,#5115),.UNSPECIFIED.,.F.,.F.)
B_SPLINE_CURVE_WITH_KNOTS((3,3),(-1138.81424695691,-1104.76069158894),
 .UNSPECIFIED.)
CURVE()
GEOMETRIC_REPRESENTATION_ITEM()
RATIONAL_B_SPLINE_CURVE((1.,0.995602932329327,1.))
REPRESENTATION_ITEM('')
);
#2404=(
BOUNDED_CURVE()
B_SPLINE_CURVE(2,(#5121,#5122,#5123),.UNSPECIFIED.,.F.,.F.)
B_SPLINE_CURVE_WITH_KNOTS((3,3),(-1138.81424695691,-1104.76069158894),
 .UNSPECIFIED.)
CURVE()
GEOMETRIC_REPRESENTATION_ITEM()
RATIONAL_B_SPLINE_CURVE((1.,0.995602932329328,1.))
REPRESENTATION_ITEM('')
);
#2405=(
BOUNDED_CURVE()
B_SPLINE_CURVE(2,(#5124,#5125,#5126),.UNSPECIFIED.,.F.,.F.)
B_SPLINE_CURVE_WITH_KNOTS((3,3),(-1138.81424695691,-1104.76069158894),
 .UNSPECIFIED.)
CURVE()
GEOMETRIC_REPRESENTATION_ITEM()
RATIONAL_B_SPLINE_CURVE((1.,0.995602932329327,1.))
REPRESENTATION_ITEM('')
);
#2406=(
BOUNDED_CURVE()
B_SPLINE_CURVE(1,(#5127,#5128),.UNSPECIFIED.,.F.,.F.)
B_SPLINE_CURVE_WITH_KNOTS((2,2),(166.266666666667,216.4),.UNSPECIFIED.)
CURVE()
GEOMETRIC_REPRESENTATION_ITEM()
RATIONAL_B_SPLINE_CURVE((1.,1.))
REPRESENTATION_ITEM('')
);
#2407=(
BOUNDED_CURVE()
B_SPLINE_CURVE(1,(#5129,#5130),.UNSPECIFIED.,.F.,.F.)
B_SPLINE_CURVE_WITH_KNOTS((2,2),(166.266666666667,216.4),.UNSPECIFIED.)
CURVE()
GEOMETRIC_REPRESENTATION_ITEM()
RATIONAL_B_SPLINE_CURVE((1.,1.))
REPRESENTATION_ITEM('')
);
#2408=(
BOUNDED_CURVE()
B_SPLINE_CURVE(2,(#5136,#5137,#5138),.UNSPECIFIED.,.F.,.F.)
B_SPLINE_CURVE_WITH_KNOTS((3,3),(-1138.81424695691,-1104.76069158894),
 .UNSPECIFIED.)
CURVE()
GEOMETRIC_REPRESENTATION_ITEM()
RATIONAL_B_SPLINE_CURVE((1.,0.995602932329328,1.))
REPRESENTATION_ITEM('')
);
#2409=(
BOUNDED_CURVE()
B_SPLINE_CURVE(1,(#5139,#5140),.UNSPECIFIED.,.F.,.F.)
B_SPLINE_CURVE_WITH_KNOTS((2,2),(115.333333333333,164.666666666667),
 .UNSPECIFIED.)
CURVE()
GEOMETRIC_REPRESENTATION_ITEM()
RATIONAL_B_SPLINE_CURVE((1.,1.))
REPRESENTATION_ITEM('')
);
#2410=(
BOUNDED_CURVE()
B_SPLINE_CURVE(1,(#5141,#5142),.UNSPECIFIED.,.F.,.F.)
B_SPLINE_CURVE_WITH_KNOTS((2,2),(115.333333333333,164.666666666667),
 .UNSPECIFIED.)
CURVE()
GEOMETRIC_REPRESENTATION_ITEM()
RATIONAL_B_SPLINE_CURVE((1.,1.))
REPRESENTATION_ITEM('')
);
#2411=(
BOUNDED_CURVE()
B_SPLINE_CURVE(2,(#5143,#5144,#5145),.UNSPECIFIED.,.F.,.F.)
B_SPLINE_CURVE_WITH_KNOTS((3,3),(-1138.81424695691,-1104.76069158894),
 .UNSPECIFIED.)
CURVE()
GEOMETRIC_REPRESENTATION_ITEM()
RATIONAL_B_SPLINE_CURVE((1.,0.995602932329327,1.))
REPRESENTATION_ITEM('')
);
#2412=(
BOUNDED_CURVE()
B_SPLINE_CURVE(2,(#5151,#5152,#5153),.UNSPECIFIED.,.F.,.F.)
B_SPLINE_CURVE_WITH_KNOTS((3,3),(-1138.81424695691,-1104.76069158894),
 .UNSPECIFIED.)
CURVE()
GEOMETRIC_REPRESENTATION_ITEM()
RATIONAL_B_SPLINE_CURVE((1.,0.995602932329327,1.))
REPRESENTATION_ITEM('')
);
#2413=(
BOUNDED_CURVE()
B_SPLINE_CURVE(2,(#5154,#5155,#5156),.UNSPECIFIED.,.F.,.F.)
B_SPLINE_CURVE_WITH_KNOTS((3,3),(-1138.81424695691,-1104.76069158894),
 .UNSPECIFIED.)
CURVE()
GEOMETRIC_REPRESENTATION_ITEM()
RATIONAL_B_SPLINE_CURVE((1.,0.995602932329327,1.))
REPRESENTATION_ITEM('')
);
#2414=(
BOUNDED_CURVE()
B_SPLINE_CURVE(1,(#5157,#5158),.UNSPECIFIED.,.F.,.F.)
B_SPLINE_CURVE_WITH_KNOTS((2,2),(166.266666666667,216.4),.UNSPECIFIED.)
CURVE()
GEOMETRIC_REPRESENTATION_ITEM()
RATIONAL_B_SPLINE_CURVE((1.,1.))
REPRESENTATION_ITEM('')
);
#2415=(
BOUNDED_CURVE()
B_SPLINE_CURVE(1,(#5159,#5160),.UNSPECIFIED.,.F.,.F.)
B_SPLINE_CURVE_WITH_KNOTS((2,2),(166.266666666667,216.4),.UNSPECIFIED.)
CURVE()
GEOMETRIC_REPRESENTATION_ITEM()
RATIONAL_B_SPLINE_CURVE((1.,1.))
REPRESENTATION_ITEM('')
);
#2416=(
BOUNDED_CURVE()
B_SPLINE_CURVE(2,(#5166,#5167,#5168),.UNSPECIFIED.,.F.,.F.)
B_SPLINE_CURVE_WITH_KNOTS((3,3),(-1138.81424695691,-1104.76069158894),
 .UNSPECIFIED.)
CURVE()
GEOMETRIC_REPRESENTATION_ITEM()
RATIONAL_B_SPLINE_CURVE((1.,0.995602932329327,1.))
REPRESENTATION_ITEM('')
);
#2417=(
BOUNDED_CURVE()
B_SPLINE_CURVE(1,(#5169,#5170),.UNSPECIFIED.,.F.,.F.)
B_SPLINE_CURVE_WITH_KNOTS((2,2),(115.333333333333,164.666666666667),
 .UNSPECIFIED.)
CURVE()
GEOMETRIC_REPRESENTATION_ITEM()
RATIONAL_B_SPLINE_CURVE((1.,1.))
REPRESENTATION_ITEM('')
);
#2418=(
BOUNDED_CURVE()
B_SPLINE_CURVE(1,(#5171,#5172),.UNSPECIFIED.,.F.,.F.)
B_SPLINE_CURVE_WITH_KNOTS((2,2),(115.333333333333,164.666666666667),
 .UNSPECIFIED.)
CURVE()
GEOMETRIC_REPRESENTATION_ITEM()
RATIONAL_B_SPLINE_CURVE((1.,1.))
REPRESENTATION_ITEM('')
);
#2419=(
BOUNDED_CURVE()
B_SPLINE_CURVE(2,(#5173,#5174,#5175),.UNSPECIFIED.,.F.,.F.)
B_SPLINE_CURVE_WITH_KNOTS((3,3),(-1138.81424695691,-1104.76069158894),
 .UNSPECIFIED.)
CURVE()
GEOMETRIC_REPRESENTATION_ITEM()
RATIONAL_B_SPLINE_CURVE((1.,0.995602932329327,1.))
REPRESENTATION_ITEM('')
);
#2420=(
BOUNDED_CURVE()
B_SPLINE_CURVE(2,(#5181,#5182,#5183),.UNSPECIFIED.,.F.,.F.)
B_SPLINE_CURVE_WITH_KNOTS((3,3),(-1138.81424695691,-1104.76069158894),
 .UNSPECIFIED.)
CURVE()
GEOMETRIC_REPRESENTATION_ITEM()
RATIONAL_B_SPLINE_CURVE((1.,0.995602932329326,1.))
REPRESENTATION_ITEM('')
);
#2421=(
BOUNDED_CURVE()
B_SPLINE_CURVE(2,(#5184,#5185,#5186),.UNSPECIFIED.,.F.,.F.)
B_SPLINE_CURVE_WITH_KNOTS((3,3),(-1138.81424695691,-1104.76069158894),
 .UNSPECIFIED.)
CURVE()
GEOMETRIC_REPRESENTATION_ITEM()
RATIONAL_B_SPLINE_CURVE((1.,0.995602932329327,1.))
REPRESENTATION_ITEM('')
);
#2422=(
BOUNDED_CURVE()
B_SPLINE_CURVE(1,(#5187,#5188),.UNSPECIFIED.,.F.,.F.)
B_SPLINE_CURVE_WITH_KNOTS((2,2),(166.266666666667,216.4),.UNSPECIFIED.)
CURVE()
GEOMETRIC_REPRESENTATION_ITEM()
RATIONAL_B_SPLINE_CURVE((1.,1.))
REPRESENTATION_ITEM('')
);
#2423=(
BOUNDED_CURVE()
B_SPLINE_CURVE(1,(#5189,#5190),.UNSPECIFIED.,.F.,.F.)
B_SPLINE_CURVE_WITH_KNOTS((2,2),(166.266666666667,216.4),.UNSPECIFIED.)
CURVE()
GEOMETRIC_REPRESENTATION_ITEM()
RATIONAL_B_SPLINE_CURVE((1.,1.))
REPRESENTATION_ITEM('')
);
#2424=(
BOUNDED_CURVE()
B_SPLINE_CURVE(2,(#5196,#5197,#5198),.UNSPECIFIED.,.F.,.F.)
B_SPLINE_CURVE_WITH_KNOTS((3,3),(-1138.81424695691,-1104.76069158894),
 .UNSPECIFIED.)
CURVE()
GEOMETRIC_REPRESENTATION_ITEM()
RATIONAL_B_SPLINE_CURVE((1.,0.995602932329326,1.))
REPRESENTATION_ITEM('')
);
#2425=(
BOUNDED_CURVE()
B_SPLINE_CURVE(1,(#5199,#5200),.UNSPECIFIED.,.F.,.F.)
B_SPLINE_CURVE_WITH_KNOTS((2,2),(115.333333333333,164.666666666667),
 .UNSPECIFIED.)
CURVE()
GEOMETRIC_REPRESENTATION_ITEM()
RATIONAL_B_SPLINE_CURVE((1.,1.))
REPRESENTATION_ITEM('')
);
#2426=(
BOUNDED_CURVE()
B_SPLINE_CURVE(1,(#5201,#5202),.UNSPECIFIED.,.F.,.F.)
B_SPLINE_CURVE_WITH_KNOTS((2,2),(115.333333333333,164.666666666667),
 .UNSPECIFIED.)
CURVE()
GEOMETRIC_REPRESENTATION_ITEM()
RATIONAL_B_SPLINE_CURVE((1.,1.))
REPRESENTATION_ITEM('')
);
#2427=(
BOUNDED_CURVE()
B_SPLINE_CURVE(2,(#5203,#5204,#5205),.UNSPECIFIED.,.F.,.F.)
B_SPLINE_CURVE_WITH_KNOTS((3,3),(-1138.81424695691,-1104.76069158894),
 .UNSPECIFIED.)
CURVE()
GEOMETRIC_REPRESENTATION_ITEM()
RATIONAL_B_SPLINE_CURVE((1.,0.995602932329327,1.))
REPRESENTATION_ITEM('')
);
#2428=(
BOUNDED_CURVE()
B_SPLINE_CURVE(2,(#5211,#5212,#5213),.UNSPECIFIED.,.F.,.F.)
B_SPLINE_CURVE_WITH_KNOTS((3,3),(-1138.81424695691,-1104.76069158894),
 .UNSPECIFIED.)
CURVE()
GEOMETRIC_REPRESENTATION_ITEM()
RATIONAL_B_SPLINE_CURVE((1.,0.995602932329328,1.))
REPRESENTATION_ITEM('')
);
#2429=(
BOUNDED_CURVE()
B_SPLINE_CURVE(2,(#5214,#5215,#5216),.UNSPECIFIED.,.F.,.F.)
B_SPLINE_CURVE_WITH_KNOTS((3,3),(-1138.81424695691,-1104.76069158894),
 .UNSPECIFIED.)
CURVE()
GEOMETRIC_REPRESENTATION_ITEM()
RATIONAL_B_SPLINE_CURVE((1.,0.995602932329328,1.))
REPRESENTATION_ITEM('')
);
#2430=(
BOUNDED_CURVE()
B_SPLINE_CURVE(1,(#5217,#5218),.UNSPECIFIED.,.F.,.F.)
B_SPLINE_CURVE_WITH_KNOTS((2,2),(166.266666666667,216.4),.UNSPECIFIED.)
CURVE()
GEOMETRIC_REPRESENTATION_ITEM()
RATIONAL_B_SPLINE_CURVE((1.,1.))
REPRESENTATION_ITEM('')
);
#2431=(
BOUNDED_CURVE()
B_SPLINE_CURVE(1,(#5219,#5220),.UNSPECIFIED.,.F.,.F.)
B_SPLINE_CURVE_WITH_KNOTS((2,2),(166.266666666667,216.4),.UNSPECIFIED.)
CURVE()
GEOMETRIC_REPRESENTATION_ITEM()
RATIONAL_B_SPLINE_CURVE((1.,1.))
REPRESENTATION_ITEM('')
);
#2432=(
BOUNDED_CURVE()
B_SPLINE_CURVE(2,(#5226,#5227,#5228),.UNSPECIFIED.,.F.,.F.)
B_SPLINE_CURVE_WITH_KNOTS((3,3),(-1138.81424695691,-1104.76069158894),
 .UNSPECIFIED.)
CURVE()
GEOMETRIC_REPRESENTATION_ITEM()
RATIONAL_B_SPLINE_CURVE((1.,0.995602932329328,1.))
REPRESENTATION_ITEM('')
);
#2433=(
BOUNDED_CURVE()
B_SPLINE_CURVE(1,(#5229,#5230),.UNSPECIFIED.,.F.,.F.)
B_SPLINE_CURVE_WITH_KNOTS((2,2),(115.333333333333,164.666666666667),
 .UNSPECIFIED.)
CURVE()
GEOMETRIC_REPRESENTATION_ITEM()
RATIONAL_B_SPLINE_CURVE((1.,1.))
REPRESENTATION_ITEM('')
);
#2434=(
BOUNDED_CURVE()
B_SPLINE_CURVE(1,(#5231,#5232),.UNSPECIFIED.,.F.,.F.)
B_SPLINE_CURVE_WITH_KNOTS((2,2),(115.333333333333,164.666666666667),
 .UNSPECIFIED.)
CURVE()
GEOMETRIC_REPRESENTATION_ITEM()
RATIONAL_B_SPLINE_CURVE((1.,1.))
REPRESENTATION_ITEM('')
);
#2435=(
BOUNDED_CURVE()
B_SPLINE_CURVE(2,(#5233,#5234,#5235),.UNSPECIFIED.,.F.,.F.)
B_SPLINE_CURVE_WITH_KNOTS((3,3),(-1138.81424695691,-1104.76069158894),
 .UNSPECIFIED.)
CURVE()
GEOMETRIC_REPRESENTATION_ITEM()
RATIONAL_B_SPLINE_CURVE((1.,0.995602932329328,1.))
REPRESENTATION_ITEM('')
);
#2436=(
BOUNDED_CURVE()
B_SPLINE_CURVE(2,(#5241,#5242,#5243),.UNSPECIFIED.,.F.,.F.)
B_SPLINE_CURVE_WITH_KNOTS((3,3),(-1138.81424695691,-1104.76069158894),
 .UNSPECIFIED.)
CURVE()
GEOMETRIC_REPRESENTATION_ITEM()
RATIONAL_B_SPLINE_CURVE((1.,0.995602932329328,1.))
REPRESENTATION_ITEM('')
);
#2437=(
BOUNDED_CURVE()
B_SPLINE_CURVE(1,(#5244,#5245),.UNSPECIFIED.,.F.,.F.)
B_SPLINE_CURVE_WITH_KNOTS((2,2),(63.6,113.733333333333),.UNSPECIFIED.)
CURVE()
GEOMETRIC_REPRESENTATION_ITEM()
RATIONAL_B_SPLINE_CURVE((1.,1.))
REPRESENTATION_ITEM('')
);
#2438=(
BOUNDED_CURVE()
B_SPLINE_CURVE(1,(#5246,#5247),.UNSPECIFIED.,.F.,.F.)
B_SPLINE_CURVE_WITH_KNOTS((2,2),(63.6,113.733333333333),.UNSPECIFIED.)
CURVE()
GEOMETRIC_REPRESENTATION_ITEM()
RATIONAL_B_SPLINE_CURVE((1.,1.))
REPRESENTATION_ITEM('')
);
#2439=(
BOUNDED_CURVE()
B_SPLINE_CURVE(2,(#5248,#5249,#5250),.UNSPECIFIED.,.F.,.F.)
B_SPLINE_CURVE_WITH_KNOTS((3,3),(-1138.81424695691,-1104.76069158894),
 .UNSPECIFIED.)
CURVE()
GEOMETRIC_REPRESENTATION_ITEM()
RATIONAL_B_SPLINE_CURVE((1.,0.995602932329328,1.))
REPRESENTATION_ITEM('')
);
#2440=(
BOUNDED_CURVE()
B_SPLINE_CURVE(2,(#5256,#5257,#5258),.UNSPECIFIED.,.F.,.F.)
B_SPLINE_CURVE_WITH_KNOTS((3,3),(-1138.81424695691,-1104.76069158894),
 .UNSPECIFIED.)
CURVE()
GEOMETRIC_REPRESENTATION_ITEM()
RATIONAL_B_SPLINE_CURVE((1.,0.995602932329327,1.))
REPRESENTATION_ITEM('')
);
#2441=(
BOUNDED_CURVE()
B_SPLINE_CURVE(1,(#5259,#5260),.UNSPECIFIED.,.F.,.F.)
B_SPLINE_CURVE_WITH_KNOTS((2,2),(63.6,113.733333333333),.UNSPECIFIED.)
CURVE()
GEOMETRIC_REPRESENTATION_ITEM()
RATIONAL_B_SPLINE_CURVE((1.,1.))
REPRESENTATION_ITEM('')
);
#2442=(
BOUNDED_CURVE()
B_SPLINE_CURVE(1,(#5261,#5262),.UNSPECIFIED.,.F.,.F.)
B_SPLINE_CURVE_WITH_KNOTS((2,2),(63.6,113.733333333333),.UNSPECIFIED.)
CURVE()
GEOMETRIC_REPRESENTATION_ITEM()
RATIONAL_B_SPLINE_CURVE((1.,1.))
REPRESENTATION_ITEM('')
);
#2443=(
BOUNDED_CURVE()
B_SPLINE_CURVE(2,(#5263,#5264,#5265),.UNSPECIFIED.,.F.,.F.)
B_SPLINE_CURVE_WITH_KNOTS((3,3),(-1138.81424695691,-1104.76069158894),
 .UNSPECIFIED.)
CURVE()
GEOMETRIC_REPRESENTATION_ITEM()
RATIONAL_B_SPLINE_CURVE((1.,0.995602932329326,1.))
REPRESENTATION_ITEM('')
);
#2444=(
BOUNDED_CURVE()
B_SPLINE_CURVE(2,(#5271,#5272,#5273),.UNSPECIFIED.,.F.,.F.)
B_SPLINE_CURVE_WITH_KNOTS((3,3),(-1138.81424695691,-1104.76069158894),
 .UNSPECIFIED.)
CURVE()
GEOMETRIC_REPRESENTATION_ITEM()
RATIONAL_B_SPLINE_CURVE((1.,0.995602932329327,1.))
REPRESENTATION_ITEM('')
);
#2445=(
BOUNDED_CURVE()
B_SPLINE_CURVE(1,(#5274,#5275),.UNSPECIFIED.,.F.,.F.)
B_SPLINE_CURVE_WITH_KNOTS((2,2),(63.6,113.733333333333),.UNSPECIFIED.)
CURVE()
GEOMETRIC_REPRESENTATION_ITEM()
RATIONAL_B_SPLINE_CURVE((1.,1.))
REPRESENTATION_ITEM('')
);
#2446=(
BOUNDED_CURVE()
B_SPLINE_CURVE(1,(#5276,#5277),.UNSPECIFIED.,.F.,.F.)
B_SPLINE_CURVE_WITH_KNOTS((2,2),(63.6,113.733333333333),.UNSPECIFIED.)
CURVE()
GEOMETRIC_REPRESENTATION_ITEM()
RATIONAL_B_SPLINE_CURVE((1.,1.))
REPRESENTATION_ITEM('')
);
#2447=(
BOUNDED_CURVE()
B_SPLINE_CURVE(2,(#5278,#5279,#5280),.UNSPECIFIED.,.F.,.F.)
B_SPLINE_CURVE_WITH_KNOTS((3,3),(-1138.81424695691,-1104.76069158894),
 .UNSPECIFIED.)
CURVE()
GEOMETRIC_REPRESENTATION_ITEM()
RATIONAL_B_SPLINE_CURVE((1.,0.995602932329327,1.))
REPRESENTATION_ITEM('')
);
#2448=(
BOUNDED_CURVE()
B_SPLINE_CURVE(2,(#5286,#5287,#5288),.UNSPECIFIED.,.F.,.F.)
B_SPLINE_CURVE_WITH_KNOTS((3,3),(-1138.81424695691,-1104.76069158894),
 .UNSPECIFIED.)
CURVE()
GEOMETRIC_REPRESENTATION_ITEM()
RATIONAL_B_SPLINE_CURVE((1.,0.995602932329328,1.))
REPRESENTATION_ITEM('')
);
#2449=(
BOUNDED_CURVE()
B_SPLINE_CURVE(1,(#5289,#5290),.UNSPECIFIED.,.F.,.F.)
B_SPLINE_CURVE_WITH_KNOTS((2,2),(63.6,113.733333333333),.UNSPECIFIED.)
CURVE()
GEOMETRIC_REPRESENTATION_ITEM()
RATIONAL_B_SPLINE_CURVE((1.,1.))
REPRESENTATION_ITEM('')
);
#2450=(
BOUNDED_CURVE()
B_SPLINE_CURVE(1,(#5291,#5292),.UNSPECIFIED.,.F.,.F.)
B_SPLINE_CURVE_WITH_KNOTS((2,2),(63.6,113.733333333333),.UNSPECIFIED.)
CURVE()
GEOMETRIC_REPRESENTATION_ITEM()
RATIONAL_B_SPLINE_CURVE((1.,1.))
REPRESENTATION_ITEM('')
);
#2451=(
BOUNDED_CURVE()
B_SPLINE_CURVE(2,(#5293,#5294,#5295),.UNSPECIFIED.,.F.,.F.)
B_SPLINE_CURVE_WITH_KNOTS((3,3),(-1138.81424695691,-1104.76069158894),
 .UNSPECIFIED.)
CURVE()
GEOMETRIC_REPRESENTATION_ITEM()
RATIONAL_B_SPLINE_CURVE((1.,0.995602932329327,1.))
REPRESENTATION_ITEM('')
);
#2452=(
BOUNDED_CURVE()
B_SPLINE_CURVE(2,(#5301,#5302,#5303),.UNSPECIFIED.,.F.,.F.)
B_SPLINE_CURVE_WITH_KNOTS((3,3),(-1138.81424695691,-1104.76069158894),
 .UNSPECIFIED.)
CURVE()
GEOMETRIC_REPRESENTATION_ITEM()
RATIONAL_B_SPLINE_CURVE((1.,0.995602932329327,1.))
REPRESENTATION_ITEM('')
);
#2453=(
BOUNDED_CURVE()
B_SPLINE_CURVE(1,(#5304,#5305),.UNSPECIFIED.,.F.,.F.)
B_SPLINE_CURVE_WITH_KNOTS((2,2),(63.6,113.733333333333),.UNSPECIFIED.)
CURVE()
GEOMETRIC_REPRESENTATION_ITEM()
RATIONAL_B_SPLINE_CURVE((1.,1.))
REPRESENTATION_ITEM('')
);
#2454=(
BOUNDED_CURVE()
B_SPLINE_CURVE(1,(#5306,#5307),.UNSPECIFIED.,.F.,.F.)
B_SPLINE_CURVE_WITH_KNOTS((2,2),(63.6,113.733333333333),.UNSPECIFIED.)
CURVE()
GEOMETRIC_REPRESENTATION_ITEM()
RATIONAL_B_SPLINE_CURVE((1.,1.))
REPRESENTATION_ITEM('')
);
#2455=(
BOUNDED_CURVE()
B_SPLINE_CURVE(2,(#5308,#5309,#5310),.UNSPECIFIED.,.F.,.F.)
B_SPLINE_CURVE_WITH_KNOTS((3,3),(-1138.81424695691,-1104.76069158894),
 .UNSPECIFIED.)
CURVE()
GEOMETRIC_REPRESENTATION_ITEM()
RATIONAL_B_SPLINE_CURVE((1.,0.995602932329327,1.))
REPRESENTATION_ITEM('')
);
#2456=(
BOUNDED_CURVE()
B_SPLINE_CURVE(2,(#5316,#5317,#5318),.UNSPECIFIED.,.F.,.F.)
B_SPLINE_CURVE_WITH_KNOTS((3,3),(-1138.81424695691,-1104.76069158894),
 .UNSPECIFIED.)
CURVE()
GEOMETRIC_REPRESENTATION_ITEM()
RATIONAL_B_SPLINE_CURVE((1.,0.995602932329326,1.))
REPRESENTATION_ITEM('')
);
#2457=(
BOUNDED_CURVE()
B_SPLINE_CURVE(1,(#5319,#5320),.UNSPECIFIED.,.F.,.F.)
B_SPLINE_CURVE_WITH_KNOTS((2,2),(63.6,113.733333333333),.UNSPECIFIED.)
CURVE()
GEOMETRIC_REPRESENTATION_ITEM()
RATIONAL_B_SPLINE_CURVE((1.,1.))
REPRESENTATION_ITEM('')
);
#2458=(
BOUNDED_CURVE()
B_SPLINE_CURVE(1,(#5321,#5322),.UNSPECIFIED.,.F.,.F.)
B_SPLINE_CURVE_WITH_KNOTS((2,2),(63.6,113.733333333333),.UNSPECIFIED.)
CURVE()
GEOMETRIC_REPRESENTATION_ITEM()
RATIONAL_B_SPLINE_CURVE((1.,1.))
REPRESENTATION_ITEM('')
);
#2459=(
BOUNDED_CURVE()
B_SPLINE_CURVE(2,(#5323,#5324,#5325),.UNSPECIFIED.,.F.,.F.)
B_SPLINE_CURVE_WITH_KNOTS((3,3),(-1138.81424695691,-1104.76069158894),
 .UNSPECIFIED.)
CURVE()
GEOMETRIC_REPRESENTATION_ITEM()
RATIONAL_B_SPLINE_CURVE((1.,0.995602932329326,1.))
REPRESENTATION_ITEM('')
);
#2460=(
BOUNDED_CURVE()
B_SPLINE_CURVE(2,(#5331,#5332,#5333),.UNSPECIFIED.,.F.,.F.)
B_SPLINE_CURVE_WITH_KNOTS((3,3),(-1138.81424695691,-1104.76069158894),
 .UNSPECIFIED.)
CURVE()
GEOMETRIC_REPRESENTATION_ITEM()
RATIONAL_B_SPLINE_CURVE((1.,0.995602932329328,1.))
REPRESENTATION_ITEM('')
);
#2461=(
BOUNDED_CURVE()
B_SPLINE_CURVE(1,(#5334,#5335),.UNSPECIFIED.,.F.,.F.)
B_SPLINE_CURVE_WITH_KNOTS((2,2),(63.6,113.733333333333),.UNSPECIFIED.)
CURVE()
GEOMETRIC_REPRESENTATION_ITEM()
RATIONAL_B_SPLINE_CURVE((1.,1.))
REPRESENTATION_ITEM('')
);
#2462=(
BOUNDED_CURVE()
B_SPLINE_CURVE(1,(#5336,#5337),.UNSPECIFIED.,.F.,.F.)
B_SPLINE_CURVE_WITH_KNOTS((2,2),(63.6,113.733333333333),.UNSPECIFIED.)
CURVE()
GEOMETRIC_REPRESENTATION_ITEM()
RATIONAL_B_SPLINE_CURVE((1.,1.))
REPRESENTATION_ITEM('')
);
#2463=(
BOUNDED_CURVE()
B_SPLINE_CURVE(2,(#5338,#5339,#5340),.UNSPECIFIED.,.F.,.F.)
B_SPLINE_CURVE_WITH_KNOTS((3,3),(-1138.81424695691,-1104.76069158894),
 .UNSPECIFIED.)
CURVE()
GEOMETRIC_REPRESENTATION_ITEM()
RATIONAL_B_SPLINE_CURVE((1.,0.995602932329328,1.))
REPRESENTATION_ITEM('')
);
#2464=(
BOUNDED_CURVE()
B_SPLINE_CURVE(2,(#5346,#5347,#5348),.UNSPECIFIED.,.F.,.F.)
B_SPLINE_CURVE_WITH_KNOTS((3,3),(-1138.81424695691,-1104.76069158894),
 .UNSPECIFIED.)
CURVE()
GEOMETRIC_REPRESENTATION_ITEM()
RATIONAL_B_SPLINE_CURVE((1.,0.995602932329327,1.))
REPRESENTATION_ITEM('')
);
#2465=(
BOUNDED_CURVE()
B_SPLINE_CURVE(1,(#5349,#5350),.UNSPECIFIED.,.F.,.F.)
B_SPLINE_CURVE_WITH_KNOTS((2,2),(63.6,113.733333333333),.UNSPECIFIED.)
CURVE()
GEOMETRIC_REPRESENTATION_ITEM()
RATIONAL_B_SPLINE_CURVE((1.,1.))
REPRESENTATION_ITEM('')
);
#2466=(
BOUNDED_CURVE()
B_SPLINE_CURVE(1,(#5351,#5352),.UNSPECIFIED.,.F.,.F.)
B_SPLINE_CURVE_WITH_KNOTS((2,2),(63.6,113.733333333333),.UNSPECIFIED.)
CURVE()
GEOMETRIC_REPRESENTATION_ITEM()
RATIONAL_B_SPLINE_CURVE((1.,1.))
REPRESENTATION_ITEM('')
);
#2467=(
BOUNDED_CURVE()
B_SPLINE_CURVE(2,(#5353,#5354,#5355),.UNSPECIFIED.,.F.,.F.)
B_SPLINE_CURVE_WITH_KNOTS((3,3),(-1138.81424695691,-1104.76069158894),
 .UNSPECIFIED.)
CURVE()
GEOMETRIC_REPRESENTATION_ITEM()
RATIONAL_B_SPLINE_CURVE((1.,0.995602932329327,1.))
REPRESENTATION_ITEM('')
);
#2468=(
BOUNDED_CURVE()
B_SPLINE_CURVE(2,(#5361,#5362,#5363),.UNSPECIFIED.,.F.,.F.)
B_SPLINE_CURVE_WITH_KNOTS((3,3),(-1138.81424695691,-1104.76069158894),
 .UNSPECIFIED.)
CURVE()
GEOMETRIC_REPRESENTATION_ITEM()
RATIONAL_B_SPLINE_CURVE((1.,0.995602932329328,1.))
REPRESENTATION_ITEM('')
);
#2469=(
BOUNDED_CURVE()
B_SPLINE_CURVE(1,(#5364,#5365),.UNSPECIFIED.,.F.,.F.)
B_SPLINE_CURVE_WITH_KNOTS((2,2),(63.6,113.733333333333),.UNSPECIFIED.)
CURVE()
GEOMETRIC_REPRESENTATION_ITEM()
RATIONAL_B_SPLINE_CURVE((1.,1.))
REPRESENTATION_ITEM('')
);
#2470=(
BOUNDED_CURVE()
B_SPLINE_CURVE(1,(#5366,#5367),.UNSPECIFIED.,.F.,.F.)
B_SPLINE_CURVE_WITH_KNOTS((2,2),(63.6,113.733333333333),.UNSPECIFIED.)
CURVE()
GEOMETRIC_REPRESENTATION_ITEM()
RATIONAL_B_SPLINE_CURVE((1.,1.))
REPRESENTATION_ITEM('')
);
#2471=(
BOUNDED_CURVE()
B_SPLINE_CURVE(2,(#5368,#5369,#5370),.UNSPECIFIED.,.F.,.F.)
B_SPLINE_CURVE_WITH_KNOTS((3,3),(-1138.81424695691,-1104.76069158894),
 .UNSPECIFIED.)
CURVE()
GEOMETRIC_REPRESENTATION_ITEM()
RATIONAL_B_SPLINE_CURVE((1.,0.995602932329328,1.))
REPRESENTATION_ITEM('')
);
#2472=(
BOUNDED_CURVE()
B_SPLINE_CURVE(2,(#5376,#5377,#5378),.UNSPECIFIED.,.F.,.F.)
B_SPLINE_CURVE_WITH_KNOTS((3,3),(-1138.81424695691,-1104.76069158894),
 .UNSPECIFIED.)
CURVE()
GEOMETRIC_REPRESENTATION_ITEM()
RATIONAL_B_SPLINE_CURVE((1.,0.995602932329328,1.))
REPRESENTATION_ITEM('')
);
#2473=(
BOUNDED_CURVE()
B_SPLINE_CURVE(1,(#5379,#5380),.UNSPECIFIED.,.F.,.F.)
B_SPLINE_CURVE_WITH_KNOTS((2,2),(63.6,113.733333333333),.UNSPECIFIED.)
CURVE()
GEOMETRIC_REPRESENTATION_ITEM()
RATIONAL_B_SPLINE_CURVE((1.,1.))
REPRESENTATION_ITEM('')
);
#2474=(
BOUNDED_CURVE()
B_SPLINE_CURVE(1,(#5381,#5382),.UNSPECIFIED.,.F.,.F.)
B_SPLINE_CURVE_WITH_KNOTS((2,2),(63.6,113.733333333333),.UNSPECIFIED.)
CURVE()
GEOMETRIC_REPRESENTATION_ITEM()
RATIONAL_B_SPLINE_CURVE((1.,1.))
REPRESENTATION_ITEM('')
);
#2475=(
BOUNDED_CURVE()
B_SPLINE_CURVE(2,(#5383,#5384,#5385),.UNSPECIFIED.,.F.,.F.)
B_SPLINE_CURVE_WITH_KNOTS((3,3),(-1138.81424695691,-1104.76069158894),
 .UNSPECIFIED.)
CURVE()
GEOMETRIC_REPRESENTATION_ITEM()
RATIONAL_B_SPLINE_CURVE((1.,0.995602932329326,1.))
REPRESENTATION_ITEM('')
);
#2476=(
BOUNDED_CURVE()
B_SPLINE_CURVE(2,(#5391,#5392,#5393),.UNSPECIFIED.,.F.,.F.)
B_SPLINE_CURVE_WITH_KNOTS((3,3),(1104.76069158894,1138.81424695691),
 .UNSPECIFIED.)
CURVE()
GEOMETRIC_REPRESENTATION_ITEM()
RATIONAL_B_SPLINE_CURVE((1.,0.995602932329327,1.))
REPRESENTATION_ITEM('')
);
#2477=(
BOUNDED_CURVE()
B_SPLINE_CURVE(1,(#5394,#5395),.UNSPECIFIED.,.F.,.F.)
B_SPLINE_CURVE_WITH_KNOTS((2,2),(0.,62.),.UNSPECIFIED.)
CURVE()
GEOMETRIC_REPRESENTATION_ITEM()
RATIONAL_B_SPLINE_CURVE((1.,1.))
REPRESENTATION_ITEM('')
);
#2478=(
BOUNDED_CURVE()
B_SPLINE_CURVE(1,(#5396,#5397),.UNSPECIFIED.,.F.,.F.)
B_SPLINE_CURVE_WITH_KNOTS((2,2),(0.,62.),.UNSPECIFIED.)
CURVE()
GEOMETRIC_REPRESENTATION_ITEM()
RATIONAL_B_SPLINE_CURVE((1.,1.))
REPRESENTATION_ITEM('')
);
#2479=(
BOUNDED_CURVE()
B_SPLINE_CURVE(2,(#5398,#5399,#5400),.UNSPECIFIED.,.F.,.F.)
B_SPLINE_CURVE_WITH_KNOTS((3,3),(-1138.81424695691,-1104.76069158894),
 .UNSPECIFIED.)
CURVE()
GEOMETRIC_REPRESENTATION_ITEM()
RATIONAL_B_SPLINE_CURVE((1.,0.995602932329328,1.))
REPRESENTATION_ITEM('')
);
#2480=(
BOUNDED_CURVE()
B_SPLINE_CURVE(2,(#5406,#5407,#5408),.UNSPECIFIED.,.F.,.F.)
B_SPLINE_CURVE_WITH_KNOTS((3,3),(1104.76069158894,1138.81424695691),
 .UNSPECIFIED.)
CURVE()
GEOMETRIC_REPRESENTATION_ITEM()
RATIONAL_B_SPLINE_CURVE((1.,0.995602932329327,1.))
REPRESENTATION_ITEM('')
);
#2481=(
BOUNDED_CURVE()
B_SPLINE_CURVE(1,(#5409,#5410),.UNSPECIFIED.,.F.,.F.)
B_SPLINE_CURVE_WITH_KNOTS((2,2),(0.,62.),.UNSPECIFIED.)
CURVE()
GEOMETRIC_REPRESENTATION_ITEM()
RATIONAL_B_SPLINE_CURVE((1.,1.))
REPRESENTATION_ITEM('')
);
#2482=(
BOUNDED_CURVE()
B_SPLINE_CURVE(1,(#5411,#5412),.UNSPECIFIED.,.F.,.F.)
B_SPLINE_CURVE_WITH_KNOTS((2,2),(0.,62.),.UNSPECIFIED.)
CURVE()
GEOMETRIC_REPRESENTATION_ITEM()
RATIONAL_B_SPLINE_CURVE((1.,1.))
REPRESENTATION_ITEM('')
);
#2483=(
BOUNDED_CURVE()
B_SPLINE_CURVE(2,(#5413,#5414,#5415),.UNSPECIFIED.,.F.,.F.)
B_SPLINE_CURVE_WITH_KNOTS((3,3),(-1138.81424695691,-1104.76069158894),
 .UNSPECIFIED.)
CURVE()
GEOMETRIC_REPRESENTATION_ITEM()
RATIONAL_B_SPLINE_CURVE((1.,0.995602932329326,1.))
REPRESENTATION_ITEM('')
);
#2484=(
BOUNDED_CURVE()
B_SPLINE_CURVE(2,(#5421,#5422,#5423),.UNSPECIFIED.,.F.,.F.)
B_SPLINE_CURVE_WITH_KNOTS((3,3),(1104.76069158894,1138.81424695691),
 .UNSPECIFIED.)
CURVE()
GEOMETRIC_REPRESENTATION_ITEM()
RATIONAL_B_SPLINE_CURVE((1.,0.995602932329327,1.))
REPRESENTATION_ITEM('')
);
#2485=(
BOUNDED_CURVE()
B_SPLINE_CURVE(1,(#5424,#5425),.UNSPECIFIED.,.F.,.F.)
B_SPLINE_CURVE_WITH_KNOTS((2,2),(0.,62.),.UNSPECIFIED.)
CURVE()
GEOMETRIC_REPRESENTATION_ITEM()
RATIONAL_B_SPLINE_CURVE((1.,1.))
REPRESENTATION_ITEM('')
);
#2486=(
BOUNDED_CURVE()
B_SPLINE_CURVE(1,(#5426,#5427),.UNSPECIFIED.,.F.,.F.)
B_SPLINE_CURVE_WITH_KNOTS((2,2),(0.,62.),.UNSPECIFIED.)
CURVE()
GEOMETRIC_REPRESENTATION_ITEM()
RATIONAL_B_SPLINE_CURVE((1.,1.))
REPRESENTATION_ITEM('')
);
#2487=(
BOUNDED_CURVE()
B_SPLINE_CURVE(2,(#5428,#5429,#5430),.UNSPECIFIED.,.F.,.F.)
B_SPLINE_CURVE_WITH_KNOTS((3,3),(-1138.81424695691,-1104.76069158894),
 .UNSPECIFIED.)
CURVE()
GEOMETRIC_REPRESENTATION_ITEM()
RATIONAL_B_SPLINE_CURVE((1.,0.995602932329328,1.))
REPRESENTATION_ITEM('')
);
#2488=(
BOUNDED_CURVE()
B_SPLINE_CURVE(2,(#5436,#5437,#5438),.UNSPECIFIED.,.F.,.F.)
B_SPLINE_CURVE_WITH_KNOTS((3,3),(1104.76069158894,1138.81424695691),
 .UNSPECIFIED.)
CURVE()
GEOMETRIC_REPRESENTATION_ITEM()
RATIONAL_B_SPLINE_CURVE((1.,0.995602932329327,1.))
REPRESENTATION_ITEM('')
);
#2489=(
BOUNDED_CURVE()
B_SPLINE_CURVE(1,(#5439,#5440),.UNSPECIFIED.,.F.,.F.)
B_SPLINE_CURVE_WITH_KNOTS((2,2),(0.,62.),.UNSPECIFIED.)
CURVE()
GEOMETRIC_REPRESENTATION_ITEM()
RATIONAL_B_SPLINE_CURVE((1.,1.))
REPRESENTATION_ITEM('')
);
#2490=(
BOUNDED_CURVE()
B_SPLINE_CURVE(1,(#5441,#5442),.UNSPECIFIED.,.F.,.F.)
B_SPLINE_CURVE_WITH_KNOTS((2,2),(0.,62.),.UNSPECIFIED.)
CURVE()
GEOMETRIC_REPRESENTATION_ITEM()
RATIONAL_B_SPLINE_CURVE((1.,1.))
REPRESENTATION_ITEM('')
);
#2491=(
BOUNDED_CURVE()
B_SPLINE_CURVE(2,(#5443,#5444,#5445),.UNSPECIFIED.,.F.,.F.)
B_SPLINE_CURVE_WITH_KNOTS((3,3),(-1138.81424695691,-1104.76069158894),
 .UNSPECIFIED.)
CURVE()
GEOMETRIC_REPRESENTATION_ITEM()
RATIONAL_B_SPLINE_CURVE((1.,0.995602932329327,1.))
REPRESENTATION_ITEM('')
);
#2492=(
BOUNDED_CURVE()
B_SPLINE_CURVE(2,(#5451,#5452,#5453),.UNSPECIFIED.,.F.,.F.)
B_SPLINE_CURVE_WITH_KNOTS((3,3),(1104.76069158894,1138.81424695691),
 .UNSPECIFIED.)
CURVE()
GEOMETRIC_REPRESENTATION_ITEM()
RATIONAL_B_SPLINE_CURVE((1.,0.995602932329327,1.))
REPRESENTATION_ITEM('')
);
#2493=(
BOUNDED_CURVE()
B_SPLINE_CURVE(1,(#5454,#5455),.UNSPECIFIED.,.F.,.F.)
B_SPLINE_CURVE_WITH_KNOTS((2,2),(0.,62.),.UNSPECIFIED.)
CURVE()
GEOMETRIC_REPRESENTATION_ITEM()
RATIONAL_B_SPLINE_CURVE((1.,1.))
REPRESENTATION_ITEM('')
);
#2494=(
BOUNDED_CURVE()
B_SPLINE_CURVE(1,(#5456,#5457),.UNSPECIFIED.,.F.,.F.)
B_SPLINE_CURVE_WITH_KNOTS((2,2),(0.,62.),.UNSPECIFIED.)
CURVE()
GEOMETRIC_REPRESENTATION_ITEM()
RATIONAL_B_SPLINE_CURVE((1.,1.))
REPRESENTATION_ITEM('')
);
#2495=(
BOUNDED_CURVE()
B_SPLINE_CURVE(2,(#5458,#5459,#5460),.UNSPECIFIED.,.F.,.F.)
B_SPLINE_CURVE_WITH_KNOTS((3,3),(-1138.81424695691,-1104.76069158894),
 .UNSPECIFIED.)
CURVE()
GEOMETRIC_REPRESENTATION_ITEM()
RATIONAL_B_SPLINE_CURVE((1.,0.995602932329327,1.))
REPRESENTATION_ITEM('')
);
#2496=(
BOUNDED_CURVE()
B_SPLINE_CURVE(2,(#5466,#5467,#5468),.UNSPECIFIED.,.F.,.F.)
B_SPLINE_CURVE_WITH_KNOTS((3,3),(1104.76069158894,1138.81424695691),
 .UNSPECIFIED.)
CURVE()
GEOMETRIC_REPRESENTATION_ITEM()
RATIONAL_B_SPLINE_CURVE((1.,0.995602932329327,1.))
REPRESENTATION_ITEM('')
);
#2497=(
BOUNDED_CURVE()
B_SPLINE_CURVE(1,(#5469,#5470),.UNSPECIFIED.,.F.,.F.)
B_SPLINE_CURVE_WITH_KNOTS((2,2),(0.,62.),.UNSPECIFIED.)
CURVE()
GEOMETRIC_REPRESENTATION_ITEM()
RATIONAL_B_SPLINE_CURVE((1.,1.))
REPRESENTATION_ITEM('')
);
#2498=(
BOUNDED_CURVE()
B_SPLINE_CURVE(1,(#5471,#5472),.UNSPECIFIED.,.F.,.F.)
B_SPLINE_CURVE_WITH_KNOTS((2,2),(0.,62.),.UNSPECIFIED.)
CURVE()
GEOMETRIC_REPRESENTATION_ITEM()
RATIONAL_B_SPLINE_CURVE((1.,1.))
REPRESENTATION_ITEM('')
);
#2499=(
BOUNDED_CURVE()
B_SPLINE_CURVE(2,(#5473,#5474,#5475),.UNSPECIFIED.,.F.,.F.)
B_SPLINE_CURVE_WITH_KNOTS((3,3),(-1138.81424695691,-1104.76069158894),
 .UNSPECIFIED.)
CURVE()
GEOMETRIC_REPRESENTATION_ITEM()
RATIONAL_B_SPLINE_CURVE((1.,0.995602932329328,1.))
REPRESENTATION_ITEM('')
);
#2500=(
BOUNDED_CURVE()
B_SPLINE_CURVE(2,(#5481,#5482,#5483),.UNSPECIFIED.,.F.,.F.)
B_SPLINE_CURVE_WITH_KNOTS((3,3),(1104.76069158894,1138.81424695691),
 .UNSPECIFIED.)
CURVE()
GEOMETRIC_REPRESENTATION_ITEM()
RATIONAL_B_SPLINE_CURVE((1.,0.995602932329327,1.))
REPRESENTATION_ITEM('')
);
#2501=(
BOUNDED_CURVE()
B_SPLINE_CURVE(1,(#5484,#5485),.UNSPECIFIED.,.F.,.F.)
B_SPLINE_CURVE_WITH_KNOTS((2,2),(0.,62.),.UNSPECIFIED.)
CURVE()
GEOMETRIC_REPRESENTATION_ITEM()
RATIONAL_B_SPLINE_CURVE((1.,1.))
REPRESENTATION_ITEM('')
);
#2502=(
BOUNDED_CURVE()
B_SPLINE_CURVE(1,(#5486,#5487),.UNSPECIFIED.,.F.,.F.)
B_SPLINE_CURVE_WITH_KNOTS((2,2),(0.,62.),.UNSPECIFIED.)
CURVE()
GEOMETRIC_REPRESENTATION_ITEM()
RATIONAL_B_SPLINE_CURVE((1.,1.))
REPRESENTATION_ITEM('')
);
#2503=(
BOUNDED_CURVE()
B_SPLINE_CURVE(2,(#5488,#5489,#5490),.UNSPECIFIED.,.F.,.F.)
B_SPLINE_CURVE_WITH_KNOTS((3,3),(-1138.81424695691,-1104.76069158894),
 .UNSPECIFIED.)
CURVE()
GEOMETRIC_REPRESENTATION_ITEM()
RATIONAL_B_SPLINE_CURVE((1.,0.995602932329327,1.))
REPRESENTATION_ITEM('')
);
#2504=(
BOUNDED_CURVE()
B_SPLINE_CURVE(2,(#5496,#5497,#5498),.UNSPECIFIED.,.F.,.F.)
B_SPLINE_CURVE_WITH_KNOTS((3,3),(1104.76069158894,1138.81424695691),
 .UNSPECIFIED.)
CURVE()
GEOMETRIC_REPRESENTATION_ITEM()
RATIONAL_B_SPLINE_CURVE((1.,0.995602932329327,1.))
REPRESENTATION_ITEM('')
);
#2505=(
BOUNDED_CURVE()
B_SPLINE_CURVE(1,(#5499,#5500),.UNSPECIFIED.,.F.,.F.)
B_SPLINE_CURVE_WITH_KNOTS((2,2),(0.,62.),.UNSPECIFIED.)
CURVE()
GEOMETRIC_REPRESENTATION_ITEM()
RATIONAL_B_SPLINE_CURVE((1.,1.))
REPRESENTATION_ITEM('')
);
#2506=(
BOUNDED_CURVE()
B_SPLINE_CURVE(1,(#5501,#5502),.UNSPECIFIED.,.F.,.F.)
B_SPLINE_CURVE_WITH_KNOTS((2,2),(0.,62.),.UNSPECIFIED.)
CURVE()
GEOMETRIC_REPRESENTATION_ITEM()
RATIONAL_B_SPLINE_CURVE((1.,1.))
REPRESENTATION_ITEM('')
);
#2507=(
BOUNDED_CURVE()
B_SPLINE_CURVE(2,(#5503,#5504,#5505),.UNSPECIFIED.,.F.,.F.)
B_SPLINE_CURVE_WITH_KNOTS((3,3),(-1138.81424695691,-1104.76069158894),
 .UNSPECIFIED.)
CURVE()
GEOMETRIC_REPRESENTATION_ITEM()
RATIONAL_B_SPLINE_CURVE((1.,0.995602932329326,1.))
REPRESENTATION_ITEM('')
);
#2508=(
BOUNDED_CURVE()
B_SPLINE_CURVE(2,(#5511,#5512,#5513),.UNSPECIFIED.,.F.,.F.)
B_SPLINE_CURVE_WITH_KNOTS((3,3),(1104.76069158894,1138.81424695691),
 .UNSPECIFIED.)
CURVE()
GEOMETRIC_REPRESENTATION_ITEM()
RATIONAL_B_SPLINE_CURVE((1.,0.995602932329327,1.))
REPRESENTATION_ITEM('')
);
#2509=(
BOUNDED_CURVE()
B_SPLINE_CURVE(1,(#5514,#5515),.UNSPECIFIED.,.F.,.F.)
B_SPLINE_CURVE_WITH_KNOTS((2,2),(0.,62.),.UNSPECIFIED.)
CURVE()
GEOMETRIC_REPRESENTATION_ITEM()
RATIONAL_B_SPLINE_CURVE((1.,1.))
REPRESENTATION_ITEM('')
);
#2510=(
BOUNDED_CURVE()
B_SPLINE_CURVE(1,(#5516,#5517),.UNSPECIFIED.,.F.,.F.)
B_SPLINE_CURVE_WITH_KNOTS((2,2),(0.,62.),.UNSPECIFIED.)
CURVE()
GEOMETRIC_REPRESENTATION_ITEM()
RATIONAL_B_SPLINE_CURVE((1.,1.))
REPRESENTATION_ITEM('')
);
#2511=(
BOUNDED_CURVE()
B_SPLINE_CURVE(2,(#5518,#5519,#5520),.UNSPECIFIED.,.F.,.F.)
B_SPLINE_CURVE_WITH_KNOTS((3,3),(-1138.81424695691,-1104.76069158894),
 .UNSPECIFIED.)
CURVE()
GEOMETRIC_REPRESENTATION_ITEM()
RATIONAL_B_SPLINE_CURVE((1.,0.995602932329327,1.))
REPRESENTATION_ITEM('')
);
#2512=(
BOUNDED_CURVE()
B_SPLINE_CURVE(2,(#5526,#5527,#5528),.UNSPECIFIED.,.F.,.F.)
B_SPLINE_CURVE_WITH_KNOTS((3,3),(1104.76069158894,1138.81424695691),
 .UNSPECIFIED.)
CURVE()
GEOMETRIC_REPRESENTATION_ITEM()
RATIONAL_B_SPLINE_CURVE((1.,0.995602932329327,1.))
REPRESENTATION_ITEM('')
);
#2513=(
BOUNDED_CURVE()
B_SPLINE_CURVE(1,(#5529,#5530),.UNSPECIFIED.,.F.,.F.)
B_SPLINE_CURVE_WITH_KNOTS((2,2),(0.,62.),.UNSPECIFIED.)
CURVE()
GEOMETRIC_REPRESENTATION_ITEM()
RATIONAL_B_SPLINE_CURVE((1.,1.))
REPRESENTATION_ITEM('')
);
#2514=(
BOUNDED_CURVE()
B_SPLINE_CURVE(1,(#5531,#5532),.UNSPECIFIED.,.F.,.F.)
B_SPLINE_CURVE_WITH_KNOTS((2,2),(0.,62.),.UNSPECIFIED.)
CURVE()
GEOMETRIC_REPRESENTATION_ITEM()
RATIONAL_B_SPLINE_CURVE((1.,1.))
REPRESENTATION_ITEM('')
);
#2515=(
BOUNDED_CURVE()
B_SPLINE_CURVE(2,(#5533,#5534,#5535),.UNSPECIFIED.,.F.,.F.)
B_SPLINE_CURVE_WITH_KNOTS((3,3),(-1138.81424695691,-1104.76069158894),
 .UNSPECIFIED.)
CURVE()
GEOMETRIC_REPRESENTATION_ITEM()
RATIONAL_B_SPLINE_CURVE((1.,0.995602932329327,1.))
REPRESENTATION_ITEM('')
);
#2516=(
BOUNDED_CURVE()
B_SPLINE_CURVE(2,(#5541,#5542,#5543),.UNSPECIFIED.,.F.,.F.)
B_SPLINE_CURVE_WITH_KNOTS((3,3),(1104.76069158894,1138.81424695691),
 .UNSPECIFIED.)
CURVE()
GEOMETRIC_REPRESENTATION_ITEM()
RATIONAL_B_SPLINE_CURVE((1.,0.995602932329327,1.))
REPRESENTATION_ITEM('')
);
#2517=(
BOUNDED_CURVE()
B_SPLINE_CURVE(1,(#5544,#5545),.UNSPECIFIED.,.F.,.F.)
B_SPLINE_CURVE_WITH_KNOTS((2,2),(0.,62.),.UNSPECIFIED.)
CURVE()
GEOMETRIC_REPRESENTATION_ITEM()
RATIONAL_B_SPLINE_CURVE((1.,1.))
REPRESENTATION_ITEM('')
);
#2518=(
BOUNDED_CURVE()
B_SPLINE_CURVE(1,(#5546,#5547),.UNSPECIFIED.,.F.,.F.)
B_SPLINE_CURVE_WITH_KNOTS((2,2),(0.,62.),.UNSPECIFIED.)
CURVE()
GEOMETRIC_REPRESENTATION_ITEM()
RATIONAL_B_SPLINE_CURVE((1.,1.))
REPRESENTATION_ITEM('')
);
#2519=(
BOUNDED_CURVE()
B_SPLINE_CURVE(2,(#5548,#5549,#5550),.UNSPECIFIED.,.F.,.F.)
B_SPLINE_CURVE_WITH_KNOTS((3,3),(-1138.81424695691,-1104.76069158894),
 .UNSPECIFIED.)
CURVE()
GEOMETRIC_REPRESENTATION_ITEM()
RATIONAL_B_SPLINE_CURVE((1.,0.995602932329327,1.))
REPRESENTATION_ITEM('')
);
#2520=(
BOUNDED_CURVE()
B_SPLINE_CURVE(2,(#5556,#5557,#5558),.UNSPECIFIED.,.F.,.F.)
B_SPLINE_CURVE_WITH_KNOTS((3,3),(1104.76069158894,1138.81424695691),
 .UNSPECIFIED.)
CURVE()
GEOMETRIC_REPRESENTATION_ITEM()
RATIONAL_B_SPLINE_CURVE((1.,0.995602932329327,1.))
REPRESENTATION_ITEM('')
);
#2521=(
BOUNDED_CURVE()
B_SPLINE_CURVE(1,(#5559,#5560),.UNSPECIFIED.,.F.,.F.)
B_SPLINE_CURVE_WITH_KNOTS((2,2),(0.,62.),.UNSPECIFIED.)
CURVE()
GEOMETRIC_REPRESENTATION_ITEM()
RATIONAL_B_SPLINE_CURVE((1.,1.))
REPRESENTATION_ITEM('')
);
#2522=(
BOUNDED_CURVE()
B_SPLINE_CURVE(1,(#5561,#5562),.UNSPECIFIED.,.F.,.F.)
B_SPLINE_CURVE_WITH_KNOTS((2,2),(0.,62.),.UNSPECIFIED.)
CURVE()
GEOMETRIC_REPRESENTATION_ITEM()
RATIONAL_B_SPLINE_CURVE((1.,1.))
REPRESENTATION_ITEM('')
);
#2523=(
BOUNDED_CURVE()
B_SPLINE_CURVE(2,(#5563,#5564,#5565),.UNSPECIFIED.,.F.,.F.)
B_SPLINE_CURVE_WITH_KNOTS((3,3),(-1138.81424695691,-1104.76069158894),
 .UNSPECIFIED.)
CURVE()
GEOMETRIC_REPRESENTATION_ITEM()
RATIONAL_B_SPLINE_CURVE((1.,0.995602932329327,1.))
REPRESENTATION_ITEM('')
);
#2524=(
BOUNDED_CURVE()
B_SPLINE_CURVE(2,(#5571,#5572,#5573),.UNSPECIFIED.,.F.,.F.)
B_SPLINE_CURVE_WITH_KNOTS((3,3),(1104.76069158894,1138.81424695691),
 .UNSPECIFIED.)
CURVE()
GEOMETRIC_REPRESENTATION_ITEM()
RATIONAL_B_SPLINE_CURVE((1.,0.995602932329327,1.))
REPRESENTATION_ITEM('')
);
#2525=(
BOUNDED_CURVE()
B_SPLINE_CURVE(1,(#5574,#5575),.UNSPECIFIED.,.F.,.F.)
B_SPLINE_CURVE_WITH_KNOTS((2,2),(0.,62.),.UNSPECIFIED.)
CURVE()
GEOMETRIC_REPRESENTATION_ITEM()
RATIONAL_B_SPLINE_CURVE((1.,1.))
REPRESENTATION_ITEM('')
);
#2526=(
BOUNDED_CURVE()
B_SPLINE_CURVE(1,(#5576,#5577),.UNSPECIFIED.,.F.,.F.)
B_SPLINE_CURVE_WITH_KNOTS((2,2),(0.,62.),.UNSPECIFIED.)
CURVE()
GEOMETRIC_REPRESENTATION_ITEM()
RATIONAL_B_SPLINE_CURVE((1.,1.))
REPRESENTATION_ITEM('')
);
#2527=(
BOUNDED_CURVE()
B_SPLINE_CURVE(2,(#5578,#5579,#5580),.UNSPECIFIED.,.F.,.F.)
B_SPLINE_CURVE_WITH_KNOTS((3,3),(-1138.81424695691,-1104.76069158894),
 .UNSPECIFIED.)
CURVE()
GEOMETRIC_REPRESENTATION_ITEM()
RATIONAL_B_SPLINE_CURVE((1.,0.995602932329328,1.))
REPRESENTATION_ITEM('')
);
#2528=(
BOUNDED_CURVE()
B_SPLINE_CURVE(2,(#5586,#5587,#5588),.UNSPECIFIED.,.F.,.F.)
B_SPLINE_CURVE_WITH_KNOTS((3,3),(1104.76069158894,1138.81424695691),
 .UNSPECIFIED.)
CURVE()
GEOMETRIC_REPRESENTATION_ITEM()
RATIONAL_B_SPLINE_CURVE((1.,0.995602932329327,1.))
REPRESENTATION_ITEM('')
);
#2529=(
BOUNDED_CURVE()
B_SPLINE_CURVE(1,(#5589,#5590),.UNSPECIFIED.,.F.,.F.)
B_SPLINE_CURVE_WITH_KNOTS((2,2),(0.,62.),.UNSPECIFIED.)
CURVE()
GEOMETRIC_REPRESENTATION_ITEM()
RATIONAL_B_SPLINE_CURVE((1.,1.))
REPRESENTATION_ITEM('')
);
#2530=(
BOUNDED_CURVE()
B_SPLINE_CURVE(1,(#5591,#5592),.UNSPECIFIED.,.F.,.F.)
B_SPLINE_CURVE_WITH_KNOTS((2,2),(0.,62.),.UNSPECIFIED.)
CURVE()
GEOMETRIC_REPRESENTATION_ITEM()
RATIONAL_B_SPLINE_CURVE((1.,1.))
REPRESENTATION_ITEM('')
);
#2531=(
BOUNDED_CURVE()
B_SPLINE_CURVE(2,(#5593,#5594,#5595),.UNSPECIFIED.,.F.,.F.)
B_SPLINE_CURVE_WITH_KNOTS((3,3),(-1138.81424695691,-1104.76069158894),
 .UNSPECIFIED.)
CURVE()
GEOMETRIC_REPRESENTATION_ITEM()
RATIONAL_B_SPLINE_CURVE((1.,0.995602932329327,1.))
REPRESENTATION_ITEM('')
);
#2532=(
BOUNDED_CURVE()
B_SPLINE_CURVE(2,(#5601,#5602,#5603),.UNSPECIFIED.,.F.,.F.)
B_SPLINE_CURVE_WITH_KNOTS((3,3),(1104.76069158894,1138.81424695691),
 .UNSPECIFIED.)
CURVE()
GEOMETRIC_REPRESENTATION_ITEM()
RATIONAL_B_SPLINE_CURVE((1.,0.995602932329327,1.))
REPRESENTATION_ITEM('')
);
#2533=(
BOUNDED_CURVE()
B_SPLINE_CURVE(1,(#5604,#5605),.UNSPECIFIED.,.F.,.F.)
B_SPLINE_CURVE_WITH_KNOTS((2,2),(0.,62.),.UNSPECIFIED.)
CURVE()
GEOMETRIC_REPRESENTATION_ITEM()
RATIONAL_B_SPLINE_CURVE((1.,1.))
REPRESENTATION_ITEM('')
);
#2534=(
BOUNDED_CURVE()
B_SPLINE_CURVE(1,(#5606,#5607),.UNSPECIFIED.,.F.,.F.)
B_SPLINE_CURVE_WITH_KNOTS((2,2),(0.,62.),.UNSPECIFIED.)
CURVE()
GEOMETRIC_REPRESENTATION_ITEM()
RATIONAL_B_SPLINE_CURVE((1.,1.))
REPRESENTATION_ITEM('')
);
#2535=(
BOUNDED_CURVE()
B_SPLINE_CURVE(2,(#5608,#5609,#5610),.UNSPECIFIED.,.F.,.F.)
B_SPLINE_CURVE_WITH_KNOTS((3,3),(-1138.81424695691,-1104.76069158894),
 .UNSPECIFIED.)
CURVE()
GEOMETRIC_REPRESENTATION_ITEM()
RATIONAL_B_SPLINE_CURVE((1.,0.995602932329327,1.))
REPRESENTATION_ITEM('')
);
#2536=(
BOUNDED_CURVE()
B_SPLINE_CURVE(2,(#5616,#5617,#5618),.UNSPECIFIED.,.F.,.F.)
B_SPLINE_CURVE_WITH_KNOTS((3,3),(1104.76069158894,1138.81424695691),
 .UNSPECIFIED.)
CURVE()
GEOMETRIC_REPRESENTATION_ITEM()
RATIONAL_B_SPLINE_CURVE((1.,0.995602932329327,1.))
REPRESENTATION_ITEM('')
);
#2537=(
BOUNDED_CURVE()
B_SPLINE_CURVE(1,(#5619,#5620),.UNSPECIFIED.,.F.,.F.)
B_SPLINE_CURVE_WITH_KNOTS((2,2),(0.,62.),.UNSPECIFIED.)
CURVE()
GEOMETRIC_REPRESENTATION_ITEM()
RATIONAL_B_SPLINE_CURVE((1.,1.))
REPRESENTATION_ITEM('')
);
#2538=(
BOUNDED_CURVE()
B_SPLINE_CURVE(1,(#5621,#5622),.UNSPECIFIED.,.F.,.F.)
B_SPLINE_CURVE_WITH_KNOTS((2,2),(0.,62.),.UNSPECIFIED.)
CURVE()
GEOMETRIC_REPRESENTATION_ITEM()
RATIONAL_B_SPLINE_CURVE((1.,1.))
REPRESENTATION_ITEM('')
);
#2539=(
BOUNDED_CURVE()
B_SPLINE_CURVE(2,(#5623,#5624,#5625),.UNSPECIFIED.,.F.,.F.)
B_SPLINE_CURVE_WITH_KNOTS((3,3),(-1138.81424695691,-1104.76069158894),
 .UNSPECIFIED.)
CURVE()
GEOMETRIC_REPRESENTATION_ITEM()
RATIONAL_B_SPLINE_CURVE((1.,0.995602932329328,1.))
REPRESENTATION_ITEM('')
);
#2540=(
BOUNDED_CURVE()
B_SPLINE_CURVE(2,(#5631,#5632,#5633),.UNSPECIFIED.,.F.,.F.)
B_SPLINE_CURVE_WITH_KNOTS((3,3),(1104.76069158894,1138.81424695691),
 .UNSPECIFIED.)
CURVE()
GEOMETRIC_REPRESENTATION_ITEM()
RATIONAL_B_SPLINE_CURVE((1.,0.995602932329327,1.))
REPRESENTATION_ITEM('')
);
#2541=(
BOUNDED_CURVE()
B_SPLINE_CURVE(1,(#5634,#5635),.UNSPECIFIED.,.F.,.F.)
B_SPLINE_CURVE_WITH_KNOTS((2,2),(0.,62.),.UNSPECIFIED.)
CURVE()
GEOMETRIC_REPRESENTATION_ITEM()
RATIONAL_B_SPLINE_CURVE((1.,1.))
REPRESENTATION_ITEM('')
);
#2542=(
BOUNDED_CURVE()
B_SPLINE_CURVE(1,(#5636,#5637),.UNSPECIFIED.,.F.,.F.)
B_SPLINE_CURVE_WITH_KNOTS((2,2),(0.,62.),.UNSPECIFIED.)
CURVE()
GEOMETRIC_REPRESENTATION_ITEM()
RATIONAL_B_SPLINE_CURVE((1.,1.))
REPRESENTATION_ITEM('')
);
#2543=(
BOUNDED_CURVE()
B_SPLINE_CURVE(2,(#5638,#5639,#5640),.UNSPECIFIED.,.F.,.F.)
B_SPLINE_CURVE_WITH_KNOTS((3,3),(-1138.81424695691,-1104.76069158894),
 .UNSPECIFIED.)
CURVE()
GEOMETRIC_REPRESENTATION_ITEM()
RATIONAL_B_SPLINE_CURVE((1.,0.995602932329328,1.))
REPRESENTATION_ITEM('')
);
#2544=(
BOUNDED_CURVE()
B_SPLINE_CURVE(2,(#5646,#5647,#5648),.UNSPECIFIED.,.F.,.F.)
B_SPLINE_CURVE_WITH_KNOTS((3,3),(1104.76069158894,1138.81424695691),
 .UNSPECIFIED.)
CURVE()
GEOMETRIC_REPRESENTATION_ITEM()
RATIONAL_B_SPLINE_CURVE((1.,0.995602932329327,1.))
REPRESENTATION_ITEM('')
);
#2545=(
BOUNDED_CURVE()
B_SPLINE_CURVE(1,(#5649,#5650),.UNSPECIFIED.,.F.,.F.)
B_SPLINE_CURVE_WITH_KNOTS((2,2),(0.,62.),.UNSPECIFIED.)
CURVE()
GEOMETRIC_REPRESENTATION_ITEM()
RATIONAL_B_SPLINE_CURVE((1.,1.))
REPRESENTATION_ITEM('')
);
#2546=(
BOUNDED_CURVE()
B_SPLINE_CURVE(1,(#5651,#5652),.UNSPECIFIED.,.F.,.F.)
B_SPLINE_CURVE_WITH_KNOTS((2,2),(0.,62.),.UNSPECIFIED.)
CURVE()
GEOMETRIC_REPRESENTATION_ITEM()
RATIONAL_B_SPLINE_CURVE((1.,1.))
REPRESENTATION_ITEM('')
);
#2547=(
BOUNDED_CURVE()
B_SPLINE_CURVE(2,(#5653,#5654,#5655),.UNSPECIFIED.,.F.,.F.)
B_SPLINE_CURVE_WITH_KNOTS((3,3),(-1138.81424695691,-1104.76069158894),
 .UNSPECIFIED.)
CURVE()
GEOMETRIC_REPRESENTATION_ITEM()
RATIONAL_B_SPLINE_CURVE((1.,0.995602932329327,1.))
REPRESENTATION_ITEM('')
);
#2548=(
BOUNDED_CURVE()
B_SPLINE_CURVE(2,(#5661,#5662,#5663),.UNSPECIFIED.,.F.,.F.)
B_SPLINE_CURVE_WITH_KNOTS((3,3),(1104.76069158894,1138.81424695691),
 .UNSPECIFIED.)
CURVE()
GEOMETRIC_REPRESENTATION_ITEM()
RATIONAL_B_SPLINE_CURVE((1.,0.995602932329327,1.))
REPRESENTATION_ITEM('')
);
#2549=(
BOUNDED_CURVE()
B_SPLINE_CURVE(1,(#5664,#5665),.UNSPECIFIED.,.F.,.F.)
B_SPLINE_CURVE_WITH_KNOTS((2,2),(0.,62.),.UNSPECIFIED.)
CURVE()
GEOMETRIC_REPRESENTATION_ITEM()
RATIONAL_B_SPLINE_CURVE((1.,1.))
REPRESENTATION_ITEM('')
);
#2550=(
BOUNDED_CURVE()
B_SPLINE_CURVE(1,(#5666,#5667),.UNSPECIFIED.,.F.,.F.)
B_SPLINE_CURVE_WITH_KNOTS((2,2),(0.,62.),.UNSPECIFIED.)
CURVE()
GEOMETRIC_REPRESENTATION_ITEM()
RATIONAL_B_SPLINE_CURVE((1.,1.))
REPRESENTATION_ITEM('')
);
#2551=(
BOUNDED_CURVE()
B_SPLINE_CURVE(2,(#5668,#5669,#5670),.UNSPECIFIED.,.F.,.F.)
B_SPLINE_CURVE_WITH_KNOTS((3,3),(-1138.81424695691,-1104.76069158894),
 .UNSPECIFIED.)
CURVE()
GEOMETRIC_REPRESENTATION_ITEM()
RATIONAL_B_SPLINE_CURVE((1.,0.995602932329326,1.))
REPRESENTATION_ITEM('')
);
#2552=(
BOUNDED_CURVE()
B_SPLINE_CURVE(2,(#5676,#5677,#5678),.UNSPECIFIED.,.F.,.F.)
B_SPLINE_CURVE_WITH_KNOTS((3,3),(1104.76069158894,1138.81424695691),
 .UNSPECIFIED.)
CURVE()
GEOMETRIC_REPRESENTATION_ITEM()
RATIONAL_B_SPLINE_CURVE((1.,0.995602932329327,1.))
REPRESENTATION_ITEM('')
);
#2553=(
BOUNDED_CURVE()
B_SPLINE_CURVE(1,(#5679,#5680),.UNSPECIFIED.,.F.,.F.)
B_SPLINE_CURVE_WITH_KNOTS((2,2),(0.,62.),.UNSPECIFIED.)
CURVE()
GEOMETRIC_REPRESENTATION_ITEM()
RATIONAL_B_SPLINE_CURVE((1.,1.))
REPRESENTATION_ITEM('')
);
#2554=(
BOUNDED_CURVE()
B_SPLINE_CURVE(1,(#5681,#5682),.UNSPECIFIED.,.F.,.F.)
B_SPLINE_CURVE_WITH_KNOTS((2,2),(0.,62.),.UNSPECIFIED.)
CURVE()
GEOMETRIC_REPRESENTATION_ITEM()
RATIONAL_B_SPLINE_CURVE((1.,1.))
REPRESENTATION_ITEM('')
);
#2555=(
BOUNDED_CURVE()
B_SPLINE_CURVE(2,(#5683,#5684,#5685),.UNSPECIFIED.,.F.,.F.)
B_SPLINE_CURVE_WITH_KNOTS((3,3),(-1138.81424695691,-1104.76069158894),
 .UNSPECIFIED.)
CURVE()
GEOMETRIC_REPRESENTATION_ITEM()
RATIONAL_B_SPLINE_CURVE((1.,0.995602932329327,1.))
REPRESENTATION_ITEM('')
);
#2556=(
BOUNDED_CURVE()
B_SPLINE_CURVE(2,(#5691,#5692,#5693),.UNSPECIFIED.,.F.,.F.)
B_SPLINE_CURVE_WITH_KNOTS((3,3),(1104.76069158894,1138.81424695691),
 .UNSPECIFIED.)
CURVE()
GEOMETRIC_REPRESENTATION_ITEM()
RATIONAL_B_SPLINE_CURVE((1.,0.995602932329327,1.))
REPRESENTATION_ITEM('')
);
#2557=(
BOUNDED_CURVE()
B_SPLINE_CURVE(1,(#5694,#5695),.UNSPECIFIED.,.F.,.F.)
B_SPLINE_CURVE_WITH_KNOTS((2,2),(0.,62.),.UNSPECIFIED.)
CURVE()
GEOMETRIC_REPRESENTATION_ITEM()
RATIONAL_B_SPLINE_CURVE((1.,1.))
REPRESENTATION_ITEM('')
);
#2558=(
BOUNDED_CURVE()
B_SPLINE_CURVE(1,(#5696,#5697),.UNSPECIFIED.,.F.,.F.)
B_SPLINE_CURVE_WITH_KNOTS((2,2),(0.,62.),.UNSPECIFIED.)
CURVE()
GEOMETRIC_REPRESENTATION_ITEM()
RATIONAL_B_SPLINE_CURVE((1.,1.))
REPRESENTATION_ITEM('')
);
#2559=(
BOUNDED_CURVE()
B_SPLINE_CURVE(2,(#5698,#5699,#5700),.UNSPECIFIED.,.F.,.F.)
B_SPLINE_CURVE_WITH_KNOTS((3,3),(-1138.81424695691,-1104.76069158894),
 .UNSPECIFIED.)
CURVE()
GEOMETRIC_REPRESENTATION_ITEM()
RATIONAL_B_SPLINE_CURVE((1.,0.995602932329327,1.))
REPRESENTATION_ITEM('')
);
#2560=(
BOUNDED_CURVE()
B_SPLINE_CURVE(2,(#5706,#5707,#5708),.UNSPECIFIED.,.F.,.F.)
B_SPLINE_CURVE_WITH_KNOTS((3,3),(1104.76069158894,1138.81424695691),
 .UNSPECIFIED.)
CURVE()
GEOMETRIC_REPRESENTATION_ITEM()
RATIONAL_B_SPLINE_CURVE((1.,0.995602932329327,1.))
REPRESENTATION_ITEM('')
);
#2561=(
BOUNDED_CURVE()
B_SPLINE_CURVE(1,(#5709,#5710),.UNSPECIFIED.,.F.,.F.)
B_SPLINE_CURVE_WITH_KNOTS((2,2),(0.,62.),.UNSPECIFIED.)
CURVE()
GEOMETRIC_REPRESENTATION_ITEM()
RATIONAL_B_SPLINE_CURVE((1.,1.))
REPRESENTATION_ITEM('')
);
#2562=(
BOUNDED_CURVE()
B_SPLINE_CURVE(1,(#5711,#5712),.UNSPECIFIED.,.F.,.F.)
B_SPLINE_CURVE_WITH_KNOTS((2,2),(0.,62.),.UNSPECIFIED.)
CURVE()
GEOMETRIC_REPRESENTATION_ITEM()
RATIONAL_B_SPLINE_CURVE((1.,1.))
REPRESENTATION_ITEM('')
);
#2563=(
BOUNDED_CURVE()
B_SPLINE_CURVE(2,(#5713,#5714,#5715),.UNSPECIFIED.,.F.,.F.)
B_SPLINE_CURVE_WITH_KNOTS((3,3),(-1138.81424695691,-1104.76069158894),
 .UNSPECIFIED.)
CURVE()
GEOMETRIC_REPRESENTATION_ITEM()
RATIONAL_B_SPLINE_CURVE((1.,0.995602932329327,1.))
REPRESENTATION_ITEM('')
);
#2564=(
BOUNDED_CURVE()
B_SPLINE_CURVE(2,(#5721,#5722,#5723),.UNSPECIFIED.,.F.,.F.)
B_SPLINE_CURVE_WITH_KNOTS((3,3),(1104.76069158894,1138.81424695691),
 .UNSPECIFIED.)
CURVE()
GEOMETRIC_REPRESENTATION_ITEM()
RATIONAL_B_SPLINE_CURVE((1.,0.995602932329327,1.))
REPRESENTATION_ITEM('')
);
#2565=(
BOUNDED_CURVE()
B_SPLINE_CURVE(1,(#5724,#5725),.UNSPECIFIED.,.F.,.F.)
B_SPLINE_CURVE_WITH_KNOTS((2,2),(0.,62.),.UNSPECIFIED.)
CURVE()
GEOMETRIC_REPRESENTATION_ITEM()
RATIONAL_B_SPLINE_CURVE((1.,1.))
REPRESENTATION_ITEM('')
);
#2566=(
BOUNDED_CURVE()
B_SPLINE_CURVE(1,(#5726,#5727),.UNSPECIFIED.,.F.,.F.)
B_SPLINE_CURVE_WITH_KNOTS((2,2),(0.,62.),.UNSPECIFIED.)
CURVE()
GEOMETRIC_REPRESENTATION_ITEM()
RATIONAL_B_SPLINE_CURVE((1.,1.))
REPRESENTATION_ITEM('')
);
#2567=(
BOUNDED_CURVE()
B_SPLINE_CURVE(2,(#5728,#5729,#5730),.UNSPECIFIED.,.F.,.F.)
B_SPLINE_CURVE_WITH_KNOTS((3,3),(-1138.81424695691,-1104.76069158894),
 .UNSPECIFIED.)
CURVE()
GEOMETRIC_REPRESENTATION_ITEM()
RATIONAL_B_SPLINE_CURVE((1.,0.995602932329327,1.))
REPRESENTATION_ITEM('')
);
#2568=(
BOUNDED_CURVE()
B_SPLINE_CURVE(2,(#5736,#5737,#5738),.UNSPECIFIED.,.F.,.F.)
B_SPLINE_CURVE_WITH_KNOTS((3,3),(1104.76069158894,1138.81424695691),
 .UNSPECIFIED.)
CURVE()
GEOMETRIC_REPRESENTATION_ITEM()
RATIONAL_B_SPLINE_CURVE((1.,0.995602932329327,1.))
REPRESENTATION_ITEM('')
);
#2569=(
BOUNDED_CURVE()
B_SPLINE_CURVE(1,(#5739,#5740),.UNSPECIFIED.,.F.,.F.)
B_SPLINE_CURVE_WITH_KNOTS((2,2),(0.,62.),.UNSPECIFIED.)
CURVE()
GEOMETRIC_REPRESENTATION_ITEM()
RATIONAL_B_SPLINE_CURVE((1.,1.))
REPRESENTATION_ITEM('')
);
#2570=(
BOUNDED_CURVE()
B_SPLINE_CURVE(1,(#5741,#5742),.UNSPECIFIED.,.F.,.F.)
B_SPLINE_CURVE_WITH_KNOTS((2,2),(0.,62.),.UNSPECIFIED.)
CURVE()
GEOMETRIC_REPRESENTATION_ITEM()
RATIONAL_B_SPLINE_CURVE((1.,1.))
REPRESENTATION_ITEM('')
);
#2571=(
BOUNDED_CURVE()
B_SPLINE_CURVE(2,(#5743,#5744,#5745),.UNSPECIFIED.,.F.,.F.)
B_SPLINE_CURVE_WITH_KNOTS((3,3),(-1138.81424695691,-1104.76069158894),
 .UNSPECIFIED.)
CURVE()
GEOMETRIC_REPRESENTATION_ITEM()
RATIONAL_B_SPLINE_CURVE((1.,0.995602932329326,1.))
REPRESENTATION_ITEM('')
);
#2572=(
BOUNDED_CURVE()
B_SPLINE_CURVE(2,(#5751,#5752,#5753),.UNSPECIFIED.,.F.,.F.)
B_SPLINE_CURVE_WITH_KNOTS((3,3),(1104.76069158894,1138.81424695691),
 .UNSPECIFIED.)
CURVE()
GEOMETRIC_REPRESENTATION_ITEM()
RATIONAL_B_SPLINE_CURVE((1.,0.995602932329327,1.))
REPRESENTATION_ITEM('')
);
#2573=(
BOUNDED_CURVE()
B_SPLINE_CURVE(1,(#5754,#5755),.UNSPECIFIED.,.F.,.F.)
B_SPLINE_CURVE_WITH_KNOTS((2,2),(0.,62.),.UNSPECIFIED.)
CURVE()
GEOMETRIC_REPRESENTATION_ITEM()
RATIONAL_B_SPLINE_CURVE((1.,1.))
REPRESENTATION_ITEM('')
);
#2574=(
BOUNDED_CURVE()
B_SPLINE_CURVE(1,(#5756,#5757),.UNSPECIFIED.,.F.,.F.)
B_SPLINE_CURVE_WITH_KNOTS((2,2),(0.,62.),.UNSPECIFIED.)
CURVE()
GEOMETRIC_REPRESENTATION_ITEM()
RATIONAL_B_SPLINE_CURVE((1.,1.))
REPRESENTATION_ITEM('')
);
#2575=(
BOUNDED_CURVE()
B_SPLINE_CURVE(2,(#5758,#5759,#5760),.UNSPECIFIED.,.F.,.F.)
B_SPLINE_CURVE_WITH_KNOTS((3,3),(-1138.81424695691,-1104.76069158894),
 .UNSPECIFIED.)
CURVE()
GEOMETRIC_REPRESENTATION_ITEM()
RATIONAL_B_SPLINE_CURVE((1.,0.995602932329327,1.))
REPRESENTATION_ITEM('')
);
#2576=(
BOUNDED_CURVE()
B_SPLINE_CURVE(2,(#5766,#5767,#5768),.UNSPECIFIED.,.F.,.F.)
B_SPLINE_CURVE_WITH_KNOTS((3,3),(1104.76069158894,1138.81424695691),
 .UNSPECIFIED.)
CURVE()
GEOMETRIC_REPRESENTATION_ITEM()
RATIONAL_B_SPLINE_CURVE((1.,0.995602932329327,1.))
REPRESENTATION_ITEM('')
);
#2577=(
BOUNDED_CURVE()
B_SPLINE_CURVE(1,(#5769,#5770),.UNSPECIFIED.,.F.,.F.)
B_SPLINE_CURVE_WITH_KNOTS((2,2),(0.,62.),.UNSPECIFIED.)
CURVE()
GEOMETRIC_REPRESENTATION_ITEM()
RATIONAL_B_SPLINE_CURVE((1.,1.))
REPRESENTATION_ITEM('')
);
#2578=(
BOUNDED_CURVE()
B_SPLINE_CURVE(1,(#5771,#5772),.UNSPECIFIED.,.F.,.F.)
B_SPLINE_CURVE_WITH_KNOTS((2,2),(0.,62.),.UNSPECIFIED.)
CURVE()
GEOMETRIC_REPRESENTATION_ITEM()
RATIONAL_B_SPLINE_CURVE((1.,1.))
REPRESENTATION_ITEM('')
);
#2579=(
BOUNDED_CURVE()
B_SPLINE_CURVE(2,(#5773,#5774,#5775),.UNSPECIFIED.,.F.,.F.)
B_SPLINE_CURVE_WITH_KNOTS((3,3),(-1138.81424695691,-1104.76069158894),
 .UNSPECIFIED.)
CURVE()
GEOMETRIC_REPRESENTATION_ITEM()
RATIONAL_B_SPLINE_CURVE((1.,0.995602932329328,1.))
REPRESENTATION_ITEM('')
);
#2580=(
BOUNDED_CURVE()
B_SPLINE_CURVE(2,(#5781,#5782,#5783),.UNSPECIFIED.,.F.,.F.)
B_SPLINE_CURVE_WITH_KNOTS((3,3),(1104.76069158894,1138.81424695691),
 .UNSPECIFIED.)
CURVE()
GEOMETRIC_REPRESENTATION_ITEM()
RATIONAL_B_SPLINE_CURVE((1.,0.995602932329327,1.))
REPRESENTATION_ITEM('')
);
#2581=(
BOUNDED_CURVE()
B_SPLINE_CURVE(1,(#5784,#5785),.UNSPECIFIED.,.F.,.F.)
B_SPLINE_CURVE_WITH_KNOTS((2,2),(0.,62.),.UNSPECIFIED.)
CURVE()
GEOMETRIC_REPRESENTATION_ITEM()
RATIONAL_B_SPLINE_CURVE((1.,1.))
REPRESENTATION_ITEM('')
);
#2582=(
BOUNDED_CURVE()
B_SPLINE_CURVE(1,(#5786,#5787),.UNSPECIFIED.,.F.,.F.)
B_SPLINE_CURVE_WITH_KNOTS((2,2),(0.,62.),.UNSPECIFIED.)
CURVE()
GEOMETRIC_REPRESENTATION_ITEM()
RATIONAL_B_SPLINE_CURVE((1.,1.))
REPRESENTATION_ITEM('')
);
#2583=(
BOUNDED_CURVE()
B_SPLINE_CURVE(2,(#5788,#5789,#5790),.UNSPECIFIED.,.F.,.F.)
B_SPLINE_CURVE_WITH_KNOTS((3,3),(-1138.81424695691,-1104.76069158894),
 .UNSPECIFIED.)
CURVE()
GEOMETRIC_REPRESENTATION_ITEM()
RATIONAL_B_SPLINE_CURVE((1.,0.995602932329327,1.))
REPRESENTATION_ITEM('')
);
#2584=(
BOUNDED_CURVE()
B_SPLINE_CURVE(2,(#5796,#5797,#5798),.UNSPECIFIED.,.F.,.F.)
B_SPLINE_CURVE_WITH_KNOTS((3,3),(1104.76069158894,1138.81424695691),
 .UNSPECIFIED.)
CURVE()
GEOMETRIC_REPRESENTATION_ITEM()
RATIONAL_B_SPLINE_CURVE((1.,0.995602932329327,1.))
REPRESENTATION_ITEM('')
);
#2585=(
BOUNDED_CURVE()
B_SPLINE_CURVE(1,(#5799,#5800),.UNSPECIFIED.,.F.,.F.)
B_SPLINE_CURVE_WITH_KNOTS((2,2),(0.,62.),.UNSPECIFIED.)
CURVE()
GEOMETRIC_REPRESENTATION_ITEM()
RATIONAL_B_SPLINE_CURVE((1.,1.))
REPRESENTATION_ITEM('')
);
#2586=(
BOUNDED_CURVE()
B_SPLINE_CURVE(1,(#5801,#5802),.UNSPECIFIED.,.F.,.F.)
B_SPLINE_CURVE_WITH_KNOTS((2,2),(0.,62.),.UNSPECIFIED.)
CURVE()
GEOMETRIC_REPRESENTATION_ITEM()
RATIONAL_B_SPLINE_CURVE((1.,1.))
REPRESENTATION_ITEM('')
);
#2587=(
BOUNDED_CURVE()
B_SPLINE_CURVE(2,(#5803,#5804,#5805),.UNSPECIFIED.,.F.,.F.)
B_SPLINE_CURVE_WITH_KNOTS((3,3),(-1138.81424695691,-1104.76069158894),
 .UNSPECIFIED.)
CURVE()
GEOMETRIC_REPRESENTATION_ITEM()
RATIONAL_B_SPLINE_CURVE((1.,0.995602932329327,1.))
REPRESENTATION_ITEM('')
);
#2588=(
BOUNDED_CURVE()
B_SPLINE_CURVE(2,(#5811,#5812,#5813),.UNSPECIFIED.,.F.,.F.)
B_SPLINE_CURVE_WITH_KNOTS((3,3),(1104.76069158894,1138.81424695691),
 .UNSPECIFIED.)
CURVE()
GEOMETRIC_REPRESENTATION_ITEM()
RATIONAL_B_SPLINE_CURVE((1.,0.995602932329327,1.))
REPRESENTATION_ITEM('')
);
#2589=(
BOUNDED_CURVE()
B_SPLINE_CURVE(1,(#5814,#5815),.UNSPECIFIED.,.F.,.F.)
B_SPLINE_CURVE_WITH_KNOTS((2,2),(0.,62.),.UNSPECIFIED.)
CURVE()
GEOMETRIC_REPRESENTATION_ITEM()
RATIONAL_B_SPLINE_CURVE((1.,1.))
REPRESENTATION_ITEM('')
);
#2590=(
BOUNDED_CURVE()
B_SPLINE_CURVE(1,(#5816,#5817),.UNSPECIFIED.,.F.,.F.)
B_SPLINE_CURVE_WITH_KNOTS((2,2),(0.,62.),.UNSPECIFIED.)
CURVE()
GEOMETRIC_REPRESENTATION_ITEM()
RATIONAL_B_SPLINE_CURVE((1.,1.))
REPRESENTATION_ITEM('')
);
#2591=(
BOUNDED_CURVE()
B_SPLINE_CURVE(2,(#5818,#5819,#5820),.UNSPECIFIED.,.F.,.F.)
B_SPLINE_CURVE_WITH_KNOTS((3,3),(-1138.81424695691,-1104.76069158894),
 .UNSPECIFIED.)
CURVE()
GEOMETRIC_REPRESENTATION_ITEM()
RATIONAL_B_SPLINE_CURVE((1.,0.995602932329327,1.))
REPRESENTATION_ITEM('')
);
#2592=(
BOUNDED_CURVE()
B_SPLINE_CURVE(2,(#5826,#5827,#5828),.UNSPECIFIED.,.F.,.F.)
B_SPLINE_CURVE_WITH_KNOTS((3,3),(1104.76069158894,1138.81424695691),
 .UNSPECIFIED.)
CURVE()
GEOMETRIC_REPRESENTATION_ITEM()
RATIONAL_B_SPLINE_CURVE((1.,0.995602932329327,1.))
REPRESENTATION_ITEM('')
);
#2593=(
BOUNDED_CURVE()
B_SPLINE_CURVE(1,(#5829,#5830),.UNSPECIFIED.,.F.,.F.)
B_SPLINE_CURVE_WITH_KNOTS((2,2),(0.,62.),.UNSPECIFIED.)
CURVE()
GEOMETRIC_REPRESENTATION_ITEM()
RATIONAL_B_SPLINE_CURVE((1.,1.))
REPRESENTATION_ITEM('')
);
#2594=(
BOUNDED_CURVE()
B_SPLINE_CURVE(1,(#5831,#5832),.UNSPECIFIED.,.F.,.F.)
B_SPLINE_CURVE_WITH_KNOTS((2,2),(0.,62.),.UNSPECIFIED.)
CURVE()
GEOMETRIC_REPRESENTATION_ITEM()
RATIONAL_B_SPLINE_CURVE((1.,1.))
REPRESENTATION_ITEM('')
);
#2595=(
BOUNDED_CURVE()
B_SPLINE_CURVE(2,(#5833,#5834,#5835),.UNSPECIFIED.,.F.,.F.)
B_SPLINE_CURVE_WITH_KNOTS((3,3),(-1138.81424695691,-1104.76069158894),
 .UNSPECIFIED.)
CURVE()
GEOMETRIC_REPRESENTATION_ITEM()
RATIONAL_B_SPLINE_CURVE((1.,0.995602932329327,1.))
REPRESENTATION_ITEM('')
);
#2596=(
BOUNDED_CURVE()
B_SPLINE_CURVE(2,(#5841,#5842,#5843),.UNSPECIFIED.,.F.,.F.)
B_SPLINE_CURVE_WITH_KNOTS((3,3),(1104.76069158894,1138.81424695691),
 .UNSPECIFIED.)
CURVE()
GEOMETRIC_REPRESENTATION_ITEM()
RATIONAL_B_SPLINE_CURVE((1.,0.995602932329327,1.))
REPRESENTATION_ITEM('')
);
#2597=(
BOUNDED_CURVE()
B_SPLINE_CURVE(1,(#5844,#5845),.UNSPECIFIED.,.F.,.F.)
B_SPLINE_CURVE_WITH_KNOTS((2,2),(0.,62.),.UNSPECIFIED.)
CURVE()
GEOMETRIC_REPRESENTATION_ITEM()
RATIONAL_B_SPLINE_CURVE((1.,1.))
REPRESENTATION_ITEM('')
);
#2598=(
BOUNDED_CURVE()
B_SPLINE_CURVE(1,(#5846,#5847),.UNSPECIFIED.,.F.,.F.)
B_SPLINE_CURVE_WITH_KNOTS((2,2),(0.,62.),.UNSPECIFIED.)
CURVE()
GEOMETRIC_REPRESENTATION_ITEM()
RATIONAL_B_SPLINE_CURVE((1.,1.))
REPRESENTATION_ITEM('')
);
#2599=(
BOUNDED_CURVE()
B_SPLINE_CURVE(2,(#5848,#5849,#5850),.UNSPECIFIED.,.F.,.F.)
B_SPLINE_CURVE_WITH_KNOTS((3,3),(-1138.81424695691,-1104.76069158894),
 .UNSPECIFIED.)
CURVE()
GEOMETRIC_REPRESENTATION_ITEM()
RATIONAL_B_SPLINE_CURVE((1.,0.995602932329327,1.))
REPRESENTATION_ITEM('')
);
#2600=(
BOUNDED_CURVE()
B_SPLINE_CURVE(2,(#5856,#5857,#5858),.UNSPECIFIED.,.F.,.F.)
B_SPLINE_CURVE_WITH_KNOTS((3,3),(1104.76069158894,1138.81424695691),
 .UNSPECIFIED.)
CURVE()
GEOMETRIC_REPRESENTATION_ITEM()
RATIONAL_B_SPLINE_CURVE((1.,0.995602932329327,1.))
REPRESENTATION_ITEM('')
);
#2601=(
BOUNDED_CURVE()
B_SPLINE_CURVE(1,(#5859,#5860),.UNSPECIFIED.,.F.,.F.)
B_SPLINE_CURVE_WITH_KNOTS((2,2),(0.,62.),.UNSPECIFIED.)
CURVE()
GEOMETRIC_REPRESENTATION_ITEM()
RATIONAL_B_SPLINE_CURVE((1.,1.))
REPRESENTATION_ITEM('')
);
#2602=(
BOUNDED_CURVE()
B_SPLINE_CURVE(1,(#5861,#5862),.UNSPECIFIED.,.F.,.F.)
B_SPLINE_CURVE_WITH_KNOTS((2,2),(0.,62.),.UNSPECIFIED.)
CURVE()
GEOMETRIC_REPRESENTATION_ITEM()
RATIONAL_B_SPLINE_CURVE((1.,1.))
REPRESENTATION_ITEM('')
);
#2603=(
BOUNDED_CURVE()
B_SPLINE_CURVE(2,(#5863,#5864,#5865),.UNSPECIFIED.,.F.,.F.)
B_SPLINE_CURVE_WITH_KNOTS((3,3),(-1138.81424695691,-1104.76069158894),
 .UNSPECIFIED.)
CURVE()
GEOMETRIC_REPRESENTATION_ITEM()
RATIONAL_B_SPLINE_CURVE((1.,0.995602932329328,1.))
REPRESENTATION_ITEM('')
);
#2604=(
BOUNDED_CURVE()
B_SPLINE_CURVE(2,(#5871,#5872,#5873),.UNSPECIFIED.,.F.,.F.)
B_SPLINE_CURVE_WITH_KNOTS((3,3),(1104.76069158894,1138.81424695691),
 .UNSPECIFIED.)
CURVE()
GEOMETRIC_REPRESENTATION_ITEM()
RATIONAL_B_SPLINE_CURVE((1.,0.995602932329327,1.))
REPRESENTATION_ITEM('')
);
#2605=(
BOUNDED_CURVE()
B_SPLINE_CURVE(2,(#5874,#5875,#5876),.UNSPECIFIED.,.F.,.F.)
B_SPLINE_CURVE_WITH_KNOTS((3,3),(-1138.81424695691,-1104.76069158894),
 .UNSPECIFIED.)
CURVE()
GEOMETRIC_REPRESENTATION_ITEM()
RATIONAL_B_SPLINE_CURVE((1.,0.995602932329326,1.))
REPRESENTATION_ITEM('')
);
#2606=(
BOUNDED_CURVE()
B_SPLINE_CURVE(1,(#5877,#5878),.UNSPECIFIED.,.F.,.F.)
B_SPLINE_CURVE_WITH_KNOTS((2,2),(218.,280.),.UNSPECIFIED.)
CURVE()
GEOMETRIC_REPRESENTATION_ITEM()
RATIONAL_B_SPLINE_CURVE((1.,1.))
REPRESENTATION_ITEM('')
);
#2607=(
BOUNDED_CURVE()
B_SPLINE_CURVE(1,(#5879,#5880),.UNSPECIFIED.,.F.,.F.)
B_SPLINE_CURVE_WITH_KNOTS((2,2),(218.,280.),.UNSPECIFIED.)
CURVE()
GEOMETRIC_REPRESENTATION_ITEM()
RATIONAL_B_SPLINE_CURVE((1.,1.))
REPRESENTATION_ITEM('')
);
#2608=(
BOUNDED_CURVE()
B_SPLINE_CURVE(2,(#5886,#5887,#5888),.UNSPECIFIED.,.F.,.F.)
B_SPLINE_CURVE_WITH_KNOTS((3,3),(1104.76069158894,1138.81424695691),
 .UNSPECIFIED.)
CURVE()
GEOMETRIC_REPRESENTATION_ITEM()
RATIONAL_B_SPLINE_CURVE((1.,0.995602932329327,1.))
REPRESENTATION_ITEM('')
);
#2609=(
BOUNDED_CURVE()
B_SPLINE_CURVE(2,(#5889,#5890,#5891),.UNSPECIFIED.,.F.,.F.)
B_SPLINE_CURVE_WITH_KNOTS((3,3),(-1138.81424695691,-1104.76069158894),
 .UNSPECIFIED.)
CURVE()
GEOMETRIC_REPRESENTATION_ITEM()
RATIONAL_B_SPLINE_CURVE((1.,0.995602932329328,1.))
REPRESENTATION_ITEM('')
);
#2610=(
BOUNDED_CURVE()
B_SPLINE_CURVE(1,(#5892,#5893),.UNSPECIFIED.,.F.,.F.)
B_SPLINE_CURVE_WITH_KNOTS((2,2),(218.,280.),.UNSPECIFIED.)
CURVE()
GEOMETRIC_REPRESENTATION_ITEM()
RATIONAL_B_SPLINE_CURVE((1.,1.))
REPRESENTATION_ITEM('')
);
#2611=(
BOUNDED_CURVE()
B_SPLINE_CURVE(1,(#5894,#5895),.UNSPECIFIED.,.F.,.F.)
B_SPLINE_CURVE_WITH_KNOTS((2,2),(218.,280.),.UNSPECIFIED.)
CURVE()
GEOMETRIC_REPRESENTATION_ITEM()
RATIONAL_B_SPLINE_CURVE((1.,1.))
REPRESENTATION_ITEM('')
);
#2612=(
BOUNDED_CURVE()
B_SPLINE_CURVE(2,(#5901,#5902,#5903),.UNSPECIFIED.,.F.,.F.)
B_SPLINE_CURVE_WITH_KNOTS((3,3),(1104.76069158894,1138.81424695691),
 .UNSPECIFIED.)
CURVE()
GEOMETRIC_REPRESENTATION_ITEM()
RATIONAL_B_SPLINE_CURVE((1.,0.995602932329327,1.))
REPRESENTATION_ITEM('')
);
#2613=(
BOUNDED_CURVE()
B_SPLINE_CURVE(2,(#5904,#5905,#5906),.UNSPECIFIED.,.F.,.F.)
B_SPLINE_CURVE_WITH_KNOTS((3,3),(-1138.81424695691,-1104.76069158894),
 .UNSPECIFIED.)
CURVE()
GEOMETRIC_REPRESENTATION_ITEM()
RATIONAL_B_SPLINE_CURVE((1.,0.995602932329327,1.))
REPRESENTATION_ITEM('')
);
#2614=(
BOUNDED_CURVE()
B_SPLINE_CURVE(1,(#5907,#5908),.UNSPECIFIED.,.F.,.F.)
B_SPLINE_CURVE_WITH_KNOTS((2,2),(218.,280.),.UNSPECIFIED.)
CURVE()
GEOMETRIC_REPRESENTATION_ITEM()
RATIONAL_B_SPLINE_CURVE((1.,1.))
REPRESENTATION_ITEM('')
);
#2615=(
BOUNDED_CURVE()
B_SPLINE_CURVE(1,(#5909,#5910),.UNSPECIFIED.,.F.,.F.)
B_SPLINE_CURVE_WITH_KNOTS((2,2),(218.,280.),.UNSPECIFIED.)
CURVE()
GEOMETRIC_REPRESENTATION_ITEM()
RATIONAL_B_SPLINE_CURVE((1.,1.))
REPRESENTATION_ITEM('')
);
#2616=(
BOUNDED_CURVE()
B_SPLINE_CURVE(2,(#5916,#5917,#5918),.UNSPECIFIED.,.F.,.F.)
B_SPLINE_CURVE_WITH_KNOTS((3,3),(1104.76069158894,1138.81424695691),
 .UNSPECIFIED.)
CURVE()
GEOMETRIC_REPRESENTATION_ITEM()
RATIONAL_B_SPLINE_CURVE((1.,0.995602932329327,1.))
REPRESENTATION_ITEM('')
);
#2617=(
BOUNDED_CURVE()
B_SPLINE_CURVE(2,(#5919,#5920,#5921),.UNSPECIFIED.,.F.,.F.)
B_SPLINE_CURVE_WITH_KNOTS((3,3),(-1138.81424695691,-1104.76069158894),
 .UNSPECIFIED.)
CURVE()
GEOMETRIC_REPRESENTATION_ITEM()
RATIONAL_B_SPLINE_CURVE((1.,0.995602932329328,1.))
REPRESENTATION_ITEM('')
);
#2618=(
BOUNDED_CURVE()
B_SPLINE_CURVE(1,(#5922,#5923),.UNSPECIFIED.,.F.,.F.)
B_SPLINE_CURVE_WITH_KNOTS((2,2),(218.,280.),.UNSPECIFIED.)
CURVE()
GEOMETRIC_REPRESENTATION_ITEM()
RATIONAL_B_SPLINE_CURVE((1.,1.))
REPRESENTATION_ITEM('')
);
#2619=(
BOUNDED_CURVE()
B_SPLINE_CURVE(1,(#5924,#5925),.UNSPECIFIED.,.F.,.F.)
B_SPLINE_CURVE_WITH_KNOTS((2,2),(218.,280.),.UNSPECIFIED.)
CURVE()
GEOMETRIC_REPRESENTATION_ITEM()
RATIONAL_B_SPLINE_CURVE((1.,1.))
REPRESENTATION_ITEM('')
);
#2620=(
BOUNDED_CURVE()
B_SPLINE_CURVE(2,(#5931,#5932,#5933),.UNSPECIFIED.,.F.,.F.)
B_SPLINE_CURVE_WITH_KNOTS((3,3),(1104.76069158894,1138.81424695691),
 .UNSPECIFIED.)
CURVE()
GEOMETRIC_REPRESENTATION_ITEM()
RATIONAL_B_SPLINE_CURVE((1.,0.995602932329327,1.))
REPRESENTATION_ITEM('')
);
#2621=(
BOUNDED_CURVE()
B_SPLINE_CURVE(2,(#5934,#5935,#5936),.UNSPECIFIED.,.F.,.F.)
B_SPLINE_CURVE_WITH_KNOTS((3,3),(-1138.81424695691,-1104.76069158894),
 .UNSPECIFIED.)
CURVE()
GEOMETRIC_REPRESENTATION_ITEM()
RATIONAL_B_SPLINE_CURVE((1.,0.995602932329327,1.))
REPRESENTATION_ITEM('')
);
#2622=(
BOUNDED_CURVE()
B_SPLINE_CURVE(1,(#5937,#5938),.UNSPECIFIED.,.F.,.F.)
B_SPLINE_CURVE_WITH_KNOTS((2,2),(218.,280.),.UNSPECIFIED.)
CURVE()
GEOMETRIC_REPRESENTATION_ITEM()
RATIONAL_B_SPLINE_CURVE((1.,1.))
REPRESENTATION_ITEM('')
);
#2623=(
BOUNDED_CURVE()
B_SPLINE_CURVE(1,(#5939,#5940),.UNSPECIFIED.,.F.,.F.)
B_SPLINE_CURVE_WITH_KNOTS((2,2),(218.,280.),.UNSPECIFIED.)
CURVE()
GEOMETRIC_REPRESENTATION_ITEM()
RATIONAL_B_SPLINE_CURVE((1.,1.))
REPRESENTATION_ITEM('')
);
#2624=(
BOUNDED_CURVE()
B_SPLINE_CURVE(2,(#5946,#5947,#5948),.UNSPECIFIED.,.F.,.F.)
B_SPLINE_CURVE_WITH_KNOTS((3,3),(1104.76069158894,1138.81424695691),
 .UNSPECIFIED.)
CURVE()
GEOMETRIC_REPRESENTATION_ITEM()
RATIONAL_B_SPLINE_CURVE((1.,0.995602932329327,1.))
REPRESENTATION_ITEM('')
);
#2625=(
BOUNDED_CURVE()
B_SPLINE_CURVE(2,(#5949,#5950,#5951),.UNSPECIFIED.,.F.,.F.)
B_SPLINE_CURVE_WITH_KNOTS((3,3),(-1138.81424695691,-1104.76069158894),
 .UNSPECIFIED.)
CURVE()
GEOMETRIC_REPRESENTATION_ITEM()
RATIONAL_B_SPLINE_CURVE((1.,0.995602932329326,1.))
REPRESENTATION_ITEM('')
);
#2626=(
BOUNDED_CURVE()
B_SPLINE_CURVE(1,(#5952,#5953),.UNSPECIFIED.,.F.,.F.)
B_SPLINE_CURVE_WITH_KNOTS((2,2),(218.,280.),.UNSPECIFIED.)
CURVE()
GEOMETRIC_REPRESENTATION_ITEM()
RATIONAL_B_SPLINE_CURVE((1.,1.))
REPRESENTATION_ITEM('')
);
#2627=(
BOUNDED_CURVE()
B_SPLINE_CURVE(1,(#5954,#5955),.UNSPECIFIED.,.F.,.F.)
B_SPLINE_CURVE_WITH_KNOTS((2,2),(218.,280.),.UNSPECIFIED.)
CURVE()
GEOMETRIC_REPRESENTATION_ITEM()
RATIONAL_B_SPLINE_CURVE((1.,1.))
REPRESENTATION_ITEM('')
);
#2628=(
BOUNDED_CURVE()
B_SPLINE_CURVE(2,(#5961,#5962,#5963),.UNSPECIFIED.,.F.,.F.)
B_SPLINE_CURVE_WITH_KNOTS((3,3),(1104.76069158894,1138.81424695691),
 .UNSPECIFIED.)
CURVE()
GEOMETRIC_REPRESENTATION_ITEM()
RATIONAL_B_SPLINE_CURVE((1.,0.995602932329327,1.))
REPRESENTATION_ITEM('')
);
#2629=(
BOUNDED_CURVE()
B_SPLINE_CURVE(2,(#5964,#5965,#5966),.UNSPECIFIED.,.F.,.F.)
B_SPLINE_CURVE_WITH_KNOTS((3,3),(-1138.81424695691,-1104.76069158894),
 .UNSPECIFIED.)
CURVE()
GEOMETRIC_REPRESENTATION_ITEM()
RATIONAL_B_SPLINE_CURVE((1.,0.995602932329327,1.))
REPRESENTATION_ITEM('')
);
#2630=(
BOUNDED_CURVE()
B_SPLINE_CURVE(1,(#5967,#5968),.UNSPECIFIED.,.F.,.F.)
B_SPLINE_CURVE_WITH_KNOTS((2,2),(218.,280.),.UNSPECIFIED.)
CURVE()
GEOMETRIC_REPRESENTATION_ITEM()
RATIONAL_B_SPLINE_CURVE((1.,1.))
REPRESENTATION_ITEM('')
);
#2631=(
BOUNDED_CURVE()
B_SPLINE_CURVE(1,(#5969,#5970),.UNSPECIFIED.,.F.,.F.)
B_SPLINE_CURVE_WITH_KNOTS((2,2),(218.,280.),.UNSPECIFIED.)
CURVE()
GEOMETRIC_REPRESENTATION_ITEM()
RATIONAL_B_SPLINE_CURVE((1.,1.))
REPRESENTATION_ITEM('')
);
#2632=(
BOUNDED_CURVE()
B_SPLINE_CURVE(2,(#5976,#5977,#5978),.UNSPECIFIED.,.F.,.F.)
B_SPLINE_CURVE_WITH_KNOTS((3,3),(1104.76069158894,1138.81424695691),
 .UNSPECIFIED.)
CURVE()
GEOMETRIC_REPRESENTATION_ITEM()
RATIONAL_B_SPLINE_CURVE((1.,0.995602932329327,1.))
REPRESENTATION_ITEM('')
);
#2633=(
BOUNDED_CURVE()
B_SPLINE_CURVE(2,(#5979,#5980,#5981),.UNSPECIFIED.,.F.,.F.)
B_SPLINE_CURVE_WITH_KNOTS((3,3),(-1138.81424695691,-1104.76069158894),
 .UNSPECIFIED.)
CURVE()
GEOMETRIC_REPRESENTATION_ITEM()
RATIONAL_B_SPLINE_CURVE((1.,0.995602932329327,1.))
REPRESENTATION_ITEM('')
);
#2634=(
BOUNDED_CURVE()
B_SPLINE_CURVE(1,(#5982,#5983),.UNSPECIFIED.,.F.,.F.)
B_SPLINE_CURVE_WITH_KNOTS((2,2),(218.,280.),.UNSPECIFIED.)
CURVE()
GEOMETRIC_REPRESENTATION_ITEM()
RATIONAL_B_SPLINE_CURVE((1.,1.))
REPRESENTATION_ITEM('')
);
#2635=(
BOUNDED_CURVE()
B_SPLINE_CURVE(1,(#5984,#5985),.UNSPECIFIED.,.F.,.F.)
B_SPLINE_CURVE_WITH_KNOTS((2,2),(218.,280.),.UNSPECIFIED.)
CURVE()
GEOMETRIC_REPRESENTATION_ITEM()
RATIONAL_B_SPLINE_CURVE((1.,1.))
REPRESENTATION_ITEM('')
);
#2636=(
BOUNDED_CURVE()
B_SPLINE_CURVE(2,(#5991,#5992,#5993),.UNSPECIFIED.,.F.,.F.)
B_SPLINE_CURVE_WITH_KNOTS((3,3),(1104.76069158894,1138.81424695691),
 .UNSPECIFIED.)
CURVE()
GEOMETRIC_REPRESENTATION_ITEM()
RATIONAL_B_SPLINE_CURVE((1.,0.995602932329327,1.))
REPRESENTATION_ITEM('')
);
#2637=(
BOUNDED_CURVE()
B_SPLINE_CURVE(2,(#5994,#5995,#5996),.UNSPECIFIED.,.F.,.F.)
B_SPLINE_CURVE_WITH_KNOTS((3,3),(-1138.81424695691,-1104.76069158894),
 .UNSPECIFIED.)
CURVE()
GEOMETRIC_REPRESENTATION_ITEM()
RATIONAL_B_SPLINE_CURVE((1.,0.995602932329327,1.))
REPRESENTATION_ITEM('')
);
#2638=(
BOUNDED_CURVE()
B_SPLINE_CURVE(1,(#5997,#5998),.UNSPECIFIED.,.F.,.F.)
B_SPLINE_CURVE_WITH_KNOTS((2,2),(218.,280.),.UNSPECIFIED.)
CURVE()
GEOMETRIC_REPRESENTATION_ITEM()
RATIONAL_B_SPLINE_CURVE((1.,1.))
REPRESENTATION_ITEM('')
);
#2639=(
BOUNDED_CURVE()
B_SPLINE_CURVE(1,(#5999,#6000),.UNSPECIFIED.,.F.,.F.)
B_SPLINE_CURVE_WITH_KNOTS((2,2),(218.,280.),.UNSPECIFIED.)
CURVE()
GEOMETRIC_REPRESENTATION_ITEM()
RATIONAL_B_SPLINE_CURVE((1.,1.))
REPRESENTATION_ITEM('')
);
#2640=(
BOUNDED_CURVE()
B_SPLINE_CURVE(2,(#6006,#6007,#6008),.UNSPECIFIED.,.F.,.F.)
B_SPLINE_CURVE_WITH_KNOTS((3,3),(1104.76069158894,1138.81424695691),
 .UNSPECIFIED.)
CURVE()
GEOMETRIC_REPRESENTATION_ITEM()
RATIONAL_B_SPLINE_CURVE((1.,0.995602932329327,1.))
REPRESENTATION_ITEM('')
);
#2641=(
BOUNDED_CURVE()
B_SPLINE_CURVE(2,(#6009,#6010,#6011),.UNSPECIFIED.,.F.,.F.)
B_SPLINE_CURVE_WITH_KNOTS((3,3),(-1138.81424695691,-1104.76069158894),
 .UNSPECIFIED.)
CURVE()
GEOMETRIC_REPRESENTATION_ITEM()
RATIONAL_B_SPLINE_CURVE((1.,0.995602932329327,1.))
REPRESENTATION_ITEM('')
);
#2642=(
BOUNDED_CURVE()
B_SPLINE_CURVE(1,(#6012,#6013),.UNSPECIFIED.,.F.,.F.)
B_SPLINE_CURVE_WITH_KNOTS((2,2),(218.,280.),.UNSPECIFIED.)
CURVE()
GEOMETRIC_REPRESENTATION_ITEM()
RATIONAL_B_SPLINE_CURVE((1.,1.))
REPRESENTATION_ITEM('')
);
#2643=(
BOUNDED_CURVE()
B_SPLINE_CURVE(1,(#6014,#6015),.UNSPECIFIED.,.F.,.F.)
B_SPLINE_CURVE_WITH_KNOTS((2,2),(218.,280.),.UNSPECIFIED.)
CURVE()
GEOMETRIC_REPRESENTATION_ITEM()
RATIONAL_B_SPLINE_CURVE((1.,1.))
REPRESENTATION_ITEM('')
);
#2644=(
BOUNDED_CURVE()
B_SPLINE_CURVE(2,(#6021,#6022,#6023),.UNSPECIFIED.,.F.,.F.)
B_SPLINE_CURVE_WITH_KNOTS((3,3),(1104.76069158894,1138.81424695691),
 .UNSPECIFIED.)
CURVE()
GEOMETRIC_REPRESENTATION_ITEM()
RATIONAL_B_SPLINE_CURVE((1.,0.995602932329327,1.))
REPRESENTATION_ITEM('')
);
#2645=(
BOUNDED_CURVE()
B_SPLINE_CURVE(2,(#6024,#6025,#6026),.UNSPECIFIED.,.F.,.F.)
B_SPLINE_CURVE_WITH_KNOTS((3,3),(-1138.81424695691,-1104.76069158894),
 .UNSPECIFIED.)
CURVE()
GEOMETRIC_REPRESENTATION_ITEM()
RATIONAL_B_SPLINE_CURVE((1.,0.995602932329326,1.))
REPRESENTATION_ITEM('')
);
#2646=(
BOUNDED_CURVE()
B_SPLINE_CURVE(1,(#6027,#6028),.UNSPECIFIED.,.F.,.F.)
B_SPLINE_CURVE_WITH_KNOTS((2,2),(218.,280.),.UNSPECIFIED.)
CURVE()
GEOMETRIC_REPRESENTATION_ITEM()
RATIONAL_B_SPLINE_CURVE((1.,1.))
REPRESENTATION_ITEM('')
);
#2647=(
BOUNDED_CURVE()
B_SPLINE_CURVE(1,(#6029,#6030),.UNSPECIFIED.,.F.,.F.)
B_SPLINE_CURVE_WITH_KNOTS((2,2),(218.,280.),.UNSPECIFIED.)
CURVE()
GEOMETRIC_REPRESENTATION_ITEM()
RATIONAL_B_SPLINE_CURVE((1.,1.))
REPRESENTATION_ITEM('')
);
#2648=(
BOUNDED_CURVE()
B_SPLINE_CURVE(2,(#6036,#6037,#6038),.UNSPECIFIED.,.F.,.F.)
B_SPLINE_CURVE_WITH_KNOTS((3,3),(1104.76069158894,1138.81424695691),
 .UNSPECIFIED.)
CURVE()
GEOMETRIC_REPRESENTATION_ITEM()
RATIONAL_B_SPLINE_CURVE((1.,0.995602932329327,1.))
REPRESENTATION_ITEM('')
);
#2649=(
BOUNDED_CURVE()
B_SPLINE_CURVE(2,(#6039,#6040,#6041),.UNSPECIFIED.,.F.,.F.)
B_SPLINE_CURVE_WITH_KNOTS((3,3),(-1138.81424695691,-1104.76069158894),
 .UNSPECIFIED.)
CURVE()
GEOMETRIC_REPRESENTATION_ITEM()
RATIONAL_B_SPLINE_CURVE((1.,0.995602932329327,1.))
REPRESENTATION_ITEM('')
);
#2650=(
BOUNDED_CURVE()
B_SPLINE_CURVE(1,(#6042,#6043),.UNSPECIFIED.,.F.,.F.)
B_SPLINE_CURVE_WITH_KNOTS((2,2),(218.,280.),.UNSPECIFIED.)
CURVE()
GEOMETRIC_REPRESENTATION_ITEM()
RATIONAL_B_SPLINE_CURVE((1.,1.))
REPRESENTATION_ITEM('')
);
#2651=(
BOUNDED_CURVE()
B_SPLINE_CURVE(1,(#6044,#6045),.UNSPECIFIED.,.F.,.F.)
B_SPLINE_CURVE_WITH_KNOTS((2,2),(218.,280.),.UNSPECIFIED.)
CURVE()
GEOMETRIC_REPRESENTATION_ITEM()
RATIONAL_B_SPLINE_CURVE((1.,1.))
REPRESENTATION_ITEM('')
);
#2652=(
BOUNDED_CURVE()
B_SPLINE_CURVE(2,(#6051,#6052,#6053),.UNSPECIFIED.,.F.,.F.)
B_SPLINE_CURVE_WITH_KNOTS((3,3),(1104.76069158894,1138.81424695691),
 .UNSPECIFIED.)
CURVE()
GEOMETRIC_REPRESENTATION_ITEM()
RATIONAL_B_SPLINE_CURVE((1.,0.995602932329327,1.))
REPRESENTATION_ITEM('')
);
#2653=(
BOUNDED_CURVE()
B_SPLINE_CURVE(2,(#6054,#6055,#6056),.UNSPECIFIED.,.F.,.F.)
B_SPLINE_CURVE_WITH_KNOTS((3,3),(-1138.81424695691,-1104.76069158894),
 .UNSPECIFIED.)
CURVE()
GEOMETRIC_REPRESENTATION_ITEM()
RATIONAL_B_SPLINE_CURVE((1.,0.995602932329328,1.))
REPRESENTATION_ITEM('')
);
#2654=(
BOUNDED_CURVE()
B_SPLINE_CURVE(1,(#6057,#6058),.UNSPECIFIED.,.F.,.F.)
B_SPLINE_CURVE_WITH_KNOTS((2,2),(218.,280.),.UNSPECIFIED.)
CURVE()
GEOMETRIC_REPRESENTATION_ITEM()
RATIONAL_B_SPLINE_CURVE((1.,1.))
REPRESENTATION_ITEM('')
);
#2655=(
BOUNDED_CURVE()
B_SPLINE_CURVE(1,(#6059,#6060),.UNSPECIFIED.,.F.,.F.)
B_SPLINE_CURVE_WITH_KNOTS((2,2),(218.,280.),.UNSPECIFIED.)
CURVE()
GEOMETRIC_REPRESENTATION_ITEM()
RATIONAL_B_SPLINE_CURVE((1.,1.))
REPRESENTATION_ITEM('')
);
#2656=(
BOUNDED_CURVE()
B_SPLINE_CURVE(2,(#6066,#6067,#6068),.UNSPECIFIED.,.F.,.F.)
B_SPLINE_CURVE_WITH_KNOTS((3,3),(1104.76069158894,1138.81424695691),
 .UNSPECIFIED.)
CURVE()
GEOMETRIC_REPRESENTATION_ITEM()
RATIONAL_B_SPLINE_CURVE((1.,0.995602932329327,1.))
REPRESENTATION_ITEM('')
);
#2657=(
BOUNDED_CURVE()
B_SPLINE_CURVE(2,(#6069,#6070,#6071),.UNSPECIFIED.,.F.,.F.)
B_SPLINE_CURVE_WITH_KNOTS((3,3),(-1138.81424695691,-1104.76069158894),
 .UNSPECIFIED.)
CURVE()
GEOMETRIC_REPRESENTATION_ITEM()
RATIONAL_B_SPLINE_CURVE((1.,0.995602932329327,1.))
REPRESENTATION_ITEM('')
);
#2658=(
BOUNDED_CURVE()
B_SPLINE_CURVE(1,(#6072,#6073),.UNSPECIFIED.,.F.,.F.)
B_SPLINE_CURVE_WITH_KNOTS((2,2),(218.,280.),.UNSPECIFIED.)
CURVE()
GEOMETRIC_REPRESENTATION_ITEM()
RATIONAL_B_SPLINE_CURVE((1.,1.))
REPRESENTATION_ITEM('')
);
#2659=(
BOUNDED_CURVE()
B_SPLINE_CURVE(1,(#6074,#6075),.UNSPECIFIED.,.F.,.F.)
B_SPLINE_CURVE_WITH_KNOTS((2,2),(218.,280.),.UNSPECIFIED.)
CURVE()
GEOMETRIC_REPRESENTATION_ITEM()
RATIONAL_B_SPLINE_CURVE((1.,1.))
REPRESENTATION_ITEM('')
);
#2660=(
BOUNDED_CURVE()
B_SPLINE_CURVE(2,(#6081,#6082,#6083),.UNSPECIFIED.,.F.,.F.)
B_SPLINE_CURVE_WITH_KNOTS((3,3),(1104.76069158894,1138.81424695691),
 .UNSPECIFIED.)
CURVE()
GEOMETRIC_REPRESENTATION_ITEM()
RATIONAL_B_SPLINE_CURVE((1.,0.995602932329327,1.))
REPRESENTATION_ITEM('')
);
#2661=(
BOUNDED_CURVE()
B_SPLINE_CURVE(2,(#6084,#6085,#6086),.UNSPECIFIED.,.F.,.F.)
B_SPLINE_CURVE_WITH_KNOTS((3,3),(-1138.81424695691,-1104.76069158894),
 .UNSPECIFIED.)
CURVE()
GEOMETRIC_REPRESENTATION_ITEM()
RATIONAL_B_SPLINE_CURVE((1.,0.995602932329327,1.))
REPRESENTATION_ITEM('')
);
#2662=(
BOUNDED_CURVE()
B_SPLINE_CURVE(1,(#6087,#6088),.UNSPECIFIED.,.F.,.F.)
B_SPLINE_CURVE_WITH_KNOTS((2,2),(218.,280.),.UNSPECIFIED.)
CURVE()
GEOMETRIC_REPRESENTATION_ITEM()
RATIONAL_B_SPLINE_CURVE((1.,1.))
REPRESENTATION_ITEM('')
);
#2663=(
BOUNDED_CURVE()
B_SPLINE_CURVE(1,(#6089,#6090),.UNSPECIFIED.,.F.,.F.)
B_SPLINE_CURVE_WITH_KNOTS((2,2),(218.,280.),.UNSPECIFIED.)
CURVE()
GEOMETRIC_REPRESENTATION_ITEM()
RATIONAL_B_SPLINE_CURVE((1.,1.))
REPRESENTATION_ITEM('')
);
#2664=(
BOUNDED_CURVE()
B_SPLINE_CURVE(2,(#6096,#6097,#6098),.UNSPECIFIED.,.F.,.F.)
B_SPLINE_CURVE_WITH_KNOTS((3,3),(1104.76069158894,1138.81424695691),
 .UNSPECIFIED.)
CURVE()
GEOMETRIC_REPRESENTATION_ITEM()
RATIONAL_B_SPLINE_CURVE((1.,0.995602932329327,1.))
REPRESENTATION_ITEM('')
);
#2665=(
BOUNDED_CURVE()
B_SPLINE_CURVE(2,(#6099,#6100,#6101),.UNSPECIFIED.,.F.,.F.)
B_SPLINE_CURVE_WITH_KNOTS((3,3),(-1138.81424695691,-1104.76069158894),
 .UNSPECIFIED.)
CURVE()
GEOMETRIC_REPRESENTATION_ITEM()
RATIONAL_B_SPLINE_CURVE((1.,0.995602932329327,1.))
REPRESENTATION_ITEM('')
);
#2666=(
BOUNDED_CURVE()
B_SPLINE_CURVE(1,(#6102,#6103),.UNSPECIFIED.,.F.,.F.)
B_SPLINE_CURVE_WITH_KNOTS((2,2),(218.,280.),.UNSPECIFIED.)
CURVE()
GEOMETRIC_REPRESENTATION_ITEM()
RATIONAL_B_SPLINE_CURVE((1.,1.))
REPRESENTATION_ITEM('')
);
#2667=(
BOUNDED_CURVE()
B_SPLINE_CURVE(1,(#6104,#6105),.UNSPECIFIED.,.F.,.F.)
B_SPLINE_CURVE_WITH_KNOTS((2,2),(218.,280.),.UNSPECIFIED.)
CURVE()
GEOMETRIC_REPRESENTATION_ITEM()
RATIONAL_B_SPLINE_CURVE((1.,1.))
REPRESENTATION_ITEM('')
);
#2668=(
BOUNDED_CURVE()
B_SPLINE_CURVE(2,(#6111,#6112,#6113),.UNSPECIFIED.,.F.,.F.)
B_SPLINE_CURVE_WITH_KNOTS((3,3),(1104.76069158894,1138.81424695691),
 .UNSPECIFIED.)
CURVE()
GEOMETRIC_REPRESENTATION_ITEM()
RATIONAL_B_SPLINE_CURVE((1.,0.995602932329327,1.))
REPRESENTATION_ITEM('')
);
#2669=(
BOUNDED_CURVE()
B_SPLINE_CURVE(2,(#6114,#6115,#6116),.UNSPECIFIED.,.F.,.F.)
B_SPLINE_CURVE_WITH_KNOTS((3,3),(-1138.81424695691,-1104.76069158894),
 .UNSPECIFIED.)
CURVE()
GEOMETRIC_REPRESENTATION_ITEM()
RATIONAL_B_SPLINE_CURVE((1.,0.995602932329327,1.))
REPRESENTATION_ITEM('')
);
#2670=(
BOUNDED_CURVE()
B_SPLINE_CURVE(1,(#6117,#6118),.UNSPECIFIED.,.F.,.F.)
B_SPLINE_CURVE_WITH_KNOTS((2,2),(218.,280.),.UNSPECIFIED.)
CURVE()
GEOMETRIC_REPRESENTATION_ITEM()
RATIONAL_B_SPLINE_CURVE((1.,1.))
REPRESENTATION_ITEM('')
);
#2671=(
BOUNDED_CURVE()
B_SPLINE_CURVE(1,(#6119,#6120),.UNSPECIFIED.,.F.,.F.)
B_SPLINE_CURVE_WITH_KNOTS((2,2),(218.,280.),.UNSPECIFIED.)
CURVE()
GEOMETRIC_REPRESENTATION_ITEM()
RATIONAL_B_SPLINE_CURVE((1.,1.))
REPRESENTATION_ITEM('')
);
#2672=(
BOUNDED_CURVE()
B_SPLINE_CURVE(2,(#6126,#6127,#6128),.UNSPECIFIED.,.F.,.F.)
B_SPLINE_CURVE_WITH_KNOTS((3,3),(1104.76069158894,1138.81424695691),
 .UNSPECIFIED.)
CURVE()
GEOMETRIC_REPRESENTATION_ITEM()
RATIONAL_B_SPLINE_CURVE((1.,0.995602932329327,1.))
REPRESENTATION_ITEM('')
);
#2673=(
BOUNDED_CURVE()
B_SPLINE_CURVE(2,(#6129,#6130,#6131),.UNSPECIFIED.,.F.,.F.)
B_SPLINE_CURVE_WITH_KNOTS((3,3),(-1138.81424695691,-1104.76069158894),
 .UNSPECIFIED.)
CURVE()
GEOMETRIC_REPRESENTATION_ITEM()
RATIONAL_B_SPLINE_CURVE((1.,0.995602932329327,1.))
REPRESENTATION_ITEM('')
);
#2674=(
BOUNDED_CURVE()
B_SPLINE_CURVE(1,(#6132,#6133),.UNSPECIFIED.,.F.,.F.)
B_SPLINE_CURVE_WITH_KNOTS((2,2),(218.,280.),.UNSPECIFIED.)
CURVE()
GEOMETRIC_REPRESENTATION_ITEM()
RATIONAL_B_SPLINE_CURVE((1.,1.))
REPRESENTATION_ITEM('')
);
#2675=(
BOUNDED_CURVE()
B_SPLINE_CURVE(1,(#6134,#6135),.UNSPECIFIED.,.F.,.F.)
B_SPLINE_CURVE_WITH_KNOTS((2,2),(218.,280.),.UNSPECIFIED.)
CURVE()
GEOMETRIC_REPRESENTATION_ITEM()
RATIONAL_B_SPLINE_CURVE((1.,1.))
REPRESENTATION_ITEM('')
);
#2676=(
BOUNDED_CURVE()
B_SPLINE_CURVE(2,(#6141,#6142,#6143),.UNSPECIFIED.,.F.,.F.)
B_SPLINE_CURVE_WITH_KNOTS((3,3),(1104.76069158894,1138.81424695691),
 .UNSPECIFIED.)
CURVE()
GEOMETRIC_REPRESENTATION_ITEM()
RATIONAL_B_SPLINE_CURVE((1.,0.995602932329327,1.))
REPRESENTATION_ITEM('')
);
#2677=(
BOUNDED_CURVE()
B_SPLINE_CURVE(2,(#6144,#6145,#6146),.UNSPECIFIED.,.F.,.F.)
B_SPLINE_CURVE_WITH_KNOTS((3,3),(-1138.81424695691,-1104.76069158894),
 .UNSPECIFIED.)
CURVE()
GEOMETRIC_REPRESENTATION_ITEM()
RATIONAL_B_SPLINE_CURVE((1.,0.995602932329328,1.))
REPRESENTATION_ITEM('')
);
#2678=(
BOUNDED_CURVE()
B_SPLINE_CURVE(1,(#6147,#6148),.UNSPECIFIED.,.F.,.F.)
B_SPLINE_CURVE_WITH_KNOTS((2,2),(218.,280.),.UNSPECIFIED.)
CURVE()
GEOMETRIC_REPRESENTATION_ITEM()
RATIONAL_B_SPLINE_CURVE((1.,1.))
REPRESENTATION_ITEM('')
);
#2679=(
BOUNDED_CURVE()
B_SPLINE_CURVE(1,(#6149,#6150),.UNSPECIFIED.,.F.,.F.)
B_SPLINE_CURVE_WITH_KNOTS((2,2),(218.,280.),.UNSPECIFIED.)
CURVE()
GEOMETRIC_REPRESENTATION_ITEM()
RATIONAL_B_SPLINE_CURVE((1.,1.))
REPRESENTATION_ITEM('')
);
#2680=(
BOUNDED_CURVE()
B_SPLINE_CURVE(2,(#6156,#6157,#6158),.UNSPECIFIED.,.F.,.F.)
B_SPLINE_CURVE_WITH_KNOTS((3,3),(1104.76069158894,1138.81424695691),
 .UNSPECIFIED.)
CURVE()
GEOMETRIC_REPRESENTATION_ITEM()
RATIONAL_B_SPLINE_CURVE((1.,0.995602932329327,1.))
REPRESENTATION_ITEM('')
);
#2681=(
BOUNDED_CURVE()
B_SPLINE_CURVE(2,(#6159,#6160,#6161),.UNSPECIFIED.,.F.,.F.)
B_SPLINE_CURVE_WITH_KNOTS((3,3),(-1138.81424695691,-1104.76069158894),
 .UNSPECIFIED.)
CURVE()
GEOMETRIC_REPRESENTATION_ITEM()
RATIONAL_B_SPLINE_CURVE((1.,0.995602932329327,1.))
REPRESENTATION_ITEM('')
);
#2682=(
BOUNDED_CURVE()
B_SPLINE_CURVE(1,(#6162,#6163),.UNSPECIFIED.,.F.,.F.)
B_SPLINE_CURVE_WITH_KNOTS((2,2),(218.,280.),.UNSPECIFIED.)
CURVE()
GEOMETRIC_REPRESENTATION_ITEM()
RATIONAL_B_SPLINE_CURVE((1.,1.))
REPRESENTATION_ITEM('')
);
#2683=(
BOUNDED_CURVE()
B_SPLINE_CURVE(1,(#6164,#6165),.UNSPECIFIED.,.F.,.F.)
B_SPLINE_CURVE_WITH_KNOTS((2,2),(218.,280.),.UNSPECIFIED.)
CURVE()
GEOMETRIC_REPRESENTATION_ITEM()
RATIONAL_B_SPLINE_CURVE((1.,1.))
REPRESENTATION_ITEM('')
);
#2684=(
BOUNDED_CURVE()
B_SPLINE_CURVE(2,(#6171,#6172,#6173),.UNSPECIFIED.,.F.,.F.)
B_SPLINE_CURVE_WITH_KNOTS((3,3),(1104.76069158894,1138.81424695691),
 .UNSPECIFIED.)
CURVE()
GEOMETRIC_REPRESENTATION_ITEM()
RATIONAL_B_SPLINE_CURVE((1.,0.995602932329327,1.))
REPRESENTATION_ITEM('')
);
#2685=(
BOUNDED_CURVE()
B_SPLINE_CURVE(2,(#6174,#6175,#6176),.UNSPECIFIED.,.F.,.F.)
B_SPLINE_CURVE_WITH_KNOTS((3,3),(-1138.81424695691,-1104.76069158894),
 .UNSPECIFIED.)
CURVE()
GEOMETRIC_REPRESENTATION_ITEM()
RATIONAL_B_SPLINE_CURVE((1.,0.995602932329327,1.))
REPRESENTATION_ITEM('')
);
#2686=(
BOUNDED_CURVE()
B_SPLINE_CURVE(1,(#6177,#6178),.UNSPECIFIED.,.F.,.F.)
B_SPLINE_CURVE_WITH_KNOTS((2,2),(218.,280.),.UNSPECIFIED.)
CURVE()
GEOMETRIC_REPRESENTATION_ITEM()
RATIONAL_B_SPLINE_CURVE((1.,1.))
REPRESENTATION_ITEM('')
);
#2687=(
BOUNDED_CURVE()
B_SPLINE_CURVE(1,(#6179,#6180),.UNSPECIFIED.,.F.,.F.)
B_SPLINE_CURVE_WITH_KNOTS((2,2),(218.,280.),.UNSPECIFIED.)
CURVE()
GEOMETRIC_REPRESENTATION_ITEM()
RATIONAL_B_SPLINE_CURVE((1.,1.))
REPRESENTATION_ITEM('')
);
#2688=(
BOUNDED_CURVE()
B_SPLINE_CURVE(2,(#6186,#6187,#6188),.UNSPECIFIED.,.F.,.F.)
B_SPLINE_CURVE_WITH_KNOTS((3,3),(1104.76069158894,1138.81424695691),
 .UNSPECIFIED.)
CURVE()
GEOMETRIC_REPRESENTATION_ITEM()
RATIONAL_B_SPLINE_CURVE((1.,0.995602932329327,1.))
REPRESENTATION_ITEM('')
);
#2689=(
BOUNDED_CURVE()
B_SPLINE_CURVE(2,(#6189,#6190,#6191),.UNSPECIFIED.,.F.,.F.)
B_SPLINE_CURVE_WITH_KNOTS((3,3),(-1138.81424695691,-1104.76069158894),
 .UNSPECIFIED.)
CURVE()
GEOMETRIC_REPRESENTATION_ITEM()
RATIONAL_B_SPLINE_CURVE((1.,0.995602932329328,1.))
REPRESENTATION_ITEM('')
);
#2690=(
BOUNDED_CURVE()
B_SPLINE_CURVE(1,(#6192,#6193),.UNSPECIFIED.,.F.,.F.)
B_SPLINE_CURVE_WITH_KNOTS((2,2),(218.,280.),.UNSPECIFIED.)
CURVE()
GEOMETRIC_REPRESENTATION_ITEM()
RATIONAL_B_SPLINE_CURVE((1.,1.))
REPRESENTATION_ITEM('')
);
#2691=(
BOUNDED_CURVE()
B_SPLINE_CURVE(1,(#6194,#6195),.UNSPECIFIED.,.F.,.F.)
B_SPLINE_CURVE_WITH_KNOTS((2,2),(218.,280.),.UNSPECIFIED.)
CURVE()
GEOMETRIC_REPRESENTATION_ITEM()
RATIONAL_B_SPLINE_CURVE((1.,1.))
REPRESENTATION_ITEM('')
);
#2692=(
BOUNDED_CURVE()
B_SPLINE_CURVE(2,(#6201,#6202,#6203),.UNSPECIFIED.,.F.,.F.)
B_SPLINE_CURVE_WITH_KNOTS((3,3),(1104.76069158894,1138.81424695691),
 .UNSPECIFIED.)
CURVE()
GEOMETRIC_REPRESENTATION_ITEM()
RATIONAL_B_SPLINE_CURVE((1.,0.995602932329327,1.))
REPRESENTATION_ITEM('')
);
#2693=(
BOUNDED_CURVE()
B_SPLINE_CURVE(2,(#6204,#6205,#6206),.UNSPECIFIED.,.F.,.F.)
B_SPLINE_CURVE_WITH_KNOTS((3,3),(-1138.81424695691,-1104.76069158894),
 .UNSPECIFIED.)
CURVE()
GEOMETRIC_REPRESENTATION_ITEM()
RATIONAL_B_SPLINE_CURVE((1.,0.995602932329327,1.))
REPRESENTATION_ITEM('')
);
#2694=(
BOUNDED_CURVE()
B_SPLINE_CURVE(1,(#6207,#6208),.UNSPECIFIED.,.F.,.F.)
B_SPLINE_CURVE_WITH_KNOTS((2,2),(218.,280.),.UNSPECIFIED.)
CURVE()
GEOMETRIC_REPRESENTATION_ITEM()
RATIONAL_B_SPLINE_CURVE((1.,1.))
REPRESENTATION_ITEM('')
);
#2695=(
BOUNDED_CURVE()
B_SPLINE_CURVE(1,(#6209,#6210),.UNSPECIFIED.,.F.,.F.)
B_SPLINE_CURVE_WITH_KNOTS((2,2),(218.,280.),.UNSPECIFIED.)
CURVE()
GEOMETRIC_REPRESENTATION_ITEM()
RATIONAL_B_SPLINE_CURVE((1.,1.))
REPRESENTATION_ITEM('')
);
#2696=(
BOUNDED_CURVE()
B_SPLINE_CURVE(2,(#6216,#6217,#6218),.UNSPECIFIED.,.F.,.F.)
B_SPLINE_CURVE_WITH_KNOTS((3,3),(1104.76069158894,1138.81424695691),
 .UNSPECIFIED.)
CURVE()
GEOMETRIC_REPRESENTATION_ITEM()
RATIONAL_B_SPLINE_CURVE((1.,0.995602932329327,1.))
REPRESENTATION_ITEM('')
);
#2697=(
BOUNDED_CURVE()
B_SPLINE_CURVE(2,(#6219,#6220,#6221),.UNSPECIFIED.,.F.,.F.)
B_SPLINE_CURVE_WITH_KNOTS((3,3),(-1138.81424695691,-1104.76069158894),
 .UNSPECIFIED.)
CURVE()
GEOMETRIC_REPRESENTATION_ITEM()
RATIONAL_B_SPLINE_CURVE((1.,0.995602932329326,1.))
REPRESENTATION_ITEM('')
);
#2698=(
BOUNDED_CURVE()
B_SPLINE_CURVE(1,(#6222,#6223),.UNSPECIFIED.,.F.,.F.)
B_SPLINE_CURVE_WITH_KNOTS((2,2),(218.,280.),.UNSPECIFIED.)
CURVE()
GEOMETRIC_REPRESENTATION_ITEM()
RATIONAL_B_SPLINE_CURVE((1.,1.))
REPRESENTATION_ITEM('')
);
#2699=(
BOUNDED_CURVE()
B_SPLINE_CURVE(1,(#6224,#6225),.UNSPECIFIED.,.F.,.F.)
B_SPLINE_CURVE_WITH_KNOTS((2,2),(218.,280.),.UNSPECIFIED.)
CURVE()
GEOMETRIC_REPRESENTATION_ITEM()
RATIONAL_B_SPLINE_CURVE((1.,1.))
REPRESENTATION_ITEM('')
);
#2700=(
BOUNDED_CURVE()
B_SPLINE_CURVE(2,(#6231,#6232,#6233),.UNSPECIFIED.,.F.,.F.)
B_SPLINE_CURVE_WITH_KNOTS((3,3),(1104.76069158894,1138.81424695691),
 .UNSPECIFIED.)
CURVE()
GEOMETRIC_REPRESENTATION_ITEM()
RATIONAL_B_SPLINE_CURVE((1.,0.995602932329327,1.))
REPRESENTATION_ITEM('')
);
#2701=(
BOUNDED_CURVE()
B_SPLINE_CURVE(2,(#6234,#6235,#6236),.UNSPECIFIED.,.F.,.F.)
B_SPLINE_CURVE_WITH_KNOTS((3,3),(-1138.81424695691,-1104.76069158894),
 .UNSPECIFIED.)
CURVE()
GEOMETRIC_REPRESENTATION_ITEM()
RATIONAL_B_SPLINE_CURVE((1.,0.995602932329327,1.))
REPRESENTATION_ITEM('')
);
#2702=(
BOUNDED_CURVE()
B_SPLINE_CURVE(1,(#6237,#6238),.UNSPECIFIED.,.F.,.F.)
B_SPLINE_CURVE_WITH_KNOTS((2,2),(218.,280.),.UNSPECIFIED.)
CURVE()
GEOMETRIC_REPRESENTATION_ITEM()
RATIONAL_B_SPLINE_CURVE((1.,1.))
REPRESENTATION_ITEM('')
);
#2703=(
BOUNDED_CURVE()
B_SPLINE_CURVE(1,(#6239,#6240),.UNSPECIFIED.,.F.,.F.)
B_SPLINE_CURVE_WITH_KNOTS((2,2),(218.,280.),.UNSPECIFIED.)
CURVE()
GEOMETRIC_REPRESENTATION_ITEM()
RATIONAL_B_SPLINE_CURVE((1.,1.))
REPRESENTATION_ITEM('')
);
#2704=(
BOUNDED_CURVE()
B_SPLINE_CURVE(2,(#6246,#6247,#6248),.UNSPECIFIED.,.F.,.F.)
B_SPLINE_CURVE_WITH_KNOTS((3,3),(1104.76069158894,1138.81424695691),
 .UNSPECIFIED.)
CURVE()
GEOMETRIC_REPRESENTATION_ITEM()
RATIONAL_B_SPLINE_CURVE((1.,0.995602932329327,1.))
REPRESENTATION_ITEM('')
);
#2705=(
BOUNDED_CURVE()
B_SPLINE_CURVE(2,(#6249,#6250,#6251),.UNSPECIFIED.,.F.,.F.)
B_SPLINE_CURVE_WITH_KNOTS((3,3),(-1138.81424695691,-1104.76069158894),
 .UNSPECIFIED.)
CURVE()
GEOMETRIC_REPRESENTATION_ITEM()
RATIONAL_B_SPLINE_CURVE((1.,0.995602932329328,1.))
REPRESENTATION_ITEM('')
);
#2706=(
BOUNDED_CURVE()
B_SPLINE_CURVE(1,(#6252,#6253),.UNSPECIFIED.,.F.,.F.)
B_SPLINE_CURVE_WITH_KNOTS((2,2),(218.,280.),.UNSPECIFIED.)
CURVE()
GEOMETRIC_REPRESENTATION_ITEM()
RATIONAL_B_SPLINE_CURVE((1.,1.))
REPRESENTATION_ITEM('')
);
#2707=(
BOUNDED_CURVE()
B_SPLINE_CURVE(1,(#6254,#6255),.UNSPECIFIED.,.F.,.F.)
B_SPLINE_CURVE_WITH_KNOTS((2,2),(218.,280.),.UNSPECIFIED.)
CURVE()
GEOMETRIC_REPRESENTATION_ITEM()
RATIONAL_B_SPLINE_CURVE((1.,1.))
REPRESENTATION_ITEM('')
);
#2708=(
BOUNDED_CURVE()
B_SPLINE_CURVE(2,(#6261,#6262,#6263),.UNSPECIFIED.,.F.,.F.)
B_SPLINE_CURVE_WITH_KNOTS((3,3),(1104.76069158894,1138.81424695691),
 .UNSPECIFIED.)
CURVE()
GEOMETRIC_REPRESENTATION_ITEM()
RATIONAL_B_SPLINE_CURVE((1.,0.995602932329327,1.))
REPRESENTATION_ITEM('')
);
#2709=(
BOUNDED_CURVE()
B_SPLINE_CURVE(2,(#6264,#6265,#6266),.UNSPECIFIED.,.F.,.F.)
B_SPLINE_CURVE_WITH_KNOTS((3,3),(-1138.81424695691,-1104.76069158894),
 .UNSPECIFIED.)
CURVE()
GEOMETRIC_REPRESENTATION_ITEM()
RATIONAL_B_SPLINE_CURVE((1.,0.995602932329326,1.))
REPRESENTATION_ITEM('')
);
#2710=(
BOUNDED_CURVE()
B_SPLINE_CURVE(1,(#6267,#6268),.UNSPECIFIED.,.F.,.F.)
B_SPLINE_CURVE_WITH_KNOTS((2,2),(218.,280.),.UNSPECIFIED.)
CURVE()
GEOMETRIC_REPRESENTATION_ITEM()
RATIONAL_B_SPLINE_CURVE((1.,1.))
REPRESENTATION_ITEM('')
);
#2711=(
BOUNDED_CURVE()
B_SPLINE_CURVE(1,(#6269,#6270),.UNSPECIFIED.,.F.,.F.)
B_SPLINE_CURVE_WITH_KNOTS((2,2),(218.,280.),.UNSPECIFIED.)
CURVE()
GEOMETRIC_REPRESENTATION_ITEM()
RATIONAL_B_SPLINE_CURVE((1.,1.))
REPRESENTATION_ITEM('')
);
#2712=(
BOUNDED_CURVE()
B_SPLINE_CURVE(2,(#6276,#6277,#6278),.UNSPECIFIED.,.F.,.F.)
B_SPLINE_CURVE_WITH_KNOTS((3,3),(1104.76069158894,1138.81424695691),
 .UNSPECIFIED.)
CURVE()
GEOMETRIC_REPRESENTATION_ITEM()
RATIONAL_B_SPLINE_CURVE((1.,0.995602932329327,1.))
REPRESENTATION_ITEM('')
);
#2713=(
BOUNDED_CURVE()
B_SPLINE_CURVE(2,(#6279,#6280,#6281),.UNSPECIFIED.,.F.,.F.)
B_SPLINE_CURVE_WITH_KNOTS((3,3),(-1138.81424695691,-1104.76069158894),
 .UNSPECIFIED.)
CURVE()
GEOMETRIC_REPRESENTATION_ITEM()
RATIONAL_B_SPLINE_CURVE((1.,0.995602932329327,1.))
REPRESENTATION_ITEM('')
);
#2714=(
BOUNDED_CURVE()
B_SPLINE_CURVE(1,(#6282,#6283),.UNSPECIFIED.,.F.,.F.)
B_SPLINE_CURVE_WITH_KNOTS((2,2),(218.,280.),.UNSPECIFIED.)
CURVE()
GEOMETRIC_REPRESENTATION_ITEM()
RATIONAL_B_SPLINE_CURVE((1.,1.))
REPRESENTATION_ITEM('')
);
#2715=(
BOUNDED_CURVE()
B_SPLINE_CURVE(1,(#6284,#6285),.UNSPECIFIED.,.F.,.F.)
B_SPLINE_CURVE_WITH_KNOTS((2,2),(218.,280.),.UNSPECIFIED.)
CURVE()
GEOMETRIC_REPRESENTATION_ITEM()
RATIONAL_B_SPLINE_CURVE((1.,1.))
REPRESENTATION_ITEM('')
);
#2716=(
BOUNDED_CURVE()
B_SPLINE_CURVE(2,(#6291,#6292,#6293),.UNSPECIFIED.,.F.,.F.)
B_SPLINE_CURVE_WITH_KNOTS((3,3),(1104.76069158894,1138.81424695691),
 .UNSPECIFIED.)
CURVE()
GEOMETRIC_REPRESENTATION_ITEM()
RATIONAL_B_SPLINE_CURVE((1.,0.995602932329327,1.))
REPRESENTATION_ITEM('')
);
#2717=(
BOUNDED_CURVE()
B_SPLINE_CURVE(2,(#6294,#6295,#6296),.UNSPECIFIED.,.F.,.F.)
B_SPLINE_CURVE_WITH_KNOTS((3,3),(-1138.81424695691,-1104.76069158894),
 .UNSPECIFIED.)
CURVE()
GEOMETRIC_REPRESENTATION_ITEM()
RATIONAL_B_SPLINE_CURVE((1.,0.995602932329328,1.))
REPRESENTATION_ITEM('')
);
#2718=(
BOUNDED_CURVE()
B_SPLINE_CURVE(1,(#6297,#6298),.UNSPECIFIED.,.F.,.F.)
B_SPLINE_CURVE_WITH_KNOTS((2,2),(218.,280.),.UNSPECIFIED.)
CURVE()
GEOMETRIC_REPRESENTATION_ITEM()
RATIONAL_B_SPLINE_CURVE((1.,1.))
REPRESENTATION_ITEM('')
);
#2719=(
BOUNDED_CURVE()
B_SPLINE_CURVE(1,(#6299,#6300),.UNSPECIFIED.,.F.,.F.)
B_SPLINE_CURVE_WITH_KNOTS((2,2),(218.,280.),.UNSPECIFIED.)
CURVE()
GEOMETRIC_REPRESENTATION_ITEM()
RATIONAL_B_SPLINE_CURVE((1.,1.))
REPRESENTATION_ITEM('')
);
#2720=(
BOUNDED_CURVE()
B_SPLINE_CURVE(2,(#6306,#6307,#6308),.UNSPECIFIED.,.F.,.F.)
B_SPLINE_CURVE_WITH_KNOTS((3,3),(1104.76069158894,1138.81424695691),
 .UNSPECIFIED.)
CURVE()
GEOMETRIC_REPRESENTATION_ITEM()
RATIONAL_B_SPLINE_CURVE((1.,0.995602932329327,1.))
REPRESENTATION_ITEM('')
);
#2721=(
BOUNDED_CURVE()
B_SPLINE_CURVE(2,(#6309,#6310,#6311),.UNSPECIFIED.,.F.,.F.)
B_SPLINE_CURVE_WITH_KNOTS((3,3),(-1138.81424695691,-1104.76069158894),
 .UNSPECIFIED.)
CURVE()
GEOMETRIC_REPRESENTATION_ITEM()
RATIONAL_B_SPLINE_CURVE((1.,0.995602932329327,1.))
REPRESENTATION_ITEM('')
);
#2722=(
BOUNDED_CURVE()
B_SPLINE_CURVE(1,(#6312,#6313),.UNSPECIFIED.,.F.,.F.)
B_SPLINE_CURVE_WITH_KNOTS((2,2),(218.,280.),.UNSPECIFIED.)
CURVE()
GEOMETRIC_REPRESENTATION_ITEM()
RATIONAL_B_SPLINE_CURVE((1.,1.))
REPRESENTATION_ITEM('')
);
#2723=(
BOUNDED_CURVE()
B_SPLINE_CURVE(1,(#6314,#6315),.UNSPECIFIED.,.F.,.F.)
B_SPLINE_CURVE_WITH_KNOTS((2,2),(218.,280.),.UNSPECIFIED.)
CURVE()
GEOMETRIC_REPRESENTATION_ITEM()
RATIONAL_B_SPLINE_CURVE((1.,1.))
REPRESENTATION_ITEM('')
);
#2724=(
BOUNDED_CURVE()
B_SPLINE_CURVE(2,(#6321,#6322,#6323),.UNSPECIFIED.,.F.,.F.)
B_SPLINE_CURVE_WITH_KNOTS((3,3),(1104.76069158894,1138.81424695691),
 .UNSPECIFIED.)
CURVE()
GEOMETRIC_REPRESENTATION_ITEM()
RATIONAL_B_SPLINE_CURVE((1.,0.995602932329327,1.))
REPRESENTATION_ITEM('')
);
#2725=(
BOUNDED_CURVE()
B_SPLINE_CURVE(2,(#6324,#6325,#6326),.UNSPECIFIED.,.F.,.F.)
B_SPLINE_CURVE_WITH_KNOTS((3,3),(-1138.81424695691,-1104.76069158894),
 .UNSPECIFIED.)
CURVE()
GEOMETRIC_REPRESENTATION_ITEM()
RATIONAL_B_SPLINE_CURVE((1.,0.995602932329327,1.))
REPRESENTATION_ITEM('')
);
#2726=(
BOUNDED_CURVE()
B_SPLINE_CURVE(1,(#6327,#6328),.UNSPECIFIED.,.F.,.F.)
B_SPLINE_CURVE_WITH_KNOTS((2,2),(218.,280.),.UNSPECIFIED.)
CURVE()
GEOMETRIC_REPRESENTATION_ITEM()
RATIONAL_B_SPLINE_CURVE((1.,1.))
REPRESENTATION_ITEM('')
);
#2727=(
BOUNDED_CURVE()
B_SPLINE_CURVE(1,(#6329,#6330),.UNSPECIFIED.,.F.,.F.)
B_SPLINE_CURVE_WITH_KNOTS((2,2),(218.,280.),.UNSPECIFIED.)
CURVE()
GEOMETRIC_REPRESENTATION_ITEM()
RATIONAL_B_SPLINE_CURVE((1.,1.))
REPRESENTATION_ITEM('')
);
#2728=(
BOUNDED_CURVE()
B_SPLINE_CURVE(2,(#6336,#6337,#6338),.UNSPECIFIED.,.F.,.F.)
B_SPLINE_CURVE_WITH_KNOTS((3,3),(1104.76069158894,1138.81424695691),
 .UNSPECIFIED.)
CURVE()
GEOMETRIC_REPRESENTATION_ITEM()
RATIONAL_B_SPLINE_CURVE((1.,0.995602932329327,1.))
REPRESENTATION_ITEM('')
);
#2729=(
BOUNDED_CURVE()
B_SPLINE_CURVE(2,(#6339,#6340,#6341),.UNSPECIFIED.,.F.,.F.)
B_SPLINE_CURVE_WITH_KNOTS((3,3),(-1138.81424695691,-1104.76069158894),
 .UNSPECIFIED.)
CURVE()
GEOMETRIC_REPRESENTATION_ITEM()
RATIONAL_B_SPLINE_CURVE((1.,0.995602932329328,1.))
REPRESENTATION_ITEM('')
);
#2730=(
BOUNDED_CURVE()
B_SPLINE_CURVE(1,(#6342,#6343),.UNSPECIFIED.,.F.,.F.)
B_SPLINE_CURVE_WITH_KNOTS((2,2),(218.,280.),.UNSPECIFIED.)
CURVE()
GEOMETRIC_REPRESENTATION_ITEM()
RATIONAL_B_SPLINE_CURVE((1.,1.))
REPRESENTATION_ITEM('')
);
#2731=(
BOUNDED_CURVE()
B_SPLINE_CURVE(1,(#6344,#6345),.UNSPECIFIED.,.F.,.F.)
B_SPLINE_CURVE_WITH_KNOTS((2,2),(218.,280.),.UNSPECIFIED.)
CURVE()
GEOMETRIC_REPRESENTATION_ITEM()
RATIONAL_B_SPLINE_CURVE((1.,1.))
REPRESENTATION_ITEM('')
);
#2732=VERTEX_POINT('',#3947);
#2733=VERTEX_POINT('',#3948);
#2734=VERTEX_POINT('',#3949);
#2735=VERTEX_POINT('',#3950);
#2736=VERTEX_POINT('',#3962);
#2737=VERTEX_POINT('',#3963);
#2738=VERTEX_POINT('',#3964);
#2739=VERTEX_POINT('',#3965);
#2740=VERTEX_POINT('',#3977);
#2741=VERTEX_POINT('',#3978);
#2742=VERTEX_POINT('',#3979);
#2743=VERTEX_POINT('',#3980);
#2744=VERTEX_POINT('',#3992);
#2745=VERTEX_POINT('',#3993);
#2746=VERTEX_POINT('',#3994);
#2747=VERTEX_POINT('',#3995);
#2748=VERTEX_POINT('',#4007);
#2749=VERTEX_POINT('',#4008);
#2750=VERTEX_POINT('',#4009);
#2751=VERTEX_POINT('',#4010);
#2752=VERTEX_POINT('',#4022);
#2753=VERTEX_POINT('',#4023);
#2754=VERTEX_POINT('',#4024);
#2755=VERTEX_POINT('',#4025);
#2756=VERTEX_POINT('',#4037);
#2757=VERTEX_POINT('',#4038);
#2758=VERTEX_POINT('',#4039);
#2759=VERTEX_POINT('',#4040);
#2760=VERTEX_POINT('',#4052);
#2761=VERTEX_POINT('',#4053);
#2762=VERTEX_POINT('',#4054);
#2763=VERTEX_POINT('',#4055);
#2764=VERTEX_POINT('',#4067);
#2765=VERTEX_POINT('',#4068);
#2766=VERTEX_POINT('',#4069);
#2767=VERTEX_POINT('',#4070);
#2768=VERTEX_POINT('',#4082);
#2769=VERTEX_POINT('',#4083);
#2770=VERTEX_POINT('',#4084);
#2771=VERTEX_POINT('',#4085);
#2772=VERTEX_POINT('',#4097);
#2773=VERTEX_POINT('',#4098);
#2774=VERTEX_POINT('',#4099);
#2775=VERTEX_POINT('',#4100);
#2776=VERTEX_POINT('',#4112);
#2777=VERTEX_POINT('',#4113);
#2778=VERTEX_POINT('',#4114);
#2779=VERTEX_POINT('',#4115);
#2780=VERTEX_POINT('',#4127);
#2781=VERTEX_POINT('',#4128);
#2782=VERTEX_POINT('',#4129);
#2783=VERTEX_POINT('',#4130);
#2784=VERTEX_POINT('',#4142);
#2785=VERTEX_POINT('',#4143);
#2786=VERTEX_POINT('',#4144);
#2787=VERTEX_POINT('',#4145);
#2788=VERTEX_POINT('',#4157);
#2789=VERTEX_POINT('',#4158);
#2790=VERTEX_POINT('',#4159);
#2791=VERTEX_POINT('',#4160);
#2792=VERTEX_POINT('',#4172);
#2793=VERTEX_POINT('',#4173);
#2794=VERTEX_POINT('',#4174);
#2795=VERTEX_POINT('',#4175);
#2796=VERTEX_POINT('',#4187);
#2797=VERTEX_POINT('',#4188);
#2798=VERTEX_POINT('',#4189);
#2799=VERTEX_POINT('',#4190);
#2800=VERTEX_POINT('',#4202);
#2801=VERTEX_POINT('',#4203);
#2802=VERTEX_POINT('',#4204);
#2803=VERTEX_POINT('',#4205);
#2804=VERTEX_POINT('',#4217);
#2805=VERTEX_POINT('',#4218);
#2806=VERTEX_POINT('',#4219);
#2807=VERTEX_POINT('',#4220);
#2808=VERTEX_POINT('',#4232);
#2809=VERTEX_POINT('',#4233);
#2810=VERTEX_POINT('',#4234);
#2811=VERTEX_POINT('',#4235);
#2812=VERTEX_POINT('',#4247);
#2813=VERTEX_POINT('',#4248);
#2814=VERTEX_POINT('',#4249);
#2815=VERTEX_POINT('',#4250);
#2816=VERTEX_POINT('',#4262);
#2817=VERTEX_POINT('',#4263);
#2818=VERTEX_POINT('',#4264);
#2819=VERTEX_POINT('',#4265);
#2820=VERTEX_POINT('',#4277);
#2821=VERTEX_POINT('',#4278);
#2822=VERTEX_POINT('',#4279);
#2823=VERTEX_POINT('',#4280);
#2824=VERTEX_POINT('',#4292);
#2825=VERTEX_POINT('',#4293);
#2826=VERTEX_POINT('',#4294);
#2827=VERTEX_POINT('',#4295);
#2828=VERTEX_POINT('',#4307);
#2829=VERTEX_POINT('',#4308);
#2830=VERTEX_POINT('',#4309);
#2831=VERTEX_POINT('',#4310);
#2832=VERTEX_POINT('',#4322);
#2833=VERTEX_POINT('',#4323);
#2834=VERTEX_POINT('',#4324);
#2835=VERTEX_POINT('',#4325);
#2836=VERTEX_POINT('',#4337);
#2837=VERTEX_POINT('',#4338);
#2838=VERTEX_POINT('',#4339);
#2839=VERTEX_POINT('',#4340);
#2840=VERTEX_POINT('',#4352);
#2841=VERTEX_POINT('',#4353);
#2842=VERTEX_POINT('',#4354);
#2843=VERTEX_POINT('',#4355);
#2844=VERTEX_POINT('',#4367);
#2845=VERTEX_POINT('',#4368);
#2846=VERTEX_POINT('',#4369);
#2847=VERTEX_POINT('',#4370);
#2848=VERTEX_POINT('',#4382);
#2849=VERTEX_POINT('',#4383);
#2850=VERTEX_POINT('',#4384);
#2851=VERTEX_POINT('',#4385);
#2852=VERTEX_POINT('',#4397);
#2853=VERTEX_POINT('',#4398);
#2854=VERTEX_POINT('',#4399);
#2855=VERTEX_POINT('',#4400);
#2856=VERTEX_POINT('',#4412);
#2857=VERTEX_POINT('',#4413);
#2858=VERTEX_POINT('',#4414);
#2859=VERTEX_POINT('',#4415);
#2860=VERTEX_POINT('',#4427);
#2861=VERTEX_POINT('',#4428);
#2862=VERTEX_POINT('',#4429);
#2863=VERTEX_POINT('',#4430);
#2864=VERTEX_POINT('',#4442);
#2865=VERTEX_POINT('',#4443);
#2866=VERTEX_POINT('',#4444);
#2867=VERTEX_POINT('',#4445);
#2868=VERTEX_POINT('',#4457);
#2869=VERTEX_POINT('',#4458);
#2870=VERTEX_POINT('',#4459);
#2871=VERTEX_POINT('',#4460);
#2872=VERTEX_POINT('',#4472);
#2873=VERTEX_POINT('',#4473);
#2874=VERTEX_POINT('',#4474);
#2875=VERTEX_POINT('',#4475);
#2876=VERTEX_POINT('',#4487);
#2877=VERTEX_POINT('',#4488);
#2878=VERTEX_POINT('',#4489);
#2879=VERTEX_POINT('',#4490);
#2880=VERTEX_POINT('',#4502);
#2881=VERTEX_POINT('',#4503);
#2882=VERTEX_POINT('',#4504);
#2883=VERTEX_POINT('',#4505);
#2884=VERTEX_POINT('',#4517);
#2885=VERTEX_POINT('',#4518);
#2886=VERTEX_POINT('',#4519);
#2887=VERTEX_POINT('',#4520);
#2888=VERTEX_POINT('',#4532);
#2889=VERTEX_POINT('',#4533);
#2890=VERTEX_POINT('',#4534);
#2891=VERTEX_POINT('',#4535);
#2892=VERTEX_POINT('',#4547);
#2893=VERTEX_POINT('',#4548);
#2894=VERTEX_POINT('',#4549);
#2895=VERTEX_POINT('',#4550);
#2896=VERTEX_POINT('',#4562);
#2897=VERTEX_POINT('',#4563);
#2898=VERTEX_POINT('',#4564);
#2899=VERTEX_POINT('',#4565);
#2900=VERTEX_POINT('',#4577);
#2901=VERTEX_POINT('',#4578);
#2902=VERTEX_POINT('',#4579);
#2903=VERTEX_POINT('',#4580);
#2904=VERTEX_POINT('',#4592);
#2905=VERTEX_POINT('',#4593);
#2906=VERTEX_POINT('',#4594);
#2907=VERTEX_POINT('',#4595);
#2908=VERTEX_POINT('',#4607);
#2909=VERTEX_POINT('',#4608);
#2910=VERTEX_POINT('',#4609);
#2911=VERTEX_POINT('',#4610);
#2912=VERTEX_POINT('',#4622);
#2913=VERTEX_POINT('',#4623);
#2914=VERTEX_POINT('',#4624);
#2915=VERTEX_POINT('',#4625);
#2916=VERTEX_POINT('',#4637);
#2917=VERTEX_POINT('',#4638);
#2918=VERTEX_POINT('',#4639);
#2919=VERTEX_POINT('',#4640);
#2920=VERTEX_POINT('',#4652);
#2921=VERTEX_POINT('',#4653);
#2922=VERTEX_POINT('',#4654);
#2923=VERTEX_POINT('',#4655);
#2924=VERTEX_POINT('',#4667);
#2925=VERTEX_POINT('',#4668);
#2926=VERTEX_POINT('',#4669);
#2927=VERTEX_POINT('',#4670);
#2928=VERTEX_POINT('',#4682);
#2929=VERTEX_POINT('',#4683);
#2930=VERTEX_POINT('',#4684);
#2931=VERTEX_POINT('',#4685);
#2932=VERTEX_POINT('',#4697);
#2933=VERTEX_POINT('',#4698);
#2934=VERTEX_POINT('',#4699);
#2935=VERTEX_POINT('',#4700);
#2936=VERTEX_POINT('',#4712);
#2937=VERTEX_POINT('',#4713);
#2938=VERTEX_POINT('',#4714);
#2939=VERTEX_POINT('',#4715);
#2940=VERTEX_POINT('',#4727);
#2941=VERTEX_POINT('',#4728);
#2942=VERTEX_POINT('',#4729);
#2943=VERTEX_POINT('',#4730);
#2944=VERTEX_POINT('',#4742);
#2945=VERTEX_POINT('',#4743);
#2946=VERTEX_POINT('',#4744);
#2947=VERTEX_POINT('',#4745);
#2948=VERTEX_POINT('',#4757);
#2949=VERTEX_POINT('',#4758);
#2950=VERTEX_POINT('',#4759);
#2951=VERTEX_POINT('',#4760);
#2952=VERTEX_POINT('',#4772);
#2953=VERTEX_POINT('',#4773);
#2954=VERTEX_POINT('',#4774);
#2955=VERTEX_POINT('',#4775);
#2956=VERTEX_POINT('',#4787);
#2957=VERTEX_POINT('',#4788);
#2958=VERTEX_POINT('',#4789);
#2959=VERTEX_POINT('',#4790);
#2960=VERTEX_POINT('',#4802);
#2961=VERTEX_POINT('',#4803);
#2962=VERTEX_POINT('',#4804);
#2963=VERTEX_POINT('',#4805);
#2964=VERTEX_POINT('',#4817);
#2965=VERTEX_POINT('',#4818);
#2966=VERTEX_POINT('',#4819);
#2967=VERTEX_POINT('',#4820);
#2968=VERTEX_POINT('',#4832);
#2969=VERTEX_POINT('',#4833);
#2970=VERTEX_POINT('',#4834);
#2971=VERTEX_POINT('',#4835);
#2972=VERTEX_POINT('',#4847);
#2973=VERTEX_POINT('',#4848);
#2974=VERTEX_POINT('',#4849);
#2975=VERTEX_POINT('',#4850);
#2976=VERTEX_POINT('',#4862);
#2977=VERTEX_POINT('',#4863);
#2978=VERTEX_POINT('',#4864);
#2979=VERTEX_POINT('',#4865);
#2980=VERTEX_POINT('',#4877);
#2981=VERTEX_POINT('',#4878);
#2982=VERTEX_POINT('',#4879);
#2983=VERTEX_POINT('',#4880);
#2984=VERTEX_POINT('',#4892);
#2985=VERTEX_POINT('',#4893);
#2986=VERTEX_POINT('',#4894);
#2987=VERTEX_POINT('',#4895);
#2988=VERTEX_POINT('',#4907);
#2989=VERTEX_POINT('',#4908);
#2990=VERTEX_POINT('',#4909);
#2991=VERTEX_POINT('',#4910);
#2992=VERTEX_POINT('',#4922);
#2993=VERTEX_POINT('',#4923);
#2994=VERTEX_POINT('',#4924);
#2995=VERTEX_POINT('',#4925);
#2996=VERTEX_POINT('',#4937);
#2997=VERTEX_POINT('',#4938);
#2998=VERTEX_POINT('',#4939);
#2999=VERTEX_POINT('',#4940);
#3000=VERTEX_POINT('',#4952);
#3001=VERTEX_POINT('',#4953);
#3002=VERTEX_POINT('',#4954);
#3003=VERTEX_POINT('',#4955);
#3004=VERTEX_POINT('',#4967);
#3005=VERTEX_POINT('',#4968);
#3006=VERTEX_POINT('',#4969);
#3007=VERTEX_POINT('',#4970);
#3008=VERTEX_POINT('',#4982);
#3009=VERTEX_POINT('',#4983);
#3010=VERTEX_POINT('',#4984);
#3011=VERTEX_POINT('',#4985);
#3012=VERTEX_POINT('',#4997);
#3013=VERTEX_POINT('',#4998);
#3014=VERTEX_POINT('',#4999);
#3015=VERTEX_POINT('',#5000);
#3016=VERTEX_POINT('',#5012);
#3017=VERTEX_POINT('',#5013);
#3018=VERTEX_POINT('',#5014);
#3019=VERTEX_POINT('',#5015);
#3020=VERTEX_POINT('',#5027);
#3021=VERTEX_POINT('',#5028);
#3022=VERTEX_POINT('',#5029);
#3023=VERTEX_POINT('',#5030);
#3024=VERTEX_POINT('',#5042);
#3025=VERTEX_POINT('',#5043);
#3026=VERTEX_POINT('',#5044);
#3027=VERTEX_POINT('',#5045);
#3028=VERTEX_POINT('',#5057);
#3029=VERTEX_POINT('',#5058);
#3030=VERTEX_POINT('',#5059);
#3031=VERTEX_POINT('',#5060);
#3032=VERTEX_POINT('',#5072);
#3033=VERTEX_POINT('',#5073);
#3034=VERTEX_POINT('',#5074);
#3035=VERTEX_POINT('',#5075);
#3036=VERTEX_POINT('',#5087);
#3037=VERTEX_POINT('',#5088);
#3038=VERTEX_POINT('',#5089);
#3039=VERTEX_POINT('',#5090);
#3040=VERTEX_POINT('',#5102);
#3041=VERTEX_POINT('',#5103);
#3042=VERTEX_POINT('',#5104);
#3043=VERTEX_POINT('',#5105);
#3044=VERTEX_POINT('',#5117);
#3045=VERTEX_POINT('',#5118);
#3046=VERTEX_POINT('',#5119);
#3047=VERTEX_POINT('',#5120);
#3048=VERTEX_POINT('',#5132);
#3049=VERTEX_POINT('',#5133);
#3050=VERTEX_POINT('',#5134);
#3051=VERTEX_POINT('',#5135);
#3052=VERTEX_POINT('',#5147);
#3053=VERTEX_POINT('',#5148);
#3054=VERTEX_POINT('',#5149);
#3055=VERTEX_POINT('',#5150);
#3056=VERTEX_POINT('',#5162);
#3057=VERTEX_POINT('',#5163);
#3058=VERTEX_POINT('',#5164);
#3059=VERTEX_POINT('',#5165);
#3060=VERTEX_POINT('',#5177);
#3061=VERTEX_POINT('',#5178);
#3062=VERTEX_POINT('',#5179);
#3063=VERTEX_POINT('',#5180);
#3064=VERTEX_POINT('',#5192);
#3065=VERTEX_POINT('',#5193);
#3066=VERTEX_POINT('',#5194);
#3067=VERTEX_POINT('',#5195);
#3068=VERTEX_POINT('',#5207);
#3069=VERTEX_POINT('',#5208);
#3070=VERTEX_POINT('',#5209);
#3071=VERTEX_POINT('',#5210);
#3072=VERTEX_POINT('',#5222);
#3073=VERTEX_POINT('',#5223);
#3074=VERTEX_POINT('',#5224);
#3075=VERTEX_POINT('',#5225);
#3076=VERTEX_POINT('',#5237);
#3077=VERTEX_POINT('',#5238);
#3078=VERTEX_POINT('',#5239);
#3079=VERTEX_POINT('',#5240);
#3080=VERTEX_POINT('',#5252);
#3081=VERTEX_POINT('',#5253);
#3082=VERTEX_POINT('',#5254);
#3083=VERTEX_POINT('',#5255);
#3084=VERTEX_POINT('',#5267);
#3085=VERTEX_POINT('',#5268);
#3086=VERTEX_POINT('',#5269);
#3087=VERTEX_POINT('',#5270);
#3088=VERTEX_POINT('',#5282);
#3089=VERTEX_POINT('',#5283);
#3090=VERTEX_POINT('',#5284);
#3091=VERTEX_POINT('',#5285);
#3092=VERTEX_POINT('',#5297);
#3093=VERTEX_POINT('',#5298);
#3094=VERTEX_POINT('',#5299);
#3095=VERTEX_POINT('',#5300);
#3096=VERTEX_POINT('',#5312);
#3097=VERTEX_POINT('',#5313);
#3098=VERTEX_POINT('',#5314);
#3099=VERTEX_POINT('',#5315);
#3100=VERTEX_POINT('',#5327);
#3101=VERTEX_POINT('',#5328);
#3102=VERTEX_POINT('',#5329);
#3103=VERTEX_POINT('',#5330);
#3104=VERTEX_POINT('',#5342);
#3105=VERTEX_POINT('',#5343);
#3106=VERTEX_POINT('',#5344);
#3107=VERTEX_POINT('',#5345);
#3108=VERTEX_POINT('',#5357);
#3109=VERTEX_POINT('',#5358);
#3110=VERTEX_POINT('',#5359);
#3111=VERTEX_POINT('',#5360);
#3112=VERTEX_POINT('',#5372);
#3113=VERTEX_POINT('',#5373);
#3114=VERTEX_POINT('',#5374);
#3115=VERTEX_POINT('',#5375);
#3116=VERTEX_POINT('',#5387);
#3117=VERTEX_POINT('',#5388);
#3118=VERTEX_POINT('',#5389);
#3119=VERTEX_POINT('',#5390);
#3120=VERTEX_POINT('',#5402);
#3121=VERTEX_POINT('',#5403);
#3122=VERTEX_POINT('',#5404);
#3123=VERTEX_POINT('',#5405);
#3124=VERTEX_POINT('',#5417);
#3125=VERTEX_POINT('',#5418);
#3126=VERTEX_POINT('',#5419);
#3127=VERTEX_POINT('',#5420);
#3128=VERTEX_POINT('',#5432);
#3129=VERTEX_POINT('',#5433);
#3130=VERTEX_POINT('',#5434);
#3131=VERTEX_POINT('',#5435);
#3132=VERTEX_POINT('',#5447);
#3133=VERTEX_POINT('',#5448);
#3134=VERTEX_POINT('',#5449);
#3135=VERTEX_POINT('',#5450);
#3136=VERTEX_POINT('',#5462);
#3137=VERTEX_POINT('',#5463);
#3138=VERTEX_POINT('',#5464);
#3139=VERTEX_POINT('',#5465);
#3140=VERTEX_POINT('',#5477);
#3141=VERTEX_POINT('',#5478);
#3142=VERTEX_POINT('',#5479);
#3143=VERTEX_POINT('',#5480);
#3144=VERTEX_POINT('',#5492);
#3145=VERTEX_POINT('',#5493);
#3146=VERTEX_POINT('',#5494);
#3147=VERTEX_POINT('',#5495);
#3148=VERTEX_POINT('',#5507);
#3149=VERTEX_POINT('',#5508);
#3150=VERTEX_POINT('',#5509);
#3151=VERTEX_POINT('',#5510);
#3152=VERTEX_POINT('',#5522);
#3153=VERTEX_POINT('',#5523);
#3154=VERTEX_POINT('',#5524);
#3155=VERTEX_POINT('',#5525);
#3156=VERTEX_POINT('',#5537);
#3157=VERTEX_POINT('',#5538);
#3158=VERTEX_POINT('',#5539);
#3159=VERTEX_POINT('',#5540);
#3160=VERTEX_POINT('',#5552);
#3161=VERTEX_POINT('',#5553);
#3162=VERTEX_POINT('',#5554);
#3163=VERTEX_POINT('',#5555);
#3164=VERTEX_POINT('',#5567);
#3165=VERTEX_POINT('',#5568);
#3166=VERTEX_POINT('',#5569);
#3167=VERTEX_POINT('',#5570);
#3168=VERTEX_POINT('',#5582);
#3169=VERTEX_POINT('',#5583);
#3170=VERTEX_POINT('',#5584);
#3171=VERTEX_POINT('',#5585);
#3172=VERTEX_POINT('',#5597);
#3173=VERTEX_POINT('',#5598);
#3174=VERTEX_POINT('',#5599);
#3175=VERTEX_POINT('',#5600);
#3176=VERTEX_POINT('',#5612);
#3177=VERTEX_POINT('',#5613);
#3178=VERTEX_POINT('',#5614);
#3179=VERTEX_POINT('',#5615);
#3180=VERTEX_POINT('',#5627);
#3181=VERTEX_POINT('',#5628);
#3182=VERTEX_POINT('',#5629);
#3183=VERTEX_POINT('',#5630);
#3184=VERTEX_POINT('',#5642);
#3185=VERTEX_POINT('',#5643);
#3186=VERTEX_POINT('',#5644);
#3187=VERTEX_POINT('',#5645);
#3188=VERTEX_POINT('',#5657);
#3189=VERTEX_POINT('',#5658);
#3190=VERTEX_POINT('',#5659);
#3191=VERTEX_POINT('',#5660);
#3192=VERTEX_POINT('',#5672);
#3193=VERTEX_POINT('',#5673);
#3194=VERTEX_POINT('',#5674);
#3195=VERTEX_POINT('',#5675);
#3196=VERTEX_POINT('',#5687);
#3197=VERTEX_POINT('',#5688);
#3198=VERTEX_POINT('',#5689);
#3199=VERTEX_POINT('',#5690);
#3200=VERTEX_POINT('',#5702);
#3201=VERTEX_POINT('',#5703);
#3202=VERTEX_POINT('',#5704);
#3203=VERTEX_POINT('',#5705);
#3204=VERTEX_POINT('',#5717);
#3205=VERTEX_POINT('',#5718);
#3206=VERTEX_POINT('',#5719);
#3207=VERTEX_POINT('',#5720);
#3208=VERTEX_POINT('',#5732);
#3209=VERTEX_POINT('',#5733);
#3210=VERTEX_POINT('',#5734);
#3211=VERTEX_POINT('',#5735);
#3212=VERTEX_POINT('',#5747);
#3213=VERTEX_POINT('',#5748);
#3214=VERTEX_POINT('',#5749);
#3215=VERTEX_POINT('',#5750);
#3216=VERTEX_POINT('',#5762);
#3217=VERTEX_POINT('',#5763);
#3218=VERTEX_POINT('',#5764);
#3219=VERTEX_POINT('',#5765);
#3220=VERTEX_POINT('',#5777);
#3221=VERTEX_POINT('',#5778);
#3222=VERTEX_POINT('',#5779);
#3223=VERTEX_POINT('',#5780);
#3224=VERTEX_POINT('',#5792);
#3225=VERTEX_POINT('',#5793);
#3226=VERTEX_POINT('',#5794);
#3227=VERTEX_POINT('',#5795);
#3228=VERTEX_POINT('',#5807);
#3229=VERTEX_POINT('',#5808);
#3230=VERTEX_POINT('',#5809);
#3231=VERTEX_POINT('',#5810);
#3232=VERTEX_POINT('',#5822);
#3233=VERTEX_POINT('',#5823);
#3234=VERTEX_POINT('',#5824);
#3235=VERTEX_POINT('',#5825);
#3236=VERTEX_POINT('',#5837);
#3237=VERTEX_POINT('',#5838);
#3238=VERTEX_POINT('',#5839);
#3239=VERTEX_POINT('',#5840);
#3240=VERTEX_POINT('',#5852);
#3241=VERTEX_POINT('',#5853);
#3242=VERTEX_POINT('',#5854);
#3243=VERTEX_POINT('',#5855);
#3244=VERTEX_POINT('',#5867);
#3245=VERTEX_POINT('',#5868);
#3246=VERTEX_POINT('',#5869);
#3247=VERTEX_POINT('',#5870);
#3248=VERTEX_POINT('',#5882);
#3249=VERTEX_POINT('',#5883);
#3250=VERTEX_POINT('',#5884);
#3251=VERTEX_POINT('',#5885);
#3252=VERTEX_POINT('',#5897);
#3253=VERTEX_POINT('',#5898);
#3254=VERTEX_POINT('',#5899);
#3255=VERTEX_POINT('',#5900);
#3256=VERTEX_POINT('',#5912);
#3257=VERTEX_POINT('',#5913);
#3258=VERTEX_POINT('',#5914);
#3259=VERTEX_POINT('',#5915);
#3260=VERTEX_POINT('',#5927);
#3261=VERTEX_POINT('',#5928);
#3262=VERTEX_POINT('',#5929);
#3263=VERTEX_POINT('',#5930);
#3264=VERTEX_POINT('',#5942);
#3265=VERTEX_POINT('',#5943);
#3266=VERTEX_POINT('',#5944);
#3267=VERTEX_POINT('',#5945);
#3268=VERTEX_POINT('',#5957);
#3269=VERTEX_POINT('',#5958);
#3270=VERTEX_POINT('',#5959);
#3271=VERTEX_POINT('',#5960);
#3272=VERTEX_POINT('',#5972);
#3273=VERTEX_POINT('',#5973);
#3274=VERTEX_POINT('',#5974);
#3275=VERTEX_POINT('',#5975);
#3276=VERTEX_POINT('',#5987);
#3277=VERTEX_POINT('',#5988);
#3278=VERTEX_POINT('',#5989);
#3279=VERTEX_POINT('',#5990);
#3280=VERTEX_POINT('',#6002);
#3281=VERTEX_POINT('',#6003);
#3282=VERTEX_POINT('',#6004);
#3283=VERTEX_POINT('',#6005);
#3284=VERTEX_POINT('',#6017);
#3285=VERTEX_POINT('',#6018);
#3286=VERTEX_POINT('',#6019);
#3287=VERTEX_POINT('',#6020);
#3288=VERTEX_POINT('',#6032);
#3289=VERTEX_POINT('',#6033);
#3290=VERTEX_POINT('',#6034);
#3291=VERTEX_POINT('',#6035);
#3292=VERTEX_POINT('',#6047);
#3293=VERTEX_POINT('',#6048);
#3294=VERTEX_POINT('',#6049);
#3295=VERTEX_POINT('',#6050);
#3296=VERTEX_POINT('',#6062);
#3297=VERTEX_POINT('',#6063);
#3298=VERTEX_POINT('',#6064);
#3299=VERTEX_POINT('',#6065);
#3300=VERTEX_POINT('',#6077);
#3301=VERTEX_POINT('',#6078);
#3302=VERTEX_POINT('',#6079);
#3303=VERTEX_POINT('',#6080);
#3304=VERTEX_POINT('',#6092);
#3305=VERTEX_POINT('',#6093);
#3306=VERTEX_POINT('',#6094);
#3307=VERTEX_POINT('',#6095);
#3308=VERTEX_POINT('',#6107);
#3309=VERTEX_POINT('',#6108);
#3310=VERTEX_POINT('',#6109);
#3311=VERTEX_POINT('',#6110);
#3312=VERTEX_POINT('',#6122);
#3313=VERTEX_POINT('',#6123);
#3314=VERTEX_POINT('',#6124);
#3315=VERTEX_POINT('',#6125);
#3316=VERTEX_POINT('',#6137);
#3317=VERTEX_POINT('',#6138);
#3318=VERTEX_POINT('',#6139);
#3319=VERTEX_POINT('',#6140);
#3320=VERTEX_POINT('',#6152);
#3321=VERTEX_POINT('',#6153);
#3322=VERTEX_POINT('',#6154);
#3323=VERTEX_POINT('',#6155);
#3324=VERTEX_POINT('',#6167);
#3325=VERTEX_POINT('',#6168);
#3326=VERTEX_POINT('',#6169);
#3327=VERTEX_POINT('',#6170);
#3328=VERTEX_POINT('',#6182);
#3329=VERTEX_POINT('',#6183);
#3330=VERTEX_POINT('',#6184);
#3331=VERTEX_POINT('',#6185);
#3332=VERTEX_POINT('',#6197);
#3333=VERTEX_POINT('',#6198);
#3334=VERTEX_POINT('',#6199);
#3335=VERTEX_POINT('',#6200);
#3336=VERTEX_POINT('',#6212);
#3337=VERTEX_POINT('',#6213);
#3338=VERTEX_POINT('',#6214);
#3339=VERTEX_POINT('',#6215);
#3340=VERTEX_POINT('',#6227);
#3341=VERTEX_POINT('',#6228);
#3342=VERTEX_POINT('',#6229);
#3343=VERTEX_POINT('',#6230);
#3344=VERTEX_POINT('',#6242);
#3345=VERTEX_POINT('',#6243);
#3346=VERTEX_POINT('',#6244);
#3347=VERTEX_POINT('',#6245);
#3348=VERTEX_POINT('',#6257);
#3349=VERTEX_POINT('',#6258);
#3350=VERTEX_POINT('',#6259);
#3351=VERTEX_POINT('',#6260);
#3352=VERTEX_POINT('',#6272);
#3353=VERTEX_POINT('',#6273);
#3354=VERTEX_POINT('',#6274);
#3355=VERTEX_POINT('',#6275);
#3356=VERTEX_POINT('',#6287);
#3357=VERTEX_POINT('',#6288);
#3358=VERTEX_POINT('',#6289);
#3359=VERTEX_POINT('',#6290);
#3360=VERTEX_POINT('',#6302);
#3361=VERTEX_POINT('',#6303);
#3362=VERTEX_POINT('',#6304);
#3363=VERTEX_POINT('',#6305);
#3364=VERTEX_POINT('',#6317);
#3365=VERTEX_POINT('',#6318);
#3366=VERTEX_POINT('',#6319);
#3367=VERTEX_POINT('',#6320);
#3368=VERTEX_POINT('',#6332);
#3369=VERTEX_POINT('',#6333);
#3370=VERTEX_POINT('',#6334);
#3371=VERTEX_POINT('',#6335);
#3372=CYLINDRICAL_SURFACE('',#3620,181.500000000005);
#3373=CYLINDRICAL_SURFACE('',#3621,181.500000000005);
#3374=CYLINDRICAL_SURFACE('',#3622,181.500000000004);
#3375=CYLINDRICAL_SURFACE('',#3623,181.500000000004);
#3376=CYLINDRICAL_SURFACE('',#3624,181.499999999998);
#3377=CYLINDRICAL_SURFACE('',#3625,181.499999999998);
#3378=CYLINDRICAL_SURFACE('',#3626,181.500000000004);
#3379=CYLINDRICAL_SURFACE('',#3627,181.500000000004);
#3380=CYLINDRICAL_SURFACE('',#3628,181.500000000004);
#3381=CYLINDRICAL_SURFACE('',#3629,181.500000000004);
#3382=CYLINDRICAL_SURFACE('',#3630,181.500000000002);
#3383=CYLINDRICAL_SURFACE('',#3631,181.500000000002);
#3384=CYLINDRICAL_SURFACE('',#3632,181.499999999991);
#3385=CYLINDRICAL_SURFACE('',#3633,181.499999999991);
#3386=CYLINDRICAL_SURFACE('',#3634,181.499999999991);
#3387=CYLINDRICAL_SURFACE('',#3635,181.499999999991);
#3388=CYLINDRICAL_SURFACE('',#3636,181.499999999997);
#3389=CYLINDRICAL_SURFACE('',#3637,181.499999999997);
#3390=CYLINDRICAL_SURFACE('',#3638,181.500000000002);
#3391=CYLINDRICAL_SURFACE('',#3639,181.500000000002);
#3392=CYLINDRICAL_SURFACE('',#3640,181.500000000004);
#3393=CYLINDRICAL_SURFACE('',#3641,181.500000000004);
#3394=CYLINDRICAL_SURFACE('',#3642,181.500000000005);
#3395=CYLINDRICAL_SURFACE('',#3643,181.500000000005);
#3396=CYLINDRICAL_SURFACE('',#3644,181.500000000005);
#3397=CYLINDRICAL_SURFACE('',#3645,181.500000000005);
#3398=CYLINDRICAL_SURFACE('',#3646,181.500000000007);
#3399=CYLINDRICAL_SURFACE('',#3647,181.500000000007);
#3400=CYLINDRICAL_SURFACE('',#3648,181.499999999995);
#3401=CYLINDRICAL_SURFACE('',#3649,181.499999999995);
#3402=CYLINDRICAL_SURFACE('',#3650,181.499999999995);
#3403=CYLINDRICAL_SURFACE('',#3651,181.499999999995);
#3404=CYLINDRICAL_SURFACE('',#3652,181.500000000013);
#3405=CYLINDRICAL_SURFACE('',#3653,181.500000000013);
#3406=CYLINDRICAL_SURFACE('',#3654,181.500000000005);
#3407=CYLINDRICAL_SURFACE('',#3655,181.500000000005);
#3408=CYLINDRICAL_SURFACE('',#3656,181.500000000008);
#3409=CYLINDRICAL_SURFACE('',#3657,181.500000000008);
#3410=CYLINDRICAL_SURFACE('',#3658,181.500000000004);
#3411=CYLINDRICAL_SURFACE('',#3659,181.500000000004);
#3412=CYLINDRICAL_SURFACE('',#3660,181.500000000002);
#3413=CYLINDRICAL_SURFACE('',#3661,181.500000000002);
#3414=CYLINDRICAL_SURFACE('',#3662,181.499999999991);
#3415=CYLINDRICAL_SURFACE('',#3663,181.499999999991);
#3416=CYLINDRICAL_SURFACE('',#3664,181.500000000004);
#3417=CYLINDRICAL_SURFACE('',#3665,181.500000000004);
#3418=CYLINDRICAL_SURFACE('',#3666,181.500000000005);
#3419=CYLINDRICAL_SURFACE('',#3667,181.500000000004);
#3420=CYLINDRICAL_SURFACE('',#3668,181.500000000004);
#3421=CYLINDRICAL_SURFACE('',#3669,181.500000000002);
#3422=CYLINDRICAL_SURFACE('',#3670,181.499999999998);
#3423=CYLINDRICAL_SURFACE('',#3671,181.500000000004);
#3424=CYLINDRICAL_SURFACE('',#3672,181.499999999995);
#3425=CYLINDRICAL_SURFACE('',#3673,181.499999999995);
#3426=CYLINDRICAL_SURFACE('',#3674,181.499999999995);
#3427=CYLINDRICAL_SURFACE('',#3675,181.499999999995);
#3428=CYLINDRICAL_SURFACE('',#3676,181.499999999997);
#3429=CYLINDRICAL_SURFACE('',#3677,181.500000000002);
#3430=CYLINDRICAL_SURFACE('',#3678,181.499999999991);
#3431=CYLINDRICAL_SURFACE('',#3679,181.499999999991);
#3432=CYLINDRICAL_SURFACE('',#3680,181.500000000004);
#3433=CYLINDRICAL_SURFACE('',#3681,181.500000000005);
#3434=CYLINDRICAL_SURFACE('',#3682,181.500000000005);
#3435=CYLINDRICAL_SURFACE('',#3683,181.500000000007);
#3436=CYLINDRICAL_SURFACE('',#3684,181.499999999995);
#3437=CYLINDRICAL_SURFACE('',#3685,181.499999999995);
#3438=CYLINDRICAL_SURFACE('',#3686,181.500000000013);
#3439=CYLINDRICAL_SURFACE('',#3687,181.500000000008);
#3440=CYLINDRICAL_SURFACE('',#3688,181.500000000004);
#3441=CYLINDRICAL_SURFACE('',#3689,181.500000000005);
#3442=CYLINDRICAL_SURFACE('',#3690,181.499999999995);
#3443=CYLINDRICAL_SURFACE('',#3691,181.499999999995);
#3444=CYLINDRICAL_SURFACE('',#3692,181.499999999991);
#3445=CYLINDRICAL_SURFACE('',#3693,181.499999999991);
#3446=CYLINDRICAL_SURFACE('',#3694,181.500000000005);
#3447=CYLINDRICAL_SURFACE('',#3695,181.500000000005);
#3448=CYLINDRICAL_SURFACE('',#3696,181.500000000006);
#3449=CYLINDRICAL_SURFACE('',#3697,181.500000000006);
#3450=CYLINDRICAL_SURFACE('',#3698,181.500000000007);
#3451=CYLINDRICAL_SURFACE('',#3699,181.500000000007);
#3452=CYLINDRICAL_SURFACE('',#3700,181.500000000002);
#3453=CYLINDRICAL_SURFACE('',#3701,181.500000000002);
#3454=CYLINDRICAL_SURFACE('',#3702,181.500000000007);
#3455=CYLINDRICAL_SURFACE('',#3703,181.500000000007);
#3456=CYLINDRICAL_SURFACE('',#3704,181.499999999998);
#3457=CYLINDRICAL_SURFACE('',#3705,181.499999999998);
#3458=CYLINDRICAL_SURFACE('',#3706,181.499999999991);
#3459=CYLINDRICAL_SURFACE('',#3707,181.500000000005);
#3460=CYLINDRICAL_SURFACE('',#3708,181.500000000006);
#3461=CYLINDRICAL_SURFACE('',#3709,181.500000000007);
#3462=CYLINDRICAL_SURFACE('',#3710,181.500000000002);
#3463=CYLINDRICAL_SURFACE('',#3711,181.500000000007);
#3464=CYLINDRICAL_SURFACE('',#3712,181.499999999998);
#3465=CYLINDRICAL_SURFACE('',#3713,181.500000000002);
#3466=CYLINDRICAL_SURFACE('',#3714,181.499999999991);
#3467=CYLINDRICAL_SURFACE('',#3715,181.500000000004);
#3468=CYLINDRICAL_SURFACE('',#3716,181.499999999998);
#3469=CYLINDRICAL_SURFACE('',#3717,181.500000000007);
#3470=CYLINDRICAL_SURFACE('',#3718,181.499999999991);
#3471=CYLINDRICAL_SURFACE('',#3719,181.500000000002);
#3472=CYLINDRICAL_SURFACE('',#3720,181.500000000007);
#3473=CYLINDRICAL_SURFACE('',#3721,181.499999999995);
#3474=CYLINDRICAL_SURFACE('',#3722,181.500000000006);
#3475=CYLINDRICAL_SURFACE('',#3723,181.500000000005);
#3476=CYLINDRICAL_SURFACE('',#3724,181.499999999995);
#3477=CYLINDRICAL_SURFACE('',#3725,181.500000000004);
#3478=CYLINDRICAL_SURFACE('',#3726,181.500000000004);
#3479=CYLINDRICAL_SURFACE('',#3727,181.500000000005);
#3480=CYLINDRICAL_SURFACE('',#3728,181.499999999998);
#3481=CYLINDRICAL_SURFACE('',#3729,181.500000000005);
#3482=CYLINDRICAL_SURFACE('',#3730,181.500000000004);
#3483=CYLINDRICAL_SURFACE('',#3731,181.500000000004);
#3484=CYLINDRICAL_SURFACE('',#3732,181.499999999991);
#3485=CYLINDRICAL_SURFACE('',#3733,181.500000000002);
#3486=CYLINDRICAL_SURFACE('',#3734,181.500000000008);
#3487=CYLINDRICAL_SURFACE('',#3735,181.500000000013);
#3488=CYLINDRICAL_SURFACE('',#3736,181.499999999995);
#3489=CYLINDRICAL_SURFACE('',#3737,181.499999999995);
#3490=CYLINDRICAL_SURFACE('',#3738,181.500000000007);
#3491=CYLINDRICAL_SURFACE('',#3739,181.500000000005);
#3492=CYLINDRICAL_SURFACE('',#3740,181.500000000005);
#3493=CYLINDRICAL_SURFACE('',#3741,181.500000000004);
#3494=CYLINDRICAL_SURFACE('',#3742,181.499999999991);
#3495=CYLINDRICAL_SURFACE('',#3743,181.499999999991);
#3496=CYLINDRICAL_SURFACE('',#3744,181.500000000002);
#3497=CYLINDRICAL_SURFACE('',#3745,181.499999999997);
#3498=CYLINDRICAL_SURFACE('',#3746,181.500000000002);
#3499=CYLINDRICAL_SURFACE('',#3747,181.500000000004);
#3500=CYLINDRICAL_SURFACE('',#3748,181.500000000005);
#3501=CYLINDRICAL_SURFACE('',#3749,181.500000000004);
#3502=CYLINDRICAL_SURFACE('',#3750,181.500000000004);
#3503=CYLINDRICAL_SURFACE('',#3751,181.499999999991);
#3504=CYLINDRICAL_SURFACE('',#3752,181.500000000002);
#3505=CYLINDRICAL_SURFACE('',#3753,181.500000000008);
#3506=CYLINDRICAL_SURFACE('',#3754,181.500000000013);
#3507=CYLINDRICAL_SURFACE('',#3755,181.499999999995);
#3508=CYLINDRICAL_SURFACE('',#3756,181.499999999995);
#3509=CYLINDRICAL_SURFACE('',#3757,181.500000000007);
#3510=CYLINDRICAL_SURFACE('',#3758,181.500000000005);
#3511=CYLINDRICAL_SURFACE('',#3759,181.500000000005);
#3512=CYLINDRICAL_SURFACE('',#3760,181.500000000004);
#3513=CYLINDRICAL_SURFACE('',#3761,181.499999999991);
#3514=CYLINDRICAL_SURFACE('',#3762,181.499999999991);
#3515=CYLINDRICAL_SURFACE('',#3763,181.500000000002);
#3516=CYLINDRICAL_SURFACE('',#3764,181.499999999997);
#3517=CYLINDRICAL_SURFACE('',#3765,181.500000000004);
#3518=CYLINDRICAL_SURFACE('',#3766,181.499999999998);
#3519=CYLINDRICAL_SURFACE('',#3767,181.500000000002);
#3520=CYLINDRICAL_SURFACE('',#3768,181.500000000004);
#3521=CYLINDRICAL_SURFACE('',#3769,181.499999999995);
#3522=CYLINDRICAL_SURFACE('',#3770,181.499999999995);
#3523=CYLINDRICAL_SURFACE('',#3771,181.500000000004);
#3524=CYLINDRICAL_SURFACE('',#3772,181.500000000005);
#3525=CYLINDRICAL_SURFACE('',#3773,181.499999999998);
#3526=CYLINDRICAL_SURFACE('',#3774,181.500000000007);
#3527=CYLINDRICAL_SURFACE('',#3775,181.500000000002);
#3528=CYLINDRICAL_SURFACE('',#3776,181.500000000007);
#3529=CYLINDRICAL_SURFACE('',#3777,181.500000000006);
#3530=CYLINDRICAL_SURFACE('',#3778,181.500000000005);
#3531=CYLINDRICAL_SURFACE('',#3779,181.499999999991);
#3532=SHAPE_DEFINITION_REPRESENTATION(#3533,#3618);
#3533=PRODUCT_DEFINITION_SHAPE('Document','',#3535);
#3534=PRODUCT_DEFINITION_CONTEXT('3D Mechanical Parts',#3607,'design');
#3535=PRODUCT_DEFINITION('A','First version',#3577,#3534);
#3536=DATE_TIME_ROLE('classification_date');
#3537=DATE_TIME_ROLE('creation_date');
#3538=APPLIED_DATE_AND_TIME_ASSIGNMENT(#3562,#3536,(#3541));
#3539=APPLIED_DATE_AND_TIME_ASSIGNMENT(#3564,#3537,(#3535));
#3540=SECURITY_CLASSIFICATION_LEVEL('unclassified');
#3541=SECURITY_CLASSIFICATION('A','Security for version',#3540);
#3542=APPLIED_SECURITY_CLASSIFICATION_ASSIGNMENT(#3541,(#3577));
#3543=APPROVAL_ROLE('Version approval');
#3544=APPROVAL_ROLE('Version Security approval');
#3545=APPROVAL_ROLE('Definition approval');
#3546=APPROVAL_PERSON_ORGANIZATION(#3595,#3571,#3543);
#3547=APPROVAL_PERSON_ORGANIZATION(#3596,#3572,#3544);
#3548=APPROVAL_PERSON_ORGANIZATION(#3599,#3573,#3545);
#3549=COORDINATED_UNIVERSAL_TIME_OFFSET(5,0,.BEHIND.);
#3550=LOCAL_TIME(0,0,0.,#3549);
#3551=LOCAL_TIME(0,0,0.,#3549);
#3552=LOCAL_TIME(0,0,0.,#3549);
#3553=LOCAL_TIME(0,0,0.,#3549);
#3554=LOCAL_TIME(0,0,0.,#3549);
#3555=CALENDAR_DATE(1999,1,1);
#3556=CALENDAR_DATE(1999,1,1);
#3557=CALENDAR_DATE(1999,1,1);
#3558=CALENDAR_DATE(1999,1,1);
#3559=CALENDAR_DATE(1999,1,1);
#3560=DATE_AND_TIME(#3555,#3550);
#3561=DATE_AND_TIME(#3556,#3551);
#3562=DATE_AND_TIME(#3557,#3552);
#3563=DATE_AND_TIME(#3558,#3553);
#3564=DATE_AND_TIME(#3559,#3554);
#3565=APPROVAL_DATE_TIME(#3560,#3571);
#3566=APPROVAL_DATE_TIME(#3561,#3572);
#3567=APPROVAL_DATE_TIME(#3563,#3573);
#3568=APPROVAL_STATUS('not_yet_approved');
#3569=APPROVAL_STATUS('not_yet_approved');
#3570=APPROVAL_STATUS('approved');
#3571=APPROVAL(#3568,'Version approval');
#3572=APPROVAL(#3569,'Version Security approval');
#3573=APPROVAL(#3570,'Definition approval');
#3574=APPLIED_APPROVAL_ASSIGNMENT(#3571,(#3577));
#3575=APPLIED_APPROVAL_ASSIGNMENT(#3572,(#3541));
#3576=APPLIED_APPROVAL_ASSIGNMENT(#3573,(#3535));
#3577=PRODUCT_DEFINITION_FORMATION_WITH_SPECIFIED_SOURCE('A',
'First version',#3609,.MADE.);
#3578=PERSON_AND_ORGANIZATION_ROLE('design_owner');
#3579=PERSON_AND_ORGANIZATION_ROLE('creator');
#3580=PERSON_AND_ORGANIZATION_ROLE('design_supplier');
#3581=PERSON_AND_ORGANIZATION_ROLE('classification_officer');
#3582=PERSON_AND_ORGANIZATION_ROLE('creator');
#3583=ORGANIZATION('STI','lab','lab');
#3584=ORGANIZATION('STI','unknown','unknown');
#3585=ORGANIZATION('STI','unknown','unknown');
#3586=ORGANIZATION('STI','unknown','unknown');
#3587=ORGANIZATION('STI','unknown','unknown');
#3588=ORGANIZATION('STI','unknown','unknown');
#3589=ORGANIZATION('STI','unknown','unknown');
#3590=PERSON('1','Box','vc60',$,$,$);
#3591=PERSON('2','last','first',$,$,$);
#3592=PERSON('3','President','Mr.',$,$,$);
#3593=PERSON_AND_ORGANIZATION(#3590,#3583);
#3594=PERSON_AND_ORGANIZATION(#3591,#3584);
#3595=PERSON_AND_ORGANIZATION(#3592,#3585);
#3596=PERSON_AND_ORGANIZATION(#3592,#3586);
#3597=PERSON_AND_ORGANIZATION(#3592,#3587);
#3598=PERSON_AND_ORGANIZATION(#3591,#3588);
#3599=PERSON_AND_ORGANIZATION(#3592,#3589);
#3600=APPLIED_PERSON_AND_ORGANIZATION_ASSIGNMENT(#3593,#3578,(#3609));
#3601=APPLIED_PERSON_AND_ORGANIZATION_ASSIGNMENT(#3594,#3579,(#3577));
#3602=APPLIED_PERSON_AND_ORGANIZATION_ASSIGNMENT(#3594,#3580,(#3577));
#3603=APPLIED_PERSON_AND_ORGANIZATION_ASSIGNMENT(#3597,#3581,(#3541));
#3604=APPLIED_PERSON_AND_ORGANIZATION_ASSIGNMENT(#3598,#3582,(#3535));
#3605=PRODUCT_RELATED_PRODUCT_CATEGORY('detail','detail',(#3609));
#3606=APPLICATION_PROTOCOL_DEFINITION('International Standard',
'config_control_design',1994,#3607);
#3607=APPLICATION_CONTEXT(
'configuration controlled 3d designs of mechanical parts and assemblie
s');
#3608=PRODUCT_CONTEXT('3D Mechanical Parts',#3607,'mechanical');
#3609=PRODUCT('Document','Document','',(#3608));
#3610=(
LENGTH_UNIT()
NAMED_UNIT(*)
SI_UNIT(.MILLI.,.METRE.)
);
#3611=(
NAMED_UNIT(*)
PLANE_ANGLE_UNIT()
SI_UNIT($,.RADIAN.)
);
#3612=DIMENSIONAL_EXPONENTS(0.,0.,0.,0.,0.,0.,0.);
#3613=PLANE_ANGLE_MEASURE_WITH_UNIT(PLANE_ANGLE_MEASURE(0.01745329252),
#3611);
#3614=(
CONVERSION_BASED_UNIT('DEGREES',#3613)
NAMED_UNIT(#3612)
PLANE_ANGLE_UNIT()
);
#3615=(
NAMED_UNIT(*)
SI_UNIT($,.STERADIAN.)
SOLID_ANGLE_UNIT()
);
#3616=UNCERTAINTY_MEASURE_WITH_UNIT(LENGTH_MEASURE(0.001),#3610,
'DISTANCE_ACCURACY_VALUE',
'Maximum model space distance between geometric entities at asserted c
onnectivities');
#3617=(
GEOMETRIC_REPRESENTATION_CONTEXT(3)
GLOBAL_UNCERTAINTY_ASSIGNED_CONTEXT((#3616))
GLOBAL_UNIT_ASSIGNED_CONTEXT((#3615,#3614,#3610))
REPRESENTATION_CONTEXT('ID1','3D')
);
#3618=SHAPE_REPRESENTATION('Document',(#3619,#3780),#3617);
#3619=AXIS2_PLACEMENT_3D('',#3945,#3781,#3782);
#3620=AXIS2_PLACEMENT_3D('',#3946,#3783,$);
#3621=AXIS2_PLACEMENT_3D('',#3961,#3784,$);
#3622=AXIS2_PLACEMENT_3D('',#3976,#3785,$);
#3623=AXIS2_PLACEMENT_3D('',#3991,#3786,$);
#3624=AXIS2_PLACEMENT_3D('',#4006,#3787,$);
#3625=AXIS2_PLACEMENT_3D('',#4021,#3788,$);
#3626=AXIS2_PLACEMENT_3D('',#4036,#3789,$);
#3627=AXIS2_PLACEMENT_3D('',#4051,#3790,$);
#3628=AXIS2_PLACEMENT_3D('',#4066,#3791,$);
#3629=AXIS2_PLACEMENT_3D('',#4081,#3792,$);
#3630=AXIS2_PLACEMENT_3D('',#4096,#3793,$);
#3631=AXIS2_PLACEMENT_3D('',#4111,#3794,$);
#3632=AXIS2_PLACEMENT_3D('',#4126,#3795,$);
#3633=AXIS2_PLACEMENT_3D('',#4141,#3796,$);
#3634=AXIS2_PLACEMENT_3D('',#4156,#3797,$);
#3635=AXIS2_PLACEMENT_3D('',#4171,#3798,$);
#3636=AXIS2_PLACEMENT_3D('',#4186,#3799,$);
#3637=AXIS2_PLACEMENT_3D('',#4201,#3800,$);
#3638=AXIS2_PLACEMENT_3D('',#4216,#3801,$);
#3639=AXIS2_PLACEMENT_3D('',#4231,#3802,$);
#3640=AXIS2_PLACEMENT_3D('',#4246,#3803,$);
#3641=AXIS2_PLACEMENT_3D('',#4261,#3804,$);
#3642=AXIS2_PLACEMENT_3D('',#4276,#3805,$);
#3643=AXIS2_PLACEMENT_3D('',#4291,#3806,$);
#3644=AXIS2_PLACEMENT_3D('',#4306,#3807,$);
#3645=AXIS2_PLACEMENT_3D('',#4321,#3808,$);
#3646=AXIS2_PLACEMENT_3D('',#4336,#3809,$);
#3647=AXIS2_PLACEMENT_3D('',#4351,#3810,$);
#3648=AXIS2_PLACEMENT_3D('',#4366,#3811,$);
#3649=AXIS2_PLACEMENT_3D('',#4381,#3812,$);
#3650=AXIS2_PLACEMENT_3D('',#4396,#3813,$);
#3651=AXIS2_PLACEMENT_3D('',#4411,#3814,$);
#3652=AXIS2_PLACEMENT_3D('',#4426,#3815,$);
#3653=AXIS2_PLACEMENT_3D('',#4441,#3816,$);
#3654=AXIS2_PLACEMENT_3D('',#4456,#3817,$);
#3655=AXIS2_PLACEMENT_3D('',#4471,#3818,$);
#3656=AXIS2_PLACEMENT_3D('',#4486,#3819,$);
#3657=AXIS2_PLACEMENT_3D('',#4501,#3820,$);
#3658=AXIS2_PLACEMENT_3D('',#4516,#3821,$);
#3659=AXIS2_PLACEMENT_3D('',#4531,#3822,$);
#3660=AXIS2_PLACEMENT_3D('',#4546,#3823,$);
#3661=AXIS2_PLACEMENT_3D('',#4561,#3824,$);
#3662=AXIS2_PLACEMENT_3D('',#4576,#3825,$);
#3663=AXIS2_PLACEMENT_3D('',#4591,#3826,$);
#3664=AXIS2_PLACEMENT_3D('',#4606,#3827,$);
#3665=AXIS2_PLACEMENT_3D('',#4621,#3828,$);
#3666=AXIS2_PLACEMENT_3D('',#4636,#3829,$);
#3667=AXIS2_PLACEMENT_3D('',#4651,#3830,$);
#3668=AXIS2_PLACEMENT_3D('',#4666,#3831,$);
#3669=AXIS2_PLACEMENT_3D('',#4681,#3832,$);
#3670=AXIS2_PLACEMENT_3D('',#4696,#3833,$);
#3671=AXIS2_PLACEMENT_3D('',#4711,#3834,$);
#3672=AXIS2_PLACEMENT_3D('',#4726,#3835,$);
#3673=AXIS2_PLACEMENT_3D('',#4741,#3836,$);
#3674=AXIS2_PLACEMENT_3D('',#4756,#3837,$);
#3675=AXIS2_PLACEMENT_3D('',#4771,#3838,$);
#3676=AXIS2_PLACEMENT_3D('',#4786,#3839,$);
#3677=AXIS2_PLACEMENT_3D('',#4801,#3840,$);
#3678=AXIS2_PLACEMENT_3D('',#4816,#3841,$);
#3679=AXIS2_PLACEMENT_3D('',#4831,#3842,$);
#3680=AXIS2_PLACEMENT_3D('',#4846,#3843,$);
#3681=AXIS2_PLACEMENT_3D('',#4861,#3844,$);
#3682=AXIS2_PLACEMENT_3D('',#4876,#3845,$);
#3683=AXIS2_PLACEMENT_3D('',#4891,#3846,$);
#3684=AXIS2_PLACEMENT_3D('',#4906,#3847,$);
#3685=AXIS2_PLACEMENT_3D('',#4921,#3848,$);
#3686=AXIS2_PLACEMENT_3D('',#4936,#3849,$);
#3687=AXIS2_PLACEMENT_3D('',#4951,#3850,$);
#3688=AXIS2_PLACEMENT_3D('',#4966,#3851,$);
#3689=AXIS2_PLACEMENT_3D('',#4981,#3852,$);
#3690=AXIS2_PLACEMENT_3D('',#4996,#3853,$);
#3691=AXIS2_PLACEMENT_3D('',#5011,#3854,$);
#3692=AXIS2_PLACEMENT_3D('',#5026,#3855,$);
#3693=AXIS2_PLACEMENT_3D('',#5041,#3856,$);
#3694=AXIS2_PLACEMENT_3D('',#5056,#3857,$);
#3695=AXIS2_PLACEMENT_3D('',#5071,#3858,$);
#3696=AXIS2_PLACEMENT_3D('',#5086,#3859,$);
#3697=AXIS2_PLACEMENT_3D('',#5101,#3860,$);
#3698=AXIS2_PLACEMENT_3D('',#5116,#3861,$);
#3699=AXIS2_PLACEMENT_3D('',#5131,#3862,$);
#3700=AXIS2_PLACEMENT_3D('',#5146,#3863,$);
#3701=AXIS2_PLACEMENT_3D('',#5161,#3864,$);
#3702=AXIS2_PLACEMENT_3D('',#5176,#3865,$);
#3703=AXIS2_PLACEMENT_3D('',#5191,#3866,$);
#3704=AXIS2_PLACEMENT_3D('',#5206,#3867,$);
#3705=AXIS2_PLACEMENT_3D('',#5221,#3868,$);
#3706=AXIS2_PLACEMENT_3D('',#5236,#3869,$);
#3707=AXIS2_PLACEMENT_3D('',#5251,#3870,$);
#3708=AXIS2_PLACEMENT_3D('',#5266,#3871,$);
#3709=AXIS2_PLACEMENT_3D('',#5281,#3872,$);
#3710=AXIS2_PLACEMENT_3D('',#5296,#3873,$);
#3711=AXIS2_PLACEMENT_3D('',#5311,#3874,$);
#3712=AXIS2_PLACEMENT_3D('',#5326,#3875,$);
#3713=AXIS2_PLACEMENT_3D('',#5341,#3876,$);
#3714=AXIS2_PLACEMENT_3D('',#5356,#3877,$);
#3715=AXIS2_PLACEMENT_3D('',#5371,#3878,$);
#3716=AXIS2_PLACEMENT_3D('',#5386,#3879,$);
#3717=AXIS2_PLACEMENT_3D('',#5401,#3880,$);
#3718=AXIS2_PLACEMENT_3D('',#5416,#3881,$);
#3719=AXIS2_PLACEMENT_3D('',#5431,#3882,$);
#3720=AXIS2_PLACEMENT_3D('',#5446,#3883,$);
#3721=AXIS2_PLACEMENT_3D('',#5461,#3884,$);
#3722=AXIS2_PLACEMENT_3D('',#5476,#3885,$);
#3723=AXIS2_PLACEMENT_3D('',#5491,#3886,$);
#3724=AXIS2_PLACEMENT_3D('',#5506,#3887,$);
#3725=AXIS2_PLACEMENT_3D('',#5521,#3888,$);
#3726=AXIS2_PLACEMENT_3D('',#5536,#3889,$);
#3727=AXIS2_PLACEMENT_3D('',#5551,#3890,$);
#3728=AXIS2_PLACEMENT_3D('',#5566,#3891,$);
#3729=AXIS2_PLACEMENT_3D('',#5581,#3892,$);
#3730=AXIS2_PLACEMENT_3D('',#5596,#3893,$);
#3731=AXIS2_PLACEMENT_3D('',#5611,#3894,$);
#3732=AXIS2_PLACEMENT_3D('',#5626,#3895,$);
#3733=AXIS2_PLACEMENT_3D('',#5641,#3896,$);
#3734=AXIS2_PLACEMENT_3D('',#5656,#3897,$);
#3735=AXIS2_PLACEMENT_3D('',#5671,#3898,$);
#3736=AXIS2_PLACEMENT_3D('',#5686,#3899,$);
#3737=AXIS2_PLACEMENT_3D('',#5701,#3900,$);
#3738=AXIS2_PLACEMENT_3D('',#5716,#3901,$);
#3739=AXIS2_PLACEMENT_3D('',#5731,#3902,$);
#3740=AXIS2_PLACEMENT_3D('',#5746,#3903,$);
#3741=AXIS2_PLACEMENT_3D('',#5761,#3904,$);
#3742=AXIS2_PLACEMENT_3D('',#5776,#3905,$);
#3743=AXIS2_PLACEMENT_3D('',#5791,#3906,$);
#3744=AXIS2_PLACEMENT_3D('',#5806,#3907,$);
#3745=AXIS2_PLACEMENT_3D('',#5821,#3908,$);
#3746=AXIS2_PLACEMENT_3D('',#5836,#3909,$);
#3747=AXIS2_PLACEMENT_3D('',#5851,#3910,$);
#3748=AXIS2_PLACEMENT_3D('',#5866,#3911,$);
#3749=AXIS2_PLACEMENT_3D('',#5881,#3912,$);
#3750=AXIS2_PLACEMENT_3D('',#5896,#3913,$);
#3751=AXIS2_PLACEMENT_3D('',#5911,#3914,$);
#3752=AXIS2_PLACEMENT_3D('',#5926,#3915,$);
#3753=AXIS2_PLACEMENT_3D('',#5941,#3916,$);
#3754=AXIS2_PLACEMENT_3D('',#5956,#3917,$);
#3755=AXIS2_PLACEMENT_3D('',#5971,#3918,$);
#3756=AXIS2_PLACEMENT_3D('',#5986,#3919,$);
#3757=AXIS2_PLACEMENT_3D('',#6001,#3920,$);
#3758=AXIS2_PLACEMENT_3D('',#6016,#3921,$);
#3759=AXIS2_PLACEMENT_3D('',#6031,#3922,$);
#3760=AXIS2_PLACEMENT_3D('',#6046,#3923,$);
#3761=AXIS2_PLACEMENT_3D('',#6061,#3924,$);
#3762=AXIS2_PLACEMENT_3D('',#6076,#3925,$);
#3763=AXIS2_PLACEMENT_3D('',#6091,#3926,$);
#3764=AXIS2_PLACEMENT_3D('',#6106,#3927,$);
#3765=AXIS2_PLACEMENT_3D('',#6121,#3928,$);
#3766=AXIS2_PLACEMENT_3D('',#6136,#3929,$);
#3767=AXIS2_PLACEMENT_3D('',#6151,#3930,$);
#3768=AXIS2_PLACEMENT_3D('',#6166,#3931,$);
#3769=AXIS2_PLACEMENT_3D('',#6181,#3932,$);
#3770=AXIS2_PLACEMENT_3D('',#6196,#3933,$);
#3771=AXIS2_PLACEMENT_3D('',#6211,#3934,$);
#3772=AXIS2_PLACEMENT_3D('',#6226,#3935,$);
#3773=AXIS2_PLACEMENT_3D('',#6241,#3936,$);
#3774=AXIS2_PLACEMENT_3D('',#6256,#3937,$);
#3775=AXIS2_PLACEMENT_3D('',#6271,#3938,$);
#3776=AXIS2_PLACEMENT_3D('',#6286,#3939,$);
#3777=AXIS2_PLACEMENT_3D('',#6301,#3940,$);
#3778=AXIS2_PLACEMENT_3D('',#6316,#3941,$);
#3779=AXIS2_PLACEMENT_3D('',#6331,#3942,$);
#3780=AXIS2_PLACEMENT_3D('',#6346,#3943,#3944);
#3781=DIRECTION('',(0.,0.,1.));
#3782=DIRECTION('',(1.,0.,0.));
#3783=DIRECTION('',(0.,-1.,0.));
#3784=DIRECTION('',(0.,-1.,0.));
#3785=DIRECTION('',(0.,-1.,0.));
#3786=DIRECTION('',(0.,-1.,0.));
#3787=DIRECTION('',(0.,-1.,0.));
#3788=DIRECTION('',(0.,-1.,0.));
#3789=DIRECTION('',(0.,-1.,0.));
#3790=DIRECTION('',(0.,-1.,0.));
#3791=DIRECTION('',(0.,-1.,0.));
#3792=DIRECTION('',(0.,-1.,0.));
#3793=DIRECTION('',(0.,-1.,0.));
#3794=DIRECTION('',(0.,-1.,0.));
#3795=DIRECTION('',(0.,-1.,0.));
#3796=DIRECTION('',(0.,-1.,0.));
#3797=DIRECTION('',(0.,-1.,0.));
#3798=DIRECTION('',(0.,-1.,0.));
#3799=DIRECTION('',(0.,-1.,0.));
#3800=DIRECTION('',(0.,-1.,0.));
#3801=DIRECTION('',(0.,-1.,0.));
#3802=DIRECTION('',(0.,-1.,0.));
#3803=DIRECTION('',(0.,-1.,0.));
#3804=DIRECTION('',(0.,-1.,0.));
#3805=DIRECTION('',(0.,-1.,0.));
#3806=DIRECTION('',(0.,-1.,0.));
#3807=DIRECTION('',(0.,-1.,0.));
#3808=DIRECTION('',(0.,-1.,0.));
#3809=DIRECTION('',(0.,-1.,0.));
#3810=DIRECTION('',(0.,-1.,0.));
#3811=DIRECTION('',(0.,-1.,0.));
#3812=DIRECTION('',(0.,-1.,0.));
#3813=DIRECTION('',(0.,-1.,0.));
#3814=DIRECTION('',(0.,-1.,0.));
#3815=DIRECTION('',(0.,-1.,0.));
#3816=DIRECTION('',(0.,-1.,0.));
#3817=DIRECTION('',(0.,-1.,0.));
#3818=DIRECTION('',(0.,-1.,0.));
#3819=DIRECTION('',(0.,-1.,0.));
#3820=DIRECTION('',(0.,-1.,0.));
#3821=DIRECTION('',(0.,-1.,0.));
#3822=DIRECTION('',(0.,-1.,0.));
#3823=DIRECTION('',(0.,-1.,0.));
#3824=DIRECTION('',(0.,-1.,0.));
#3825=DIRECTION('',(0.,-1.,0.));
#3826=DIRECTION('',(0.,-1.,0.));
#3827=DIRECTION('',(0.,-1.,0.));
#3828=DIRECTION('',(0.,-1.,0.));
#3829=DIRECTION('',(0.,-1.,0.));
#3830=DIRECTION('',(0.,-1.,0.));
#3831=DIRECTION('',(0.,-1.,0.));
#3832=DIRECTION('',(0.,-1.,0.));
#3833=DIRECTION('',(0.,-1.,0.));
#3834=DIRECTION('',(0.,-1.,0.));
#3835=DIRECTION('',(0.,-1.,0.));
#3836=DIRECTION('',(0.,-1.,0.));
#3837=DIRECTION('',(0.,-1.,0.));
#3838=DIRECTION('',(0.,-1.,0.));
#3839=DIRECTION('',(0.,-1.,0.));
#3840=DIRECTION('',(0.,-1.,0.));
#3841=DIRECTION('',(0.,-1.,0.));
#3842=DIRECTION('',(0.,-1.,0.));
#3843=DIRECTION('',(0.,-1.,0.));
#3844=DIRECTION('',(0.,-1.,0.));
#3845=DIRECTION('',(0.,-1.,0.));
#3846=DIRECTION('',(0.,-1.,0.));
#3847=DIRECTION('',(0.,-1.,0.));
#3848=DIRECTION('',(0.,-1.,0.));
#3849=DIRECTION('',(0.,-1.,0.));
#3850=DIRECTION('',(0.,-1.,0.));
#3851=DIRECTION('',(0.,-1.,0.));
#3852=DIRECTION('',(0.,-1.,0.));
#3853=DIRECTION('',(0.,-1.,0.));
#3854=DIRECTION('',(0.,-1.,0.));
#3855=DIRECTION('',(0.,-1.,0.));
#3856=DIRECTION('',(0.,-1.,0.));
#3857=DIRECTION('',(0.,-1.,0.));
#3858=DIRECTION('',(0.,-1.,0.));
#3859=DIRECTION('',(0.,-1.,0.));
#3860=DIRECTION('',(0.,-1.,0.));
#3861=DIRECTION('',(0.,-1.,0.));
#3862=DIRECTION('',(0.,-1.,0.));
#3863=DIRECTION('',(0.,-1.,0.));
#3864=DIRECTION('',(0.,-1.,0.));
#3865=DIRECTION('',(0.,-1.,0.));
#3866=DIRECTION('',(0.,-1.,0.));
#3867=DIRECTION('',(0.,-1.,0.));
#3868=DIRECTION('',(0.,-1.,0.));
#3869=DIRECTION('',(0.,-1.,0.));
#3870=DIRECTION('',(0.,-1.,0.));
#3871=DIRECTION('',(0.,-1.,0.));
#3872=DIRECTION('',(0.,-1.,0.));
#3873=DIRECTION('',(0.,-1.,0.));
#3874=DIRECTION('',(0.,-1.,0.));
#3875=DIRECTION('',(0.,-1.,0.));
#3876=DIRECTION('',(0.,-1.,0.));
#3877=DIRECTION('',(0.,-1.,0.));
#3878=DIRECTION('',(0.,-1.,0.));
#3879=DIRECTION('',(0.,-1.,0.));
#3880=DIRECTION('',(0.,-1.,0.));
#3881=DIRECTION('',(0.,-1.,0.));
#3882=DIRECTION('',(0.,-1.,0.));
#3883=DIRECTION('',(0.,-1.,0.));
#3884=DIRECTION('',(0.,-1.,0.));
#3885=DIRECTION('',(0.,-1.,0.));
#3886=DIRECTION('',(0.,-1.,0.));
#3887=DIRECTION('',(0.,-1.,0.));
#3888=DIRECTION('',(0.,-1.,0.));
#3889=DIRECTION('',(0.,-1.,0.));
#3890=DIRECTION('',(0.,-1.,0.));
#3891=DIRECTION('',(0.,-1.,0.));
#3892=DIRECTION('',(0.,-1.,0.));
#3893=DIRECTION('',(0.,-1.,0.));
#3894=DIRECTION('',(0.,-1.,0.));
#3895=DIRECTION('',(0.,-1.,0.));
#3896=DIRECTION('',(0.,-1.,0.));
#3897=DIRECTION('',(0.,-1.,0.));
#3898=DIRECTION('',(0.,-1.,0.));
#3899=DIRECTION('',(0.,-1.,0.));
#3900=DIRECTION('',(0.,-1.,0.));
#3901=DIRECTION('',(0.,-1.,0.));
#3902=DIRECTION('',(0.,-1.,0.));
#3903=DIRECTION('',(0.,-1.,0.));
#3904=DIRECTION('',(0.,-1.,0.));
#3905=DIRECTION('',(0.,-1.,0.));
#3906=DIRECTION('',(0.,-1.,0.));
#3907=DIRECTION('',(0.,-1.,0.));
#3908=DIRECTION('',(0.,-1.,0.));
#3909=DIRECTION('',(0.,-1.,0.));
#3910=DIRECTION('',(0.,-1.,0.));
#3911=DIRECTION('',(0.,-1.,0.));
#3912=DIRECTION('',(0.,-1.,0.));
#3913=DIRECTION('',(0.,-1.,0.));
#3914=DIRECTION('',(0.,-1.,0.));
#3915=DIRECTION('',(0.,-1.,0.));
#3916=DIRECTION('',(0.,-1.,0.));
#3917=DIRECTION('',(0.,-1.,0.));
#3918=DIRECTION('',(0.,-1.,0.));
#3919=DIRECTION('',(0.,-1.,0.));
#3920=DIRECTION('',(0.,-1.,0.));
#3921=DIRECTION('',(0.,-1.,0.));
#3922=DIRECTION('',(0.,-1.,0.));
#3923=DIRECTION('',(0.,-1.,0.));
#3924=DIRECTION('',(0.,-1.,0.));
#3925=DIRECTION('',(0.,-1.,0.));
#3926=DIRECTION('',(0.,-1.,0.));
#3927=DIRECTION('',(0.,-1.,0.));
#3928=DIRECTION('',(0.,-1.,0.));
#3929=DIRECTION('',(0.,-1.,0.));
#3930=DIRECTION('',(0.,-1.,0.));
#3931=DIRECTION('',(0.,-1.,0.));
#3932=DIRECTION('',(0.,-1.,0.));
#3933=DIRECTION('',(0.,-1.,0.));
#3934=DIRECTION('',(0.,-1.,0.));
#3935=DIRECTION('',(0.,-1.,0.));
#3936=DIRECTION('',(0.,-1.,0.));
#3937=DIRECTION('',(0.,-1.,0.));
#3938=DIRECTION('',(0.,-1.,0.));
#3939=DIRECTION('',(0.,-1.,0.));
#3940=DIRECTION('',(0.,-1.,0.));
#3941=DIRECTION('',(0.,-1.,0.));
#3942=DIRECTION('',(0.,-1.,0.));
#3943=DIRECTION('',(0.,0.,1.));
#3944=DIRECTION('',(1.,0.,0.));
#3945=CARTESIAN_POINT('',(0.,0.,0.));
#3946=CARTESIAN_POINT('',(1.74737469766448E-12,0.,4.36063318948477E-12));
#3947=CARTESIAN_POINT('',(-51.1689973283324,-76.4,-174.137829641962));
#3948=CARTESIAN_POINT('',(-82.7518925830559,-76.4,-161.537532090602));
#3949=CARTESIAN_POINT('',(-51.1689973283324,-26.2666666666667,-174.137829641962));
#3950=CARTESIAN_POINT('',(-82.7518925830559,-26.2666666666667,-161.537532090602));
#3951=CARTESIAN_POINT('',(-51.1689973283324,-76.4,-174.137829641962));
#3952=CARTESIAN_POINT('',(-67.5532109479447,-76.4,-169.323460560572));
#3953=CARTESIAN_POINT('',(-82.7518925830559,-76.4,-161.537532090602));
#3954=CARTESIAN_POINT('',(-51.1689973283324,-26.2666666666667,-174.137829641962));
#3955=CARTESIAN_POINT('',(-67.5532109479447,-26.2666666666667,-169.323460560572));
#3956=CARTESIAN_POINT('',(-82.7518925830559,-26.2666666666667,-161.537532090602));
#3957=CARTESIAN_POINT('',(-82.7518925830559,-26.2666666666667,-161.537532090602));
#3958=CARTESIAN_POINT('',(-82.7518925830559,-76.4,-161.537532090602));
#3959=CARTESIAN_POINT('',(-51.1689973283324,-26.2666666666667,-174.137829641962));
#3960=CARTESIAN_POINT('',(-51.1689973283324,-76.4,-174.137829641962));
#3961=CARTESIAN_POINT('',(1.74737469766448E-12,0.,4.36063318948477E-12));
#3962=CARTESIAN_POINT('',(-51.1689973283324,24.6666666666667,-174.137829641962));
#3963=CARTESIAN_POINT('',(-82.7518925830559,24.6666666666667,-161.537532090602));
#3964=CARTESIAN_POINT('',(-51.1689973283324,-24.6666666666667,-174.137829641962));
#3965=CARTESIAN_POINT('',(-82.7518925830559,-24.6666666666667,-161.537532090602));
#3966=CARTESIAN_POINT('',(-51.1689973283324,24.6666666666667,-174.137829641962));
#3967=CARTESIAN_POINT('',(-67.5532109479447,24.6666666666667,-169.323460560572));
#3968=CARTESIAN_POINT('',(-82.7518925830559,24.6666666666667,-161.537532090602));
#3969=CARTESIAN_POINT('',(-82.7518925830559,24.6666666666667,-161.537532090602));
#3970=CARTESIAN_POINT('',(-82.7518925830559,-24.6666666666667,-161.537532090602));
#3971=CARTESIAN_POINT('',(-51.1689973283324,24.6666666666667,-174.137829641962));
#3972=CARTESIAN_POINT('',(-51.1689973283324,-24.6666666666667,-174.137829641962));
#3973=CARTESIAN_POINT('',(-51.1689973283324,-24.6666666666667,-174.137829641962));
#3974=CARTESIAN_POINT('',(-67.5532109479447,-24.6666666666667,-169.323460560572));
#3975=CARTESIAN_POINT('',(-82.7518925830559,-24.6666666666667,-161.537532090602));
#3976=CARTESIAN_POINT('',(2.25769047618915E-12,0.,-2.89448111387554E-12));
#3977=CARTESIAN_POINT('',(-141.30084911386,-76.4000000000001,113.913651682764));
#3978=CARTESIAN_POINT('',(-117.573441342502,-76.3999999999999,138.270517070276));
#3979=CARTESIAN_POINT('',(-141.30084911386,-26.2666666666667,113.913651682764));
#3980=CARTESIAN_POINT('',(-117.573441342502,-26.2666666666667,138.270517070276));
#3981=CARTESIAN_POINT('',(-141.30084911386,-76.4000000000001,113.913651682764));
#3982=CARTESIAN_POINT('',(-130.582984953052,-76.4,127.208312017478));
#3983=CARTESIAN_POINT('',(-117.573441342502,-76.3999999999999,138.270517070276));
#3984=CARTESIAN_POINT('',(-141.30084911386,-26.2666666666667,113.913651682764));
#3985=CARTESIAN_POINT('',(-130.582984953052,-26.2666666666667,127.208312017478));
#3986=CARTESIAN_POINT('',(-117.573441342502,-26.2666666666667,138.270517070276));
#3987=CARTESIAN_POINT('',(-117.573441342502,-26.2666666666667,138.270517070276));
#3988=CARTESIAN_POINT('',(-117.573441342502,-76.3999999999999,138.270517070276));
#3989=CARTESIAN_POINT('',(-141.30084911386,-26.2666666666667,113.913651682764));
#3990=CARTESIAN_POINT('',(-141.30084911386,-76.4000000000001,113.913651682764));
#3991=CARTESIAN_POINT('',(2.25769047618915E-12,0.,-2.89448111387554E-12));
#3992=CARTESIAN_POINT('',(-141.30084911386,24.6666666666667,113.913651682764));
#3993=CARTESIAN_POINT('',(-117.573441342502,24.6666666666666,138.270517070276));
#3994=CARTESIAN_POINT('',(-141.30084911386,-24.6666666666666,113.913651682764));
#3995=CARTESIAN_POINT('',(-117.573441342502,-24.6666666666667,138.270517070276));
#3996=CARTESIAN_POINT('',(-141.30084911386,24.6666666666667,113.913651682764));
#3997=CARTESIAN_POINT('',(-130.582984953052,24.6666666666667,127.208312017478));
#3998=CARTESIAN_POINT('',(-117.573441342502,24.6666666666666,138.270517070276));
#3999=CARTESIAN_POINT('',(-117.573441342502,24.6666666666666,138.270517070276));
#4000=CARTESIAN_POINT('',(-117.573441342502,-24.6666666666667,138.270517070276));
#4001=CARTESIAN_POINT('',(-141.30084911386,24.6666666666667,113.913651682764));
#4002=CARTESIAN_POINT('',(-141.30084911386,-24.6666666666666,113.913651682764));
#4003=CARTESIAN_POINT('',(-141.30084911386,-24.6666666666666,113.913651682764));
#4004=CARTESIAN_POINT('',(-130.582984953052,-24.6666666666667,127.208312017478));
#4005=CARTESIAN_POINT('',(-117.573441342502,-24.6666666666667,138.270517070276));
#4006=CARTESIAN_POINT('',(-3.95272816280805E-13,0.,-2.12294294778428E-12));
#4007=CARTESIAN_POINT('',(-16.2131941325805,-76.4000000000001,-180.774396240229));
#4008=CARTESIAN_POINT('',(-49.6474290177243,-76.3999999999999,-174.5777270786));
#4009=CARTESIAN_POINT('',(-16.2131941325805,-26.2666666666667,-180.774396240229));
#4010=CARTESIAN_POINT('',(-49.6474290177243,-26.2666666666667,-174.5777270786));
#4011=CARTESIAN_POINT('',(-16.2131941325805,-76.4000000000001,-180.774396240229));
#4012=CARTESIAN_POINT('',(-33.2218264960714,-76.4,-179.248935421803));
#4013=CARTESIAN_POINT('',(-49.6474290177243,-76.3999999999999,-174.5777270786));
#4014=CARTESIAN_POINT('',(-16.2131941325805,-26.2666666666667,-180.774396240229));
#4015=CARTESIAN_POINT('',(-33.2218264960714,-26.2666666666666,-179.248935421803));
#4016=CARTESIAN_POINT('',(-49.6474290177243,-26.2666666666667,-174.5777270786));
#4017=CARTESIAN_POINT('',(-49.6474290177243,-26.2666666666667,-174.5777270786));
#4018=CARTESIAN_POINT('',(-49.6474290177243,-76.3999999999999,-174.5777270786));
#4019=CARTESIAN_POINT('',(-16.2131941325805,-26.2666666666667,-180.774396240229));
#4020=CARTESIAN_POINT('',(-16.2131941325805,-76.4000000000001,-180.774396240229));
#4021=CARTESIAN_POINT('',(-3.95272816280805E-13,0.,-2.12294294778428E-12));
#4022=CARTESIAN_POINT('',(-16.2131941325805,24.6666666666667,-180.774396240229));
#4023=CARTESIAN_POINT('',(-49.6474290177243,24.6666666666666,-174.5777270786));
#4024=CARTESIAN_POINT('',(-16.2131941325805,-24.6666666666667,-180.774396240229));
#4025=CARTESIAN_POINT('',(-49.6474290177243,-24.6666666666667,-174.5777270786));
#4026=CARTESIAN_POINT('',(-16.2131941325805,24.6666666666667,-180.774396240229));
#4027=CARTESIAN_POINT('',(-33.2218264960714,24.6666666666666,-179.248935421803));
#4028=CARTESIAN_POINT('',(-49.6474290177243,24.6666666666666,-174.5777270786));
#4029=CARTESIAN_POINT('',(-49.6474290177243,24.6666666666666,-174.5777270786));
#4030=CARTESIAN_POINT('',(-49.6474290177243,-24.6666666666667,-174.5777270786));
#4031=CARTESIAN_POINT('',(-16.2131941325805,24.6666666666667,-180.774396240229));
#4032=CARTESIAN_POINT('',(-16.2131941325805,-24.6666666666667,-180.774396240229));
#4033=CARTESIAN_POINT('',(-16.2131941325805,-24.6666666666667,-180.774396240229));
#4034=CARTESIAN_POINT('',(-33.2218264960714,-24.6666666666667,-179.248935421803));
#4035=CARTESIAN_POINT('',(-49.6474290177243,-24.6666666666667,-174.5777270786));
#4036=CARTESIAN_POINT('',(2.21571847371458E-12,0.,-3.62576454779895E-12));
#4037=CARTESIAN_POINT('',(-116.362341930528,-76.4000000000001,139.291260962211));
#4038=CARTESIAN_POINT('',(-88.3390609345016,-76.3999999999999,158.551128388323));
#4039=CARTESIAN_POINT('',(-116.362341930528,-26.2666666666667,139.291260962211));
#4040=CARTESIAN_POINT('',(-88.3390609345016,-26.2666666666667,158.551128388323));
#4041=CARTESIAN_POINT('',(-116.362341930528,-76.4000000000001,139.291260962211));
#4042=CARTESIAN_POINT('',(-103.256758958452,-76.4,150.239516556002));
#4043=CARTESIAN_POINT('',(-88.3390609345016,-76.3999999999999,158.551128388323));
#4044=CARTESIAN_POINT('',(-116.362341930528,-26.2666666666667,139.291260962211));
#4045=CARTESIAN_POINT('',(-103.256758958452,-26.2666666666666,150.239516556002));
#4046=CARTESIAN_POINT('',(-88.3390609345016,-26.2666666666667,158.551128388323));
#4047=CARTESIAN_POINT('',(-88.3390609345016,-26.2666666666667,158.551128388323));
#4048=CARTESIAN_POINT('',(-88.3390609345016,-76.3999999999999,158.551128388323));
#4049=CARTESIAN_POINT('',(-116.362341930528,-26.2666666666667,139.291260962211));
#4050=CARTESIAN_POINT('',(-116.362341930528,-76.4000000000001,139.291260962211));
#4051=CARTESIAN_POINT('',(2.21571847371458E-12,0.,-3.62576454779895E-12));
#4052=CARTESIAN_POINT('',(-116.362341930528,24.6666666666667,139.291260962211));
#4053=CARTESIAN_POINT('',(-88.3390609345016,24.6666666666666,158.551128388323));
#4054=CARTESIAN_POINT('',(-116.362341930528,-24.6666666666667,139.291260962211));
#4055=CARTESIAN_POINT('',(-88.3390609345016,-24.6666666666667,158.551128388323));
#4056=CARTESIAN_POINT('',(-116.362341930528,24.6666666666667,139.291260962211));
#4057=CARTESIAN_POINT('',(-103.256758958452,24.6666666666667,150.239516556002));
#4058=CARTESIAN_POINT('',(-88.3390609345016,24.6666666666666,158.551128388323));
#4059=CARTESIAN_POINT('',(-88.3390609345016,24.6666666666666,158.551128388323));
#4060=CARTESIAN_POINT('',(-88.3390609345016,-24.6666666666667,158.551128388323));
#4061=CARTESIAN_POINT('',(-116.362341930528,24.6666666666667,139.291260962211));
#4062=CARTESIAN_POINT('',(-116.362341930528,-24.6666666666667,139.291260962211));
#4063=CARTESIAN_POINT('',(-116.362341930528,-24.6666666666667,139.291260962211));
#4064=CARTESIAN_POINT('',(-103.256758958452,-24.6666666666667,150.239516556002));
#4065=CARTESIAN_POINT('',(-88.3390609345016,-24.6666666666667,158.551128388323));
#4066=CARTESIAN_POINT('',(4.26534196235086E-13,0.,3.86068021334707E-12));
#4067=CARTESIAN_POINT('',(19.3656730212225,-76.3999999999999,-180.463904170433));
#4068=CARTESIAN_POINT('',(-14.6350425978404,-76.4,-180.908997919284));
#4069=CARTESIAN_POINT('',(19.3656730212225,-26.2666666666667,-180.463904170433));
#4070=CARTESIAN_POINT('',(-14.6350425978404,-26.2666666666667,-180.908997919284));
#4071=CARTESIAN_POINT('',(19.3656730212225,-76.3999999999999,-180.463904170433));
#4072=CARTESIAN_POINT('',(2.38625411703093,-76.4,-182.285974218737));
#4073=CARTESIAN_POINT('',(-14.6350425978404,-76.4,-180.908997919284));
#4074=CARTESIAN_POINT('',(19.3656730212225,-26.2666666666667,-180.463904170433));
#4075=CARTESIAN_POINT('',(2.38625411703093,-26.2666666666667,-182.285974218736));
#4076=CARTESIAN_POINT('',(-14.6350425978404,-26.2666666666667,-180.908997919284));
#4077=CARTESIAN_POINT('',(-14.6350425978404,-26.2666666666667,-180.908997919284));
#4078=CARTESIAN_POINT('',(-14.6350425978404,-76.4,-180.908997919284));
#4079=CARTESIAN_POINT('',(19.3656730212225,-26.2666666666667,-180.463904170433));
#4080=CARTESIAN_POINT('',(19.3656730212225,-76.3999999999999,-180.463904170433));
#4081=CARTESIAN_POINT('',(4.26534196235086E-13,0.,3.86068021334707E-12));
#4082=CARTESIAN_POINT('',(19.3656730212225,24.6666666666666,-180.463904170433));
#4083=CARTESIAN_POINT('',(-14.6350425978404,24.6666666666667,-180.908997919284));
#4084=CARTESIAN_POINT('',(19.3656730212225,-24.6666666666667,-180.463904170433));
#4085=CARTESIAN_POINT('',(-14.6350425978404,-24.6666666666667,-180.908997919284));
#4086=CARTESIAN_POINT('',(19.3656730212225,24.6666666666666,-180.463904170433));
#4087=CARTESIAN_POINT('',(2.38625411703092,24.6666666666666,-182.285974218736));
#4088=CARTESIAN_POINT('',(-14.6350425978404,24.6666666666667,-180.908997919284));
#4089=CARTESIAN_POINT('',(-14.6350425978404,24.6666666666667,-180.908997919284));
#4090=CARTESIAN_POINT('',(-14.6350425978404,-24.6666666666667,-180.908997919284));
#4091=CARTESIAN_POINT('',(19.3656730212225,24.6666666666666,-180.463904170433));
#4092=CARTESIAN_POINT('',(19.3656730212225,-24.6666666666667,-180.463904170433));
#4093=CARTESIAN_POINT('',(19.3656730212225,-24.6666666666667,-180.463904170433));
#4094=CARTESIAN_POINT('',(2.38625411703092,-24.6666666666667,-182.285974218736));
#4095=CARTESIAN_POINT('',(-14.6350425978404,-24.6666666666667,-180.908997919284));
#4096=CARTESIAN_POINT('',(1.06671078780021E-12,0.,-1.93322917405698E-12));
#4097=CARTESIAN_POINT('',(-86.9520952035593,-76.4000000000001,159.31598519832));
#4098=CARTESIAN_POINT('',(-55.7098599559048,-76.4,172.738708758904));
#4099=CARTESIAN_POINT('',(-86.9520952035593,-26.2666666666667,159.31598519832));
#4100=CARTESIAN_POINT('',(-55.7098599559048,-26.2666666666667,172.738708758904));
#4101=CARTESIAN_POINT('',(-86.9520952035593,-76.4000000000001,159.31598519832));
#4102=CARTESIAN_POINT('',(-71.9624336241361,-76.4,167.49710072857));
#4103=CARTESIAN_POINT('',(-55.7098599559048,-76.4,172.738708758904));
#4104=CARTESIAN_POINT('',(-86.9520952035593,-26.2666666666667,159.31598519832));
#4105=CARTESIAN_POINT('',(-71.962433624136,-26.2666666666667,167.49710072857));
#4106=CARTESIAN_POINT('',(-55.7098599559048,-26.2666666666667,172.738708758904));
#4107=CARTESIAN_POINT('',(-55.7098599559048,-26.2666666666667,172.738708758904));
#4108=CARTESIAN_POINT('',(-55.7098599559048,-76.4,172.738708758904));
#4109=CARTESIAN_POINT('',(-86.9520952035593,-26.2666666666667,159.31598519832));
#4110=CARTESIAN_POINT('',(-86.9520952035593,-76.4000000000001,159.31598519832));
#4111=CARTESIAN_POINT('',(1.06671078780021E-12,0.,-1.93322917405698E-12));
#4112=CARTESIAN_POINT('',(-86.9520952035593,24.6666666666667,159.31598519832));
#4113=CARTESIAN_POINT('',(-55.7098599559048,24.6666666666667,172.738708758904));
#4114=CARTESIAN_POINT('',(-86.9520952035593,-24.6666666666667,159.31598519832));
#4115=CARTESIAN_POINT('',(-55.7098599559048,-24.6666666666667,172.738708758904));
#4116=CARTESIAN_POINT('',(-86.9520952035593,24.6666666666667,159.31598519832));
#4117=CARTESIAN_POINT('',(-71.9624336241361,24.6666666666667,167.49710072857));
#4118=CARTESIAN_POINT('',(-55.7098599559048,24.6666666666667,172.738708758904));
#4119=CARTESIAN_POINT('',(-55.7098599559048,24.6666666666667,172.738708758904));
#4120=CARTESIAN_POINT('',(-55.7098599559048,-24.6666666666667,172.738708758904));
#4121=CARTESIAN_POINT('',(-86.9520952035593,24.6666666666667,159.31598519832));
#4122=CARTESIAN_POINT('',(-86.9520952035593,-24.6666666666667,159.31598519832));
#4123=CARTESIAN_POINT('',(-86.9520952035593,-24.6666666666667,159.31598519832));
#4124=CARTESIAN_POINT('',(-71.962433624136,-24.6666666666667,167.49710072857));
#4125=CARTESIAN_POINT('',(-55.7098599559048,-24.6666666666667,172.738708758904));
#4126=CARTESIAN_POINT('',(2.37784006303598E-12,0.,-9.09987424384777E-12));
#4127=CARTESIAN_POINT('',(54.2003282212144,-76.4000000000001,-173.21828546869));
#4128=CARTESIAN_POINT('',(20.939760301652,-76.3999999999999,-180.288037424865));
#4129=CARTESIAN_POINT('',(54.2003282212144,-26.2666666666667,-173.21828546869));
#4130=CARTESIAN_POINT('',(20.939760301652,-26.2666666666667,-180.288037424865));
#4131=CARTESIAN_POINT('',(54.2003282212144,-76.4000000000001,-173.21828546869));
#4132=CARTESIAN_POINT('',(37.9026323226425,-76.4,-178.317865253596));
#4133=CARTESIAN_POINT('',(20.939760301652,-76.3999999999999,-180.288037424865));
#4134=CARTESIAN_POINT('',(54.2003282212144,-26.2666666666667,-173.21828546869));
#4135=CARTESIAN_POINT('',(37.9026323226425,-26.2666666666667,-178.317865253596));
#4136=CARTESIAN_POINT('',(20.939760301652,-26.2666666666667,-180.288037424865));
#4137=CARTESIAN_POINT('',(20.939760301652,-26.2666666666667,-180.288037424865));
#4138=CARTESIAN_POINT('',(20.939760301652,-76.3999999999999,-180.288037424865));
#4139=CARTESIAN_POINT('',(54.2003282212144,-26.2666666666667,-173.21828546869));
#4140=CARTESIAN_POINT('',(54.2003282212144,-76.4000000000001,-173.21828546869));
#4141=CARTESIAN_POINT('',(2.37784006303598E-12,0.,-9.09987424384777E-12));
#4142=CARTESIAN_POINT('',(54.2003282212144,24.6666666666667,-173.21828546869));
#4143=CARTESIAN_POINT('',(20.939760301652,24.6666666666666,-180.288037424865));
#4144=CARTESIAN_POINT('',(54.2003282212144,-24.6666666666667,-173.21828546869));
#4145=CARTESIAN_POINT('',(20.939760301652,-24.6666666666667,-180.288037424865));
#4146=CARTESIAN_POINT('',(54.2003282212144,24.6666666666667,-173.21828546869));
#4147=CARTESIAN_POINT('',(37.9026323226425,24.6666666666667,-178.317865253596));
#4148=CARTESIAN_POINT('',(20.939760301652,24.6666666666666,-180.288037424865));
#4149=CARTESIAN_POINT('',(20.939760301652,24.6666666666666,-180.288037424865));
#4150=CARTESIAN_POINT('',(20.939760301652,-24.6666666666667,-180.288037424865));
#4151=CARTESIAN_POINT('',(54.2003282212144,24.6666666666667,-173.21828546869));
#4152=CARTESIAN_POINT('',(54.2003282212144,-24.6666666666667,-173.21828546869));
#4153=CARTESIAN_POINT('',(54.2003282212144,-24.6666666666667,-173.21828546869));
#4154=CARTESIAN_POINT('',(37.9026323226425,-24.6666666666667,-178.317865253596));
#4155=CARTESIAN_POINT('',(20.939760301652,-24.6666666666667,-180.288037424865));
#4156=CARTESIAN_POINT('',(-2.37784006303598E-12,0.,9.09987424384777E-12));
#4157=CARTESIAN_POINT('',(-54.2003282212144,-76.4000000000001,173.21828546869));
#4158=CARTESIAN_POINT('',(-20.939760301652,-76.3999999999999,180.288037424865));
#4159=CARTESIAN_POINT('',(-54.2003282212144,-26.2666666666667,173.21828546869));
#4160=CARTESIAN_POINT('',(-20.939760301652,-26.2666666666667,180.288037424865));
#4161=CARTESIAN_POINT('',(-54.2003282212144,-76.4000000000001,173.21828546869));
#4162=CARTESIAN_POINT('',(-37.9026323226425,-76.4,178.317865253596));
#4163=CARTESIAN_POINT('',(-20.939760301652,-76.3999999999999,180.288037424865));
#4164=CARTESIAN_POINT('',(-54.2003282212144,-26.2666666666667,173.21828546869));
#4165=CARTESIAN_POINT('',(-37.9026323226425,-26.2666666666666,178.317865253596));
#4166=CARTESIAN_POINT('',(-20.939760301652,-26.2666666666667,180.288037424865));
#4167=CARTESIAN_POINT('',(-20.939760301652,-26.2666666666667,180.288037424865));
#4168=CARTESIAN_POINT('',(-20.939760301652,-76.3999999999999,180.288037424865));
#4169=CARTESIAN_POINT('',(-54.2003282212144,-26.2666666666667,173.21828546869));
#4170=CARTESIAN_POINT('',(-54.2003282212144,-76.4000000000001,173.21828546869));
#4171=CARTESIAN_POINT('',(-2.37784006303598E-12,0.,9.09987424384777E-12));
#4172=CARTESIAN_POINT('',(-54.2003282212144,24.6666666666667,173.21828546869));
#4173=CARTESIAN_POINT('',(-20.939760301652,24.6666666666666,180.288037424865));
#4174=CARTESIAN_POINT('',(-54.2003282212144,-24.6666666666667,173.21828546869));
#4175=CARTESIAN_POINT('',(-20.939760301652,-24.6666666666667,180.288037424865));
#4176=CARTESIAN_POINT('',(-54.2003282212144,24.6666666666667,173.21828546869));
#4177=CARTESIAN_POINT('',(-37.9026323226425,24.6666666666667,178.317865253596));
#4178=CARTESIAN_POINT('',(-20.939760301652,24.6666666666666,180.288037424865));
#4179=CARTESIAN_POINT('',(-20.939760301652,24.6666666666666,180.288037424865));
#4180=CARTESIAN_POINT('',(-20.939760301652,-24.6666666666667,180.288037424865));
#4181=CARTESIAN_POINT('',(-54.2003282212144,24.6666666666667,173.21828546869));
#4182=CARTESIAN_POINT('',(-54.2003282212144,-24.6666666666667,173.21828546869));
#4183=CARTESIAN_POINT('',(-54.2003282212144,-24.6666666666667,173.21828546869));
#4184=CARTESIAN_POINT('',(-37.9026323226425,-24.6666666666667,178.317865253596));
#4185=CARTESIAN_POINT('',(-20.939760301652,-24.6666666666667,180.288037424865));
#4186=CARTESIAN_POINT('',(-1.03770441529932E-13,0.,2.76446024337855E-12));
#4187=CARTESIAN_POINT('',(-19.3656730212224,-76.3999999999999,180.463904170433));
#4188=CARTESIAN_POINT('',(14.6350425978405,-76.4,180.908997919284));
#4189=CARTESIAN_POINT('',(-19.3656730212224,-26.2666666666667,180.463904170433));
#4190=CARTESIAN_POINT('',(14.6350425978405,-26.2666666666667,180.908997919284));
#4191=CARTESIAN_POINT('',(-19.3656730212224,-76.3999999999999,180.463904170433));
#4192=CARTESIAN_POINT('',(-2.38625411703082,-76.4,182.285974218737));
#4193=CARTESIAN_POINT('',(14.6350425978405,-76.4,180.908997919284));
#4194=CARTESIAN_POINT('',(-19.3656730212224,-26.2666666666667,180.463904170433));
#4195=CARTESIAN_POINT('',(-2.38625411703082,-26.2666666666667,182.285974218737));
#4196=CARTESIAN_POINT('',(14.6350425978405,-26.2666666666667,180.908997919284));
#4197=CARTESIAN_POINT('',(14.6350425978405,-26.2666666666667,180.908997919284));
#4198=CARTESIAN_POINT('',(14.6350425978405,-76.4,180.908997919284));
#4199=CARTESIAN_POINT('',(-19.3656730212224,-26.2666666666667,180.463904170433));
#4200=CARTESIAN_POINT('',(-19.3656730212224,-76.3999999999999,180.463904170433));
#4201=CARTESIAN_POINT('',(-1.03770441529932E-13,0.,2.76446024337855E-12));
#4202=CARTESIAN_POINT('',(-19.3656730212224,24.6666666666666,180.463904170433));
#4203=CARTESIAN_POINT('',(14.6350425978405,24.6666666666667,180.908997919284));
#4204=CARTESIAN_POINT('',(-19.3656730212224,-24.6666666666667,180.463904170433));
#4205=CARTESIAN_POINT('',(14.6350425978405,-24.6666666666667,180.908997919284));
#4206=CARTESIAN_POINT('',(-19.3656730212224,24.6666666666666,180.463904170433));
#4207=CARTESIAN_POINT('',(-2.38625411703082,24.6666666666666,182.285974218737));
#4208=CARTESIAN_POINT('',(14.6350425978405,24.6666666666667,180.908997919284));
#4209=CARTESIAN_POINT('',(14.6350425978405,24.6666666666667,180.908997919284));
#4210=CARTESIAN_POINT('',(14.6350425978405,-24.6666666666667,180.908997919284));
#4211=CARTESIAN_POINT('',(-19.3656730212224,24.6666666666666,180.463904170433));
#4212=CARTESIAN_POINT('',(-19.3656730212224,-24.6666666666667,180.463904170433));
#4213=CARTESIAN_POINT('',(-19.3656730212224,-24.6666666666667,180.463904170433));
#4214=CARTESIAN_POINT('',(-2.38625411703082,-24.6666666666667,182.285974218737));
#4215=CARTESIAN_POINT('',(14.6350425978405,-24.6666666666667,180.908997919284));
#4216=CARTESIAN_POINT('',(-1.04056841774315E-12,0.,1.94446082261583E-12));
#4217=CARTESIAN_POINT('',(86.9520952035593,-76.4000000000001,-159.31598519832));
#4218=CARTESIAN_POINT('',(55.7098599559049,-76.4,-172.738708758904));
#4219=CARTESIAN_POINT('',(86.9520952035593,-26.2666666666667,-159.31598519832));
#4220=CARTESIAN_POINT('',(55.7098599559049,-26.2666666666666,-172.738708758904));
#4221=CARTESIAN_POINT('',(86.9520952035593,-76.4000000000001,-159.31598519832));
#4222=CARTESIAN_POINT('',(71.9624336241361,-76.4000000000001,-167.49710072857));
#4223=CARTESIAN_POINT('',(55.7098599559049,-76.4,-172.738708758904));
#4224=CARTESIAN_POINT('',(86.9520952035593,-26.2666666666667,-159.31598519832));
#4225=CARTESIAN_POINT('',(71.9624336241361,-26.2666666666666,-167.49710072857));
#4226=CARTESIAN_POINT('',(55.7098599559049,-26.2666666666666,-172.738708758904));
#4227=CARTESIAN_POINT('',(55.7098599559049,-26.2666666666666,-172.738708758904));
#4228=CARTESIAN_POINT('',(55.7098599559049,-76.4,-172.738708758904));
#4229=CARTESIAN_POINT('',(86.9520952035593,-26.2666666666667,-159.31598519832));
#4230=CARTESIAN_POINT('',(86.9520952035593,-76.4000000000001,-159.31598519832));
#4231=CARTESIAN_POINT('',(-1.04056841774315E-12,0.,1.94446082261583E-12));
#4232=CARTESIAN_POINT('',(86.9520952035593,24.6666666666667,-159.31598519832));
#4233=CARTESIAN_POINT('',(55.7098599559049,24.6666666666667,-172.738708758904));
#4234=CARTESIAN_POINT('',(86.9520952035593,-24.6666666666667,-159.31598519832));
#4235=CARTESIAN_POINT('',(55.7098599559049,-24.6666666666667,-172.738708758904));
#4236=CARTESIAN_POINT('',(86.9520952035593,24.6666666666667,-159.31598519832));
#4237=CARTESIAN_POINT('',(71.9624336241361,24.6666666666667,-167.49710072857));
#4238=CARTESIAN_POINT('',(55.7098599559049,24.6666666666667,-172.738708758904));
#4239=CARTESIAN_POINT('',(55.7098599559049,24.6666666666667,-172.738708758904));
#4240=CARTESIAN_POINT('',(55.7098599559049,-24.6666666666667,-172.738708758904));
#4241=CARTESIAN_POINT('',(86.9520952035593,24.6666666666667,-159.31598519832));
#4242=CARTESIAN_POINT('',(86.9520952035593,-24.6666666666667,-159.31598519832));
#4243=CARTESIAN_POINT('',(86.9520952035593,-24.6666666666667,-159.31598519832));
#4244=CARTESIAN_POINT('',(71.9624336241361,-24.6666666666667,-167.49710072857));
#4245=CARTESIAN_POINT('',(55.7098599559049,-24.6666666666667,-172.738708758904));
#4246=CARTESIAN_POINT('',(-7.66607371418211E-13,0.,-4.01914338644305E-12));
#4247=CARTESIAN_POINT('',(16.2131941325804,-76.4,180.774396240229));
#4248=CARTESIAN_POINT('',(49.6474290177242,-76.4,174.5777270786));
#4249=CARTESIAN_POINT('',(16.2131941325804,-26.2666666666667,180.774396240229));
#4250=CARTESIAN_POINT('',(49.6474290177242,-26.2666666666667,174.5777270786));
#4251=CARTESIAN_POINT('',(16.2131941325804,-76.4,180.774396240229));
#4252=CARTESIAN_POINT('',(33.2218264960714,-76.4,179.248935421804));
#4253=CARTESIAN_POINT('',(49.6474290177242,-76.4,174.5777270786));
#4254=CARTESIAN_POINT('',(16.2131941325804,-26.2666666666667,180.774396240229));
#4255=CARTESIAN_POINT('',(33.2218264960714,-26.2666666666667,179.248935421803));
#4256=CARTESIAN_POINT('',(49.6474290177242,-26.2666666666667,174.5777270786));
#4257=CARTESIAN_POINT('',(49.6474290177242,-26.2666666666667,174.5777270786));
#4258=CARTESIAN_POINT('',(49.6474290177242,-76.4,174.5777270786));
#4259=CARTESIAN_POINT('',(16.2131941325804,-26.2666666666667,180.774396240229));
#4260=CARTESIAN_POINT('',(16.2131941325804,-76.4,180.774396240229));
#4261=CARTESIAN_POINT('',(-7.66607371418211E-13,0.,-4.01914338644305E-12));
#4262=CARTESIAN_POINT('',(16.2131941325804,24.6666666666667,180.774396240229));
#4263=CARTESIAN_POINT('',(49.6474290177242,24.6666666666667,174.5777270786));
#4264=CARTESIAN_POINT('',(16.2131941325804,-24.6666666666667,180.774396240229));
#4265=CARTESIAN_POINT('',(49.6474290177242,-24.6666666666667,174.5777270786));
#4266=CARTESIAN_POINT('',(16.2131941325804,24.6666666666667,180.774396240229));
#4267=CARTESIAN_POINT('',(33.2218264960714,24.6666666666666,179.248935421803));
#4268=CARTESIAN_POINT('',(49.6474290177242,24.6666666666667,174.5777270786));
#4269=CARTESIAN_POINT('',(49.6474290177242,24.6666666666667,174.5777270786));
#4270=CARTESIAN_POINT('',(49.6474290177242,-24.6666666666667,174.5777270786));
#4271=CARTESIAN_POINT('',(16.2131941325804,24.6666666666667,180.774396240229));
#4272=CARTESIAN_POINT('',(16.2131941325804,-24.6666666666667,180.774396240229));
#4273=CARTESIAN_POINT('',(16.2131941325804,-24.6666666666667,180.774396240229));
#4274=CARTESIAN_POINT('',(33.2218264960714,-24.6666666666667,179.248935421803));
#4275=CARTESIAN_POINT('',(49.6474290177242,-24.6666666666667,174.5777270786));
#4276=CARTESIAN_POINT('',(-1.74737469766448E-12,0.,-4.36063318948477E-12));
#4277=CARTESIAN_POINT('',(51.1689973283324,-76.4,174.137829641962));
#4278=CARTESIAN_POINT('',(82.7518925830559,-76.4,161.537532090602));
#4279=CARTESIAN_POINT('',(51.1689973283324,-26.2666666666665,174.137829641962));
#4280=CARTESIAN_POINT('',(82.7518925830559,-26.2666666666667,161.537532090602));
#4281=CARTESIAN_POINT('',(51.1689973283324,-76.4,174.137829641962));
#4282=CARTESIAN_POINT('',(67.5532109479447,-76.4,169.323460560572));
#4283=CARTESIAN_POINT('',(82.7518925830559,-76.4,161.537532090602));
#4284=CARTESIAN_POINT('',(51.1689973283324,-26.2666666666665,174.137829641962));
#4285=CARTESIAN_POINT('',(67.5532109479447,-26.2666666666666,169.323460560572));
#4286=CARTESIAN_POINT('',(82.7518925830559,-26.2666666666667,161.537532090602));
#4287=CARTESIAN_POINT('',(82.7518925830559,-26.2666666666667,161.537532090602));
#4288=CARTESIAN_POINT('',(82.7518925830559,-76.4,161.537532090602));
#4289=CARTESIAN_POINT('',(51.1689973283324,-26.2666666666665,174.137829641962));
#4290=CARTESIAN_POINT('',(51.1689973283324,-76.4,174.137829641962));
#4291=CARTESIAN_POINT('',(-1.74737469766448E-12,0.,-4.36063318948477E-12));
#4292=CARTESIAN_POINT('',(51.1689973283324,24.6666666666666,174.137829641962));
#4293=CARTESIAN_POINT('',(82.7518925830559,24.6666666666667,161.537532090602));
#4294=CARTESIAN_POINT('',(51.1689973283324,-24.6666666666666,174.137829641962));
#4295=CARTESIAN_POINT('',(82.7518925830559,-24.6666666666667,161.537532090602));
#4296=CARTESIAN_POINT('',(51.1689973283324,24.6666666666666,174.137829641962));
#4297=CARTESIAN_POINT('',(67.5532109479447,24.6666666666666,169.323460560572));
#4298=CARTESIAN_POINT('',(82.7518925830559,24.6666666666667,161.537532090602));
#4299=CARTESIAN_POINT('',(82.7518925830559,24.6666666666667,161.537532090602));
#4300=CARTESIAN_POINT('',(82.7518925830559,-24.6666666666667,161.537532090602));
#4301=CARTESIAN_POINT('',(51.1689973283324,24.6666666666666,174.137829641962));
#4302=CARTESIAN_POINT('',(51.1689973283324,-24.6666666666666,174.137829641962));
#4303=CARTESIAN_POINT('',(51.1689973283324,-24.6666666666666,174.137829641962));
#4304=CARTESIAN_POINT('',(67.5532109479447,-24.6666666666666,169.323460560572));
#4305=CARTESIAN_POINT('',(82.7518925830559,-24.6666666666667,161.537532090602));
#4306=CARTESIAN_POINT('',(-3.41265512521E-12,0.,3.88057057757457E-12));
#4307=CARTESIAN_POINT('',(141.30084911386,-76.4000000000001,-113.913651682764));
#4308=CARTESIAN_POINT('',(117.573441342502,-76.3999999999999,-138.270517070275));
#4309=CARTESIAN_POINT('',(141.30084911386,-26.2666666666667,-113.913651682764));
#4310=CARTESIAN_POINT('',(117.573441342502,-26.2666666666667,-138.270517070275));
#4311=CARTESIAN_POINT('',(141.30084911386,-76.4000000000001,-113.913651682764));
#4312=CARTESIAN_POINT('',(130.582984953052,-76.4,-127.208312017478));
#4313=CARTESIAN_POINT('',(117.573441342502,-76.3999999999999,-138.270517070275));
#4314=CARTESIAN_POINT('',(141.30084911386,-26.2666666666667,-113.913651682764));
#4315=CARTESIAN_POINT('',(130.582984953052,-26.2666666666666,-127.208312017478));
#4316=CARTESIAN_POINT('',(117.573441342502,-26.2666666666667,-138.270517070275));
#4317=CARTESIAN_POINT('',(117.573441342502,-26.2666666666667,-138.270517070275));
#4318=CARTESIAN_POINT('',(117.573441342502,-76.3999999999999,-138.270517070275));
#4319=CARTESIAN_POINT('',(141.30084911386,-26.2666666666667,-113.913651682764));
#4320=CARTESIAN_POINT('',(141.30084911386,-76.4000000000001,-113.913651682764));
#4321=CARTESIAN_POINT('',(-3.41265512521E-12,0.,3.88057057757457E-12));
#4322=CARTESIAN_POINT('',(141.30084911386,24.6666666666667,-113.913651682764));
#4323=CARTESIAN_POINT('',(117.573441342502,24.6666666666666,-138.270517070275));
#4324=CARTESIAN_POINT('',(141.30084911386,-24.6666666666667,-113.913651682764));
#4325=CARTESIAN_POINT('',(117.573441342502,-24.6666666666667,-138.270517070275));
#4326=CARTESIAN_POINT('',(141.30084911386,24.6666666666667,-113.913651682764));
#4327=CARTESIAN_POINT('',(130.582984953052,24.6666666666666,-127.208312017478));
#4328=CARTESIAN_POINT('',(117.573441342502,24.6666666666666,-138.270517070275));
#4329=CARTESIAN_POINT('',(117.573441342502,24.6666666666666,-138.270517070275));
#4330=CARTESIAN_POINT('',(117.573441342502,-24.6666666666667,-138.270517070275));
#4331=CARTESIAN_POINT('',(141.30084911386,24.6666666666667,-113.913651682764));
#4332=CARTESIAN_POINT('',(141.30084911386,-24.6666666666667,-113.913651682764));
#4333=CARTESIAN_POINT('',(141.30084911386,-24.6666666666667,-113.913651682764));
#4334=CARTESIAN_POINT('',(130.582984953052,-24.6666666666667,-127.208312017478));
#4335=CARTESIAN_POINT('',(117.573441342502,-24.6666666666667,-138.270517070275));
#4336=CARTESIAN_POINT('',(-3.50696710063658E-12,0.,5.68036290478356E-12));
#4337=CARTESIAN_POINT('',(116.362341930528,-76.4000000000001,-139.291260962211));
#4338=CARTESIAN_POINT('',(88.3390609345016,-76.3999999999999,-158.551128388323));
#4339=CARTESIAN_POINT('',(116.362341930528,-26.2666666666666,-139.291260962211));
#4340=CARTESIAN_POINT('',(88.3390609345016,-26.2666666666667,-158.551128388323));
#4341=CARTESIAN_POINT('',(116.362341930528,-76.4000000000001,-139.291260962211));
#4342=CARTESIAN_POINT('',(103.256758958452,-76.4,-150.239516556002));
#4343=CARTESIAN_POINT('',(88.3390609345016,-76.3999999999999,-158.551128388323));
#4344=CARTESIAN_POINT('',(116.362341930528,-26.2666666666666,-139.291260962211));
#4345=CARTESIAN_POINT('',(103.256758958452,-26.2666666666666,-150.239516556002));
#4346=CARTESIAN_POINT('',(88.3390609345016,-26.2666666666667,-158.551128388323));
#4347=CARTESIAN_POINT('',(88.3390609345016,-26.2666666666667,-158.551128388323));
#4348=CARTESIAN_POINT('',(88.3390609345016,-76.3999999999999,-158.551128388323));
#4349=CARTESIAN_POINT('',(116.362341930528,-26.2666666666666,-139.291260962211));
#4350=CARTESIAN_POINT('',(116.362341930528,-76.4000000000001,-139.291260962211));
#4351=CARTESIAN_POINT('',(-3.50696710063658E-12,0.,5.68036290478356E-12));
#4352=CARTESIAN_POINT('',(116.362341930528,24.6666666666667,-139.291260962211));
#4353=CARTESIAN_POINT('',(88.3390609345016,24.6666666666666,-158.551128388323));
#4354=CARTESIAN_POINT('',(116.362341930528,-24.6666666666667,-139.291260962211));
#4355=CARTESIAN_POINT('',(88.3390609345016,-24.6666666666667,-158.551128388323));
#4356=CARTESIAN_POINT('',(116.362341930528,24.6666666666667,-139.291260962211));
#4357=CARTESIAN_POINT('',(103.256758958452,24.6666666666666,-150.239516556002));
#4358=CARTESIAN_POINT('',(88.3390609345016,24.6666666666666,-158.551128388323));
#4359=CARTESIAN_POINT('',(88.3390609345016,24.6666666666666,-158.551128388323));
#4360=CARTESIAN_POINT('',(88.3390609345016,-24.6666666666667,-158.551128388323));
#4361=CARTESIAN_POINT('',(116.362341930528,24.6666666666667,-139.291260962211));
#4362=CARTESIAN_POINT('',(116.362341930528,-24.6666666666667,-139.291260962211));
#4363=CARTESIAN_POINT('',(116.362341930528,-24.6666666666667,-139.291260962211));
#4364=CARTESIAN_POINT('',(103.256758958452,-24.6666666666667,-150.239516556002));
#4365=CARTESIAN_POINT('',(88.3390609345016,-24.6666666666667,-158.551128388323));
#4366=CARTESIAN_POINT('',(2.69679954790973E-12,0.,4.75348953900155E-12));
#4367=CARTESIAN_POINT('',(84.1584046526607,-76.4,160.809243908175));
#4368=CARTESIAN_POINT('',(112.676247324217,-76.4,142.289540335655));
#4369=CARTESIAN_POINT('',(84.1584046526607,-26.2666666666667,160.809243908175));
#4370=CARTESIAN_POINT('',(112.676247324217,-26.2666666666667,142.289540335655));
#4371=CARTESIAN_POINT('',(84.1584046526607,-76.4,160.809243908175));
#4372=CARTESIAN_POINT('',(99.2885633873657,-76.4,152.890980067688));
#4373=CARTESIAN_POINT('',(112.676247324217,-76.4,142.289540335655));
#4374=CARTESIAN_POINT('',(84.1584046526607,-26.2666666666667,160.809243908175));
#4375=CARTESIAN_POINT('',(99.2885633873657,-26.2666666666667,152.890980067688));
#4376=CARTESIAN_POINT('',(112.676247324217,-26.2666666666667,142.289540335655));
#4377=CARTESIAN_POINT('',(112.676247324217,-26.2666666666667,142.289540335655));
#4378=CARTESIAN_POINT('',(112.676247324217,-76.4,142.289540335655));
#4379=CARTESIAN_POINT('',(84.1584046526607,-26.2666666666667,160.809243908175));
#4380=CARTESIAN_POINT('',(84.1584046526607,-76.4,160.809243908175));
#4381=CARTESIAN_POINT('',(2.69679954790973E-12,0.,4.75348953900155E-12));
#4382=CARTESIAN_POINT('',(84.1584046526607,24.6666666666667,160.809243908175));
#4383=CARTESIAN_POINT('',(112.676247324217,24.6666666666667,142.289540335655));
#4384=CARTESIAN_POINT('',(84.1584046526607,-24.6666666666666,160.809243908175));
#4385=CARTESIAN_POINT('',(112.676247324217,-24.6666666666667,142.289540335655));
#4386=CARTESIAN_POINT('',(84.1584046526607,24.6666666666667,160.809243908175));
#4387=CARTESIAN_POINT('',(99.2885633873657,24.6666666666667,152.890980067688));
#4388=CARTESIAN_POINT('',(112.676247324217,24.6666666666667,142.289540335655));
#4389=CARTESIAN_POINT('',(112.676247324217,24.6666666666667,142.289540335655));
#4390=CARTESIAN_POINT('',(112.676247324217,-24.6666666666667,142.289540335655));
#4391=CARTESIAN_POINT('',(84.1584046526607,24.6666666666667,160.809243908175));
#4392=CARTESIAN_POINT('',(84.1584046526607,-24.6666666666666,160.809243908175));
#4393=CARTESIAN_POINT('',(84.1584046526607,-24.6666666666666,160.809243908175));
#4394=CARTESIAN_POINT('',(99.2885633873657,-24.6666666666667,152.890980067688));
#4395=CARTESIAN_POINT('',(112.676247324217,-24.6666666666667,142.289540335655));
#4396=CARTESIAN_POINT('',(4.75348953900155E-12,0.,-2.69679954790973E-12));
#4397=CARTESIAN_POINT('',(160.809243908175,-76.4,-84.1584046526607));
#4398=CARTESIAN_POINT('',(142.289540335655,-76.4,-112.676247324217));
#4399=CARTESIAN_POINT('',(160.809243908175,-26.2666666666667,-84.1584046526607));
#4400=CARTESIAN_POINT('',(142.289540335655,-26.2666666666667,-112.676247324217));
#4401=CARTESIAN_POINT('',(160.809243908175,-76.4,-84.1584046526607));
#4402=CARTESIAN_POINT('',(152.890980067688,-76.4,-99.2885633873656));
#4403=CARTESIAN_POINT('',(142.289540335655,-76.4,-112.676247324217));
#4404=CARTESIAN_POINT('',(160.809243908175,-26.2666666666667,-84.1584046526607));
#4405=CARTESIAN_POINT('',(152.890980067688,-26.2666666666667,-99.2885633873657));
#4406=CARTESIAN_POINT('',(142.289540335655,-26.2666666666667,-112.676247324217));
#4407=CARTESIAN_POINT('',(142.289540335655,-26.2666666666667,-112.676247324217));
#4408=CARTESIAN_POINT('',(142.289540335655,-76.4,-112.676247324217));
#4409=CARTESIAN_POINT('',(160.809243908175,-26.2666666666667,-84.1584046526607));
#4410=CARTESIAN_POINT('',(160.809243908175,-76.4,-84.1584046526607));
#4411=CARTESIAN_POINT('',(4.75348953900155E-12,0.,-2.69679954790973E-12));
#4412=CARTESIAN_POINT('',(160.809243908175,24.6666666666667,-84.1584046526607));
#4413=CARTESIAN_POINT('',(142.289540335655,24.6666666666667,-112.676247324217));
#4414=CARTESIAN_POINT('',(160.809243908175,-24.6666666666666,-84.1584046526607));
#4415=CARTESIAN_POINT('',(142.289540335655,-24.6666666666667,-112.676247324217));
#4416=CARTESIAN_POINT('',(160.809243908175,24.6666666666667,-84.1584046526607));
#4417=CARTESIAN_POINT('',(152.890980067688,24.6666666666667,-99.2885633873657));
#4418=CARTESIAN_POINT('',(142.289540335655,24.6666666666667,-112.676247324217));
#4419=CARTESIAN_POINT('',(142.289540335655,24.6666666666667,-112.676247324217));
#4420=CARTESIAN_POINT('',(142.289540335655,-24.6666666666667,-112.676247324217));
#4421=CARTESIAN_POINT('',(160.809243908175,24.6666666666667,-84.1584046526607));
#4422=CARTESIAN_POINT('',(160.809243908175,-24.6666666666666,-84.1584046526607));
#4423=CARTESIAN_POINT('',(160.809243908175,-24.6666666666666,-84.1584046526607));
#4424=CARTESIAN_POINT('',(152.890980067688,-24.6666666666667,-99.2885633873657));
#4425=CARTESIAN_POINT('',(142.289540335655,-24.6666666666667,-112.676247324217));
#4426=CARTESIAN_POINT('',(-9.07722781371027E-12,0.,-8.71659110239513E-12));
#4427=CARTESIAN_POINT('',(113.913651682765,-76.4000000000001,141.30084911386));
#4428=CARTESIAN_POINT('',(138.270517070276,-76.3999999999999,117.573441342502));
#4429=CARTESIAN_POINT('',(113.913651682765,-26.2666666666667,141.30084911386));
#4430=CARTESIAN_POINT('',(138.270517070276,-26.2666666666667,117.573441342502));
#4431=CARTESIAN_POINT('',(113.913651682765,-76.4000000000001,141.30084911386));
#4432=CARTESIAN_POINT('',(127.208312017478,-76.4,130.582984953052));
#4433=CARTESIAN_POINT('',(138.270517070276,-76.3999999999999,117.573441342502));
#4434=CARTESIAN_POINT('',(113.913651682765,-26.2666666666667,141.30084911386));
#4435=CARTESIAN_POINT('',(127.208312017478,-26.2666666666667,130.582984953052));
#4436=CARTESIAN_POINT('',(138.270517070276,-26.2666666666667,117.573441342502));
#4437=CARTESIAN_POINT('',(138.270517070276,-26.2666666666667,117.573441342502));
#4438=CARTESIAN_POINT('',(138.270517070276,-76.3999999999999,117.573441342502));
#4439=CARTESIAN_POINT('',(113.913651682765,-26.2666666666667,141.30084911386));
#4440=CARTESIAN_POINT('',(113.913651682765,-76.4000000000001,141.30084911386));
#4441=CARTESIAN_POINT('',(-9.07722781371027E-12,0.,-8.71659110239513E-12));
#4442=CARTESIAN_POINT('',(113.913651682765,24.6666666666667,141.30084911386));
#4443=CARTESIAN_POINT('',(138.270517070276,24.6666666666666,117.573441342502));
#4444=CARTESIAN_POINT('',(113.913651682765,-24.6666666666667,141.30084911386));
#4445=CARTESIAN_POINT('',(138.270517070276,-24.6666666666666,117.573441342502));
#4446=CARTESIAN_POINT('',(113.913651682765,24.6666666666667,141.30084911386));
#4447=CARTESIAN_POINT('',(127.208312017478,24.6666666666667,130.582984953052));
#4448=CARTESIAN_POINT('',(138.270517070276,24.6666666666666,117.573441342502));
#4449=CARTESIAN_POINT('',(138.270517070276,24.6666666666666,117.573441342502));
#4450=CARTESIAN_POINT('',(138.270517070276,-24.6666666666666,117.573441342502));
#4451=CARTESIAN_POINT('',(113.913651682765,24.6666666666667,141.30084911386));
#4452=CARTESIAN_POINT('',(113.913651682765,-24.6666666666667,141.30084911386));
#4453=CARTESIAN_POINT('',(113.913651682765,-24.6666666666667,141.30084911386));
#4454=CARTESIAN_POINT('',(127.208312017478,-24.6666666666667,130.582984953052));
#4455=CARTESIAN_POINT('',(138.270517070276,-24.6666666666666,117.573441342502));
#4456=CARTESIAN_POINT('',(-4.36063318948477E-12,0.,1.74737469766448E-12));
#4457=CARTESIAN_POINT('',(174.137829641962,-76.4,-51.1689973283324));
#4458=CARTESIAN_POINT('',(161.537532090602,-76.4,-82.7518925830559));
#4459=CARTESIAN_POINT('',(174.137829641962,-26.2666666666667,-51.1689973283324));
#4460=CARTESIAN_POINT('',(161.537532090602,-26.2666666666667,-82.7518925830559));
#4461=CARTESIAN_POINT('',(174.137829641962,-76.4,-51.1689973283324));
#4462=CARTESIAN_POINT('',(169.323460560572,-76.4,-67.5532109479447));
#4463=CARTESIAN_POINT('',(161.537532090602,-76.4,-82.7518925830559));
#4464=CARTESIAN_POINT('',(174.137829641962,-26.2666666666667,-51.1689973283324));
#4465=CARTESIAN_POINT('',(169.323460560572,-26.2666666666667,-67.5532109479447));
#4466=CARTESIAN_POINT('',(161.537532090602,-26.2666666666667,-82.7518925830559));
#4467=CARTESIAN_POINT('',(161.537532090602,-26.2666666666667,-82.7518925830559));
#4468=CARTESIAN_POINT('',(161.537532090602,-76.4,-82.7518925830559));
#4469=CARTESIAN_POINT('',(174.137829641962,-26.2666666666667,-51.1689973283324));
#4470=CARTESIAN_POINT('',(174.137829641962,-76.4,-51.1689973283324));
#4471=CARTESIAN_POINT('',(-4.36063318948477E-12,0.,1.74737469766448E-12));
#4472=CARTESIAN_POINT('',(174.137829641962,24.6666666666667,-51.1689973283324));
#4473=CARTESIAN_POINT('',(161.537532090602,24.6666666666667,-82.7518925830559));
#4474=CARTESIAN_POINT('',(174.137829641962,-24.6666666666666,-51.1689973283324));
#4475=CARTESIAN_POINT('',(161.537532090602,-24.6666666666667,-82.7518925830559));
#4476=CARTESIAN_POINT('',(174.137829641962,24.6666666666667,-51.1689973283324));
#4477=CARTESIAN_POINT('',(169.323460560572,24.6666666666667,-67.5532109479447));
#4478=CARTESIAN_POINT('',(161.537532090602,24.6666666666667,-82.7518925830559));
#4479=CARTESIAN_POINT('',(161.537532090602,24.6666666666667,-82.7518925830559));
#4480=CARTESIAN_POINT('',(161.537532090602,-24.6666666666667,-82.7518925830559));
#4481=CARTESIAN_POINT('',(174.137829641962,24.6666666666667,-51.1689973283324));
#4482=CARTESIAN_POINT('',(174.137829641962,-24.6666666666666,-51.1689973283324));
#4483=CARTESIAN_POINT('',(174.137829641962,-24.6666666666666,-51.1689973283324));
#4484=CARTESIAN_POINT('',(169.323460560572,-24.6666666666667,-67.5532109479447));
#4485=CARTESIAN_POINT('',(161.537532090602,-24.6666666666667,-82.7518925830559));
#4486=CARTESIAN_POINT('',(-7.12260142380707E-12,0.,-4.61902787393091E-12));
#4487=CARTESIAN_POINT('',(139.291260962211,-76.4,116.362341930528));
#4488=CARTESIAN_POINT('',(158.551128388323,-76.3999999999999,88.3390609345016));
#4489=CARTESIAN_POINT('',(139.291260962211,-26.2666666666667,116.362341930528));
#4490=CARTESIAN_POINT('',(158.551128388323,-26.2666666666667,88.3390609345017));
#4491=CARTESIAN_POINT('',(139.291260962211,-76.4,116.362341930528));
#4492=CARTESIAN_POINT('',(150.239516556002,-76.3999999999999,103.256758958452));
#4493=CARTESIAN_POINT('',(158.551128388323,-76.3999999999999,88.3390609345016));
#4494=CARTESIAN_POINT('',(139.291260962211,-26.2666666666667,116.362341930528));
#4495=CARTESIAN_POINT('',(150.239516556002,-26.2666666666667,103.256758958452));
#4496=CARTESIAN_POINT('',(158.551128388323,-26.2666666666667,88.3390609345017));
#4497=CARTESIAN_POINT('',(158.551128388323,-26.2666666666667,88.3390609345017));
#4498=CARTESIAN_POINT('',(158.551128388323,-76.3999999999999,88.3390609345016));
#4499=CARTESIAN_POINT('',(139.291260962211,-26.2666666666667,116.362341930528));
#4500=CARTESIAN_POINT('',(139.291260962211,-76.4,116.362341930528));
#4501=CARTESIAN_POINT('',(-7.12260142380707E-12,0.,-4.61902787393091E-12));
#4502=CARTESIAN_POINT('',(139.291260962211,24.6666666666666,116.362341930528));
#4503=CARTESIAN_POINT('',(158.551128388323,24.6666666666666,88.3390609345017));
#4504=CARTESIAN_POINT('',(139.291260962211,-24.6666666666666,116.362341930528));
#4505=CARTESIAN_POINT('',(158.551128388323,-24.6666666666667,88.3390609345017));
#4506=CARTESIAN_POINT('',(139.291260962211,24.6666666666666,116.362341930528));
#4507=CARTESIAN_POINT('',(150.239516556002,24.6666666666666,103.256758958452));
#4508=CARTESIAN_POINT('',(158.551128388323,24.6666666666666,88.3390609345017));
#4509=CARTESIAN_POINT('',(158.551128388323,24.6666666666666,88.3390609345017));
#4510=CARTESIAN_POINT('',(158.551128388323,-24.6666666666667,88.3390609345017));
#4511=CARTESIAN_POINT('',(139.291260962211,24.6666666666666,116.362341930528));
#4512=CARTESIAN_POINT('',(139.291260962211,-24.6666666666666,116.362341930528));
#4513=CARTESIAN_POINT('',(139.291260962211,-24.6666666666666,116.362341930528));
#4514=CARTESIAN_POINT('',(150.239516556002,-24.6666666666667,103.256758958452));
#4515=CARTESIAN_POINT('',(158.551128388323,-24.6666666666667,88.3390609345017));
#4516=CARTESIAN_POINT('',(-4.0139582382915E-12,0.,7.94583927321258E-13));
#4517=CARTESIAN_POINT('',(180.774396240229,-76.4,-16.2131941325804));
#4518=CARTESIAN_POINT('',(174.5777270786,-76.3999999999999,-49.6474290177242));
#4519=CARTESIAN_POINT('',(180.774396240229,-26.2666666666667,-16.2131941325804));
#4520=CARTESIAN_POINT('',(174.5777270786,-26.2666666666667,-49.6474290177242));
#4521=CARTESIAN_POINT('',(180.774396240229,-76.4,-16.2131941325804));
#4522=CARTESIAN_POINT('',(179.248935421804,-76.4,-33.2218264960714));
#4523=CARTESIAN_POINT('',(174.5777270786,-76.3999999999999,-49.6474290177242));
#4524=CARTESIAN_POINT('',(180.774396240229,-26.2666666666667,-16.2131941325804));
#4525=CARTESIAN_POINT('',(179.248935421803,-26.2666666666667,-33.2218264960714));
#4526=CARTESIAN_POINT('',(174.5777270786,-26.2666666666667,-49.6474290177242));
#4527=CARTESIAN_POINT('',(174.5777270786,-26.2666666666667,-49.6474290177242));
#4528=CARTESIAN_POINT('',(174.5777270786,-76.3999999999999,-49.6474290177242));
#4529=CARTESIAN_POINT('',(180.774396240229,-26.2666666666667,-16.2131941325804));
#4530=CARTESIAN_POINT('',(180.774396240229,-76.4,-16.2131941325804));
#4531=CARTESIAN_POINT('',(-4.0139582382915E-12,0.,7.94583927321258E-13));
#4532=CARTESIAN_POINT('',(180.774396240229,24.6666666666667,-16.2131941325804));
#4533=CARTESIAN_POINT('',(174.5777270786,24.6666666666666,-49.6474290177242));
#4534=CARTESIAN_POINT('',(180.774396240229,-24.6666666666667,-16.2131941325804));
#4535=CARTESIAN_POINT('',(174.5777270786,-24.6666666666667,-49.6474290177242));
#4536=CARTESIAN_POINT('',(180.774396240229,24.6666666666667,-16.2131941325804));
#4537=CARTESIAN_POINT('',(179.248935421803,24.6666666666666,-33.2218264960714));
#4538=CARTESIAN_POINT('',(174.5777270786,24.6666666666666,-49.6474290177242));
#4539=CARTESIAN_POINT('',(174.5777270786,24.6666666666666,-49.6474290177242));
#4540=CARTESIAN_POINT('',(174.5777270786,-24.6666666666667,-49.6474290177242));
#4541=CARTESIAN_POINT('',(180.774396240229,24.6666666666667,-16.2131941325804));
#4542=CARTESIAN_POINT('',(180.774396240229,-24.6666666666667,-16.2131941325804));
#4543=CARTESIAN_POINT('',(180.774396240229,-24.6666666666667,-16.2131941325804));
#4544=CARTESIAN_POINT('',(179.248935421803,-24.6666666666667,-33.2218264960714));
#4545=CARTESIAN_POINT('',(174.5777270786,-24.6666666666667,-49.6474290177242));
#4546=CARTESIAN_POINT('',(-1.9388449983364E-12,0.,-1.05363960277168E-12));
#4547=CARTESIAN_POINT('',(159.31598519832,-76.4000000000001,86.9520952035593));
#4548=CARTESIAN_POINT('',(172.738708758904,-76.4,55.7098599559048));
#4549=CARTESIAN_POINT('',(159.31598519832,-26.2666666666667,86.9520952035593));
#4550=CARTESIAN_POINT('',(172.738708758904,-26.2666666666666,55.7098599559048));
#4551=CARTESIAN_POINT('',(159.31598519832,-76.4000000000001,86.9520952035593));
#4552=CARTESIAN_POINT('',(167.49710072857,-76.4,71.9624336241361));
#4553=CARTESIAN_POINT('',(172.738708758904,-76.4,55.7098599559048));
#4554=CARTESIAN_POINT('',(159.31598519832,-26.2666666666667,86.9520952035593));
#4555=CARTESIAN_POINT('',(167.49710072857,-26.2666666666666,71.9624336241361));
#4556=CARTESIAN_POINT('',(172.738708758904,-26.2666666666666,55.7098599559048));
#4557=CARTESIAN_POINT('',(172.738708758904,-26.2666666666666,55.7098599559048));
#4558=CARTESIAN_POINT('',(172.738708758904,-76.4,55.7098599559048));
#4559=CARTESIAN_POINT('',(159.31598519832,-26.2666666666667,86.9520952035593));
#4560=CARTESIAN_POINT('',(159.31598519832,-76.4000000000001,86.9520952035593));
#4561=CARTESIAN_POINT('',(-1.9388449983364E-12,0.,-1.05363960277168E-12));
#4562=CARTESIAN_POINT('',(159.31598519832,24.6666666666667,86.9520952035593));
#4563=CARTESIAN_POINT('',(172.738708758904,24.6666666666667,55.7098599559048));
#4564=CARTESIAN_POINT('',(159.31598519832,-24.6666666666667,86.9520952035593));
#4565=CARTESIAN_POINT('',(172.738708758904,-24.6666666666666,55.7098599559048));
#4566=CARTESIAN_POINT('',(159.31598519832,24.6666666666667,86.9520952035593));
#4567=CARTESIAN_POINT('',(167.49710072857,24.6666666666667,71.962433624136));
#4568=CARTESIAN_POINT('',(172.738708758904,24.6666666666667,55.7098599559048));
#4569=CARTESIAN_POINT('',(172.738708758904,24.6666666666667,55.7098599559048));
#4570=CARTESIAN_POINT('',(172.738708758904,-24.6666666666666,55.7098599559048));
#4571=CARTESIAN_POINT('',(159.31598519832,24.6666666666667,86.9520952035593));
#4572=CARTESIAN_POINT('',(159.31598519832,-24.6666666666667,86.9520952035593));
#4573=CARTESIAN_POINT('',(159.31598519832,-24.6666666666667,86.9520952035593));
#4574=CARTESIAN_POINT('',(167.49710072857,-24.6666666666667,71.9624336241361));
#4575=CARTESIAN_POINT('',(172.738708758904,-24.6666666666666,55.7098599559048));
#4576=CARTESIAN_POINT('',(9.09987424384777E-12,0.,2.37784006303598E-12));
#4577=CARTESIAN_POINT('',(173.21828546869,-76.4000000000001,54.2003282212144));
#4578=CARTESIAN_POINT('',(180.288037424865,-76.3999999999999,20.939760301652));
#4579=CARTESIAN_POINT('',(173.21828546869,-26.2666666666667,54.2003282212144));
#4580=CARTESIAN_POINT('',(180.288037424865,-26.2666666666667,20.939760301652));
#4581=CARTESIAN_POINT('',(173.21828546869,-76.4000000000001,54.2003282212144));
#4582=CARTESIAN_POINT('',(178.317865253596,-76.4,37.9026323226425));
#4583=CARTESIAN_POINT('',(180.288037424865,-76.3999999999999,20.939760301652));
#4584=CARTESIAN_POINT('',(173.21828546869,-26.2666666666667,54.2003282212144));
#4585=CARTESIAN_POINT('',(178.317865253596,-26.2666666666667,37.9026323226425));
#4586=CARTESIAN_POINT('',(180.288037424865,-26.2666666666667,20.939760301652));
#4587=CARTESIAN_POINT('',(180.288037424865,-26.2666666666667,20.939760301652));
#4588=CARTESIAN_POINT('',(180.288037424865,-76.3999999999999,20.939760301652));
#4589=CARTESIAN_POINT('',(173.21828546869,-26.2666666666667,54.2003282212144));
#4590=CARTESIAN_POINT('',(173.21828546869,-76.4000000000001,54.2003282212144));
#4591=CARTESIAN_POINT('',(9.09987424384777E-12,0.,2.37784006303598E-12));
#4592=CARTESIAN_POINT('',(173.21828546869,24.6666666666667,54.2003282212144));
#4593=CARTESIAN_POINT('',(180.288037424865,24.6666666666666,20.939760301652));
#4594=CARTESIAN_POINT('',(173.21828546869,-24.6666666666667,54.2003282212144));
#4595=CARTESIAN_POINT('',(180.288037424865,-24.6666666666667,20.939760301652));
#4596=CARTESIAN_POINT('',(173.21828546869,24.6666666666667,54.2003282212144));
#4597=CARTESIAN_POINT('',(178.317865253596,24.6666666666667,37.9026323226425));
#4598=CARTESIAN_POINT('',(180.288037424865,24.6666666666666,20.939760301652));
#4599=CARTESIAN_POINT('',(180.288037424865,24.6666666666666,20.939760301652));
#4600=CARTESIAN_POINT('',(180.288037424865,-24.6666666666667,20.939760301652));
#4601=CARTESIAN_POINT('',(173.21828546869,24.6666666666667,54.2003282212144));
#4602=CARTESIAN_POINT('',(173.21828546869,-24.6666666666667,54.2003282212144));
#4603=CARTESIAN_POINT('',(173.21828546869,-24.6666666666667,54.2003282212144));
#4604=CARTESIAN_POINT('',(178.317865253596,-24.6666666666667,37.9026323226425));
#4605=CARTESIAN_POINT('',(180.288037424865,-24.6666666666667,20.939760301652));
#4606=CARTESIAN_POINT('',(-3.71345142960071E-12,0.,3.31976534850702E-14));
#4607=CARTESIAN_POINT('',(180.463904170433,-76.3999999999999,19.3656730212224));
#4608=CARTESIAN_POINT('',(180.908997919284,-76.4,-14.6350425978405));
#4609=CARTESIAN_POINT('',(180.463904170433,-26.2666666666667,19.3656730212224));
#4610=CARTESIAN_POINT('',(180.908997919284,-26.2666666666667,-14.6350425978405));
#4611=CARTESIAN_POINT('',(180.463904170433,-76.3999999999999,19.3656730212224));
#4612=CARTESIAN_POINT('',(182.285974218737,-76.4,2.38625411703084));
#4613=CARTESIAN_POINT('',(180.908997919284,-76.4,-14.6350425978405));
#4614=CARTESIAN_POINT('',(180.463904170433,-26.2666666666667,19.3656730212224));
#4615=CARTESIAN_POINT('',(182.285974218737,-26.2666666666667,2.38625411703084));
#4616=CARTESIAN_POINT('',(180.908997919284,-26.2666666666667,-14.6350425978405));
#4617=CARTESIAN_POINT('',(180.908997919284,-26.2666666666667,-14.6350425978405));
#4618=CARTESIAN_POINT('',(180.908997919284,-76.4,-14.6350425978405));
#4619=CARTESIAN_POINT('',(180.463904170433,-26.2666666666667,19.3656730212224));
#4620=CARTESIAN_POINT('',(180.463904170433,-76.3999999999999,19.3656730212224));
#4621=CARTESIAN_POINT('',(-3.71345142960071E-12,0.,3.31976534850702E-14));
#4622=CARTESIAN_POINT('',(180.463904170433,24.6666666666666,19.3656730212224));
#4623=CARTESIAN_POINT('',(180.908997919284,24.6666666666667,-14.6350425978405));
#4624=CARTESIAN_POINT('',(180.463904170433,-24.6666666666667,19.3656730212224));
#4625=CARTESIAN_POINT('',(180.908997919284,-24.6666666666666,-14.6350425978405));
#4626=CARTESIAN_POINT('',(180.463904170433,24.6666666666666,19.3656730212224));
#4627=CARTESIAN_POINT('',(182.285974218737,24.6666666666666,2.38625411703085));
#4628=CARTESIAN_POINT('',(180.908997919284,24.6666666666667,-14.6350425978405));
#4629=CARTESIAN_POINT('',(180.908997919284,24.6666666666667,-14.6350425978405));
#4630=CARTESIAN_POINT('',(180.908997919284,-24.6666666666666,-14.6350425978405));
#4631=CARTESIAN_POINT('',(180.463904170433,24.6666666666666,19.3656730212224));
#4632=CARTESIAN_POINT('',(180.463904170433,-24.6666666666667,19.3656730212224));
#4633=CARTESIAN_POINT('',(180.463904170433,-24.6666666666667,19.3656730212224));
#4634=CARTESIAN_POINT('',(182.285974218737,-24.6666666666667,2.38625411703084));
#4635=CARTESIAN_POINT('',(180.908997919284,-24.6666666666666,-14.6350425978405));
#4636=CARTESIAN_POINT('',(1.74737469766448E-12,0.,4.36063318948477E-12));
#4637=CARTESIAN_POINT('',(-51.1689973283324,76.4,-174.137829641962));
#4638=CARTESIAN_POINT('',(-82.7518925830559,76.4,-161.537532090602));
#4639=CARTESIAN_POINT('',(-51.1689973283324,26.2666666666666,-174.137829641962));
#4640=CARTESIAN_POINT('',(-82.7518925830559,26.2666666666666,-161.537532090602));
#4641=CARTESIAN_POINT('',(-51.1689973283324,76.4,-174.137829641962));
#4642=CARTESIAN_POINT('',(-67.5532109479448,76.4,-169.323460560572));
#4643=CARTESIAN_POINT('',(-82.7518925830559,76.4,-161.537532090602));
#4644=CARTESIAN_POINT('',(-82.7518925830559,76.4,-161.537532090602));
#4645=CARTESIAN_POINT('',(-82.7518925830559,26.2666666666667,-161.537532090602));
#4646=CARTESIAN_POINT('',(-51.1689973283324,76.4,-174.137829641962));
#4647=CARTESIAN_POINT('',(-51.1689973283324,26.2666666666666,-174.137829641962));
#4648=CARTESIAN_POINT('',(-51.1689973283324,26.2666666666666,-174.137829641962));
#4649=CARTESIAN_POINT('',(-67.5532109479447,26.2666666666667,-169.323460560572));
#4650=CARTESIAN_POINT('',(-82.7518925830559,26.2666666666666,-161.537532090602));
#4651=CARTESIAN_POINT('',(2.25769047618915E-12,0.,-2.89448111387554E-12));
#4652=CARTESIAN_POINT('',(-141.30084911386,76.4,113.913651682764));
#4653=CARTESIAN_POINT('',(-117.573441342502,76.4,138.270517070276));
#4654=CARTESIAN_POINT('',(-141.30084911386,26.2666666666667,113.913651682764));
#4655=CARTESIAN_POINT('',(-117.573441342502,26.2666666666667,138.270517070276));
#4656=CARTESIAN_POINT('',(-141.30084911386,76.4,113.913651682764));
#4657=CARTESIAN_POINT('',(-130.582984953052,76.4,127.208312017478));
#4658=CARTESIAN_POINT('',(-117.573441342502,76.4,138.270517070276));
#4659=CARTESIAN_POINT('',(-117.573441342502,76.4,138.270517070276));
#4660=CARTESIAN_POINT('',(-117.573441342502,26.2666666666667,138.270517070276));
#4661=CARTESIAN_POINT('',(-141.30084911386,76.4,113.913651682764));
#4662=CARTESIAN_POINT('',(-141.30084911386,26.2666666666667,113.913651682764));
#4663=CARTESIAN_POINT('',(-141.30084911386,26.2666666666667,113.913651682764));
#4664=CARTESIAN_POINT('',(-130.582984953052,26.2666666666667,127.208312017478));
#4665=CARTESIAN_POINT('',(-117.573441342502,26.2666666666667,138.270517070276));
#4666=CARTESIAN_POINT('',(4.26534196235086E-13,0.,3.86068021334707E-12));
#4667=CARTESIAN_POINT('',(19.3656730212225,76.4,-180.463904170433));
#4668=CARTESIAN_POINT('',(-14.6350425978404,76.4,-180.908997919284));
#4669=CARTESIAN_POINT('',(19.3656730212225,26.2666666666667,-180.463904170433));
#4670=CARTESIAN_POINT('',(-14.6350425978404,26.2666666666667,-180.908997919284));
#4671=CARTESIAN_POINT('',(19.3656730212225,76.4,-180.463904170433));
#4672=CARTESIAN_POINT('',(2.38625411703093,76.4,-182.285974218736));
#4673=CARTESIAN_POINT('',(-14.6350425978404,76.4,-180.908997919284));
#4674=CARTESIAN_POINT('',(-14.6350425978404,76.4,-180.908997919284));
#4675=CARTESIAN_POINT('',(-14.6350425978404,26.2666666666667,-180.908997919284));
#4676=CARTESIAN_POINT('',(19.3656730212225,76.4,-180.463904170433));
#4677=CARTESIAN_POINT('',(19.3656730212225,26.2666666666667,-180.463904170433));
#4678=CARTESIAN_POINT('',(19.3656730212225,26.2666666666667,-180.463904170433));
#4679=CARTESIAN_POINT('',(2.38625411703092,26.2666666666667,-182.285974218737));
#4680=CARTESIAN_POINT('',(-14.6350425978404,26.2666666666667,-180.908997919284));
#4681=CARTESIAN_POINT('',(1.06671078780021E-12,0.,-1.93322917405698E-12));
#4682=CARTESIAN_POINT('',(-86.9520952035593,76.4,159.31598519832));
#4683=CARTESIAN_POINT('',(-55.7098599559048,76.4,172.738708758904));
#4684=CARTESIAN_POINT('',(-86.9520952035593,26.2666666666667,159.31598519832));
#4685=CARTESIAN_POINT('',(-55.7098599559048,26.2666666666667,172.738708758904));
#4686=CARTESIAN_POINT('',(-86.9520952035593,76.4,159.31598519832));
#4687=CARTESIAN_POINT('',(-71.9624336241361,76.4,167.49710072857));
#4688=CARTESIAN_POINT('',(-55.7098599559048,76.4,172.738708758904));
#4689=CARTESIAN_POINT('',(-55.7098599559048,76.4,172.738708758904));
#4690=CARTESIAN_POINT('',(-55.7098599559048,26.2666666666667,172.738708758904));
#4691=CARTESIAN_POINT('',(-86.9520952035593,76.4,159.31598519832));
#4692=CARTESIAN_POINT('',(-86.9520952035593,26.2666666666667,159.31598519832));
#4693=CARTESIAN_POINT('',(-86.9520952035593,26.2666666666667,159.31598519832));
#4694=CARTESIAN_POINT('',(-71.9624336241361,26.2666666666667,167.49710072857));
#4695=CARTESIAN_POINT('',(-55.7098599559048,26.2666666666667,172.738708758904));
#4696=CARTESIAN_POINT('',(-3.95272816280805E-13,0.,-2.12294294778428E-12));
#4697=CARTESIAN_POINT('',(-16.2131941325805,76.4,-180.774396240229));
#4698=CARTESIAN_POINT('',(-49.6474290177243,76.4,-174.5777270786));
#4699=CARTESIAN_POINT('',(-16.2131941325805,26.2666666666667,-180.774396240229));
#4700=CARTESIAN_POINT('',(-49.6474290177243,26.2666666666667,-174.5777270786));
#4701=CARTESIAN_POINT('',(-16.2131941325805,76.4,-180.774396240229));
#4702=CARTESIAN_POINT('',(-33.2218264960714,76.3999999999999,-179.248935421803));
#4703=CARTESIAN_POINT('',(-49.6474290177243,76.4,-174.5777270786));
#4704=CARTESIAN_POINT('',(-49.6474290177243,76.4,-174.5777270786));
#4705=CARTESIAN_POINT('',(-49.6474290177243,26.2666666666667,-174.5777270786));
#4706=CARTESIAN_POINT('',(-16.2131941325805,76.4,-180.774396240229));
#4707=CARTESIAN_POINT('',(-16.2131941325805,26.2666666666667,-180.774396240229));
#4708=CARTESIAN_POINT('',(-16.2131941325805,26.2666666666667,-180.774396240229));
#4709=CARTESIAN_POINT('',(-33.2218264960714,26.2666666666667,-179.248935421803));
#4710=CARTESIAN_POINT('',(-49.6474290177243,26.2666666666667,-174.5777270786));
#4711=CARTESIAN_POINT('',(2.21571847371458E-12,0.,-3.62576454779895E-12));
#4712=CARTESIAN_POINT('',(-116.362341930528,76.4,139.291260962211));
#4713=CARTESIAN_POINT('',(-88.3390609345016,76.4,158.551128388323));
#4714=CARTESIAN_POINT('',(-116.362341930528,26.2666666666667,139.291260962211));
#4715=CARTESIAN_POINT('',(-88.3390609345016,26.2666666666667,158.551128388323));
#4716=CARTESIAN_POINT('',(-116.362341930528,76.4,139.291260962211));
#4717=CARTESIAN_POINT('',(-103.256758958452,76.4,150.239516556002));
#4718=CARTESIAN_POINT('',(-88.3390609345016,76.4,158.551128388323));
#4719=CARTESIAN_POINT('',(-88.3390609345016,76.4,158.551128388323));
#4720=CARTESIAN_POINT('',(-88.3390609345016,26.2666666666667,158.551128388323));
#4721=CARTESIAN_POINT('',(-116.362341930528,76.4,139.291260962211));
#4722=CARTESIAN_POINT('',(-116.362341930528,26.2666666666667,139.291260962211));
#4723=CARTESIAN_POINT('',(-116.362341930528,26.2666666666667,139.291260962211));
#4724=CARTESIAN_POINT('',(-103.256758958452,26.2666666666667,150.239516556002));
#4725=CARTESIAN_POINT('',(-88.3390609345016,26.2666666666667,158.551128388323));
#4726=CARTESIAN_POINT('',(-2.69679954790973E-12,0.,-4.75348953900155E-12));
#4727=CARTESIAN_POINT('',(-84.1584046526607,-24.6666666666666,-160.809243908175));
#4728=CARTESIAN_POINT('',(-112.676247324217,-24.6666666666667,-142.289540335655));
#4729=CARTESIAN_POINT('',(-84.1584046526607,24.6666666666667,-160.809243908175));
#4730=CARTESIAN_POINT('',(-112.676247324217,24.6666666666667,-142.289540335655));
#4731=CARTESIAN_POINT('',(-84.1584046526607,-24.6666666666666,-160.809243908175));
#4732=CARTESIAN_POINT('',(-99.2885633873656,-24.6666666666667,-152.890980067688));
#4733=CARTESIAN_POINT('',(-112.676247324217,-24.6666666666667,-142.289540335655));
#4734=CARTESIAN_POINT('',(-84.1584046526607,24.6666666666667,-160.809243908175));
#4735=CARTESIAN_POINT('',(-99.2885633873656,24.6666666666667,-152.890980067688));
#4736=CARTESIAN_POINT('',(-112.676247324217,24.6666666666667,-142.289540335655));
#4737=CARTESIAN_POINT('',(-84.1584046526607,24.6666666666667,-160.809243908175));
#4738=CARTESIAN_POINT('',(-84.1584046526607,-24.6666666666666,-160.809243908175));
#4739=CARTESIAN_POINT('',(-112.676247324217,24.6666666666667,-142.289540335655));
#4740=CARTESIAN_POINT('',(-112.676247324217,-24.6666666666667,-142.289540335655));
#4741=CARTESIAN_POINT('',(-2.69679954790973E-12,0.,-4.75348953900155E-12));
#4742=CARTESIAN_POINT('',(-84.1584046526607,76.4,-160.809243908175));
#4743=CARTESIAN_POINT('',(-112.676247324217,76.4,-142.289540335655));
#4744=CARTESIAN_POINT('',(-84.1584046526607,26.2666666666667,-160.809243908175));
#4745=CARTESIAN_POINT('',(-112.676247324217,26.2666666666667,-142.289540335655));
#4746=CARTESIAN_POINT('',(-84.1584046526607,76.4,-160.809243908175));
#4747=CARTESIAN_POINT('',(-99.2885633873657,76.4,-152.890980067688));
#4748=CARTESIAN_POINT('',(-112.676247324217,76.4,-142.289540335655));
#4749=CARTESIAN_POINT('',(-84.1584046526607,76.4,-160.809243908175));
#4750=CARTESIAN_POINT('',(-84.1584046526607,26.2666666666667,-160.809243908175));
#4751=CARTESIAN_POINT('',(-112.676247324217,76.4,-142.289540335655));
#4752=CARTESIAN_POINT('',(-112.676247324217,26.2666666666667,-142.289540335655));
#4753=CARTESIAN_POINT('',(-84.1584046526607,26.2666666666667,-160.809243908175));
#4754=CARTESIAN_POINT('',(-99.2885633873657,26.2666666666667,-152.890980067688));
#4755=CARTESIAN_POINT('',(-112.676247324217,26.2666666666667,-142.289540335655));
#4756=CARTESIAN_POINT('',(-4.75348953900155E-12,0.,2.69679954790973E-12));
#4757=CARTESIAN_POINT('',(-160.809243908175,-24.6666666666666,84.1584046526607));
#4758=CARTESIAN_POINT('',(-142.289540335655,-24.6666666666667,112.676247324217));
#4759=CARTESIAN_POINT('',(-160.809243908175,24.6666666666667,84.1584046526607));
#4760=CARTESIAN_POINT('',(-142.289540335655,24.6666666666667,112.676247324217));
#4761=CARTESIAN_POINT('',(-160.809243908175,-24.6666666666666,84.1584046526607));
#4762=CARTESIAN_POINT('',(-152.890980067688,-24.6666666666667,99.2885633873657));
#4763=CARTESIAN_POINT('',(-142.289540335655,-24.6666666666667,112.676247324217));
#4764=CARTESIAN_POINT('',(-160.809243908175,24.6666666666667,84.1584046526607));
#4765=CARTESIAN_POINT('',(-152.890980067688,24.6666666666667,99.2885633873656));
#4766=CARTESIAN_POINT('',(-142.289540335655,24.6666666666667,112.676247324217));
#4767=CARTESIAN_POINT('',(-160.809243908175,24.6666666666667,84.1584046526607));
#4768=CARTESIAN_POINT('',(-160.809243908175,-24.6666666666666,84.1584046526607));
#4769=CARTESIAN_POINT('',(-142.289540335655,24.6666666666667,112.676247324217));
#4770=CARTESIAN_POINT('',(-142.289540335655,-24.6666666666667,112.676247324217));
#4771=CARTESIAN_POINT('',(-4.75348953900155E-12,0.,2.69679954790973E-12));
#4772=CARTESIAN_POINT('',(-160.809243908175,76.4,84.1584046526607));
#4773=CARTESIAN_POINT('',(-142.289540335655,76.4,112.676247324217));
#4774=CARTESIAN_POINT('',(-160.809243908175,26.2666666666667,84.1584046526607));
#4775=CARTESIAN_POINT('',(-142.289540335655,26.2666666666667,112.676247324217));
#4776=CARTESIAN_POINT('',(-160.809243908175,76.4,84.1584046526607));
#4777=CARTESIAN_POINT('',(-152.890980067688,76.4,99.2885633873657));
#4778=CARTESIAN_POINT('',(-142.289540335655,76.4,112.676247324217));
#4779=CARTESIAN_POINT('',(-160.809243908175,76.4,84.1584046526607));
#4780=CARTESIAN_POINT('',(-160.809243908175,26.2666666666667,84.1584046526607));
#4781=CARTESIAN_POINT('',(-142.289540335655,76.4,112.676247324217));
#4782=CARTESIAN_POINT('',(-142.289540335655,26.2666666666667,112.676247324217));
#4783=CARTESIAN_POINT('',(-160.809243908175,26.2666666666667,84.1584046526607));
#4784=CARTESIAN_POINT('',(-152.890980067688,26.2666666666667,99.2885633873657));
#4785=CARTESIAN_POINT('',(-142.289540335655,26.2666666666667,112.676247324217));
#4786=CARTESIAN_POINT('',(-1.03770441529932E-13,0.,2.76446024337855E-12));
#4787=CARTESIAN_POINT('',(-19.3656730212224,76.4,180.463904170433));
#4788=CARTESIAN_POINT('',(14.6350425978405,76.4,180.908997919284));
#4789=CARTESIAN_POINT('',(-19.3656730212224,26.2666666666667,180.463904170433));
#4790=CARTESIAN_POINT('',(14.6350425978405,26.2666666666667,180.908997919284));
#4791=CARTESIAN_POINT('',(-19.3656730212224,76.4,180.463904170433));
#4792=CARTESIAN_POINT('',(-2.38625411703082,76.4,182.285974218737));
#4793=CARTESIAN_POINT('',(14.6350425978405,76.4,180.908997919284));
#4794=CARTESIAN_POINT('',(14.6350425978405,76.4,180.908997919284));
#4795=CARTESIAN_POINT('',(14.6350425978405,26.2666666666667,180.908997919284));
#4796=CARTESIAN_POINT('',(-19.3656730212224,76.4,180.463904170433));
#4797=CARTESIAN_POINT('',(-19.3656730212224,26.2666666666667,180.463904170433));
#4798=CARTESIAN_POINT('',(-19.3656730212224,26.2666666666667,180.463904170433));
#4799=CARTESIAN_POINT('',(-2.38625411703082,26.2666666666667,182.285974218737));
#4800=CARTESIAN_POINT('',(14.6350425978405,26.2666666666667,180.908997919284));
#4801=CARTESIAN_POINT('',(-1.04056841774315E-12,0.,1.94446082261583E-12));
#4802=CARTESIAN_POINT('',(86.9520952035593,76.4,-159.31598519832));
#4803=CARTESIAN_POINT('',(55.7098599559049,76.4,-172.738708758904));
#4804=CARTESIAN_POINT('',(86.9520952035593,26.2666666666667,-159.31598519832));
#4805=CARTESIAN_POINT('',(55.7098599559049,26.2666666666666,-172.738708758904));
#4806=CARTESIAN_POINT('',(86.9520952035593,76.4,-159.31598519832));
#4807=CARTESIAN_POINT('',(71.9624336241361,76.4,-167.49710072857));
#4808=CARTESIAN_POINT('',(55.7098599559049,76.4,-172.738708758904));
#4809=CARTESIAN_POINT('',(55.7098599559049,76.4,-172.738708758904));
#4810=CARTESIAN_POINT('',(55.7098599559049,26.2666666666666,-172.738708758904));
#4811=CARTESIAN_POINT('',(86.9520952035593,76.4,-159.31598519832));
#4812=CARTESIAN_POINT('',(86.9520952035593,26.2666666666667,-159.31598519832));
#4813=CARTESIAN_POINT('',(86.9520952035593,26.2666666666667,-159.31598519832));
#4814=CARTESIAN_POINT('',(71.9624336241361,26.2666666666667,-167.49710072857));
#4815=CARTESIAN_POINT('',(55.7098599559049,26.2666666666666,-172.738708758904));
#4816=CARTESIAN_POINT('',(2.37784006303598E-12,0.,-9.09987424384777E-12));
#4817=CARTESIAN_POINT('',(54.2003282212144,76.4,-173.21828546869));
#4818=CARTESIAN_POINT('',(20.939760301652,76.4,-180.288037424865));
#4819=CARTESIAN_POINT('',(54.2003282212144,26.2666666666667,-173.21828546869));
#4820=CARTESIAN_POINT('',(20.939760301652,26.2666666666666,-180.288037424865));
#4821=CARTESIAN_POINT('',(54.2003282212144,76.4,-173.21828546869));
#4822=CARTESIAN_POINT('',(37.9026323226425,76.4,-178.317865253596));
#4823=CARTESIAN_POINT('',(20.939760301652,76.4,-180.288037424865));
#4824=CARTESIAN_POINT('',(20.939760301652,76.4,-180.288037424865));
#4825=CARTESIAN_POINT('',(20.939760301652,26.2666666666666,-180.288037424865));
#4826=CARTESIAN_POINT('',(54.2003282212144,76.4,-173.21828546869));
#4827=CARTESIAN_POINT('',(54.2003282212144,26.2666666666667,-173.21828546869));
#4828=CARTESIAN_POINT('',(54.2003282212144,26.2666666666667,-173.21828546869));
#4829=CARTESIAN_POINT('',(37.9026323226425,26.2666666666667,-178.317865253596));
#4830=CARTESIAN_POINT('',(20.939760301652,26.2666666666666,-180.288037424865));
#4831=CARTESIAN_POINT('',(-2.37784006303598E-12,0.,9.09987424384777E-12));
#4832=CARTESIAN_POINT('',(-54.2003282212144,76.4,173.21828546869));
#4833=CARTESIAN_POINT('',(-20.939760301652,76.4,180.288037424865));
#4834=CARTESIAN_POINT('',(-54.2003282212144,26.2666666666667,173.21828546869));
#4835=CARTESIAN_POINT('',(-20.939760301652,26.2666666666667,180.288037424865));
#4836=CARTESIAN_POINT('',(-54.2003282212144,76.4,173.21828546869));
#4837=CARTESIAN_POINT('',(-37.9026323226425,76.4,178.317865253596));
#4838=CARTESIAN_POINT('',(-20.939760301652,76.4,180.288037424865));
#4839=CARTESIAN_POINT('',(-20.939760301652,76.4,180.288037424865));
#4840=CARTESIAN_POINT('',(-20.939760301652,26.2666666666667,180.288037424865));
#4841=CARTESIAN_POINT('',(-54.2003282212144,76.4,173.21828546869));
#4842=CARTESIAN_POINT('',(-54.2003282212144,26.2666666666667,173.21828546869));
#4843=CARTESIAN_POINT('',(-54.2003282212144,26.2666666666667,173.21828546869));
#4844=CARTESIAN_POINT('',(-37.9026323226425,26.2666666666667,178.317865253596));
#4845=CARTESIAN_POINT('',(-20.939760301652,26.2666666666667,180.288037424865));
#4846=CARTESIAN_POINT('',(-7.66607371418211E-13,0.,-4.01914338644305E-12));
#4847=CARTESIAN_POINT('',(16.2131941325804,76.4,180.774396240229));
#4848=CARTESIAN_POINT('',(49.6474290177242,76.4,174.5777270786));
#4849=CARTESIAN_POINT('',(16.2131941325804,26.2666666666667,180.774396240229));
#4850=CARTESIAN_POINT('',(49.6474290177242,26.2666666666666,174.5777270786));
#4851=CARTESIAN_POINT('',(16.2131941325804,76.4,180.774396240229));
#4852=CARTESIAN_POINT('',(33.2218264960714,76.3999999999999,179.248935421804));
#4853=CARTESIAN_POINT('',(49.6474290177242,76.4,174.5777270786));
#4854=CARTESIAN_POINT('',(49.6474290177242,76.4,174.5777270786));
#4855=CARTESIAN_POINT('',(49.6474290177242,26.2666666666666,174.5777270786));
#4856=CARTESIAN_POINT('',(16.2131941325804,76.4,180.774396240229));
#4857=CARTESIAN_POINT('',(16.2131941325804,26.2666666666667,180.774396240229));
#4858=CARTESIAN_POINT('',(16.2131941325804,26.2666666666667,180.774396240229));
#4859=CARTESIAN_POINT('',(33.2218264960714,26.2666666666666,179.248935421803));
#4860=CARTESIAN_POINT('',(49.6474290177242,26.2666666666666,174.5777270786));
#4861=CARTESIAN_POINT('',(-1.74737469766448E-12,0.,-4.36063318948477E-12));
#4862=CARTESIAN_POINT('',(51.1689973283324,76.4,174.137829641962));
#4863=CARTESIAN_POINT('',(82.7518925830559,76.4,161.537532090602));
#4864=CARTESIAN_POINT('',(51.1689973283324,26.2666666666667,174.137829641962));
#4865=CARTESIAN_POINT('',(82.7518925830559,26.2666666666666,161.537532090602));
#4866=CARTESIAN_POINT('',(51.1689973283324,76.4,174.137829641962));
#4867=CARTESIAN_POINT('',(67.5532109479447,76.4,169.323460560572));
#4868=CARTESIAN_POINT('',(82.7518925830559,76.4,161.537532090602));
#4869=CARTESIAN_POINT('',(82.7518925830559,76.4,161.537532090602));
#4870=CARTESIAN_POINT('',(82.7518925830559,26.2666666666667,161.537532090602));
#4871=CARTESIAN_POINT('',(51.1689973283324,76.4,174.137829641962));
#4872=CARTESIAN_POINT('',(51.1689973283324,26.2666666666667,174.137829641962));
#4873=CARTESIAN_POINT('',(51.1689973283324,26.2666666666667,174.137829641962));
#4874=CARTESIAN_POINT('',(67.5532109479447,26.2666666666667,169.323460560572));
#4875=CARTESIAN_POINT('',(82.7518925830559,26.2666666666666,161.537532090602));
#4876=CARTESIAN_POINT('',(-3.41265512521E-12,0.,3.88057057757457E-12));
#4877=CARTESIAN_POINT('',(141.30084911386,76.4,-113.913651682764));
#4878=CARTESIAN_POINT('',(117.573441342502,76.4,-138.270517070275));
#4879=CARTESIAN_POINT('',(141.30084911386,26.2666666666667,-113.913651682764));
#4880=CARTESIAN_POINT('',(117.573441342502,26.2666666666667,-138.270517070275));
#4881=CARTESIAN_POINT('',(141.30084911386,76.4,-113.913651682764));
#4882=CARTESIAN_POINT('',(130.582984953052,76.4,-127.208312017478));
#4883=CARTESIAN_POINT('',(117.573441342502,76.4,-138.270517070275));
#4884=CARTESIAN_POINT('',(117.573441342502,76.4,-138.270517070275));
#4885=CARTESIAN_POINT('',(117.573441342502,26.2666666666667,-138.270517070275));
#4886=CARTESIAN_POINT('',(141.30084911386,76.4,-113.913651682764));
#4887=CARTESIAN_POINT('',(141.30084911386,26.2666666666667,-113.913651682764));
#4888=CARTESIAN_POINT('',(141.30084911386,26.2666666666667,-113.913651682764));
#4889=CARTESIAN_POINT('',(130.582984953052,26.2666666666667,-127.208312017478));
#4890=CARTESIAN_POINT('',(117.573441342502,26.2666666666667,-138.270517070275));
#4891=CARTESIAN_POINT('',(-3.50696710063658E-12,0.,5.68036290478356E-12));
#4892=CARTESIAN_POINT('',(116.362341930528,76.4,-139.291260962211));
#4893=CARTESIAN_POINT('',(88.3390609345016,76.4,-158.551128388323));
#4894=CARTESIAN_POINT('',(116.362341930528,26.2666666666667,-139.291260962211));
#4895=CARTESIAN_POINT('',(88.3390609345016,26.2666666666667,-158.551128388323));
#4896=CARTESIAN_POINT('',(116.362341930528,76.4,-139.291260962211));
#4897=CARTESIAN_POINT('',(103.256758958452,76.4,-150.239516556002));
#4898=CARTESIAN_POINT('',(88.3390609345016,76.4,-158.551128388323));
#4899=CARTESIAN_POINT('',(88.3390609345016,76.4,-158.551128388323));
#4900=CARTESIAN_POINT('',(88.3390609345016,26.2666666666667,-158.551128388323));
#4901=CARTESIAN_POINT('',(116.362341930528,76.4,-139.291260962211));
#4902=CARTESIAN_POINT('',(116.362341930528,26.2666666666667,-139.291260962211));
#4903=CARTESIAN_POINT('',(116.362341930528,26.2666666666667,-139.291260962211));
#4904=CARTESIAN_POINT('',(103.256758958452,26.2666666666667,-150.239516556002));
#4905=CARTESIAN_POINT('',(88.3390609345016,26.2666666666667,-158.551128388323));
#4906=CARTESIAN_POINT('',(2.69679954790973E-12,0.,4.75348953900155E-12));
#4907=CARTESIAN_POINT('',(84.1584046526607,76.4,160.809243908175));
#4908=CARTESIAN_POINT('',(112.676247324217,76.4,142.289540335655));
#4909=CARTESIAN_POINT('',(84.1584046526607,26.2666666666667,160.809243908175));
#4910=CARTESIAN_POINT('',(112.676247324217,26.2666666666667,142.289540335655));
#4911=CARTESIAN_POINT('',(84.1584046526607,76.4,160.809243908175));
#4912=CARTESIAN_POINT('',(99.2885633873657,76.4,152.890980067688));
#4913=CARTESIAN_POINT('',(112.676247324217,76.4,142.289540335655));
#4914=CARTESIAN_POINT('',(112.676247324217,76.4,142.289540335655));
#4915=CARTESIAN_POINT('',(112.676247324217,26.2666666666667,142.289540335655));
#4916=CARTESIAN_POINT('',(84.1584046526607,76.4,160.809243908175));
#4917=CARTESIAN_POINT('',(84.1584046526607,26.2666666666667,160.809243908175));
#4918=CARTESIAN_POINT('',(84.1584046526607,26.2666666666667,160.809243908175));
#4919=CARTESIAN_POINT('',(99.2885633873657,26.2666666666667,152.890980067688));
#4920=CARTESIAN_POINT('',(112.676247324217,26.2666666666667,142.289540335655));
#4921=CARTESIAN_POINT('',(4.75348953900155E-12,0.,-2.69679954790973E-12));
#4922=CARTESIAN_POINT('',(160.809243908175,76.4,-84.1584046526607));
#4923=CARTESIAN_POINT('',(142.289540335655,76.4,-112.676247324217));
#4924=CARTESIAN_POINT('',(160.809243908175,26.2666666666667,-84.1584046526607));
#4925=CARTESIAN_POINT('',(142.289540335655,26.2666666666667,-112.676247324217));
#4926=CARTESIAN_POINT('',(160.809243908175,76.4,-84.1584046526607));
#4927=CARTESIAN_POINT('',(152.890980067688,76.4,-99.2885633873656));
#4928=CARTESIAN_POINT('',(142.289540335655,76.4,-112.676247324217));
#4929=CARTESIAN_POINT('',(142.289540335655,76.4,-112.676247324217));
#4930=CARTESIAN_POINT('',(142.289540335655,26.2666666666667,-112.676247324217));
#4931=CARTESIAN_POINT('',(160.809243908175,76.4,-84.1584046526607));
#4932=CARTESIAN_POINT('',(160.809243908175,26.2666666666667,-84.1584046526607));
#4933=CARTESIAN_POINT('',(160.809243908175,26.2666666666667,-84.1584046526607));
#4934=CARTESIAN_POINT('',(152.890980067688,26.2666666666667,-99.2885633873657));
#4935=CARTESIAN_POINT('',(142.289540335655,26.2666666666667,-112.676247324217));
#4936=CARTESIAN_POINT('',(-9.07722781371027E-12,0.,-8.71659110239513E-12));
#4937=CARTESIAN_POINT('',(113.913651682765,76.4,141.30084911386));
#4938=CARTESIAN_POINT('',(138.270517070276,76.4,117.573441342502));
#4939=CARTESIAN_POINT('',(113.913651682765,26.2666666666667,141.30084911386));
#4940=CARTESIAN_POINT('',(138.270517070276,26.2666666666667,117.573441342502));
#4941=CARTESIAN_POINT('',(113.913651682765,76.4,141.30084911386));
#4942=CARTESIAN_POINT('',(127.208312017478,76.4,130.582984953052));
#4943=CARTESIAN_POINT('',(138.270517070276,76.4,117.573441342502));
#4944=CARTESIAN_POINT('',(138.270517070276,76.4,117.573441342502));
#4945=CARTESIAN_POINT('',(138.270517070276,26.2666666666667,117.573441342502));
#4946=CARTESIAN_POINT('',(113.913651682765,76.4,141.30084911386));
#4947=CARTESIAN_POINT('',(113.913651682765,26.2666666666667,141.30084911386));
#4948=CARTESIAN_POINT('',(113.913651682765,26.2666666666667,141.30084911386));
#4949=CARTESIAN_POINT('',(127.208312017478,26.2666666666667,130.582984953052));
#4950=CARTESIAN_POINT('',(138.270517070276,26.2666666666667,117.573441342502));
#4951=CARTESIAN_POINT('',(-7.12260142380707E-12,0.,-4.61902787393091E-12));
#4952=CARTESIAN_POINT('',(139.291260962211,76.4,116.362341930528));
#4953=CARTESIAN_POINT('',(158.551128388323,76.4,88.3390609345016));
#4954=CARTESIAN_POINT('',(139.291260962211,26.2666666666666,116.362341930528));
#4955=CARTESIAN_POINT('',(158.551128388323,26.2666666666666,88.3390609345016));
#4956=CARTESIAN_POINT('',(139.291260962211,76.4,116.362341930528));
#4957=CARTESIAN_POINT('',(150.239516556002,76.4,103.256758958452));
#4958=CARTESIAN_POINT('',(158.551128388323,76.4,88.3390609345016));
#4959=CARTESIAN_POINT('',(158.551128388323,76.4,88.3390609345016));
#4960=CARTESIAN_POINT('',(158.551128388323,26.2666666666666,88.3390609345016));
#4961=CARTESIAN_POINT('',(139.291260962211,76.4,116.362341930528));
#4962=CARTESIAN_POINT('',(139.291260962211,26.2666666666666,116.362341930528));
#4963=CARTESIAN_POINT('',(139.291260962211,26.2666666666666,116.362341930528));
#4964=CARTESIAN_POINT('',(150.239516556002,26.2666666666666,103.256758958452));
#4965=CARTESIAN_POINT('',(158.551128388323,26.2666666666666,88.3390609345016));
#4966=CARTESIAN_POINT('',(-4.0139582382915E-12,0.,7.94583927321258E-13));
#4967=CARTESIAN_POINT('',(180.774396240229,76.4,-16.2131941325804));
#4968=CARTESIAN_POINT('',(174.5777270786,76.4,-49.6474290177242));
#4969=CARTESIAN_POINT('',(180.774396240229,26.2666666666666,-16.2131941325804));
#4970=CARTESIAN_POINT('',(174.5777270786,26.2666666666667,-49.6474290177242));
#4971=CARTESIAN_POINT('',(180.774396240229,76.4,-16.2131941325804));
#4972=CARTESIAN_POINT('',(179.248935421804,76.4,-33.2218264960714));
#4973=CARTESIAN_POINT('',(174.5777270786,76.4,-49.6474290177242));
#4974=CARTESIAN_POINT('',(174.5777270786,76.4,-49.6474290177242));
#4975=CARTESIAN_POINT('',(174.5777270786,26.2666666666667,-49.6474290177242));
#4976=CARTESIAN_POINT('',(180.774396240229,76.4,-16.2131941325804));
#4977=CARTESIAN_POINT('',(180.774396240229,26.2666666666666,-16.2131941325804));
#4978=CARTESIAN_POINT('',(180.774396240229,26.2666666666666,-16.2131941325804));
#4979=CARTESIAN_POINT('',(179.248935421804,26.2666666666667,-33.2218264960714));
#4980=CARTESIAN_POINT('',(174.5777270786,26.2666666666667,-49.6474290177242));
#4981=CARTESIAN_POINT('',(-4.36063318948477E-12,0.,1.74737469766448E-12));
#4982=CARTESIAN_POINT('',(174.137829641962,76.4,-51.1689973283324));
#4983=CARTESIAN_POINT('',(161.537532090602,76.4,-82.7518925830559));
#4984=CARTESIAN_POINT('',(174.137829641962,26.2666666666666,-51.1689973283324));
#4985=CARTESIAN_POINT('',(161.537532090602,26.2666666666666,-82.7518925830559));
#4986=CARTESIAN_POINT('',(174.137829641962,76.4,-51.1689973283324));
#4987=CARTESIAN_POINT('',(169.323460560572,76.4,-67.5532109479447));
#4988=CARTESIAN_POINT('',(161.537532090602,76.4,-82.7518925830559));
#4989=CARTESIAN_POINT('',(161.537532090602,76.4,-82.7518925830559));
#4990=CARTESIAN_POINT('',(161.537532090602,26.2666666666667,-82.7518925830559));
#4991=CARTESIAN_POINT('',(174.137829641962,76.4,-51.1689973283324));
#4992=CARTESIAN_POINT('',(174.137829641962,26.2666666666666,-51.1689973283324));
#4993=CARTESIAN_POINT('',(174.137829641962,26.2666666666666,-51.1689973283324));
#4994=CARTESIAN_POINT('',(169.323460560572,26.2666666666666,-67.5532109479447));
#4995=CARTESIAN_POINT('',(161.537532090602,26.2666666666666,-82.7518925830559));
#4996=CARTESIAN_POINT('',(-2.69679954790973E-12,0.,-4.75348953900155E-12));
#4997=CARTESIAN_POINT('',(-84.1584046526607,-76.4,-160.809243908175));
#4998=CARTESIAN_POINT('',(-112.676247324217,-76.4,-142.289540335655));
#4999=CARTESIAN_POINT('',(-84.1584046526607,-26.2666666666667,-160.809243908175));
#5000=CARTESIAN_POINT('',(-112.676247324217,-26.2666666666667,-142.289540335655));
#5001=CARTESIAN_POINT('',(-84.1584046526607,-76.4,-160.809243908175));
#5002=CARTESIAN_POINT('',(-99.2885633873657,-76.4,-152.890980067688));
#5003=CARTESIAN_POINT('',(-112.676247324217,-76.4,-142.289540335655));
#5004=CARTESIAN_POINT('',(-84.1584046526607,-26.2666666666667,-160.809243908175));
#5005=CARTESIAN_POINT('',(-99.2885633873657,-26.2666666666667,-152.890980067688));
#5006=CARTESIAN_POINT('',(-112.676247324217,-26.2666666666667,-142.289540335655));
#5007=CARTESIAN_POINT('',(-84.1584046526607,-26.2666666666667,-160.809243908175));
#5008=CARTESIAN_POINT('',(-84.1584046526607,-76.4,-160.809243908175));
#5009=CARTESIAN_POINT('',(-112.676247324217,-26.2666666666667,-142.289540335655));
#5010=CARTESIAN_POINT('',(-112.676247324217,-76.4,-142.289540335655));
#5011=CARTESIAN_POINT('',(-4.75348953900155E-12,0.,2.69679954790973E-12));
#5012=CARTESIAN_POINT('',(-160.809243908175,-76.4,84.1584046526607));
#5013=CARTESIAN_POINT('',(-142.289540335655,-76.4,112.676247324217));
#5014=CARTESIAN_POINT('',(-160.809243908175,-26.2666666666667,84.1584046526607));
#5015=CARTESIAN_POINT('',(-142.289540335655,-26.2666666666667,112.676247324217));
#5016=CARTESIAN_POINT('',(-160.809243908175,-76.4,84.1584046526607));
#5017=CARTESIAN_POINT('',(-152.890980067688,-76.4,99.2885633873656));
#5018=CARTESIAN_POINT('',(-142.289540335655,-76.4,112.676247324217));
#5019=CARTESIAN_POINT('',(-160.809243908175,-26.2666666666667,84.1584046526607));
#5020=CARTESIAN_POINT('',(-152.890980067688,-26.2666666666667,99.2885633873657));
#5021=CARTESIAN_POINT('',(-142.289540335655,-26.2666666666667,112.676247324217));
#5022=CARTESIAN_POINT('',(-160.809243908175,-26.2666666666667,84.1584046526607));
#5023=CARTESIAN_POINT('',(-160.809243908175,-76.4,84.1584046526607));
#5024=CARTESIAN_POINT('',(-142.289540335655,-26.2666666666667,112.676247324217));
#5025=CARTESIAN_POINT('',(-142.289540335655,-76.4,112.676247324217));
#5026=CARTESIAN_POINT('',(-9.09987424384777E-12,0.,-2.37784006303598E-12));
#5027=CARTESIAN_POINT('',(-173.21828546869,-76.4000000000001,-54.2003282212144));
#5028=CARTESIAN_POINT('',(-180.288037424865,-76.3999999999999,-20.939760301652));
#5029=CARTESIAN_POINT('',(-173.21828546869,-26.2666666666667,-54.2003282212144));
#5030=CARTESIAN_POINT('',(-180.288037424865,-26.2666666666666,-20.939760301652));
#5031=CARTESIAN_POINT('',(-173.21828546869,-76.4000000000001,-54.2003282212144));
#5032=CARTESIAN_POINT('',(-178.317865253596,-76.4,-37.9026323226425));
#5033=CARTESIAN_POINT('',(-180.288037424865,-76.3999999999999,-20.939760301652));
#5034=CARTESIAN_POINT('',(-173.21828546869,-26.2666666666667,-54.2003282212144));
#5035=CARTESIAN_POINT('',(-178.317865253596,-26.2666666666666,-37.9026323226425));
#5036=CARTESIAN_POINT('',(-180.288037424865,-26.2666666666666,-20.939760301652));
#5037=CARTESIAN_POINT('',(-173.21828546869,-26.2666666666667,-54.2003282212144));
#5038=CARTESIAN_POINT('',(-173.21828546869,-76.4000000000001,-54.2003282212144));
#5039=CARTESIAN_POINT('',(-180.288037424865,-26.2666666666666,-20.939760301652));
#5040=CARTESIAN_POINT('',(-180.288037424865,-76.3999999999999,-20.939760301652));
#5041=CARTESIAN_POINT('',(-9.09987424384777E-12,0.,-2.37784006303598E-12));
#5042=CARTESIAN_POINT('',(-173.21828546869,24.6666666666667,-54.2003282212144));
#5043=CARTESIAN_POINT('',(-180.288037424865,24.6666666666666,-20.939760301652));
#5044=CARTESIAN_POINT('',(-173.21828546869,-24.6666666666666,-54.2003282212144));
#5045=CARTESIAN_POINT('',(-180.288037424865,-24.6666666666667,-20.939760301652));
#5046=CARTESIAN_POINT('',(-173.21828546869,24.6666666666667,-54.2003282212144));
#5047=CARTESIAN_POINT('',(-178.317865253596,24.6666666666666,-37.9026323226425));
#5048=CARTESIAN_POINT('',(-180.288037424865,24.6666666666666,-20.939760301652));
#5049=CARTESIAN_POINT('',(-173.21828546869,24.6666666666667,-54.2003282212144));
#5050=CARTESIAN_POINT('',(-173.21828546869,-24.6666666666666,-54.2003282212144));
#5051=CARTESIAN_POINT('',(-180.288037424865,24.6666666666666,-20.939760301652));
#5052=CARTESIAN_POINT('',(-180.288037424865,-24.6666666666667,-20.939760301652));
#5053=CARTESIAN_POINT('',(-173.21828546869,-24.6666666666666,-54.2003282212144));
#5054=CARTESIAN_POINT('',(-178.317865253596,-24.6666666666667,-37.9026323226425));
#5055=CARTESIAN_POINT('',(-180.288037424865,-24.6666666666667,-20.939760301652));
#5056=CARTESIAN_POINT('',(3.88057057757457E-12,0.,3.41265512521E-12));
#5057=CARTESIAN_POINT('',(-113.913651682764,-76.4,-141.30084911386));
#5058=CARTESIAN_POINT('',(-138.270517070275,-76.4000000000001,-117.573441342502));
#5059=CARTESIAN_POINT('',(-113.913651682764,-26.2666666666667,-141.30084911386));
#5060=CARTESIAN_POINT('',(-138.270517070275,-26.2666666666666,-117.573441342502));
#5061=CARTESIAN_POINT('',(-113.913651682764,-76.4,-141.30084911386));
#5062=CARTESIAN_POINT('',(-127.208312017478,-76.4,-130.582984953052));
#5063=CARTESIAN_POINT('',(-138.270517070275,-76.4000000000001,-117.573441342502));
#5064=CARTESIAN_POINT('',(-113.913651682764,-26.2666666666667,-141.30084911386));
#5065=CARTESIAN_POINT('',(-127.208312017478,-26.2666666666666,-130.582984953052));
#5066=CARTESIAN_POINT('',(-138.270517070275,-26.2666666666666,-117.573441342502));
#5067=CARTESIAN_POINT('',(-113.913651682764,-26.2666666666667,-141.30084911386));
#5068=CARTESIAN_POINT('',(-113.913651682764,-76.4,-141.30084911386));
#5069=CARTESIAN_POINT('',(-138.270517070275,-26.2666666666666,-117.573441342502));
#5070=CARTESIAN_POINT('',(-138.270517070275,-76.4000000000001,-117.573441342502));
#5071=CARTESIAN_POINT('',(3.88057057757457E-12,0.,3.41265512521E-12));
#5072=CARTESIAN_POINT('',(-113.913651682764,24.6666666666667,-141.30084911386));
#5073=CARTESIAN_POINT('',(-138.270517070275,24.6666666666667,-117.573441342502));
#5074=CARTESIAN_POINT('',(-113.913651682764,-24.6666666666667,-141.30084911386));
#5075=CARTESIAN_POINT('',(-138.270517070275,-24.6666666666666,-117.573441342502));
#5076=CARTESIAN_POINT('',(-113.913651682764,24.6666666666667,-141.30084911386));
#5077=CARTESIAN_POINT('',(-127.208312017478,24.6666666666666,-130.582984953052));
#5078=CARTESIAN_POINT('',(-138.270517070275,24.6666666666667,-117.573441342502));
#5079=CARTESIAN_POINT('',(-113.913651682764,24.6666666666667,-141.30084911386));
#5080=CARTESIAN_POINT('',(-113.913651682764,-24.6666666666667,-141.30084911386));
#5081=CARTESIAN_POINT('',(-138.270517070275,24.6666666666667,-117.573441342502));
#5082=CARTESIAN_POINT('',(-138.270517070275,-24.6666666666666,-117.573441342502));
#5083=CARTESIAN_POINT('',(-113.913651682764,-24.6666666666667,-141.30084911386));
#5084=CARTESIAN_POINT('',(-127.208312017478,-24.6666666666667,-130.582984953052));
#5085=CARTESIAN_POINT('',(-138.270517070275,-24.6666666666666,-117.573441342502));
#5086=CARTESIAN_POINT('',(5.35906683315855E-12,0.,-2.10741702968094E-12));
#5087=CARTESIAN_POINT('',(-174.137829641962,-76.4,51.1689973283324));
#5088=CARTESIAN_POINT('',(-161.537532090602,-76.4,82.7518925830559));
#5089=CARTESIAN_POINT('',(-174.137829641962,-26.2666666666667,51.1689973283324));
#5090=CARTESIAN_POINT('',(-161.537532090602,-26.2666666666667,82.7518925830559));
#5091=CARTESIAN_POINT('',(-174.137829641962,-76.4,51.1689973283324));
#5092=CARTESIAN_POINT('',(-169.323460560572,-76.4,67.5532109479447));
#5093=CARTESIAN_POINT('',(-161.537532090602,-76.4,82.7518925830559));
#5094=CARTESIAN_POINT('',(-174.137829641962,-26.2666666666667,51.1689973283324));
#5095=CARTESIAN_POINT('',(-169.323460560572,-26.2666666666667,67.5532109479447));
#5096=CARTESIAN_POINT('',(-161.537532090602,-26.2666666666667,82.7518925830559));
#5097=CARTESIAN_POINT('',(-174.137829641962,-26.2666666666667,51.1689973283324));
#5098=CARTESIAN_POINT('',(-174.137829641962,-76.4,51.1689973283324));
#5099=CARTESIAN_POINT('',(-161.537532090602,-26.2666666666667,82.7518925830559));
#5100=CARTESIAN_POINT('',(-161.537532090602,-76.4,82.7518925830559));
#5101=CARTESIAN_POINT('',(5.35906683315855E-12,0.,-2.10741702968094E-12));
#5102=CARTESIAN_POINT('',(-174.137829641962,24.6666666666667,51.1689973283324));
#5103=CARTESIAN_POINT('',(-161.537532090602,24.6666666666667,82.7518925830559));
#5104=CARTESIAN_POINT('',(-174.137829641962,-24.6666666666667,51.1689973283324));
#5105=CARTESIAN_POINT('',(-161.537532090602,-24.6666666666667,82.7518925830559));
#5106=CARTESIAN_POINT('',(-174.137829641962,24.6666666666667,51.1689973283324));
#5107=CARTESIAN_POINT('',(-169.323460560572,24.6666666666667,67.5532109479447));
#5108=CARTESIAN_POINT('',(-161.537532090602,24.6666666666667,82.7518925830559));
#5109=CARTESIAN_POINT('',(-174.137829641962,24.6666666666667,51.1689973283324));
#5110=CARTESIAN_POINT('',(-174.137829641962,-24.6666666666667,51.1689973283324));
#5111=CARTESIAN_POINT('',(-161.537532090602,24.6666666666667,82.7518925830559));
#5112=CARTESIAN_POINT('',(-161.537532090602,-24.6666666666667,82.7518925830559));
#5113=CARTESIAN_POINT('',(-174.137829641962,-24.6666666666667,51.1689973283324));
#5114=CARTESIAN_POINT('',(-169.323460560572,-24.6666666666667,67.5532109479447));
#5115=CARTESIAN_POINT('',(-161.537532090602,-24.6666666666667,82.7518925830559));
#5116=CARTESIAN_POINT('',(5.81733690529997E-12,0.,3.5752129298562E-12));
#5117=CARTESIAN_POINT('',(-139.291260962211,-76.4,-116.362341930528));
#5118=CARTESIAN_POINT('',(-158.551128388323,-76.4000000000001,-88.3390609345016));
#5119=CARTESIAN_POINT('',(-139.291260962211,-26.2666666666666,-116.362341930528));
#5120=CARTESIAN_POINT('',(-158.551128388323,-26.2666666666666,-88.3390609345016));
#5121=CARTESIAN_POINT('',(-139.291260962211,-76.4,-116.362341930528));
#5122=CARTESIAN_POINT('',(-150.239516556002,-76.4,-103.256758958452));
#5123=CARTESIAN_POINT('',(-158.551128388323,-76.4000000000001,-88.3390609345016));
#5124=CARTESIAN_POINT('',(-139.291260962211,-26.2666666666666,-116.362341930528));
#5125=CARTESIAN_POINT('',(-150.239516556002,-26.2666666666666,-103.256758958452));
#5126=CARTESIAN_POINT('',(-158.551128388323,-26.2666666666666,-88.3390609345016));
#5127=CARTESIAN_POINT('',(-139.291260962211,-26.2666666666666,-116.362341930528));
#5128=CARTESIAN_POINT('',(-139.291260962211,-76.4,-116.362341930528));
#5129=CARTESIAN_POINT('',(-158.551128388323,-26.2666666666666,-88.3390609345016));
#5130=CARTESIAN_POINT('',(-158.551128388323,-76.4000000000001,-88.3390609345016));
#5131=CARTESIAN_POINT('',(5.81733690529997E-12,0.,3.5752129298562E-12));
#5132=CARTESIAN_POINT('',(-139.291260962211,24.6666666666667,-116.362341930528));
#5133=CARTESIAN_POINT('',(-158.551128388323,24.6666666666667,-88.3390609345016));
#5134=CARTESIAN_POINT('',(-139.291260962211,-24.6666666666667,-116.362341930528));
#5135=CARTESIAN_POINT('',(-158.551128388323,-24.6666666666666,-88.3390609345016));
#5136=CARTESIAN_POINT('',(-139.291260962211,24.6666666666667,-116.362341930528));
#5137=CARTESIAN_POINT('',(-150.239516556002,24.6666666666667,-103.256758958452));
#5138=CARTESIAN_POINT('',(-158.551128388323,24.6666666666667,-88.3390609345016));
#5139=CARTESIAN_POINT('',(-139.291260962211,24.6666666666667,-116.362341930528));
#5140=CARTESIAN_POINT('',(-139.291260962211,-24.6666666666667,-116.362341930528));
#5141=CARTESIAN_POINT('',(-158.551128388323,24.6666666666667,-88.3390609345016));
#5142=CARTESIAN_POINT('',(-158.551128388323,-24.6666666666666,-88.3390609345016));
#5143=CARTESIAN_POINT('',(-139.291260962211,-24.6666666666667,-116.362341930528));
#5144=CARTESIAN_POINT('',(-150.239516556002,-24.6666666666666,-103.256758958452));
#5145=CARTESIAN_POINT('',(-158.551128388323,-24.6666666666666,-88.3390609345016));
#5146=CARTESIAN_POINT('',(1.93322917405698E-12,0.,1.06671078780021E-12));
#5147=CARTESIAN_POINT('',(-159.31598519832,-76.4000000000001,-86.9520952035593));
#5148=CARTESIAN_POINT('',(-172.738708758904,-76.4,-55.7098599559048));
#5149=CARTESIAN_POINT('',(-159.31598519832,-26.2666666666666,-86.9520952035593));
#5150=CARTESIAN_POINT('',(-172.738708758904,-26.2666666666667,-55.7098599559048));
#5151=CARTESIAN_POINT('',(-159.31598519832,-76.4000000000001,-86.9520952035593));
#5152=CARTESIAN_POINT('',(-167.49710072857,-76.4000000000001,-71.9624336241361));
#5153=CARTESIAN_POINT('',(-172.738708758904,-76.4,-55.7098599559048));
#5154=CARTESIAN_POINT('',(-159.31598519832,-26.2666666666666,-86.9520952035593));
#5155=CARTESIAN_POINT('',(-167.49710072857,-26.2666666666667,-71.9624336241361));
#5156=CARTESIAN_POINT('',(-172.738708758904,-26.2666666666667,-55.7098599559048));
#5157=CARTESIAN_POINT('',(-159.31598519832,-26.2666666666666,-86.9520952035593));
#5158=CARTESIAN_POINT('',(-159.31598519832,-76.4000000000001,-86.9520952035593));
#5159=CARTESIAN_POINT('',(-172.738708758904,-26.2666666666667,-55.7098599559048));
#5160=CARTESIAN_POINT('',(-172.738708758904,-76.4,-55.7098599559048));
#5161=CARTESIAN_POINT('',(1.93322917405698E-12,0.,1.06671078780021E-12));
#5162=CARTESIAN_POINT('',(-159.31598519832,24.6666666666667,-86.9520952035593));
#5163=CARTESIAN_POINT('',(-172.738708758904,24.6666666666667,-55.7098599559048));
#5164=CARTESIAN_POINT('',(-159.31598519832,-24.6666666666667,-86.9520952035593));
#5165=CARTESIAN_POINT('',(-172.738708758904,-24.6666666666667,-55.7098599559048));
#5166=CARTESIAN_POINT('',(-159.31598519832,24.6666666666667,-86.9520952035593));
#5167=CARTESIAN_POINT('',(-167.49710072857,24.6666666666667,-71.9624336241361));
#5168=CARTESIAN_POINT('',(-172.738708758904,24.6666666666667,-55.7098599559048));
#5169=CARTESIAN_POINT('',(-159.31598519832,24.6666666666667,-86.9520952035593));
#5170=CARTESIAN_POINT('',(-159.31598519832,-24.6666666666667,-86.9520952035593));
#5171=CARTESIAN_POINT('',(-172.738708758904,24.6666666666667,-55.7098599559048));
#5172=CARTESIAN_POINT('',(-172.738708758904,-24.6666666666667,-55.7098599559048));
#5173=CARTESIAN_POINT('',(-159.31598519832,-24.6666666666667,-86.9520952035593));
#5174=CARTESIAN_POINT('',(-167.49710072857,-24.6666666666667,-71.962433624136));
#5175=CARTESIAN_POINT('',(-172.738708758904,-24.6666666666667,-55.7098599559048));
#5176=CARTESIAN_POINT('',(7.02148724606826E-12,0.,-2.09978151208088E-13));
#5177=CARTESIAN_POINT('',(-180.463904170433,-76.3999999999999,-19.3656730212225));
#5178=CARTESIAN_POINT('',(-180.908997919284,-76.4,14.6350425978404));
#5179=CARTESIAN_POINT('',(-180.463904170433,-26.2666666666666,-19.3656730212225));
#5180=CARTESIAN_POINT('',(-180.908997919284,-26.2666666666667,14.6350425978404));
#5181=CARTESIAN_POINT('',(-180.463904170433,-76.3999999999999,-19.3656730212225));
#5182=CARTESIAN_POINT('',(-182.285974218737,-76.3999999999999,-2.38625411703089));
#5183=CARTESIAN_POINT('',(-180.908997919284,-76.4,14.6350425978404));
#5184=CARTESIAN_POINT('',(-180.463904170433,-26.2666666666666,-19.3656730212225));
#5185=CARTESIAN_POINT('',(-182.285974218737,-26.2666666666667,-2.3862541170309));
#5186=CARTESIAN_POINT('',(-180.908997919284,-26.2666666666667,14.6350425978404));
#5187=CARTESIAN_POINT('',(-180.463904170433,-26.2666666666666,-19.3656730212225));
#5188=CARTESIAN_POINT('',(-180.463904170433,-76.3999999999999,-19.3656730212225));
#5189=CARTESIAN_POINT('',(-180.908997919284,-26.2666666666667,14.6350425978404));
#5190=CARTESIAN_POINT('',(-180.908997919284,-76.4,14.6350425978404));
#5191=CARTESIAN_POINT('',(7.02148724606826E-12,0.,-2.09978151208088E-13));
#5192=CARTESIAN_POINT('',(-180.463904170433,24.6666666666666,-19.3656730212225));
#5193=CARTESIAN_POINT('',(-180.908997919284,24.6666666666667,14.6350425978404));
#5194=CARTESIAN_POINT('',(-180.463904170433,-24.6666666666667,-19.3656730212225));
#5195=CARTESIAN_POINT('',(-180.908997919284,-24.6666666666667,14.6350425978404));
#5196=CARTESIAN_POINT('',(-180.463904170433,24.6666666666666,-19.3656730212225));
#5197=CARTESIAN_POINT('',(-182.285974218737,24.6666666666667,-2.38625411703091));
#5198=CARTESIAN_POINT('',(-180.908997919284,24.6666666666667,14.6350425978404));
#5199=CARTESIAN_POINT('',(-180.463904170433,24.6666666666666,-19.3656730212225));
#5200=CARTESIAN_POINT('',(-180.463904170433,-24.6666666666667,-19.3656730212225));
#5201=CARTESIAN_POINT('',(-180.908997919284,24.6666666666667,14.6350425978404));
#5202=CARTESIAN_POINT('',(-180.908997919284,-24.6666666666667,14.6350425978404));
#5203=CARTESIAN_POINT('',(-180.463904170433,-24.6666666666667,-19.3656730212225));
#5204=CARTESIAN_POINT('',(-182.285974218737,-24.6666666666667,-2.38625411703091));
#5205=CARTESIAN_POINT('',(-180.908997919284,-24.6666666666667,14.6350425978404));
#5206=CARTESIAN_POINT('',(-2.12294294778428E-12,0.,3.95272816280805E-13));
#5207=CARTESIAN_POINT('',(-180.774396240229,-76.4,16.2131941325805));
#5208=CARTESIAN_POINT('',(-174.5777270786,-76.3999999999999,49.6474290177243));
#5209=CARTESIAN_POINT('',(-180.774396240229,-26.2666666666667,16.2131941325805));
#5210=CARTESIAN_POINT('',(-174.5777270786,-26.2666666666666,49.6474290177243));
#5211=CARTESIAN_POINT('',(-180.774396240229,-76.4,16.2131941325805));
#5212=CARTESIAN_POINT('',(-179.248935421803,-76.3999999999999,33.2218264960715));
#5213=CARTESIAN_POINT('',(-174.5777270786,-76.3999999999999,49.6474290177243));
#5214=CARTESIAN_POINT('',(-180.774396240229,-26.2666666666667,16.2131941325805));
#5215=CARTESIAN_POINT('',(-179.248935421803,-26.2666666666666,33.2218264960715));
#5216=CARTESIAN_POINT('',(-174.5777270786,-26.2666666666666,49.6474290177243));
#5217=CARTESIAN_POINT('',(-180.774396240229,-26.2666666666667,16.2131941325805));
#5218=CARTESIAN_POINT('',(-180.774396240229,-76.4,16.2131941325805));
#5219=CARTESIAN_POINT('',(-174.5777270786,-26.2666666666666,49.6474290177243));
#5220=CARTESIAN_POINT('',(-174.5777270786,-76.3999999999999,49.6474290177243));
#5221=CARTESIAN_POINT('',(-2.12294294778428E-12,0.,3.95272816280805E-13));
#5222=CARTESIAN_POINT('',(-180.774396240229,24.6666666666666,16.2131941325805));
#5223=CARTESIAN_POINT('',(-174.5777270786,24.6666666666666,49.6474290177243));
#5224=CARTESIAN_POINT('',(-180.774396240229,-24.6666666666667,16.2131941325805));
#5225=CARTESIAN_POINT('',(-174.5777270786,-24.6666666666667,49.6474290177243));
#5226=CARTESIAN_POINT('',(-180.774396240229,24.6666666666666,16.2131941325805));
#5227=CARTESIAN_POINT('',(-179.248935421803,24.6666666666666,33.2218264960714));
#5228=CARTESIAN_POINT('',(-174.5777270786,24.6666666666666,49.6474290177243));
#5229=CARTESIAN_POINT('',(-180.774396240229,24.6666666666666,16.2131941325805));
#5230=CARTESIAN_POINT('',(-180.774396240229,-24.6666666666667,16.2131941325805));
#5231=CARTESIAN_POINT('',(-174.5777270786,24.6666666666666,49.6474290177243));
#5232=CARTESIAN_POINT('',(-174.5777270786,-24.6666666666667,49.6474290177243));
#5233=CARTESIAN_POINT('',(-180.774396240229,-24.6666666666667,16.2131941325805));
#5234=CARTESIAN_POINT('',(-179.248935421803,-24.6666666666667,33.2218264960714));
#5235=CARTESIAN_POINT('',(-174.5777270786,-24.6666666666667,49.6474290177243));
#5236=CARTESIAN_POINT('',(-9.09987424384777E-12,0.,-2.37784006303598E-12));
#5237=CARTESIAN_POINT('',(-173.21828546869,76.4,-54.2003282212144));
#5238=CARTESIAN_POINT('',(-180.288037424865,76.4,-20.939760301652));
#5239=CARTESIAN_POINT('',(-173.21828546869,26.2666666666667,-54.2003282212144));
#5240=CARTESIAN_POINT('',(-180.288037424865,26.2666666666667,-20.939760301652));
#5241=CARTESIAN_POINT('',(-173.21828546869,76.4,-54.2003282212144));
#5242=CARTESIAN_POINT('',(-178.317865253596,76.4,-37.9026323226425));
#5243=CARTESIAN_POINT('',(-180.288037424865,76.4,-20.939760301652));
#5244=CARTESIAN_POINT('',(-173.21828546869,76.4,-54.2003282212144));
#5245=CARTESIAN_POINT('',(-173.21828546869,26.2666666666667,-54.2003282212144));
#5246=CARTESIAN_POINT('',(-180.288037424865,76.4,-20.939760301652));
#5247=CARTESIAN_POINT('',(-180.288037424865,26.2666666666667,-20.939760301652));
#5248=CARTESIAN_POINT('',(-173.21828546869,26.2666666666667,-54.2003282212144));
#5249=CARTESIAN_POINT('',(-178.317865253596,26.2666666666667,-37.9026323226425));
#5250=CARTESIAN_POINT('',(-180.288037424865,26.2666666666667,-20.939760301652));
#5251=CARTESIAN_POINT('',(3.88057057757457E-12,0.,3.41265512521E-12));
#5252=CARTESIAN_POINT('',(-113.913651682764,76.4,-141.30084911386));
#5253=CARTESIAN_POINT('',(-138.270517070275,76.4,-117.573441342502));
#5254=CARTESIAN_POINT('',(-113.913651682764,26.2666666666667,-141.30084911386));
#5255=CARTESIAN_POINT('',(-138.270517070275,26.2666666666666,-117.573441342502));
#5256=CARTESIAN_POINT('',(-113.913651682764,76.4,-141.30084911386));
#5257=CARTESIAN_POINT('',(-127.208312017478,76.4,-130.582984953052));
#5258=CARTESIAN_POINT('',(-138.270517070275,76.4,-117.573441342502));
#5259=CARTESIAN_POINT('',(-113.913651682764,76.4,-141.30084911386));
#5260=CARTESIAN_POINT('',(-113.913651682764,26.2666666666667,-141.30084911386));
#5261=CARTESIAN_POINT('',(-138.270517070275,76.4,-117.573441342502));
#5262=CARTESIAN_POINT('',(-138.270517070275,26.2666666666666,-117.573441342502));
#5263=CARTESIAN_POINT('',(-113.913651682764,26.2666666666667,-141.30084911386));
#5264=CARTESIAN_POINT('',(-127.208312017478,26.2666666666667,-130.582984953052));
#5265=CARTESIAN_POINT('',(-138.270517070275,26.2666666666666,-117.573441342502));
#5266=CARTESIAN_POINT('',(5.35906683315855E-12,0.,-2.10741702968094E-12));
#5267=CARTESIAN_POINT('',(-174.137829641962,76.4,51.1689973283324));
#5268=CARTESIAN_POINT('',(-161.537532090602,76.4,82.7518925830559));
#5269=CARTESIAN_POINT('',(-174.137829641962,26.2666666666666,51.1689973283324));
#5270=CARTESIAN_POINT('',(-161.537532090602,26.2666666666666,82.7518925830559));
#5271=CARTESIAN_POINT('',(-174.137829641962,76.4,51.1689973283324));
#5272=CARTESIAN_POINT('',(-169.323460560572,76.4,67.5532109479447));
#5273=CARTESIAN_POINT('',(-161.537532090602,76.4,82.7518925830559));
#5274=CARTESIAN_POINT('',(-174.137829641962,76.4,51.1689973283324));
#5275=CARTESIAN_POINT('',(-174.137829641962,26.2666666666666,51.1689973283324));
#5276=CARTESIAN_POINT('',(-161.537532090602,76.4,82.7518925830559));
#5277=CARTESIAN_POINT('',(-161.537532090602,26.2666666666666,82.7518925830559));
#5278=CARTESIAN_POINT('',(-174.137829641962,26.2666666666666,51.1689973283324));
#5279=CARTESIAN_POINT('',(-169.323460560572,26.2666666666666,67.5532109479447));
#5280=CARTESIAN_POINT('',(-161.537532090602,26.2666666666666,82.7518925830559));
#5281=CARTESIAN_POINT('',(5.81733690529997E-12,0.,3.5752129298562E-12));
#5282=CARTESIAN_POINT('',(-139.291260962211,76.4,-116.362341930528));
#5283=CARTESIAN_POINT('',(-158.551128388323,76.4,-88.3390609345016));
#5284=CARTESIAN_POINT('',(-139.291260962211,26.2666666666666,-116.362341930528));
#5285=CARTESIAN_POINT('',(-158.551128388323,26.2666666666667,-88.3390609345016));
#5286=CARTESIAN_POINT('',(-139.291260962211,76.4,-116.362341930528));
#5287=CARTESIAN_POINT('',(-150.239516556002,76.4,-103.256758958452));
#5288=CARTESIAN_POINT('',(-158.551128388323,76.4,-88.3390609345016));
#5289=CARTESIAN_POINT('',(-139.291260962211,76.4,-116.362341930528));
#5290=CARTESIAN_POINT('',(-139.291260962211,26.2666666666666,-116.362341930528));
#5291=CARTESIAN_POINT('',(-158.551128388323,76.4,-88.3390609345016));
#5292=CARTESIAN_POINT('',(-158.551128388323,26.2666666666667,-88.3390609345016));
#5293=CARTESIAN_POINT('',(-139.291260962211,26.2666666666666,-116.362341930528));
#5294=CARTESIAN_POINT('',(-150.239516556002,26.2666666666667,-103.256758958452));
#5295=CARTESIAN_POINT('',(-158.551128388323,26.2666666666667,-88.3390609345016));
#5296=CARTESIAN_POINT('',(1.93322917405698E-12,0.,1.06671078780021E-12));
#5297=CARTESIAN_POINT('',(-159.31598519832,76.4,-86.9520952035593));
#5298=CARTESIAN_POINT('',(-172.738708758904,76.4,-55.7098599559048));
#5299=CARTESIAN_POINT('',(-159.31598519832,26.2666666666667,-86.9520952035593));
#5300=CARTESIAN_POINT('',(-172.738708758904,26.2666666666667,-55.7098599559048));
#5301=CARTESIAN_POINT('',(-159.31598519832,76.4,-86.9520952035593));
#5302=CARTESIAN_POINT('',(-167.49710072857,76.4,-71.9624336241361));
#5303=CARTESIAN_POINT('',(-172.738708758904,76.4,-55.7098599559048));
#5304=CARTESIAN_POINT('',(-159.31598519832,76.4,-86.9520952035593));
#5305=CARTESIAN_POINT('',(-159.31598519832,26.2666666666667,-86.9520952035593));
#5306=CARTESIAN_POINT('',(-172.738708758904,76.4,-55.7098599559048));
#5307=CARTESIAN_POINT('',(-172.738708758904,26.2666666666667,-55.7098599559048));
#5308=CARTESIAN_POINT('',(-159.31598519832,26.2666666666667,-86.9520952035593));
#5309=CARTESIAN_POINT('',(-167.49710072857,26.2666666666667,-71.9624336241361));
#5310=CARTESIAN_POINT('',(-172.738708758904,26.2666666666667,-55.7098599559048));
#5311=CARTESIAN_POINT('',(7.02148724606826E-12,0.,-2.09978151208088E-13));
#5312=CARTESIAN_POINT('',(-180.463904170433,76.4,-19.3656730212225));
#5313=CARTESIAN_POINT('',(-180.908997919284,76.4,14.6350425978404));
#5314=CARTESIAN_POINT('',(-180.463904170433,26.2666666666667,-19.3656730212225));
#5315=CARTESIAN_POINT('',(-180.908997919284,26.2666666666667,14.6350425978404));
#5316=CARTESIAN_POINT('',(-180.463904170433,76.4,-19.3656730212225));
#5317=CARTESIAN_POINT('',(-182.285974218737,76.3999999999999,-2.38625411703089));
#5318=CARTESIAN_POINT('',(-180.908997919284,76.4,14.6350425978404));
#5319=CARTESIAN_POINT('',(-180.463904170433,76.4,-19.3656730212225));
#5320=CARTESIAN_POINT('',(-180.463904170433,26.2666666666667,-19.3656730212225));
#5321=CARTESIAN_POINT('',(-180.908997919284,76.4,14.6350425978404));
#5322=CARTESIAN_POINT('',(-180.908997919284,26.2666666666667,14.6350425978404));
#5323=CARTESIAN_POINT('',(-180.463904170433,26.2666666666667,-19.3656730212225));
#5324=CARTESIAN_POINT('',(-182.285974218737,26.2666666666667,-2.3862541170309));
#5325=CARTESIAN_POINT('',(-180.908997919284,26.2666666666667,14.6350425978404));
#5326=CARTESIAN_POINT('',(-2.12294294778428E-12,0.,3.95272816280805E-13));
#5327=CARTESIAN_POINT('',(-180.774396240229,76.4,16.2131941325805));
#5328=CARTESIAN_POINT('',(-174.5777270786,76.4,49.6474290177243));
#5329=CARTESIAN_POINT('',(-180.774396240229,26.2666666666666,16.2131941325805));
#5330=CARTESIAN_POINT('',(-174.5777270786,26.2666666666667,49.6474290177243));
#5331=CARTESIAN_POINT('',(-180.774396240229,76.4,16.2131941325805));
#5332=CARTESIAN_POINT('',(-179.248935421803,76.3999999999999,33.2218264960714));
#5333=CARTESIAN_POINT('',(-174.5777270786,76.4,49.6474290177243));
#5334=CARTESIAN_POINT('',(-180.774396240229,76.4,16.2131941325805));
#5335=CARTESIAN_POINT('',(-180.774396240229,26.2666666666666,16.2131941325805));
#5336=CARTESIAN_POINT('',(-174.5777270786,76.4,49.6474290177243));
#5337=CARTESIAN_POINT('',(-174.5777270786,26.2666666666667,49.6474290177243));
#5338=CARTESIAN_POINT('',(-180.774396240229,26.2666666666666,16.2131941325805));
#5339=CARTESIAN_POINT('',(-179.248935421803,26.2666666666667,33.2218264960715));
#5340=CARTESIAN_POINT('',(-174.5777270786,26.2666666666667,49.6474290177243));
#5341=CARTESIAN_POINT('',(-1.9388449983364E-12,0.,-1.05363960277168E-12));
#5342=CARTESIAN_POINT('',(159.31598519832,76.4,86.9520952035593));
#5343=CARTESIAN_POINT('',(172.738708758904,76.4,55.7098599559048));
#5344=CARTESIAN_POINT('',(159.31598519832,26.2666666666667,86.9520952035593));
#5345=CARTESIAN_POINT('',(172.738708758904,26.2666666666666,55.7098599559048));
#5346=CARTESIAN_POINT('',(159.31598519832,76.4,86.9520952035593));
#5347=CARTESIAN_POINT('',(167.49710072857,76.3999999999999,71.9624336241361));
#5348=CARTESIAN_POINT('',(172.738708758904,76.4,55.7098599559048));
#5349=CARTESIAN_POINT('',(159.31598519832,76.4,86.9520952035593));
#5350=CARTESIAN_POINT('',(159.31598519832,26.2666666666667,86.9520952035593));
#5351=CARTESIAN_POINT('',(172.738708758904,76.4,55.7098599559048));
#5352=CARTESIAN_POINT('',(172.738708758904,26.2666666666666,55.7098599559048));
#5353=CARTESIAN_POINT('',(159.31598519832,26.2666666666667,86.9520952035593));
#5354=CARTESIAN_POINT('',(167.49710072857,26.2666666666666,71.9624336241361));
#5355=CARTESIAN_POINT('',(172.738708758904,26.2666666666666,55.7098599559048));
#5356=CARTESIAN_POINT('',(9.09987424384777E-12,0.,2.37784006303598E-12));
#5357=CARTESIAN_POINT('',(173.21828546869,76.4,54.2003282212144));
#5358=CARTESIAN_POINT('',(180.288037424865,76.4,20.939760301652));
#5359=CARTESIAN_POINT('',(173.21828546869,26.2666666666667,54.2003282212144));
#5360=CARTESIAN_POINT('',(180.288037424865,26.2666666666667,20.939760301652));
#5361=CARTESIAN_POINT('',(173.21828546869,76.4,54.2003282212144));
#5362=CARTESIAN_POINT('',(178.317865253596,76.4,37.9026323226425));
#5363=CARTESIAN_POINT('',(180.288037424865,76.4,20.939760301652));
#5364=CARTESIAN_POINT('',(173.21828546869,76.4,54.2003282212144));
#5365=CARTESIAN_POINT('',(173.21828546869,26.2666666666667,54.2003282212144));
#5366=CARTESIAN_POINT('',(180.288037424865,76.4,20.939760301652));
#5367=CARTESIAN_POINT('',(180.288037424865,26.2666666666667,20.939760301652));
#5368=CARTESIAN_POINT('',(173.21828546869,26.2666666666667,54.2003282212144));
#5369=CARTESIAN_POINT('',(178.317865253596,26.2666666666667,37.9026323226425));
#5370=CARTESIAN_POINT('',(180.288037424865,26.2666666666667,20.939760301652));
#5371=CARTESIAN_POINT('',(-3.71345142960071E-12,0.,3.31976534850702E-14));
#5372=CARTESIAN_POINT('',(180.463904170433,76.4,19.3656730212224));
#5373=CARTESIAN_POINT('',(180.908997919284,76.4,-14.6350425978405));
#5374=CARTESIAN_POINT('',(180.463904170433,26.2666666666667,19.3656730212224));
#5375=CARTESIAN_POINT('',(180.908997919284,26.2666666666667,-14.6350425978405));
#5376=CARTESIAN_POINT('',(180.463904170433,76.4,19.3656730212224));
#5377=CARTESIAN_POINT('',(182.285974218736,76.4,2.38625411703083));
#5378=CARTESIAN_POINT('',(180.908997919284,76.4,-14.6350425978405));
#5379=CARTESIAN_POINT('',(180.463904170433,76.4,19.3656730212224));
#5380=CARTESIAN_POINT('',(180.463904170433,26.2666666666667,19.3656730212224));
#5381=CARTESIAN_POINT('',(180.908997919284,76.4,-14.6350425978405));
#5382=CARTESIAN_POINT('',(180.908997919284,26.2666666666667,-14.6350425978405));
#5383=CARTESIAN_POINT('',(180.463904170433,26.2666666666667,19.3656730212224));
#5384=CARTESIAN_POINT('',(182.285974218737,26.2666666666667,2.38625411703084));
#5385=CARTESIAN_POINT('',(180.908997919284,26.2666666666667,-14.6350425978405));
#5386=CARTESIAN_POINT('',(-2.12294294778428E-12,0.,3.95272816280805E-13));
#5387=CARTESIAN_POINT('',(-174.5777270786,140.,49.6474290177243));
#5388=CARTESIAN_POINT('',(-180.774396240229,140.,16.2131941325805));
#5389=CARTESIAN_POINT('',(-180.774396240229,78.,16.2131941325805));
#5390=CARTESIAN_POINT('',(-174.5777270786,78.,49.6474290177243));
#5391=CARTESIAN_POINT('',(-174.5777270786,140.,49.6474290177243));
#5392=CARTESIAN_POINT('',(-179.248935421803,140.,33.2218264960715));
#5393=CARTESIAN_POINT('',(-180.774396240229,140.,16.2131941325805));
#5394=CARTESIAN_POINT('',(-180.774396240229,140.,16.2131941325805));
#5395=CARTESIAN_POINT('',(-180.774396240229,78.,16.2131941325805));
#5396=CARTESIAN_POINT('',(-174.5777270786,140.,49.6474290177243));
#5397=CARTESIAN_POINT('',(-174.5777270786,78.,49.6474290177243));
#5398=CARTESIAN_POINT('',(-180.774396240229,78.,16.2131941325805));
#5399=CARTESIAN_POINT('',(-179.248935421803,78.,33.2218264960714));
#5400=CARTESIAN_POINT('',(-174.5777270786,78.,49.6474290177243));
#5401=CARTESIAN_POINT('',(7.02148724606826E-12,0.,-2.09978151208088E-13));
#5402=CARTESIAN_POINT('',(-180.908997919284,140.,14.6350425978404));
#5403=CARTESIAN_POINT('',(-180.463904170433,140.,-19.3656730212225));
#5404=CARTESIAN_POINT('',(-180.463904170433,78.,-19.3656730212225));
#5405=CARTESIAN_POINT('',(-180.908997919284,78.,14.6350425978404));
#5406=CARTESIAN_POINT('',(-180.908997919284,140.,14.6350425978404));
#5407=CARTESIAN_POINT('',(-182.285974218737,140.,-2.38625411703091));
#5408=CARTESIAN_POINT('',(-180.463904170433,140.,-19.3656730212225));
#5409=CARTESIAN_POINT('',(-180.463904170433,140.,-19.3656730212225));
#5410=CARTESIAN_POINT('',(-180.463904170433,78.,-19.3656730212225));
#5411=CARTESIAN_POINT('',(-180.908997919284,140.,14.6350425978404));
#5412=CARTESIAN_POINT('',(-180.908997919284,78.,14.6350425978404));
#5413=CARTESIAN_POINT('',(-180.463904170433,78.,-19.3656730212225));
#5414=CARTESIAN_POINT('',(-182.285974218737,78.,-2.38625411703091));
#5415=CARTESIAN_POINT('',(-180.908997919284,78.,14.6350425978404));
#5416=CARTESIAN_POINT('',(-9.09987424384777E-12,0.,-2.37784006303598E-12));
#5417=CARTESIAN_POINT('',(-180.288037424865,140.,-20.939760301652));
#5418=CARTESIAN_POINT('',(-173.21828546869,140.,-54.2003282212144));
#5419=CARTESIAN_POINT('',(-173.21828546869,78.,-54.2003282212144));
#5420=CARTESIAN_POINT('',(-180.288037424865,78.,-20.939760301652));
#5421=CARTESIAN_POINT('',(-180.288037424865,140.,-20.939760301652));
#5422=CARTESIAN_POINT('',(-178.317865253596,140.,-37.9026323226425));
#5423=CARTESIAN_POINT('',(-173.21828546869,140.,-54.2003282212144));
#5424=CARTESIAN_POINT('',(-173.21828546869,140.,-54.2003282212144));
#5425=CARTESIAN_POINT('',(-173.21828546869,78.,-54.2003282212144));
#5426=CARTESIAN_POINT('',(-180.288037424865,140.,-20.939760301652));
#5427=CARTESIAN_POINT('',(-180.288037424865,78.,-20.939760301652));
#5428=CARTESIAN_POINT('',(-173.21828546869,78.,-54.2003282212144));
#5429=CARTESIAN_POINT('',(-178.317865253596,77.9999999999999,-37.9026323226425));
#5430=CARTESIAN_POINT('',(-180.288037424865,78.,-20.939760301652));
#5431=CARTESIAN_POINT('',(1.93322917405698E-12,0.,1.06671078780021E-12));
#5432=CARTESIAN_POINT('',(-172.738708758904,140.,-55.7098599559048));
#5433=CARTESIAN_POINT('',(-159.31598519832,140.,-86.9520952035593));
#5434=CARTESIAN_POINT('',(-159.31598519832,78.,-86.9520952035593));
#5435=CARTESIAN_POINT('',(-172.738708758904,78.,-55.7098599559048));
#5436=CARTESIAN_POINT('',(-172.738708758904,140.,-55.7098599559048));
#5437=CARTESIAN_POINT('',(-167.49710072857,140.,-71.9624336241361));
#5438=CARTESIAN_POINT('',(-159.31598519832,140.,-86.9520952035593));
#5439=CARTESIAN_POINT('',(-159.31598519832,140.,-86.9520952035593));
#5440=CARTESIAN_POINT('',(-159.31598519832,78.,-86.9520952035593));
#5441=CARTESIAN_POINT('',(-172.738708758904,140.,-55.7098599559048));
#5442=CARTESIAN_POINT('',(-172.738708758904,78.,-55.7098599559048));
#5443=CARTESIAN_POINT('',(-159.31598519832,78.,-86.9520952035593));
#5444=CARTESIAN_POINT('',(-167.49710072857,78.,-71.9624336241361));
#5445=CARTESIAN_POINT('',(-172.738708758904,78.,-55.7098599559048));
#5446=CARTESIAN_POINT('',(5.81733690529997E-12,0.,3.5752129298562E-12));
#5447=CARTESIAN_POINT('',(-158.551128388323,140.,-88.3390609345016));
#5448=CARTESIAN_POINT('',(-139.291260962211,140.,-116.362341930528));
#5449=CARTESIAN_POINT('',(-139.291260962211,78.,-116.362341930528));
#5450=CARTESIAN_POINT('',(-158.551128388323,78.,-88.3390609345016));
#5451=CARTESIAN_POINT('',(-158.551128388323,140.,-88.3390609345016));
#5452=CARTESIAN_POINT('',(-150.239516556002,140.,-103.256758958452));
#5453=CARTESIAN_POINT('',(-139.291260962211,140.,-116.362341930528));
#5454=CARTESIAN_POINT('',(-139.291260962211,140.,-116.362341930528));
#5455=CARTESIAN_POINT('',(-139.291260962211,78.,-116.362341930528));
#5456=CARTESIAN_POINT('',(-158.551128388323,140.,-88.3390609345016));
#5457=CARTESIAN_POINT('',(-158.551128388323,78.,-88.3390609345016));
#5458=CARTESIAN_POINT('',(-139.291260962211,78.,-116.362341930528));
#5459=CARTESIAN_POINT('',(-150.239516556002,78.,-103.256758958452));
#5460=CARTESIAN_POINT('',(-158.551128388323,78.,-88.3390609345016));
#5461=CARTESIAN_POINT('',(-4.75348953900155E-12,0.,2.69679954790973E-12));
#5462=CARTESIAN_POINT('',(-142.289540335655,140.,112.676247324217));
#5463=CARTESIAN_POINT('',(-160.809243908175,140.,84.1584046526607));
#5464=CARTESIAN_POINT('',(-160.809243908175,78.,84.1584046526607));
#5465=CARTESIAN_POINT('',(-142.289540335655,78.,112.676247324217));
#5466=CARTESIAN_POINT('',(-142.289540335655,140.,112.676247324217));
#5467=CARTESIAN_POINT('',(-152.890980067688,140.,99.2885633873657));
#5468=CARTESIAN_POINT('',(-160.809243908175,140.,84.1584046526607));
#5469=CARTESIAN_POINT('',(-160.809243908175,140.,84.1584046526607));
#5470=CARTESIAN_POINT('',(-160.809243908175,78.,84.1584046526607));
#5471=CARTESIAN_POINT('',(-142.289540335655,140.,112.676247324217));
#5472=CARTESIAN_POINT('',(-142.289540335655,78.,112.676247324217));
#5473=CARTESIAN_POINT('',(-160.809243908175,78.,84.1584046526607));
#5474=CARTESIAN_POINT('',(-152.890980067688,77.9999999999999,99.2885633873657));
#5475=CARTESIAN_POINT('',(-142.289540335655,78.,112.676247324217));
#5476=CARTESIAN_POINT('',(5.35906683315855E-12,0.,-2.10741702968094E-12));
#5477=CARTESIAN_POINT('',(-161.537532090602,140.,82.7518925830559));
#5478=CARTESIAN_POINT('',(-174.137829641962,140.,51.1689973283324));
#5479=CARTESIAN_POINT('',(-174.137829641962,78.,51.1689973283324));
#5480=CARTESIAN_POINT('',(-161.537532090602,78.,82.7518925830559));
#5481=CARTESIAN_POINT('',(-161.537532090602,140.,82.7518925830559));
#5482=CARTESIAN_POINT('',(-169.323460560572,140.,67.5532109479447));
#5483=CARTESIAN_POINT('',(-174.137829641962,140.,51.1689973283324));
#5484=CARTESIAN_POINT('',(-174.137829641962,140.,51.1689973283324));
#5485=CARTESIAN_POINT('',(-174.137829641962,78.,51.1689973283324));
#5486=CARTESIAN_POINT('',(-161.537532090602,140.,82.7518925830559));
#5487=CARTESIAN_POINT('',(-161.537532090602,78.,82.7518925830559));
#5488=CARTESIAN_POINT('',(-174.137829641962,78.,51.1689973283324));
#5489=CARTESIAN_POINT('',(-169.323460560572,77.9999999999999,67.5532109479447));
#5490=CARTESIAN_POINT('',(-161.537532090602,78.,82.7518925830559));
#5491=CARTESIAN_POINT('',(3.88057057757457E-12,0.,3.41265512521E-12));
#5492=CARTESIAN_POINT('',(-138.270517070275,140.,-117.573441342502));
#5493=CARTESIAN_POINT('',(-113.913651682764,140.,-141.30084911386));
#5494=CARTESIAN_POINT('',(-113.913651682764,78.,-141.30084911386));
#5495=CARTESIAN_POINT('',(-138.270517070275,78.,-117.573441342502));
#5496=CARTESIAN_POINT('',(-138.270517070275,140.,-117.573441342502));
#5497=CARTESIAN_POINT('',(-127.208312017478,140.,-130.582984953052));
#5498=CARTESIAN_POINT('',(-113.913651682764,140.,-141.30084911386));
#5499=CARTESIAN_POINT('',(-113.913651682764,140.,-141.30084911386));
#5500=CARTESIAN_POINT('',(-113.913651682764,78.,-141.30084911386));
#5501=CARTESIAN_POINT('',(-138.270517070275,140.,-117.573441342502));
#5502=CARTESIAN_POINT('',(-138.270517070275,78.,-117.573441342502));
#5503=CARTESIAN_POINT('',(-113.913651682764,78.,-141.30084911386));
#5504=CARTESIAN_POINT('',(-127.208312017478,78.,-130.582984953052));
#5505=CARTESIAN_POINT('',(-138.270517070275,78.,-117.573441342502));
#5506=CARTESIAN_POINT('',(-2.69679954790973E-12,0.,-4.75348953900155E-12));
#5507=CARTESIAN_POINT('',(-112.676247324217,140.,-142.289540335655));
#5508=CARTESIAN_POINT('',(-84.1584046526607,140.,-160.809243908175));
#5509=CARTESIAN_POINT('',(-84.1584046526607,78.,-160.809243908175));
#5510=CARTESIAN_POINT('',(-112.676247324217,78.,-142.289540335655));
#5511=CARTESIAN_POINT('',(-112.676247324217,140.,-142.289540335655));
#5512=CARTESIAN_POINT('',(-99.2885633873657,140.,-152.890980067688));
#5513=CARTESIAN_POINT('',(-84.1584046526607,140.,-160.809243908175));
#5514=CARTESIAN_POINT('',(-84.1584046526607,140.,-160.809243908175));
#5515=CARTESIAN_POINT('',(-84.1584046526607,78.,-160.809243908175));
#5516=CARTESIAN_POINT('',(-112.676247324217,140.,-142.289540335655));
#5517=CARTESIAN_POINT('',(-112.676247324217,78.,-142.289540335655));
#5518=CARTESIAN_POINT('',(-84.1584046526607,78.,-160.809243908175));
#5519=CARTESIAN_POINT('',(-99.2885633873657,77.9999999999999,-152.890980067688));
#5520=CARTESIAN_POINT('',(-112.676247324217,78.,-142.289540335655));
#5521=CARTESIAN_POINT('',(2.21571847371458E-12,0.,-3.62576454779895E-12));
#5522=CARTESIAN_POINT('',(-88.3390609345016,140.,158.551128388323));
#5523=CARTESIAN_POINT('',(-116.362341930528,140.,139.291260962211));
#5524=CARTESIAN_POINT('',(-116.362341930528,78.,139.291260962211));
#5525=CARTESIAN_POINT('',(-88.3390609345016,78.,158.551128388323));
#5526=CARTESIAN_POINT('',(-88.3390609345016,140.,158.551128388323));
#5527=CARTESIAN_POINT('',(-103.256758958452,140.,150.239516556002));
#5528=CARTESIAN_POINT('',(-116.362341930528,140.,139.291260962211));
#5529=CARTESIAN_POINT('',(-116.362341930528,140.,139.291260962211));
#5530=CARTESIAN_POINT('',(-116.362341930528,78.,139.291260962211));
#5531=CARTESIAN_POINT('',(-88.3390609345016,140.,158.551128388323));
#5532=CARTESIAN_POINT('',(-88.3390609345016,78.,158.551128388323));
#5533=CARTESIAN_POINT('',(-116.362341930528,78.,139.291260962211));
#5534=CARTESIAN_POINT('',(-103.256758958452,78.,150.239516556002));
#5535=CARTESIAN_POINT('',(-88.3390609345016,78.,158.551128388323));
#5536=CARTESIAN_POINT('',(2.25769047618915E-12,0.,-2.89448111387554E-12));
#5537=CARTESIAN_POINT('',(-117.573441342502,140.,138.270517070276));
#5538=CARTESIAN_POINT('',(-141.30084911386,140.,113.913651682764));
#5539=CARTESIAN_POINT('',(-141.30084911386,78.,113.913651682764));
#5540=CARTESIAN_POINT('',(-117.573441342502,78.,138.270517070276));
#5541=CARTESIAN_POINT('',(-117.573441342502,140.,138.270517070276));
#5542=CARTESIAN_POINT('',(-130.582984953052,140.,127.208312017478));
#5543=CARTESIAN_POINT('',(-141.30084911386,140.,113.913651682764));
#5544=CARTESIAN_POINT('',(-141.30084911386,140.,113.913651682764));
#5545=CARTESIAN_POINT('',(-141.30084911386,78.,113.913651682764));
#5546=CARTESIAN_POINT('',(-117.573441342502,140.,138.270517070276));
#5547=CARTESIAN_POINT('',(-117.573441342502,78.,138.270517070276));
#5548=CARTESIAN_POINT('',(-141.30084911386,78.,113.913651682764));
#5549=CARTESIAN_POINT('',(-130.582984953052,78.,127.208312017478));
#5550=CARTESIAN_POINT('',(-117.573441342502,78.,138.270517070276));
#5551=CARTESIAN_POINT('',(1.74737469766448E-12,0.,4.36063318948477E-12));
#5552=CARTESIAN_POINT('',(-82.7518925830559,140.,-161.537532090602));
#5553=CARTESIAN_POINT('',(-51.1689973283324,140.,-174.137829641962));
#5554=CARTESIAN_POINT('',(-51.1689973283324,78.,-174.137829641962));
#5555=CARTESIAN_POINT('',(-82.7518925830559,78.,-161.537532090602));
#5556=CARTESIAN_POINT('',(-82.7518925830559,140.,-161.537532090602));
#5557=CARTESIAN_POINT('',(-67.5532109479447,140.,-169.323460560572));
#5558=CARTESIAN_POINT('',(-51.1689973283324,140.,-174.137829641962));
#5559=CARTESIAN_POINT('',(-51.1689973283324,140.,-174.137829641962));
#5560=CARTESIAN_POINT('',(-51.1689973283324,78.,-174.137829641962));
#5561=CARTESIAN_POINT('',(-82.7518925830559,140.,-161.537532090602));
#5562=CARTESIAN_POINT('',(-82.7518925830559,78.,-161.537532090602));
#5563=CARTESIAN_POINT('',(-51.1689973283324,78.,-174.137829641962));
#5564=CARTESIAN_POINT('',(-67.5532109479447,77.9999999999999,-169.323460560572));
#5565=CARTESIAN_POINT('',(-82.7518925830559,78.,-161.537532090602));
#5566=CARTESIAN_POINT('',(-3.95272816280805E-13,0.,-2.12294294778428E-12));
#5567=CARTESIAN_POINT('',(-49.6474290177243,140.,-174.5777270786));
#5568=CARTESIAN_POINT('',(-16.2131941325805,140.,-180.774396240229));
#5569=CARTESIAN_POINT('',(-16.2131941325805,78.,-180.774396240229));
#5570=CARTESIAN_POINT('',(-49.6474290177243,78.,-174.5777270786));
#5571=CARTESIAN_POINT('',(-49.6474290177243,140.,-174.5777270786));
#5572=CARTESIAN_POINT('',(-33.2218264960715,140.,-179.248935421803));
#5573=CARTESIAN_POINT('',(-16.2131941325805,140.,-180.774396240229));
#5574=CARTESIAN_POINT('',(-16.2131941325805,140.,-180.774396240229));
#5575=CARTESIAN_POINT('',(-16.2131941325805,78.,-180.774396240229));
#5576=CARTESIAN_POINT('',(-49.6474290177243,140.,-174.5777270786));
#5577=CARTESIAN_POINT('',(-49.6474290177243,78.,-174.5777270786));
#5578=CARTESIAN_POINT('',(-16.2131941325805,78.,-180.774396240229));
#5579=CARTESIAN_POINT('',(-33.2218264960714,78.,-179.248935421803));
#5580=CARTESIAN_POINT('',(-49.6474290177243,78.,-174.5777270786));
#5581=CARTESIAN_POINT('',(-4.36063318948477E-12,0.,1.74737469766448E-12));
#5582=CARTESIAN_POINT('',(161.537532090602,140.,-82.7518925830559));
#5583=CARTESIAN_POINT('',(174.137829641962,140.,-51.1689973283324));
#5584=CARTESIAN_POINT('',(174.137829641962,78.,-51.1689973283324));
#5585=CARTESIAN_POINT('',(161.537532090602,78.,-82.7518925830559));
#5586=CARTESIAN_POINT('',(161.537532090602,140.,-82.7518925830559));
#5587=CARTESIAN_POINT('',(169.323460560572,140.,-67.5532109479447));
#5588=CARTESIAN_POINT('',(174.137829641962,140.,-51.1689973283324));
#5589=CARTESIAN_POINT('',(174.137829641962,140.,-51.1689973283324));
#5590=CARTESIAN_POINT('',(174.137829641962,78.,-51.1689973283324));
#5591=CARTESIAN_POINT('',(161.537532090602,140.,-82.7518925830559));
#5592=CARTESIAN_POINT('',(161.537532090602,78.,-82.7518925830559));
#5593=CARTESIAN_POINT('',(174.137829641962,78.,-51.1689973283324));
#5594=CARTESIAN_POINT('',(169.323460560572,77.9999999999999,-67.5532109479447));
#5595=CARTESIAN_POINT('',(161.537532090602,78.,-82.7518925830559));
#5596=CARTESIAN_POINT('',(-4.0139582382915E-12,0.,7.94583927321258E-13));
#5597=CARTESIAN_POINT('',(174.5777270786,140.,-49.6474290177242));
#5598=CARTESIAN_POINT('',(180.774396240229,140.,-16.2131941325804));
#5599=CARTESIAN_POINT('',(180.774396240229,78.,-16.2131941325804));
#5600=CARTESIAN_POINT('',(174.5777270786,78.,-49.6474290177242));
#5601=CARTESIAN_POINT('',(174.5777270786,140.,-49.6474290177242));
#5602=CARTESIAN_POINT('',(179.248935421804,140.,-33.2218264960714));
#5603=CARTESIAN_POINT('',(180.774396240229,140.,-16.2131941325804));
#5604=CARTESIAN_POINT('',(180.774396240229,140.,-16.2131941325804));
#5605=CARTESIAN_POINT('',(180.774396240229,78.,-16.2131941325804));
#5606=CARTESIAN_POINT('',(174.5777270786,140.,-49.6474290177242));
#5607=CARTESIAN_POINT('',(174.5777270786,78.,-49.6474290177242));
#5608=CARTESIAN_POINT('',(180.774396240229,78.,-16.2131941325804));
#5609=CARTESIAN_POINT('',(179.248935421804,78.,-33.2218264960714));
#5610=CARTESIAN_POINT('',(174.5777270786,78.,-49.6474290177242));
#5611=CARTESIAN_POINT('',(-3.71345142960071E-12,0.,3.31976534850702E-14));
#5612=CARTESIAN_POINT('',(180.908997919284,140.,-14.6350425978405));
#5613=CARTESIAN_POINT('',(180.463904170433,140.,19.3656730212224));
#5614=CARTESIAN_POINT('',(180.463904170433,78.,19.3656730212224));
#5615=CARTESIAN_POINT('',(180.908997919284,78.,-14.6350425978405));
#5616=CARTESIAN_POINT('',(180.908997919284,140.,-14.6350425978405));
#5617=CARTESIAN_POINT('',(182.285974218737,140.,2.38625411703084));
#5618=CARTESIAN_POINT('',(180.463904170433,140.,19.3656730212224));
#5619=CARTESIAN_POINT('',(180.463904170433,140.,19.3656730212224));
#5620=CARTESIAN_POINT('',(180.463904170433,78.,19.3656730212224));
#5621=CARTESIAN_POINT('',(180.908997919284,140.,-14.6350425978405));
#5622=CARTESIAN_POINT('',(180.908997919284,78.,-14.6350425978405));
#5623=CARTESIAN_POINT('',(180.463904170433,78.,19.3656730212224));
#5624=CARTESIAN_POINT('',(182.285974218736,77.9999999999999,2.38625411703084));
#5625=CARTESIAN_POINT('',(180.908997919284,78.,-14.6350425978405));
#5626=CARTESIAN_POINT('',(9.09987424384777E-12,0.,2.37784006303598E-12));
#5627=CARTESIAN_POINT('',(180.288037424865,140.,20.939760301652));
#5628=CARTESIAN_POINT('',(173.21828546869,140.,54.2003282212144));
#5629=CARTESIAN_POINT('',(173.21828546869,78.,54.2003282212144));
#5630=CARTESIAN_POINT('',(180.288037424865,78.,20.939760301652));
#5631=CARTESIAN_POINT('',(180.288037424865,140.,20.939760301652));
#5632=CARTESIAN_POINT('',(178.317865253596,140.,37.9026323226425));
#5633=CARTESIAN_POINT('',(173.21828546869,140.,54.2003282212144));
#5634=CARTESIAN_POINT('',(173.21828546869,140.,54.2003282212144));
#5635=CARTESIAN_POINT('',(173.21828546869,78.,54.2003282212144));
#5636=CARTESIAN_POINT('',(180.288037424865,140.,20.939760301652));
#5637=CARTESIAN_POINT('',(180.288037424865,78.,20.939760301652));
#5638=CARTESIAN_POINT('',(173.21828546869,78.,54.2003282212144));
#5639=CARTESIAN_POINT('',(178.317865253596,77.9999999999999,37.9026323226425));
#5640=CARTESIAN_POINT('',(180.288037424865,78.,20.939760301652));
#5641=CARTESIAN_POINT('',(-1.9388449983364E-12,0.,-1.05363960277168E-12));
#5642=CARTESIAN_POINT('',(172.738708758904,140.,55.7098599559048));
#5643=CARTESIAN_POINT('',(159.31598519832,140.,86.9520952035593));
#5644=CARTESIAN_POINT('',(159.31598519832,78.,86.9520952035593));
#5645=CARTESIAN_POINT('',(172.738708758904,78.,55.7098599559048));
#5646=CARTESIAN_POINT('',(172.738708758904,140.,55.7098599559048));
#5647=CARTESIAN_POINT('',(167.49710072857,140.,71.9624336241361));
#5648=CARTESIAN_POINT('',(159.31598519832,140.,86.9520952035593));
#5649=CARTESIAN_POINT('',(159.31598519832,140.,86.9520952035593));
#5650=CARTESIAN_POINT('',(159.31598519832,78.,86.9520952035593));
#5651=CARTESIAN_POINT('',(172.738708758904,140.,55.7098599559048));
#5652=CARTESIAN_POINT('',(172.738708758904,78.,55.7098599559048));
#5653=CARTESIAN_POINT('',(159.31598519832,78.,86.9520952035593));
#5654=CARTESIAN_POINT('',(167.49710072857,77.9999999999999,71.962433624136));
#5655=CARTESIAN_POINT('',(172.738708758904,78.,55.7098599559048));
#5656=CARTESIAN_POINT('',(-7.12260142380707E-12,0.,-4.61902787393091E-12));
#5657=CARTESIAN_POINT('',(158.551128388323,140.,88.3390609345016));
#5658=CARTESIAN_POINT('',(139.291260962211,140.,116.362341930528));
#5659=CARTESIAN_POINT('',(139.291260962211,78.,116.362341930528));
#5660=CARTESIAN_POINT('',(158.551128388323,78.,88.3390609345016));
#5661=CARTESIAN_POINT('',(158.551128388323,140.,88.3390609345016));
#5662=CARTESIAN_POINT('',(150.239516556002,140.,103.256758958452));
#5663=CARTESIAN_POINT('',(139.291260962211,140.,116.362341930528));
#5664=CARTESIAN_POINT('',(139.291260962211,140.,116.362341930528));
#5665=CARTESIAN_POINT('',(139.291260962211,78.,116.362341930528));
#5666=CARTESIAN_POINT('',(158.551128388323,140.,88.3390609345016));
#5667=CARTESIAN_POINT('',(158.551128388323,78.,88.3390609345016));
#5668=CARTESIAN_POINT('',(139.291260962211,78.,116.362341930528));
#5669=CARTESIAN_POINT('',(150.239516556002,78.,103.256758958452));
#5670=CARTESIAN_POINT('',(158.551128388323,78.,88.3390609345016));
#5671=CARTESIAN_POINT('',(-9.07722781371027E-12,0.,-8.71659110239513E-12));
#5672=CARTESIAN_POINT('',(138.270517070276,140.,117.573441342502));
#5673=CARTESIAN_POINT('',(113.913651682765,140.,141.30084911386));
#5674=CARTESIAN_POINT('',(113.913651682765,78.,141.30084911386));
#5675=CARTESIAN_POINT('',(138.270517070276,78.,117.573441342502));
#5676=CARTESIAN_POINT('',(138.270517070276,140.,117.573441342502));
#5677=CARTESIAN_POINT('',(127.208312017478,140.,130.582984953052));
#5678=CARTESIAN_POINT('',(113.913651682765,140.,141.30084911386));
#5679=CARTESIAN_POINT('',(113.913651682765,140.,141.30084911386));
#5680=CARTESIAN_POINT('',(113.913651682765,78.,141.30084911386));
#5681=CARTESIAN_POINT('',(138.270517070276,140.,117.573441342502));
#5682=CARTESIAN_POINT('',(138.270517070276,78.,117.573441342502));
#5683=CARTESIAN_POINT('',(113.913651682765,78.,141.30084911386));
#5684=CARTESIAN_POINT('',(127.208312017478,77.9999999999999,130.582984953052));
#5685=CARTESIAN_POINT('',(138.270517070276,78.,117.573441342502));
#5686=CARTESIAN_POINT('',(4.75348953900155E-12,0.,-2.69679954790973E-12));
#5687=CARTESIAN_POINT('',(142.289540335655,140.,-112.676247324217));
#5688=CARTESIAN_POINT('',(160.809243908175,140.,-84.1584046526607));
#5689=CARTESIAN_POINT('',(160.809243908175,78.,-84.1584046526607));
#5690=CARTESIAN_POINT('',(142.289540335655,78.,-112.676247324217));
#5691=CARTESIAN_POINT('',(142.289540335655,140.,-112.676247324217));
#5692=CARTESIAN_POINT('',(152.890980067688,140.,-99.2885633873657));
#5693=CARTESIAN_POINT('',(160.809243908175,140.,-84.1584046526607));
#5694=CARTESIAN_POINT('',(160.809243908175,140.,-84.1584046526607));
#5695=CARTESIAN_POINT('',(160.809243908175,78.,-84.1584046526607));
#5696=CARTESIAN_POINT('',(142.289540335655,140.,-112.676247324217));
#5697=CARTESIAN_POINT('',(142.289540335655,78.,-112.676247324217));
#5698=CARTESIAN_POINT('',(160.809243908175,78.,-84.1584046526607));
#5699=CARTESIAN_POINT('',(152.890980067688,77.9999999999999,-99.2885633873656));
#5700=CARTESIAN_POINT('',(142.289540335655,78.,-112.676247324217));
#5701=CARTESIAN_POINT('',(2.69679954790973E-12,0.,4.75348953900155E-12));
#5702=CARTESIAN_POINT('',(112.676247324217,140.,142.289540335655));
#5703=CARTESIAN_POINT('',(84.1584046526607,140.,160.809243908175));
#5704=CARTESIAN_POINT('',(84.1584046526607,78.,160.809243908175));
#5705=CARTESIAN_POINT('',(112.676247324217,78.,142.289540335655));
#5706=CARTESIAN_POINT('',(112.676247324217,140.,142.289540335655));
#5707=CARTESIAN_POINT('',(99.2885633873657,140.,152.890980067688));
#5708=CARTESIAN_POINT('',(84.1584046526607,140.,160.809243908175));
#5709=CARTESIAN_POINT('',(84.1584046526607,140.,160.809243908175));
#5710=CARTESIAN_POINT('',(84.1584046526607,78.,160.809243908175));
#5711=CARTESIAN_POINT('',(112.676247324217,140.,142.289540335655));
#5712=CARTESIAN_POINT('',(112.676247324217,78.,142.289540335655));
#5713=CARTESIAN_POINT('',(84.1584046526607,78.,160.809243908175));
#5714=CARTESIAN_POINT('',(99.2885633873657,78.,152.890980067688));
#5715=CARTESIAN_POINT('',(112.676247324217,78.,142.289540335655));
#5716=CARTESIAN_POINT('',(-3.50696710063658E-12,0.,5.68036290478356E-12));
#5717=CARTESIAN_POINT('',(88.3390609345016,140.,-158.551128388323));
#5718=CARTESIAN_POINT('',(116.362341930528,140.,-139.291260962211));
#5719=CARTESIAN_POINT('',(116.362341930528,78.,-139.291260962211));
#5720=CARTESIAN_POINT('',(88.3390609345016,78.,-158.551128388323));
#5721=CARTESIAN_POINT('',(88.3390609345016,140.,-158.551128388323));
#5722=CARTESIAN_POINT('',(103.256758958452,140.,-150.239516556002));
#5723=CARTESIAN_POINT('',(116.362341930528,140.,-139.291260962211));
#5724=CARTESIAN_POINT('',(116.362341930528,140.,-139.291260962211));
#5725=CARTESIAN_POINT('',(116.362341930528,78.,-139.291260962211));
#5726=CARTESIAN_POINT('',(88.3390609345016,140.,-158.551128388323));
#5727=CARTESIAN_POINT('',(88.3390609345016,78.,-158.551128388323));
#5728=CARTESIAN_POINT('',(116.362341930528,78.,-139.291260962211));
#5729=CARTESIAN_POINT('',(103.256758958452,78.,-150.239516556002));
#5730=CARTESIAN_POINT('',(88.3390609345016,78.,-158.551128388323));
#5731=CARTESIAN_POINT('',(-3.41265512521E-12,0.,3.88057057757457E-12));
#5732=CARTESIAN_POINT('',(117.573441342502,140.,-138.270517070275));
#5733=CARTESIAN_POINT('',(141.30084911386,140.,-113.913651682764));
#5734=CARTESIAN_POINT('',(141.30084911386,78.,-113.913651682764));
#5735=CARTESIAN_POINT('',(117.573441342502,78.,-138.270517070275));
#5736=CARTESIAN_POINT('',(117.573441342502,140.,-138.270517070275));
#5737=CARTESIAN_POINT('',(130.582984953052,140.,-127.208312017478));
#5738=CARTESIAN_POINT('',(141.30084911386,140.,-113.913651682764));
#5739=CARTESIAN_POINT('',(141.30084911386,140.,-113.913651682764));
#5740=CARTESIAN_POINT('',(141.30084911386,78.,-113.913651682764));
#5741=CARTESIAN_POINT('',(117.573441342502,140.,-138.270517070275));
#5742=CARTESIAN_POINT('',(117.573441342502,78.,-138.270517070275));
#5743=CARTESIAN_POINT('',(141.30084911386,78.,-113.913651682764));
#5744=CARTESIAN_POINT('',(130.582984953052,78.,-127.208312017478));
#5745=CARTESIAN_POINT('',(117.573441342502,78.,-138.270517070275));
#5746=CARTESIAN_POINT('',(-1.74737469766448E-12,0.,-4.36063318948477E-12));
#5747=CARTESIAN_POINT('',(82.7518925830559,140.,161.537532090602));
#5748=CARTESIAN_POINT('',(51.1689973283324,140.,174.137829641962));
#5749=CARTESIAN_POINT('',(51.1689973283324,78.,174.137829641962));
#5750=CARTESIAN_POINT('',(82.7518925830559,78.,161.537532090602));
#5751=CARTESIAN_POINT('',(82.7518925830559,140.,161.537532090602));
#5752=CARTESIAN_POINT('',(67.5532109479447,140.,169.323460560572));
#5753=CARTESIAN_POINT('',(51.1689973283324,140.,174.137829641962));
#5754=CARTESIAN_POINT('',(51.1689973283324,140.,174.137829641962));
#5755=CARTESIAN_POINT('',(51.1689973283324,78.,174.137829641962));
#5756=CARTESIAN_POINT('',(82.7518925830559,140.,161.537532090602));
#5757=CARTESIAN_POINT('',(82.7518925830559,78.,161.537532090602));
#5758=CARTESIAN_POINT('',(51.1689973283324,78.,174.137829641962));
#5759=CARTESIAN_POINT('',(67.5532109479447,78.,169.323460560572));
#5760=CARTESIAN_POINT('',(82.7518925830559,78.,161.537532090602));
#5761=CARTESIAN_POINT('',(-7.66607371418211E-13,0.,-4.01914338644305E-12));
#5762=CARTESIAN_POINT('',(49.6474290177242,140.,174.5777270786));
#5763=CARTESIAN_POINT('',(16.2131941325804,140.,180.774396240229));
#5764=CARTESIAN_POINT('',(16.2131941325804,78.,180.774396240229));
#5765=CARTESIAN_POINT('',(49.6474290177242,78.,174.5777270786));
#5766=CARTESIAN_POINT('',(49.6474290177242,140.,174.5777270786));
#5767=CARTESIAN_POINT('',(33.2218264960714,140.,179.248935421804));
#5768=CARTESIAN_POINT('',(16.2131941325804,140.,180.774396240229));
#5769=CARTESIAN_POINT('',(16.2131941325804,140.,180.774396240229));
#5770=CARTESIAN_POINT('',(16.2131941325804,78.,180.774396240229));
#5771=CARTESIAN_POINT('',(49.6474290177242,140.,174.5777270786));
#5772=CARTESIAN_POINT('',(49.6474290177242,78.,174.5777270786));
#5773=CARTESIAN_POINT('',(16.2131941325804,78.,180.774396240229));
#5774=CARTESIAN_POINT('',(33.2218264960714,78.,179.248935421803));
#5775=CARTESIAN_POINT('',(49.6474290177242,78.,174.5777270786));
#5776=CARTESIAN_POINT('',(-2.37784006303598E-12,0.,9.09987424384777E-12));
#5777=CARTESIAN_POINT('',(-20.939760301652,140.,180.288037424865));
#5778=CARTESIAN_POINT('',(-54.2003282212144,140.,173.21828546869));
#5779=CARTESIAN_POINT('',(-54.2003282212144,78.,173.21828546869));
#5780=CARTESIAN_POINT('',(-20.939760301652,78.,180.288037424865));
#5781=CARTESIAN_POINT('',(-20.939760301652,140.,180.288037424865));
#5782=CARTESIAN_POINT('',(-37.9026323226425,140.,178.317865253596));
#5783=CARTESIAN_POINT('',(-54.2003282212144,140.,173.21828546869));
#5784=CARTESIAN_POINT('',(-54.2003282212144,140.,173.21828546869));
#5785=CARTESIAN_POINT('',(-54.2003282212144,78.,173.21828546869));
#5786=CARTESIAN_POINT('',(-20.939760301652,140.,180.288037424865));
#5787=CARTESIAN_POINT('',(-20.939760301652,78.,180.288037424865));
#5788=CARTESIAN_POINT('',(-54.2003282212144,78.,173.21828546869));
#5789=CARTESIAN_POINT('',(-37.9026323226425,78.,178.317865253596));
#5790=CARTESIAN_POINT('',(-20.939760301652,78.,180.288037424865));
#5791=CARTESIAN_POINT('',(2.37784006303598E-12,0.,-9.09987424384777E-12));
#5792=CARTESIAN_POINT('',(20.939760301652,140.,-180.288037424865));
#5793=CARTESIAN_POINT('',(54.2003282212144,140.,-173.21828546869));
#5794=CARTESIAN_POINT('',(54.2003282212144,78.,-173.21828546869));
#5795=CARTESIAN_POINT('',(20.939760301652,78.,-180.288037424865));
#5796=CARTESIAN_POINT('',(20.939760301652,140.,-180.288037424865));
#5797=CARTESIAN_POINT('',(37.9026323226425,140.,-178.317865253596));
#5798=CARTESIAN_POINT('',(54.2003282212144,140.,-173.21828546869));
#5799=CARTESIAN_POINT('',(54.2003282212144,140.,-173.21828546869));
#5800=CARTESIAN_POINT('',(54.2003282212144,78.,-173.21828546869));
#5801=CARTESIAN_POINT('',(20.939760301652,140.,-180.288037424865));
#5802=CARTESIAN_POINT('',(20.939760301652,78.,-180.288037424865));
#5803=CARTESIAN_POINT('',(54.2003282212144,78.,-173.21828546869));
#5804=CARTESIAN_POINT('',(37.9026323226425,78.,-178.317865253596));
#5805=CARTESIAN_POINT('',(20.939760301652,78.,-180.288037424865));
#5806=CARTESIAN_POINT('',(-1.04056841774315E-12,0.,1.94446082261583E-12));
#5807=CARTESIAN_POINT('',(55.7098599559049,140.,-172.738708758904));
#5808=CARTESIAN_POINT('',(86.9520952035593,140.,-159.31598519832));
#5809=CARTESIAN_POINT('',(86.9520952035593,78.,-159.31598519832));
#5810=CARTESIAN_POINT('',(55.7098599559049,78.,-172.738708758904));
#5811=CARTESIAN_POINT('',(55.7098599559049,140.,-172.738708758904));
#5812=CARTESIAN_POINT('',(71.9624336241361,140.,-167.49710072857));
#5813=CARTESIAN_POINT('',(86.9520952035593,140.,-159.31598519832));
#5814=CARTESIAN_POINT('',(86.9520952035593,140.,-159.31598519832));
#5815=CARTESIAN_POINT('',(86.9520952035593,78.,-159.31598519832));
#5816=CARTESIAN_POINT('',(55.7098599559049,140.,-172.738708758904));
#5817=CARTESIAN_POINT('',(55.7098599559049,78.,-172.738708758904));
#5818=CARTESIAN_POINT('',(86.9520952035593,78.,-159.31598519832));
#5819=CARTESIAN_POINT('',(71.9624336241361,78.,-167.49710072857));
#5820=CARTESIAN_POINT('',(55.7098599559049,78.,-172.738708758904));
#5821=CARTESIAN_POINT('',(-1.03770441529932E-13,0.,2.76446024337855E-12));
#5822=CARTESIAN_POINT('',(14.6350425978405,140.,180.908997919284));
#5823=CARTESIAN_POINT('',(-19.3656730212224,140.,180.463904170433));
#5824=CARTESIAN_POINT('',(-19.3656730212224,78.,180.463904170433));
#5825=CARTESIAN_POINT('',(14.6350425978405,78.,180.908997919284));
#5826=CARTESIAN_POINT('',(14.6350425978405,140.,180.908997919284));
#5827=CARTESIAN_POINT('',(-2.38625411703083,140.,182.285974218737));
#5828=CARTESIAN_POINT('',(-19.3656730212224,140.,180.463904170433));
#5829=CARTESIAN_POINT('',(-19.3656730212224,140.,180.463904170433));
#5830=CARTESIAN_POINT('',(-19.3656730212224,78.,180.463904170433));
#5831=CARTESIAN_POINT('',(14.6350425978405,140.,180.908997919284));
#5832=CARTESIAN_POINT('',(14.6350425978405,78.,180.908997919284));
#5833=CARTESIAN_POINT('',(-19.3656730212224,78.,180.463904170433));
#5834=CARTESIAN_POINT('',(-2.38625411703082,78.,182.285974218737));
#5835=CARTESIAN_POINT('',(14.6350425978405,78.,180.908997919284));
#5836=CARTESIAN_POINT('',(1.06671078780021E-12,0.,-1.93322917405698E-12));
#5837=CARTESIAN_POINT('',(-55.7098599559048,140.,172.738708758904));
#5838=CARTESIAN_POINT('',(-86.9520952035593,140.,159.31598519832));
#5839=CARTESIAN_POINT('',(-86.9520952035593,78.,159.31598519832));
#5840=CARTESIAN_POINT('',(-55.7098599559048,78.,172.738708758904));
#5841=CARTESIAN_POINT('',(-55.7098599559048,140.,172.738708758904));
#5842=CARTESIAN_POINT('',(-71.9624336241361,140.,167.49710072857));
#5843=CARTESIAN_POINT('',(-86.9520952035593,140.,159.31598519832));
#5844=CARTESIAN_POINT('',(-86.9520952035593,140.,159.31598519832));
#5845=CARTESIAN_POINT('',(-86.9520952035593,78.,159.31598519832));
#5846=CARTESIAN_POINT('',(-55.7098599559048,140.,172.738708758904));
#5847=CARTESIAN_POINT('',(-55.7098599559048,78.,172.738708758904));
#5848=CARTESIAN_POINT('',(-86.9520952035593,78.,159.31598519832));
#5849=CARTESIAN_POINT('',(-71.9624336241361,78.,167.49710072857));
#5850=CARTESIAN_POINT('',(-55.7098599559048,78.,172.738708758904));
#5851=CARTESIAN_POINT('',(4.26534196235086E-13,0.,3.86068021334707E-12));
#5852=CARTESIAN_POINT('',(-14.6350425978404,140.,-180.908997919284));
#5853=CARTESIAN_POINT('',(19.3656730212225,140.,-180.463904170433));
#5854=CARTESIAN_POINT('',(19.3656730212225,78.,-180.463904170433));
#5855=CARTESIAN_POINT('',(-14.6350425978404,78.,-180.908997919284));
#5856=CARTESIAN_POINT('',(-14.6350425978404,140.,-180.908997919284));
#5857=CARTESIAN_POINT('',(2.38625411703094,140.,-182.285974218737));
#5858=CARTESIAN_POINT('',(19.3656730212225,140.,-180.463904170433));
#5859=CARTESIAN_POINT('',(19.3656730212225,140.,-180.463904170433));
#5860=CARTESIAN_POINT('',(19.3656730212225,78.,-180.463904170433));
#5861=CARTESIAN_POINT('',(-14.6350425978404,140.,-180.908997919284));
#5862=CARTESIAN_POINT('',(-14.6350425978404,78.,-180.908997919284));
#5863=CARTESIAN_POINT('',(19.3656730212225,78.,-180.463904170433));
#5864=CARTESIAN_POINT('',(2.38625411703093,77.9999999999999,-182.285974218736));
#5865=CARTESIAN_POINT('',(-14.6350425978404,78.,-180.908997919284));
#5866=CARTESIAN_POINT('',(-4.36063318948477E-12,0.,1.74737469766448E-12));
#5867=CARTESIAN_POINT('',(174.137829641962,-140.,-51.1689973283324));
#5868=CARTESIAN_POINT('',(161.537532090602,-140.,-82.7518925830559));
#5869=CARTESIAN_POINT('',(174.137829641962,-78.,-51.1689973283324));
#5870=CARTESIAN_POINT('',(161.537532090602,-78.,-82.7518925830559));
#5871=CARTESIAN_POINT('',(161.537532090602,-140.,-82.7518925830559));
#5872=CARTESIAN_POINT('',(169.323460560572,-140.,-67.5532109479447));
#5873=CARTESIAN_POINT('',(174.137829641962,-140.,-51.1689973283324));
#5874=CARTESIAN_POINT('',(174.137829641962,-78.,-51.1689973283324));
#5875=CARTESIAN_POINT('',(169.323460560572,-78.,-67.5532109479448));
#5876=CARTESIAN_POINT('',(161.537532090602,-78.,-82.7518925830559));
#5877=CARTESIAN_POINT('',(174.137829641962,-78.,-51.1689973283324));
#5878=CARTESIAN_POINT('',(174.137829641962,-140.,-51.1689973283324));
#5879=CARTESIAN_POINT('',(161.537532090602,-78.,-82.7518925830559));
#5880=CARTESIAN_POINT('',(161.537532090602,-140.,-82.7518925830559));
#5881=CARTESIAN_POINT('',(-4.0139582382915E-12,0.,7.94583927321258E-13));
#5882=CARTESIAN_POINT('',(180.774396240229,-140.,-16.2131941325804));
#5883=CARTESIAN_POINT('',(174.5777270786,-140.,-49.6474290177242));
#5884=CARTESIAN_POINT('',(180.774396240229,-78.,-16.2131941325804));
#5885=CARTESIAN_POINT('',(174.5777270786,-78.,-49.6474290177242));
#5886=CARTESIAN_POINT('',(174.5777270786,-140.,-49.6474290177242));
#5887=CARTESIAN_POINT('',(179.248935421804,-140.,-33.2218264960714));
#5888=CARTESIAN_POINT('',(180.774396240229,-140.,-16.2131941325804));
#5889=CARTESIAN_POINT('',(180.774396240229,-78.,-16.2131941325804));
#5890=CARTESIAN_POINT('',(179.248935421803,-77.9999999999999,-33.2218264960714));
#5891=CARTESIAN_POINT('',(174.5777270786,-78.,-49.6474290177242));
#5892=CARTESIAN_POINT('',(180.774396240229,-78.,-16.2131941325804));
#5893=CARTESIAN_POINT('',(180.774396240229,-140.,-16.2131941325804));
#5894=CARTESIAN_POINT('',(174.5777270786,-78.,-49.6474290177242));
#5895=CARTESIAN_POINT('',(174.5777270786,-140.,-49.6474290177242));
#5896=CARTESIAN_POINT('',(-3.71345142960071E-12,0.,3.31976534850702E-14));
#5897=CARTESIAN_POINT('',(180.463904170433,-140.,19.3656730212224));
#5898=CARTESIAN_POINT('',(180.908997919284,-140.,-14.6350425978405));
#5899=CARTESIAN_POINT('',(180.463904170433,-78.,19.3656730212224));
#5900=CARTESIAN_POINT('',(180.908997919284,-78.,-14.6350425978405));
#5901=CARTESIAN_POINT('',(180.908997919284,-140.,-14.6350425978405));
#5902=CARTESIAN_POINT('',(182.285974218737,-140.,2.38625411703084));
#5903=CARTESIAN_POINT('',(180.463904170433,-140.,19.3656730212224));
#5904=CARTESIAN_POINT('',(180.463904170433,-78.,19.3656730212224));
#5905=CARTESIAN_POINT('',(182.285974218737,-78.,2.38625411703084));
#5906=CARTESIAN_POINT('',(180.908997919284,-78.,-14.6350425978405));
#5907=CARTESIAN_POINT('',(180.463904170433,-78.,19.3656730212224));
#5908=CARTESIAN_POINT('',(180.463904170433,-140.,19.3656730212224));
#5909=CARTESIAN_POINT('',(180.908997919284,-78.,-14.6350425978405));
#5910=CARTESIAN_POINT('',(180.908997919284,-140.,-14.6350425978405));
#5911=CARTESIAN_POINT('',(9.09987424384777E-12,0.,2.37784006303598E-12));
#5912=CARTESIAN_POINT('',(173.21828546869,-140.,54.2003282212144));
#5913=CARTESIAN_POINT('',(180.288037424865,-140.,20.939760301652));
#5914=CARTESIAN_POINT('',(173.21828546869,-78.,54.2003282212144));
#5915=CARTESIAN_POINT('',(180.288037424865,-78.,20.939760301652));
#5916=CARTESIAN_POINT('',(180.288037424865,-140.,20.939760301652));
#5917=CARTESIAN_POINT('',(178.317865253596,-140.,37.9026323226425));
#5918=CARTESIAN_POINT('',(173.21828546869,-140.,54.2003282212144));
#5919=CARTESIAN_POINT('',(173.21828546869,-78.,54.2003282212144));
#5920=CARTESIAN_POINT('',(178.317865253596,-77.9999999999999,37.9026323226425));
#5921=CARTESIAN_POINT('',(180.288037424865,-78.,20.939760301652));
#5922=CARTESIAN_POINT('',(173.21828546869,-78.,54.2003282212144));
#5923=CARTESIAN_POINT('',(173.21828546869,-140.,54.2003282212144));
#5924=CARTESIAN_POINT('',(180.288037424865,-78.,20.939760301652));
#5925=CARTESIAN_POINT('',(180.288037424865,-140.,20.939760301652));
#5926=CARTESIAN_POINT('',(-1.9388449983364E-12,0.,-1.05363960277168E-12));
#5927=CARTESIAN_POINT('',(159.31598519832,-140.,86.9520952035593));
#5928=CARTESIAN_POINT('',(172.738708758904,-140.,55.7098599559048));
#5929=CARTESIAN_POINT('',(159.31598519832,-78.,86.9520952035593));
#5930=CARTESIAN_POINT('',(172.738708758904,-78.,55.7098599559048));
#5931=CARTESIAN_POINT('',(172.738708758904,-140.,55.7098599559048));
#5932=CARTESIAN_POINT('',(167.49710072857,-140.,71.9624336241361));
#5933=CARTESIAN_POINT('',(159.31598519832,-140.,86.9520952035593));
#5934=CARTESIAN_POINT('',(159.31598519832,-78.,86.9520952035593));
#5935=CARTESIAN_POINT('',(167.49710072857,-77.9999999999999,71.962433624136));
#5936=CARTESIAN_POINT('',(172.738708758904,-78.,55.7098599559048));
#5937=CARTESIAN_POINT('',(159.31598519832,-78.,86.9520952035593));
#5938=CARTESIAN_POINT('',(159.31598519832,-140.,86.9520952035593));
#5939=CARTESIAN_POINT('',(172.738708758904,-78.,55.7098599559048));
#5940=CARTESIAN_POINT('',(172.738708758904,-140.,55.7098599559048));
#5941=CARTESIAN_POINT('',(-7.12260142380707E-12,0.,-4.61902787393091E-12));
#5942=CARTESIAN_POINT('',(139.291260962211,-140.,116.362341930528));
#5943=CARTESIAN_POINT('',(158.551128388323,-140.,88.3390609345016));
#5944=CARTESIAN_POINT('',(139.291260962211,-78.,116.362341930528));
#5945=CARTESIAN_POINT('',(158.551128388323,-78.,88.3390609345016));
#5946=CARTESIAN_POINT('',(158.551128388323,-140.,88.3390609345016));
#5947=CARTESIAN_POINT('',(150.239516556002,-140.,103.256758958452));
#5948=CARTESIAN_POINT('',(139.291260962211,-140.,116.362341930528));
#5949=CARTESIAN_POINT('',(139.291260962211,-78.,116.362341930528));
#5950=CARTESIAN_POINT('',(150.239516556002,-77.9999999999999,103.256758958452));
#5951=CARTESIAN_POINT('',(158.551128388323,-78.,88.3390609345016));
#5952=CARTESIAN_POINT('',(139.291260962211,-78.,116.362341930528));
#5953=CARTESIAN_POINT('',(139.291260962211,-140.,116.362341930528));
#5954=CARTESIAN_POINT('',(158.551128388323,-78.,88.3390609345016));
#5955=CARTESIAN_POINT('',(158.551128388323,-140.,88.3390609345016));
#5956=CARTESIAN_POINT('',(-9.07722781371027E-12,0.,-8.71659110239513E-12));
#5957=CARTESIAN_POINT('',(113.913651682765,-140.,141.30084911386));
#5958=CARTESIAN_POINT('',(138.270517070276,-140.,117.573441342502));
#5959=CARTESIAN_POINT('',(113.913651682765,-78.,141.30084911386));
#5960=CARTESIAN_POINT('',(138.270517070276,-78.,117.573441342502));
#5961=CARTESIAN_POINT('',(138.270517070276,-140.,117.573441342502));
#5962=CARTESIAN_POINT('',(127.208312017478,-140.,130.582984953052));
#5963=CARTESIAN_POINT('',(113.913651682765,-140.,141.30084911386));
#5964=CARTESIAN_POINT('',(113.913651682765,-78.,141.30084911386));
#5965=CARTESIAN_POINT('',(127.208312017478,-77.9999999999999,130.582984953052));
#5966=CARTESIAN_POINT('',(138.270517070276,-78.,117.573441342502));
#5967=CARTESIAN_POINT('',(113.913651682765,-78.,141.30084911386));
#5968=CARTESIAN_POINT('',(113.913651682765,-140.,141.30084911386));
#5969=CARTESIAN_POINT('',(138.270517070276,-78.,117.573441342502));
#5970=CARTESIAN_POINT('',(138.270517070276,-140.,117.573441342502));
#5971=CARTESIAN_POINT('',(4.75348953900155E-12,0.,-2.69679954790973E-12));
#5972=CARTESIAN_POINT('',(160.809243908175,-140.,-84.1584046526607));
#5973=CARTESIAN_POINT('',(142.289540335655,-140.,-112.676247324217));
#5974=CARTESIAN_POINT('',(160.809243908175,-78.,-84.1584046526607));
#5975=CARTESIAN_POINT('',(142.289540335655,-78.,-112.676247324217));
#5976=CARTESIAN_POINT('',(142.289540335655,-140.,-112.676247324217));
#5977=CARTESIAN_POINT('',(152.890980067688,-140.,-99.2885633873657));
#5978=CARTESIAN_POINT('',(160.809243908175,-140.,-84.1584046526607));
#5979=CARTESIAN_POINT('',(160.809243908175,-78.,-84.1584046526607));
#5980=CARTESIAN_POINT('',(152.890980067688,-77.9999999999999,-99.2885633873656));
#5981=CARTESIAN_POINT('',(142.289540335655,-78.,-112.676247324217));
#5982=CARTESIAN_POINT('',(160.809243908175,-78.,-84.1584046526607));
#5983=CARTESIAN_POINT('',(160.809243908175,-140.,-84.1584046526607));
#5984=CARTESIAN_POINT('',(142.289540335655,-78.,-112.676247324217));
#5985=CARTESIAN_POINT('',(142.289540335655,-140.,-112.676247324217));
#5986=CARTESIAN_POINT('',(2.69679954790973E-12,0.,4.75348953900155E-12));
#5987=CARTESIAN_POINT('',(84.1584046526607,-140.,160.809243908175));
#5988=CARTESIAN_POINT('',(112.676247324217,-140.,142.289540335655));
#5989=CARTESIAN_POINT('',(84.1584046526607,-78.,160.809243908175));
#5990=CARTESIAN_POINT('',(112.676247324217,-78.,142.289540335655));
#5991=CARTESIAN_POINT('',(112.676247324217,-140.,142.289540335655));
#5992=CARTESIAN_POINT('',(99.2885633873657,-140.,152.890980067688));
#5993=CARTESIAN_POINT('',(84.1584046526607,-140.,160.809243908175));
#5994=CARTESIAN_POINT('',(84.1584046526607,-78.,160.809243908175));
#5995=CARTESIAN_POINT('',(99.2885633873657,-77.9999999999999,152.890980067688));
#5996=CARTESIAN_POINT('',(112.676247324217,-78.,142.289540335655));
#5997=CARTESIAN_POINT('',(84.1584046526607,-78.,160.809243908175));
#5998=CARTESIAN_POINT('',(84.1584046526607,-140.,160.809243908175));
#5999=CARTESIAN_POINT('',(112.676247324217,-78.,142.289540335655));
#6000=CARTESIAN_POINT('',(112.676247324217,-140.,142.289540335655));
#6001=CARTESIAN_POINT('',(-3.50696710063658E-12,0.,5.68036290478356E-12));
#6002=CARTESIAN_POINT('',(116.362341930528,-140.,-139.291260962211));
#6003=CARTESIAN_POINT('',(88.3390609345016,-140.,-158.551128388323));
#6004=CARTESIAN_POINT('',(116.362341930528,-78.,-139.291260962211));
#6005=CARTESIAN_POINT('',(88.3390609345016,-78.,-158.551128388323));
#6006=CARTESIAN_POINT('',(88.3390609345016,-140.,-158.551128388323));
#6007=CARTESIAN_POINT('',(103.256758958452,-140.,-150.239516556002));
#6008=CARTESIAN_POINT('',(116.362341930528,-140.,-139.291260962211));
#6009=CARTESIAN_POINT('',(116.362341930528,-78.,-139.291260962211));
#6010=CARTESIAN_POINT('',(103.256758958452,-78.,-150.239516556002));
#6011=CARTESIAN_POINT('',(88.3390609345016,-78.,-158.551128388323));
#6012=CARTESIAN_POINT('',(116.362341930528,-78.,-139.291260962211));
#6013=CARTESIAN_POINT('',(116.362341930528,-140.,-139.291260962211));
#6014=CARTESIAN_POINT('',(88.3390609345016,-78.,-158.551128388323));
#6015=CARTESIAN_POINT('',(88.3390609345016,-140.,-158.551128388323));
#6016=CARTESIAN_POINT('',(-3.41265512521E-12,0.,3.88057057757457E-12));
#6017=CARTESIAN_POINT('',(141.30084911386,-140.,-113.913651682764));
#6018=CARTESIAN_POINT('',(117.573441342502,-140.,-138.270517070275));
#6019=CARTESIAN_POINT('',(141.30084911386,-78.,-113.913651682764));
#6020=CARTESIAN_POINT('',(117.573441342502,-78.,-138.270517070275));
#6021=CARTESIAN_POINT('',(117.573441342502,-140.,-138.270517070275));
#6022=CARTESIAN_POINT('',(130.582984953052,-140.,-127.208312017478));
#6023=CARTESIAN_POINT('',(141.30084911386,-140.,-113.913651682764));
#6024=CARTESIAN_POINT('',(141.30084911386,-78.,-113.913651682764));
#6025=CARTESIAN_POINT('',(130.582984953052,-78.,-127.208312017478));
#6026=CARTESIAN_POINT('',(117.573441342502,-78.,-138.270517070275));
#6027=CARTESIAN_POINT('',(141.30084911386,-78.,-113.913651682764));
#6028=CARTESIAN_POINT('',(141.30084911386,-140.,-113.913651682764));
#6029=CARTESIAN_POINT('',(117.573441342502,-78.,-138.270517070275));
#6030=CARTESIAN_POINT('',(117.573441342502,-140.,-138.270517070275));
#6031=CARTESIAN_POINT('',(-1.74737469766448E-12,0.,-4.36063318948477E-12));
#6032=CARTESIAN_POINT('',(51.1689973283324,-140.,174.137829641962));
#6033=CARTESIAN_POINT('',(82.7518925830559,-140.,161.537532090602));
#6034=CARTESIAN_POINT('',(51.1689973283324,-78.,174.137829641962));
#6035=CARTESIAN_POINT('',(82.7518925830559,-78.,161.537532090602));
#6036=CARTESIAN_POINT('',(82.7518925830559,-140.,161.537532090602));
#6037=CARTESIAN_POINT('',(67.5532109479447,-140.,169.323460560572));
#6038=CARTESIAN_POINT('',(51.1689973283324,-140.,174.137829641962));
#6039=CARTESIAN_POINT('',(51.1689973283324,-78.,174.137829641962));
#6040=CARTESIAN_POINT('',(67.5532109479447,-78.,169.323460560572));
#6041=CARTESIAN_POINT('',(82.7518925830559,-78.,161.537532090602));
#6042=CARTESIAN_POINT('',(51.1689973283324,-78.,174.137829641962));
#6043=CARTESIAN_POINT('',(51.1689973283324,-140.,174.137829641962));
#6044=CARTESIAN_POINT('',(82.7518925830559,-78.,161.537532090602));
#6045=CARTESIAN_POINT('',(82.7518925830559,-140.,161.537532090602));
#6046=CARTESIAN_POINT('',(-7.66607371418211E-13,0.,-4.01914338644305E-12));
#6047=CARTESIAN_POINT('',(16.2131941325804,-140.,180.774396240229));
#6048=CARTESIAN_POINT('',(49.6474290177242,-140.,174.5777270786));
#6049=CARTESIAN_POINT('',(16.2131941325804,-78.,180.774396240229));
#6050=CARTESIAN_POINT('',(49.6474290177242,-78.,174.5777270786));
#6051=CARTESIAN_POINT('',(49.6474290177242,-140.,174.5777270786));
#6052=CARTESIAN_POINT('',(33.2218264960714,-140.,179.248935421804));
#6053=CARTESIAN_POINT('',(16.2131941325804,-140.,180.774396240229));
#6054=CARTESIAN_POINT('',(16.2131941325804,-78.,180.774396240229));
#6055=CARTESIAN_POINT('',(33.2218264960714,-77.9999999999999,179.248935421803));
#6056=CARTESIAN_POINT('',(49.6474290177242,-78.,174.5777270786));
#6057=CARTESIAN_POINT('',(16.2131941325804,-78.,180.774396240229));
#6058=CARTESIAN_POINT('',(16.2131941325804,-140.,180.774396240229));
#6059=CARTESIAN_POINT('',(49.6474290177242,-78.,174.5777270786));
#6060=CARTESIAN_POINT('',(49.6474290177242,-140.,174.5777270786));
#6061=CARTESIAN_POINT('',(-2.37784006303598E-12,0.,9.09987424384777E-12));
#6062=CARTESIAN_POINT('',(-54.2003282212144,-140.,173.21828546869));
#6063=CARTESIAN_POINT('',(-20.939760301652,-140.,180.288037424865));
#6064=CARTESIAN_POINT('',(-54.2003282212144,-78.,173.21828546869));
#6065=CARTESIAN_POINT('',(-20.939760301652,-78.,180.288037424865));
#6066=CARTESIAN_POINT('',(-20.939760301652,-140.,180.288037424865));
#6067=CARTESIAN_POINT('',(-37.9026323226425,-140.,178.317865253596));
#6068=CARTESIAN_POINT('',(-54.2003282212144,-140.,173.21828546869));
#6069=CARTESIAN_POINT('',(-54.2003282212144,-78.,173.21828546869));
#6070=CARTESIAN_POINT('',(-37.9026323226425,-78.,178.317865253596));
#6071=CARTESIAN_POINT('',(-20.939760301652,-78.,180.288037424865));
#6072=CARTESIAN_POINT('',(-54.2003282212144,-78.,173.21828546869));
#6073=CARTESIAN_POINT('',(-54.2003282212144,-140.,173.21828546869));
#6074=CARTESIAN_POINT('',(-20.939760301652,-78.,180.288037424865));
#6075=CARTESIAN_POINT('',(-20.939760301652,-140.,180.288037424865));
#6076=CARTESIAN_POINT('',(2.37784006303598E-12,0.,-9.09987424384777E-12));
#6077=CARTESIAN_POINT('',(54.2003282212144,-140.,-173.21828546869));
#6078=CARTESIAN_POINT('',(20.939760301652,-140.,-180.288037424865));
#6079=CARTESIAN_POINT('',(54.2003282212144,-78.,-173.21828546869));
#6080=CARTESIAN_POINT('',(20.939760301652,-78.,-180.288037424865));
#6081=CARTESIAN_POINT('',(20.939760301652,-140.,-180.288037424865));
#6082=CARTESIAN_POINT('',(37.9026323226425,-140.,-178.317865253596));
#6083=CARTESIAN_POINT('',(54.2003282212144,-140.,-173.21828546869));
#6084=CARTESIAN_POINT('',(54.2003282212144,-78.,-173.21828546869));
#6085=CARTESIAN_POINT('',(37.9026323226425,-78.,-178.317865253596));
#6086=CARTESIAN_POINT('',(20.939760301652,-78.,-180.288037424865));
#6087=CARTESIAN_POINT('',(54.2003282212144,-78.,-173.21828546869));
#6088=CARTESIAN_POINT('',(54.2003282212144,-140.,-173.21828546869));
#6089=CARTESIAN_POINT('',(20.939760301652,-78.,-180.288037424865));
#6090=CARTESIAN_POINT('',(20.939760301652,-140.,-180.288037424865));
#6091=CARTESIAN_POINT('',(-1.04056841774315E-12,0.,1.94446082261583E-12));
#6092=CARTESIAN_POINT('',(86.9520952035593,-140.,-159.31598519832));
#6093=CARTESIAN_POINT('',(55.7098599559049,-140.,-172.738708758904));
#6094=CARTESIAN_POINT('',(86.9520952035593,-78.,-159.31598519832));
#6095=CARTESIAN_POINT('',(55.7098599559049,-78.,-172.738708758904));
#6096=CARTESIAN_POINT('',(55.7098599559049,-140.,-172.738708758904));
#6097=CARTESIAN_POINT('',(71.9624336241361,-140.,-167.49710072857));
#6098=CARTESIAN_POINT('',(86.9520952035593,-140.,-159.31598519832));
#6099=CARTESIAN_POINT('',(86.9520952035593,-78.,-159.31598519832));
#6100=CARTESIAN_POINT('',(71.9624336241361,-78.,-167.49710072857));
#6101=CARTESIAN_POINT('',(55.7098599559049,-78.,-172.738708758904));
#6102=CARTESIAN_POINT('',(86.9520952035593,-78.,-159.31598519832));
#6103=CARTESIAN_POINT('',(86.9520952035593,-140.,-159.31598519832));
#6104=CARTESIAN_POINT('',(55.7098599559049,-78.,-172.738708758904));
#6105=CARTESIAN_POINT('',(55.7098599559049,-140.,-172.738708758904));
#6106=CARTESIAN_POINT('',(-1.03770441529932E-13,0.,2.76446024337855E-12));
#6107=CARTESIAN_POINT('',(-19.3656730212224,-140.,180.463904170433));
#6108=CARTESIAN_POINT('',(14.6350425978405,-140.,180.908997919284));
#6109=CARTESIAN_POINT('',(-19.3656730212224,-78.,180.463904170433));
#6110=CARTESIAN_POINT('',(14.6350425978405,-78.,180.908997919284));
#6111=CARTESIAN_POINT('',(14.6350425978405,-140.,180.908997919284));
#6112=CARTESIAN_POINT('',(-2.38625411703083,-140.,182.285974218737));
#6113=CARTESIAN_POINT('',(-19.3656730212224,-140.,180.463904170433));
#6114=CARTESIAN_POINT('',(-19.3656730212224,-78.,180.463904170433));
#6115=CARTESIAN_POINT('',(-2.38625411703082,-78.,182.285974218737));
#6116=CARTESIAN_POINT('',(14.6350425978405,-78.,180.908997919284));
#6117=CARTESIAN_POINT('',(-19.3656730212224,-78.,180.463904170433));
#6118=CARTESIAN_POINT('',(-19.3656730212224,-140.,180.463904170433));
#6119=CARTESIAN_POINT('',(14.6350425978405,-78.,180.908997919284));
#6120=CARTESIAN_POINT('',(14.6350425978405,-140.,180.908997919284));
#6121=CARTESIAN_POINT('',(2.21571847371458E-12,0.,-3.62576454779895E-12));
#6122=CARTESIAN_POINT('',(-116.362341930528,-140.,139.291260962211));
#6123=CARTESIAN_POINT('',(-88.3390609345016,-140.,158.551128388323));
#6124=CARTESIAN_POINT('',(-116.362341930528,-78.,139.291260962211));
#6125=CARTESIAN_POINT('',(-88.3390609345016,-78.,158.551128388323));
#6126=CARTESIAN_POINT('',(-88.3390609345016,-140.,158.551128388323));
#6127=CARTESIAN_POINT('',(-103.256758958452,-140.,150.239516556002));
#6128=CARTESIAN_POINT('',(-116.362341930528,-140.,139.291260962211));
#6129=CARTESIAN_POINT('',(-116.362341930528,-78.,139.291260962211));
#6130=CARTESIAN_POINT('',(-103.256758958452,-78.,150.239516556002));
#6131=CARTESIAN_POINT('',(-88.3390609345016,-78.,158.551128388323));
#6132=CARTESIAN_POINT('',(-116.362341930528,-78.,139.291260962211));
#6133=CARTESIAN_POINT('',(-116.362341930528,-140.,139.291260962211));
#6134=CARTESIAN_POINT('',(-88.3390609345016,-78.,158.551128388323));
#6135=CARTESIAN_POINT('',(-88.3390609345016,-140.,158.551128388323));
#6136=CARTESIAN_POINT('',(-3.95272816280805E-13,0.,-2.12294294778428E-12));
#6137=CARTESIAN_POINT('',(-16.2131941325805,-140.,-180.774396240229));
#6138=CARTESIAN_POINT('',(-49.6474290177243,-140.,-174.5777270786));
#6139=CARTESIAN_POINT('',(-16.2131941325805,-78.,-180.774396240229));
#6140=CARTESIAN_POINT('',(-49.6474290177243,-78.,-174.5777270786));
#6141=CARTESIAN_POINT('',(-49.6474290177243,-140.,-174.5777270786));
#6142=CARTESIAN_POINT('',(-33.2218264960715,-140.,-179.248935421803));
#6143=CARTESIAN_POINT('',(-16.2131941325805,-140.,-180.774396240229));
#6144=CARTESIAN_POINT('',(-16.2131941325805,-78.,-180.774396240229));
#6145=CARTESIAN_POINT('',(-33.2218264960714,-78.,-179.248935421803));
#6146=CARTESIAN_POINT('',(-49.6474290177243,-78.,-174.5777270786));
#6147=CARTESIAN_POINT('',(-16.2131941325805,-78.,-180.774396240229));
#6148=CARTESIAN_POINT('',(-16.2131941325805,-140.,-180.774396240229));
#6149=CARTESIAN_POINT('',(-49.6474290177243,-78.,-174.5777270786));
#6150=CARTESIAN_POINT('',(-49.6474290177243,-140.,-174.5777270786));
#6151=CARTESIAN_POINT('',(1.06671078780021E-12,0.,-1.93322917405698E-12));
#6152=CARTESIAN_POINT('',(-86.9520952035593,-140.,159.31598519832));
#6153=CARTESIAN_POINT('',(-55.7098599559048,-140.,172.738708758904));
#6154=CARTESIAN_POINT('',(-86.9520952035593,-78.,159.31598519832));
#6155=CARTESIAN_POINT('',(-55.7098599559048,-78.,172.738708758904));
#6156=CARTESIAN_POINT('',(-55.7098599559048,-140.,172.738708758904));
#6157=CARTESIAN_POINT('',(-71.9624336241361,-140.,167.49710072857));
#6158=CARTESIAN_POINT('',(-86.9520952035593,-140.,159.31598519832));
#6159=CARTESIAN_POINT('',(-86.9520952035593,-78.,159.31598519832));
#6160=CARTESIAN_POINT('',(-71.9624336241361,-78.,167.49710072857));
#6161=CARTESIAN_POINT('',(-55.7098599559048,-78.,172.738708758904));
#6162=CARTESIAN_POINT('',(-86.9520952035593,-78.,159.31598519832));
#6163=CARTESIAN_POINT('',(-86.9520952035593,-140.,159.31598519832));
#6164=CARTESIAN_POINT('',(-55.7098599559048,-78.,172.738708758904));
#6165=CARTESIAN_POINT('',(-55.7098599559048,-140.,172.738708758904));
#6166=CARTESIAN_POINT('',(4.26534196235086E-13,0.,3.86068021334707E-12));
#6167=CARTESIAN_POINT('',(19.3656730212225,-140.,-180.463904170433));
#6168=CARTESIAN_POINT('',(-14.6350425978404,-140.,-180.908997919284));
#6169=CARTESIAN_POINT('',(19.3656730212225,-78.,-180.463904170433));
#6170=CARTESIAN_POINT('',(-14.6350425978404,-78.,-180.908997919284));
#6171=CARTESIAN_POINT('',(-14.6350425978404,-140.,-180.908997919284));
#6172=CARTESIAN_POINT('',(2.38625411703094,-140.,-182.285974218737));
#6173=CARTESIAN_POINT('',(19.3656730212225,-140.,-180.463904170433));
#6174=CARTESIAN_POINT('',(19.3656730212225,-78.,-180.463904170433));
#6175=CARTESIAN_POINT('',(2.38625411703093,-78.,-182.285974218737));
#6176=CARTESIAN_POINT('',(-14.6350425978404,-78.,-180.908997919284));
#6177=CARTESIAN_POINT('',(19.3656730212225,-78.,-180.463904170433));
#6178=CARTESIAN_POINT('',(19.3656730212225,-140.,-180.463904170433));
#6179=CARTESIAN_POINT('',(-14.6350425978404,-78.,-180.908997919284));
#6180=CARTESIAN_POINT('',(-14.6350425978404,-140.,-180.908997919284));
#6181=CARTESIAN_POINT('',(-4.75348953900155E-12,0.,2.69679954790973E-12));
#6182=CARTESIAN_POINT('',(-160.809243908175,-140.,84.1584046526607));
#6183=CARTESIAN_POINT('',(-142.289540335655,-140.,112.676247324217));
#6184=CARTESIAN_POINT('',(-160.809243908175,-78.,84.1584046526607));
#6185=CARTESIAN_POINT('',(-142.289540335655,-78.,112.676247324217));
#6186=CARTESIAN_POINT('',(-142.289540335655,-140.,112.676247324217));
#6187=CARTESIAN_POINT('',(-152.890980067688,-140.,99.2885633873657));
#6188=CARTESIAN_POINT('',(-160.809243908175,-140.,84.1584046526607));
#6189=CARTESIAN_POINT('',(-160.809243908175,-78.,84.1584046526607));
#6190=CARTESIAN_POINT('',(-152.890980067688,-77.9999999999999,99.2885633873657));
#6191=CARTESIAN_POINT('',(-142.289540335655,-78.,112.676247324217));
#6192=CARTESIAN_POINT('',(-160.809243908175,-78.,84.1584046526607));
#6193=CARTESIAN_POINT('',(-160.809243908175,-140.,84.1584046526607));
#6194=CARTESIAN_POINT('',(-142.289540335655,-78.,112.676247324217));
#6195=CARTESIAN_POINT('',(-142.289540335655,-140.,112.676247324217));
#6196=CARTESIAN_POINT('',(-2.69679954790973E-12,0.,-4.75348953900155E-12));
#6197=CARTESIAN_POINT('',(-84.1584046526607,-140.,-160.809243908175));
#6198=CARTESIAN_POINT('',(-112.676247324217,-140.,-142.289540335655));
#6199=CARTESIAN_POINT('',(-84.1584046526607,-78.,-160.809243908175));
#6200=CARTESIAN_POINT('',(-112.676247324217,-78.,-142.289540335655));
#6201=CARTESIAN_POINT('',(-112.676247324217,-140.,-142.289540335655));
#6202=CARTESIAN_POINT('',(-99.2885633873657,-140.,-152.890980067688));
#6203=CARTESIAN_POINT('',(-84.1584046526607,-140.,-160.809243908175));
#6204=CARTESIAN_POINT('',(-84.1584046526607,-78.,-160.809243908175));
#6205=CARTESIAN_POINT('',(-99.2885633873657,-77.9999999999999,-152.890980067688));
#6206=CARTESIAN_POINT('',(-112.676247324217,-78.,-142.289540335655));
#6207=CARTESIAN_POINT('',(-84.1584046526607,-78.,-160.809243908175));
#6208=CARTESIAN_POINT('',(-84.1584046526607,-140.,-160.809243908175));
#6209=CARTESIAN_POINT('',(-112.676247324217,-78.,-142.289540335655));
#6210=CARTESIAN_POINT('',(-112.676247324217,-140.,-142.289540335655));
#6211=CARTESIAN_POINT('',(2.25769047618915E-12,0.,-2.89448111387554E-12));
#6212=CARTESIAN_POINT('',(-141.30084911386,-140.,113.913651682764));
#6213=CARTESIAN_POINT('',(-117.573441342502,-140.,138.270517070276));
#6214=CARTESIAN_POINT('',(-141.30084911386,-78.,113.913651682764));
#6215=CARTESIAN_POINT('',(-117.573441342502,-78.,138.270517070276));
#6216=CARTESIAN_POINT('',(-117.573441342502,-140.,138.270517070276));
#6217=CARTESIAN_POINT('',(-130.582984953052,-140.,127.208312017478));
#6218=CARTESIAN_POINT('',(-141.30084911386,-140.,113.913651682764));
#6219=CARTESIAN_POINT('',(-141.30084911386,-78.,113.913651682764));
#6220=CARTESIAN_POINT('',(-130.582984953052,-77.9999999999999,127.208312017478));
#6221=CARTESIAN_POINT('',(-117.573441342502,-78.,138.270517070276));
#6222=CARTESIAN_POINT('',(-141.30084911386,-78.,113.913651682764));
#6223=CARTESIAN_POINT('',(-141.30084911386,-140.,113.913651682764));
#6224=CARTESIAN_POINT('',(-117.573441342502,-78.,138.270517070276));
#6225=CARTESIAN_POINT('',(-117.573441342502,-140.,138.270517070276));
#6226=CARTESIAN_POINT('',(1.74737469766448E-12,0.,4.36063318948477E-12));
#6227=CARTESIAN_POINT('',(-51.1689973283324,-140.,-174.137829641962));
#6228=CARTESIAN_POINT('',(-82.7518925830559,-140.,-161.537532090602));
#6229=CARTESIAN_POINT('',(-51.1689973283324,-78.,-174.137829641962));
#6230=CARTESIAN_POINT('',(-82.7518925830559,-78.,-161.537532090602));
#6231=CARTESIAN_POINT('',(-82.7518925830559,-140.,-161.537532090602));
#6232=CARTESIAN_POINT('',(-67.5532109479447,-140.,-169.323460560572));
#6233=CARTESIAN_POINT('',(-51.1689973283324,-140.,-174.137829641962));
#6234=CARTESIAN_POINT('',(-51.1689973283324,-78.,-174.137829641962));
#6235=CARTESIAN_POINT('',(-67.5532109479447,-77.9999999999999,-169.323460560572));
#6236=CARTESIAN_POINT('',(-82.7518925830559,-78.,-161.537532090602));
#6237=CARTESIAN_POINT('',(-51.1689973283324,-78.,-174.137829641962));
#6238=CARTESIAN_POINT('',(-51.1689973283324,-140.,-174.137829641962));
#6239=CARTESIAN_POINT('',(-82.7518925830559,-78.,-161.537532090602));
#6240=CARTESIAN_POINT('',(-82.7518925830559,-140.,-161.537532090602));
#6241=CARTESIAN_POINT('',(-2.12294294778428E-12,0.,3.95272816280805E-13));
#6242=CARTESIAN_POINT('',(-180.774396240229,-140.,16.2131941325805));
#6243=CARTESIAN_POINT('',(-174.5777270786,-140.,49.6474290177243));
#6244=CARTESIAN_POINT('',(-180.774396240229,-78.,16.2131941325805));
#6245=CARTESIAN_POINT('',(-174.5777270786,-78.,49.6474290177243));
#6246=CARTESIAN_POINT('',(-174.5777270786,-140.,49.6474290177243));
#6247=CARTESIAN_POINT('',(-179.248935421803,-140.,33.2218264960715));
#6248=CARTESIAN_POINT('',(-180.774396240229,-140.,16.2131941325805));
#6249=CARTESIAN_POINT('',(-180.774396240229,-78.,16.2131941325805));
#6250=CARTESIAN_POINT('',(-179.248935421803,-77.9999999999999,33.2218264960714));
#6251=CARTESIAN_POINT('',(-174.5777270786,-78.,49.6474290177243));
#6252=CARTESIAN_POINT('',(-180.774396240229,-78.,16.2131941325805));
#6253=CARTESIAN_POINT('',(-180.774396240229,-140.,16.2131941325805));
#6254=CARTESIAN_POINT('',(-174.5777270786,-78.,49.6474290177243));
#6255=CARTESIAN_POINT('',(-174.5777270786,-140.,49.6474290177243));
#6256=CARTESIAN_POINT('',(7.02148724606826E-12,0.,-2.09978151208088E-13));
#6257=CARTESIAN_POINT('',(-180.463904170433,-140.,-19.3656730212225));
#6258=CARTESIAN_POINT('',(-180.908997919284,-140.,14.6350425978404));
#6259=CARTESIAN_POINT('',(-180.463904170433,-78.,-19.3656730212225));
#6260=CARTESIAN_POINT('',(-180.908997919284,-78.,14.6350425978404));
#6261=CARTESIAN_POINT('',(-180.908997919284,-140.,14.6350425978404));
#6262=CARTESIAN_POINT('',(-182.285974218737,-140.,-2.38625411703091));
#6263=CARTESIAN_POINT('',(-180.463904170433,-140.,-19.3656730212225));
#6264=CARTESIAN_POINT('',(-180.463904170433,-78.,-19.3656730212225));
#6265=CARTESIAN_POINT('',(-182.285974218737,-78.,-2.38625411703089));
#6266=CARTESIAN_POINT('',(-180.908997919284,-78.,14.6350425978404));
#6267=CARTESIAN_POINT('',(-180.463904170433,-78.,-19.3656730212225));
#6268=CARTESIAN_POINT('',(-180.463904170433,-140.,-19.3656730212225));
#6269=CARTESIAN_POINT('',(-180.908997919284,-78.,14.6350425978404));
#6270=CARTESIAN_POINT('',(-180.908997919284,-140.,14.6350425978404));
#6271=CARTESIAN_POINT('',(1.93322917405698E-12,0.,1.06671078780021E-12));
#6272=CARTESIAN_POINT('',(-159.31598519832,-140.,-86.9520952035593));
#6273=CARTESIAN_POINT('',(-172.738708758904,-140.,-55.7098599559048));
#6274=CARTESIAN_POINT('',(-159.31598519832,-78.,-86.9520952035593));
#6275=CARTESIAN_POINT('',(-172.738708758904,-78.,-55.7098599559048));
#6276=CARTESIAN_POINT('',(-172.738708758904,-140.,-55.7098599559048));
#6277=CARTESIAN_POINT('',(-167.49710072857,-140.,-71.9624336241361));
#6278=CARTESIAN_POINT('',(-159.31598519832,-140.,-86.9520952035593));
#6279=CARTESIAN_POINT('',(-159.31598519832,-78.,-86.9520952035593));
#6280=CARTESIAN_POINT('',(-167.49710072857,-78.,-71.9624336241361));
#6281=CARTESIAN_POINT('',(-172.738708758904,-78.,-55.7098599559048));
#6282=CARTESIAN_POINT('',(-159.31598519832,-78.,-86.9520952035593));
#6283=CARTESIAN_POINT('',(-159.31598519832,-140.,-86.9520952035593));
#6284=CARTESIAN_POINT('',(-172.738708758904,-78.,-55.7098599559048));
#6285=CARTESIAN_POINT('',(-172.738708758904,-140.,-55.7098599559048));
#6286=CARTESIAN_POINT('',(5.81733690529997E-12,0.,3.5752129298562E-12));
#6287=CARTESIAN_POINT('',(-139.291260962211,-140.,-116.362341930528));
#6288=CARTESIAN_POINT('',(-158.551128388323,-140.,-88.3390609345016));
#6289=CARTESIAN_POINT('',(-139.291260962211,-78.,-116.362341930528));
#6290=CARTESIAN_POINT('',(-158.551128388323,-78.,-88.3390609345016));
#6291=CARTESIAN_POINT('',(-158.551128388323,-140.,-88.3390609345016));
#6292=CARTESIAN_POINT('',(-150.239516556002,-140.,-103.256758958452));
#6293=CARTESIAN_POINT('',(-139.291260962211,-140.,-116.362341930528));
#6294=CARTESIAN_POINT('',(-139.291260962211,-78.,-116.362341930528));
#6295=CARTESIAN_POINT('',(-150.239516556002,-78.,-103.256758958452));
#6296=CARTESIAN_POINT('',(-158.551128388323,-78.,-88.3390609345016));
#6297=CARTESIAN_POINT('',(-139.291260962211,-78.,-116.362341930528));
#6298=CARTESIAN_POINT('',(-139.291260962211,-140.,-116.362341930528));
#6299=CARTESIAN_POINT('',(-158.551128388323,-78.,-88.3390609345016));
#6300=CARTESIAN_POINT('',(-158.551128388323,-140.,-88.3390609345016));
#6301=CARTESIAN_POINT('',(5.35906683315855E-12,0.,-2.10741702968094E-12));
#6302=CARTESIAN_POINT('',(-174.137829641962,-140.,51.1689973283324));
#6303=CARTESIAN_POINT('',(-161.537532090602,-140.,82.7518925830559));
#6304=CARTESIAN_POINT('',(-174.137829641962,-78.,51.1689973283324));
#6305=CARTESIAN_POINT('',(-161.537532090602,-78.,82.7518925830559));
#6306=CARTESIAN_POINT('',(-161.537532090602,-140.,82.7518925830559));
#6307=CARTESIAN_POINT('',(-169.323460560572,-140.,67.5532109479447));
#6308=CARTESIAN_POINT('',(-174.137829641962,-140.,51.1689973283324));
#6309=CARTESIAN_POINT('',(-174.137829641962,-78.,51.1689973283324));
#6310=CARTESIAN_POINT('',(-169.323460560572,-77.9999999999999,67.5532109479447));
#6311=CARTESIAN_POINT('',(-161.537532090602,-78.,82.7518925830559));
#6312=CARTESIAN_POINT('',(-174.137829641962,-78.,51.1689973283324));
#6313=CARTESIAN_POINT('',(-174.137829641962,-140.,51.1689973283324));
#6314=CARTESIAN_POINT('',(-161.537532090602,-78.,82.7518925830559));
#6315=CARTESIAN_POINT('',(-161.537532090602,-140.,82.7518925830559));
#6316=CARTESIAN_POINT('',(3.88057057757457E-12,0.,3.41265512521E-12));
#6317=CARTESIAN_POINT('',(-113.913651682764,-140.,-141.30084911386));
#6318=CARTESIAN_POINT('',(-138.270517070275,-140.,-117.573441342502));
#6319=CARTESIAN_POINT('',(-113.913651682764,-78.,-141.30084911386));
#6320=CARTESIAN_POINT('',(-138.270517070275,-78.,-117.573441342502));
#6321=CARTESIAN_POINT('',(-138.270517070275,-140.,-117.573441342502));
#6322=CARTESIAN_POINT('',(-127.208312017478,-140.,-130.582984953052));
#6323=CARTESIAN_POINT('',(-113.913651682764,-140.,-141.30084911386));
#6324=CARTESIAN_POINT('',(-113.913651682764,-78.,-141.30084911386));
#6325=CARTESIAN_POINT('',(-127.208312017478,-77.9999999999999,-130.582984953052));
#6326=CARTESIAN_POINT('',(-138.270517070275,-78.,-117.573441342502));
#6327=CARTESIAN_POINT('',(-113.913651682764,-78.,-141.30084911386));
#6328=CARTESIAN_POINT('',(-113.913651682764,-140.,-141.30084911386));
#6329=CARTESIAN_POINT('',(-138.270517070275,-78.,-117.573441342502));
#6330=CARTESIAN_POINT('',(-138.270517070275,-140.,-117.573441342502));
#6331=CARTESIAN_POINT('',(-9.09987424384777E-12,0.,-2.37784006303598E-12));
#6332=CARTESIAN_POINT('',(-173.21828546869,-140.,-54.2003282212144));
#6333=CARTESIAN_POINT('',(-180.288037424865,-140.,-20.939760301652));
#6334=CARTESIAN_POINT('',(-173.21828546869,-78.,-54.2003282212144));
#6335=CARTESIAN_POINT('',(-180.288037424865,-78.,-20.939760301652));
#6336=CARTESIAN_POINT('',(-180.288037424865,-140.,-20.939760301652));
#6337=CARTESIAN_POINT('',(-178.317865253596,-140.,-37.9026323226425));
#6338=CARTESIAN_POINT('',(-173.21828546869,-140.,-54.2003282212144));
#6339=CARTESIAN_POINT('',(-173.21828546869,-78.,-54.2003282212144));
#6340=CARTESIAN_POINT('',(-178.317865253596,-77.9999999999999,-37.9026323226425));
#6341=CARTESIAN_POINT('',(-180.288037424865,-78.,-20.939760301652));
#6342=CARTESIAN_POINT('',(-173.21828546869,-78.,-54.2003282212144));
#6343=CARTESIAN_POINT('',(-173.21828546869,-140.,-54.2003282212144));
#6344=CARTESIAN_POINT('',(-180.288037424865,-78.,-20.939760301652));
#6345=CARTESIAN_POINT('',(-180.288037424865,-140.,-20.939760301652));
#6346=CARTESIAN_POINT('',(0.,0.,0.));
ENDSEC;
END-ISO-10303-21;
