ISO-10303-21;
HEADER;
/* Generated by software containing ST-Developer
 * from STEP Tools, Inc. (www.steptools.com) 
 */
/* OPTION: using custom schema-name function */

FILE_DESCRIPTION(
/* description */ (''),
/* implementation_level */ '2;1');

FILE_NAME(
/* name */ 'birdcage_copper',
/* time_stamp */ '2025-04-29T17:12:10+02:00',
/* author */ (''),
/* organization */ (''),
/* preprocessor_version */ 'ST-DEVELOPER v16.5',
/* originating_system */ 'Rhino 7.38',
/* authorisation */ '');

FILE_SCHEMA (('CONFIG_CONTROL_DESIGN'));
ENDSEC;

DATA;
#10=SHAPE_REPRESENTATION_RELATIONSHIP('','',#8071,#6286);
#11=SHAPE_REPRESENTATION_RELATIONSHIP('','',#8071,#28);
#12=SHELL_BASED_SURFACE_MODEL('shell_1',(#29));
#13=SHELL_BASED_SURFACE_MODEL('shell_2',(#30));
#14=SHELL_BASED_SURFACE_MODEL('shell_3',(#31));
#15=SHELL_BASED_SURFACE_MODEL('shell_4',(#32));
#16=SHELL_BASED_SURFACE_MODEL('shell_5',(#33));
#17=SHELL_BASED_SURFACE_MODEL('shell_6',(#34));
#18=SHELL_BASED_SURFACE_MODEL('shell_7',(#35));
#19=SHELL_BASED_SURFACE_MODEL('shell_8',(#36));
#20=SHELL_BASED_SURFACE_MODEL('shell_9',(#37));
#21=SHELL_BASED_SURFACE_MODEL('shell_10',(#38));
#22=SHELL_BASED_SURFACE_MODEL('shell_11',(#39));
#23=SHELL_BASED_SURFACE_MODEL('shell_12',(#40));
#24=SHELL_BASED_SURFACE_MODEL('shell_13',(#41));
#25=SHELL_BASED_SURFACE_MODEL('shell_14',(#42));
#26=SHELL_BASED_SURFACE_MODEL('shell_15',(#43));
#27=SHELL_BASED_SURFACE_MODEL('shell_16',(#44));
#28=MANIFOLD_SURFACE_SHAPE_REPRESENTATION('shell_rep_0',(#12,#13,#14,#15,
#16,#17,#18,#19,#20,#21,#22,#23,#24,#25,#26,#27,#8346),#8070);
#29=OPEN_SHELL('',(#45,#46,#47,#48,#49,#50,#51,#52,#53,#54,#55,#56,#57,
#58,#59,#60,#61));
#30=OPEN_SHELL('',(#62,#63,#64,#65,#66,#67,#68,#69,#70,#71,#72,#73,#74,
#75,#76,#77,#78));
#31=OPEN_SHELL('',(#79,#80,#81,#82,#83,#84,#85,#86,#87,#88,#89,#90,#91,
#92,#93,#94,#95));
#32=OPEN_SHELL('',(#96,#97,#98,#99,#100,#101,#102,#103,#104,#105,#106,#107,
#108,#109,#110,#111,#112));
#33=OPEN_SHELL('',(#113,#114,#115,#116,#117,#118,#119,#120,#121,#122,#123,
#124,#125,#126,#127,#128,#129));
#34=OPEN_SHELL('',(#130,#131,#132,#133,#134,#135,#136,#137,#138,#139,#140,
#141,#142,#143,#144,#145,#146));
#35=OPEN_SHELL('',(#147,#148,#149,#150,#151,#152,#153,#154,#155,#156,#157,
#158,#159,#160,#161,#162,#163));
#36=OPEN_SHELL('',(#164,#165,#166,#167,#168,#169,#170,#171,#172,#173,#174,
#175,#176,#177,#178,#179,#180));
#37=OPEN_SHELL('',(#181,#182,#183,#184,#185,#186,#187,#188,#189,#190,#191,
#192,#193,#194,#195,#196,#197));
#38=OPEN_SHELL('',(#198,#199,#200,#201,#202,#203,#204,#205,#206,#207,#208,
#209,#210,#211,#212,#213,#214));
#39=OPEN_SHELL('',(#215,#216,#217,#218,#219,#220,#221,#222,#223,#224,#225,
#226,#227,#228,#229,#230,#231));
#40=OPEN_SHELL('',(#232,#233,#234,#235,#236,#237,#238,#239,#240,#241,#242,
#243,#244,#245,#246,#247,#248));
#41=OPEN_SHELL('',(#249,#250,#251,#252,#253,#254,#255,#256,#257,#258,#259,
#260,#261,#262,#263,#264,#265));
#42=OPEN_SHELL('',(#266,#267,#268,#269,#270,#271,#272,#273,#274,#275,#276,
#277,#278,#279,#280,#281,#282));
#43=OPEN_SHELL('',(#283,#284,#285,#286,#287,#288,#289,#290,#291,#292,#293,
#294,#295,#296,#297,#298,#299));
#44=OPEN_SHELL('',(#300,#301,#302,#303,#304,#305,#306,#307,#308,#309,#310,
#311,#312,#313,#314,#315,#316));
#45=ADVANCED_FACE('',(#349,#317,#318),#6013,.T.);
#46=ADVANCED_FACE('',(#350),#6014,.T.);
#47=ADVANCED_FACE('',(#351),#6015,.T.);
#48=ADVANCED_FACE('',(#352),#6016,.T.);
#49=ADVANCED_FACE('',(#353),#6017,.T.);
#50=ADVANCED_FACE('',(#354),#6018,.T.);
#51=ADVANCED_FACE('',(#355),#6019,.T.);
#52=ADVANCED_FACE('',(#356),#6020,.T.);
#53=ADVANCED_FACE('',(#357),#6021,.T.);
#54=ADVANCED_FACE('',(#358),#6022,.T.);
#55=ADVANCED_FACE('',(#359),#6023,.T.);
#56=ADVANCED_FACE('',(#360),#6024,.T.);
#57=ADVANCED_FACE('',(#361),#6025,.T.);
#58=ADVANCED_FACE('',(#362),#6026,.T.);
#59=ADVANCED_FACE('',(#363),#6027,.T.);
#60=ADVANCED_FACE('',(#364),#6028,.T.);
#61=ADVANCED_FACE('',(#365),#6029,.T.);
#62=ADVANCED_FACE('',(#366,#319,#320),#6030,.T.);
#63=ADVANCED_FACE('',(#367),#6031,.T.);
#64=ADVANCED_FACE('',(#368),#6032,.T.);
#65=ADVANCED_FACE('',(#369),#6033,.T.);
#66=ADVANCED_FACE('',(#370),#6034,.T.);
#67=ADVANCED_FACE('',(#371),#6035,.T.);
#68=ADVANCED_FACE('',(#372),#6036,.T.);
#69=ADVANCED_FACE('',(#373),#6037,.T.);
#70=ADVANCED_FACE('',(#374),#6038,.T.);
#71=ADVANCED_FACE('',(#375),#6039,.T.);
#72=ADVANCED_FACE('',(#376),#6040,.T.);
#73=ADVANCED_FACE('',(#377),#6041,.T.);
#74=ADVANCED_FACE('',(#378),#6042,.T.);
#75=ADVANCED_FACE('',(#379),#6043,.T.);
#76=ADVANCED_FACE('',(#380),#6044,.T.);
#77=ADVANCED_FACE('',(#381),#6045,.T.);
#78=ADVANCED_FACE('',(#382),#6046,.T.);
#79=ADVANCED_FACE('',(#383,#321,#322),#6047,.T.);
#80=ADVANCED_FACE('',(#384),#6048,.T.);
#81=ADVANCED_FACE('',(#385),#6049,.T.);
#82=ADVANCED_FACE('',(#386),#6050,.T.);
#83=ADVANCED_FACE('',(#387),#6051,.T.);
#84=ADVANCED_FACE('',(#388),#6052,.T.);
#85=ADVANCED_FACE('',(#389),#6053,.T.);
#86=ADVANCED_FACE('',(#390),#6054,.T.);
#87=ADVANCED_FACE('',(#391),#6055,.T.);
#88=ADVANCED_FACE('',(#392),#6056,.T.);
#89=ADVANCED_FACE('',(#393),#6057,.T.);
#90=ADVANCED_FACE('',(#394),#6058,.T.);
#91=ADVANCED_FACE('',(#395),#6059,.T.);
#92=ADVANCED_FACE('',(#396),#6060,.T.);
#93=ADVANCED_FACE('',(#397),#6061,.T.);
#94=ADVANCED_FACE('',(#398),#6062,.T.);
#95=ADVANCED_FACE('',(#399),#6063,.T.);
#96=ADVANCED_FACE('',(#400,#323,#324),#6064,.T.);
#97=ADVANCED_FACE('',(#401),#6065,.T.);
#98=ADVANCED_FACE('',(#402),#6066,.T.);
#99=ADVANCED_FACE('',(#403),#6067,.T.);
#100=ADVANCED_FACE('',(#404),#6068,.T.);
#101=ADVANCED_FACE('',(#405),#6069,.T.);
#102=ADVANCED_FACE('',(#406),#6070,.T.);
#103=ADVANCED_FACE('',(#407),#6071,.T.);
#104=ADVANCED_FACE('',(#408),#6072,.T.);
#105=ADVANCED_FACE('',(#409),#6073,.T.);
#106=ADVANCED_FACE('',(#410),#6074,.T.);
#107=ADVANCED_FACE('',(#411),#6075,.T.);
#108=ADVANCED_FACE('',(#412),#6076,.T.);
#109=ADVANCED_FACE('',(#413),#6077,.T.);
#110=ADVANCED_FACE('',(#414),#6078,.T.);
#111=ADVANCED_FACE('',(#415),#6079,.T.);
#112=ADVANCED_FACE('',(#416),#6080,.T.);
#113=ADVANCED_FACE('',(#417,#325,#326),#6081,.T.);
#114=ADVANCED_FACE('',(#418),#6082,.T.);
#115=ADVANCED_FACE('',(#419),#6083,.T.);
#116=ADVANCED_FACE('',(#420),#6084,.T.);
#117=ADVANCED_FACE('',(#421),#6085,.T.);
#118=ADVANCED_FACE('',(#422),#6086,.T.);
#119=ADVANCED_FACE('',(#423),#6087,.T.);
#120=ADVANCED_FACE('',(#424),#6088,.T.);
#121=ADVANCED_FACE('',(#425),#6089,.T.);
#122=ADVANCED_FACE('',(#426),#6090,.T.);
#123=ADVANCED_FACE('',(#427),#6091,.T.);
#124=ADVANCED_FACE('',(#428),#6092,.T.);
#125=ADVANCED_FACE('',(#429),#6093,.T.);
#126=ADVANCED_FACE('',(#430),#6094,.T.);
#127=ADVANCED_FACE('',(#431),#6095,.T.);
#128=ADVANCED_FACE('',(#432),#6096,.T.);
#129=ADVANCED_FACE('',(#433),#6097,.T.);
#130=ADVANCED_FACE('',(#434,#327,#328),#6098,.T.);
#131=ADVANCED_FACE('',(#435),#6099,.T.);
#132=ADVANCED_FACE('',(#436),#6100,.T.);
#133=ADVANCED_FACE('',(#437),#6101,.T.);
#134=ADVANCED_FACE('',(#438),#6102,.T.);
#135=ADVANCED_FACE('',(#439),#6103,.T.);
#136=ADVANCED_FACE('',(#440),#6104,.T.);
#137=ADVANCED_FACE('',(#441),#6105,.T.);
#138=ADVANCED_FACE('',(#442),#6106,.T.);
#139=ADVANCED_FACE('',(#443),#6107,.T.);
#140=ADVANCED_FACE('',(#444),#6108,.T.);
#141=ADVANCED_FACE('',(#445),#6109,.T.);
#142=ADVANCED_FACE('',(#446),#6110,.T.);
#143=ADVANCED_FACE('',(#447),#6111,.T.);
#144=ADVANCED_FACE('',(#448),#6112,.T.);
#145=ADVANCED_FACE('',(#449),#6113,.T.);
#146=ADVANCED_FACE('',(#450),#6114,.T.);
#147=ADVANCED_FACE('',(#451,#329,#330),#6115,.T.);
#148=ADVANCED_FACE('',(#452),#6116,.T.);
#149=ADVANCED_FACE('',(#453),#6117,.T.);
#150=ADVANCED_FACE('',(#454),#6118,.T.);
#151=ADVANCED_FACE('',(#455),#6119,.T.);
#152=ADVANCED_FACE('',(#456),#6120,.T.);
#153=ADVANCED_FACE('',(#457),#6121,.T.);
#154=ADVANCED_FACE('',(#458),#6122,.T.);
#155=ADVANCED_FACE('',(#459),#6123,.T.);
#156=ADVANCED_FACE('',(#460),#6124,.T.);
#157=ADVANCED_FACE('',(#461),#6125,.T.);
#158=ADVANCED_FACE('',(#462),#6126,.T.);
#159=ADVANCED_FACE('',(#463),#6127,.T.);
#160=ADVANCED_FACE('',(#464),#6128,.T.);
#161=ADVANCED_FACE('',(#465),#6129,.T.);
#162=ADVANCED_FACE('',(#466),#6130,.T.);
#163=ADVANCED_FACE('',(#467),#6131,.T.);
#164=ADVANCED_FACE('',(#468,#331,#332),#6132,.T.);
#165=ADVANCED_FACE('',(#469),#6133,.T.);
#166=ADVANCED_FACE('',(#470),#6134,.T.);
#167=ADVANCED_FACE('',(#471),#6135,.T.);
#168=ADVANCED_FACE('',(#472),#6136,.T.);
#169=ADVANCED_FACE('',(#473),#6137,.T.);
#170=ADVANCED_FACE('',(#474),#6138,.T.);
#171=ADVANCED_FACE('',(#475),#6139,.T.);
#172=ADVANCED_FACE('',(#476),#6140,.T.);
#173=ADVANCED_FACE('',(#477),#6141,.T.);
#174=ADVANCED_FACE('',(#478),#6142,.T.);
#175=ADVANCED_FACE('',(#479),#6143,.T.);
#176=ADVANCED_FACE('',(#480),#6144,.T.);
#177=ADVANCED_FACE('',(#481),#6145,.T.);
#178=ADVANCED_FACE('',(#482),#6146,.T.);
#179=ADVANCED_FACE('',(#483),#6147,.T.);
#180=ADVANCED_FACE('',(#484),#6148,.T.);
#181=ADVANCED_FACE('',(#485,#333,#334),#6149,.T.);
#182=ADVANCED_FACE('',(#486),#6150,.T.);
#183=ADVANCED_FACE('',(#487),#6151,.T.);
#184=ADVANCED_FACE('',(#488),#6152,.T.);
#185=ADVANCED_FACE('',(#489),#6153,.T.);
#186=ADVANCED_FACE('',(#490),#6154,.T.);
#187=ADVANCED_FACE('',(#491),#6155,.T.);
#188=ADVANCED_FACE('',(#492),#6156,.T.);
#189=ADVANCED_FACE('',(#493),#6157,.T.);
#190=ADVANCED_FACE('',(#494),#6158,.T.);
#191=ADVANCED_FACE('',(#495),#6159,.T.);
#192=ADVANCED_FACE('',(#496),#6160,.T.);
#193=ADVANCED_FACE('',(#497),#6161,.T.);
#194=ADVANCED_FACE('',(#498),#6162,.T.);
#195=ADVANCED_FACE('',(#499),#6163,.T.);
#196=ADVANCED_FACE('',(#500),#6164,.T.);
#197=ADVANCED_FACE('',(#501),#6165,.T.);
#198=ADVANCED_FACE('',(#502,#335,#336),#6166,.T.);
#199=ADVANCED_FACE('',(#503),#6167,.T.);
#200=ADVANCED_FACE('',(#504),#6168,.T.);
#201=ADVANCED_FACE('',(#505),#6169,.T.);
#202=ADVANCED_FACE('',(#506),#6170,.T.);
#203=ADVANCED_FACE('',(#507),#6171,.T.);
#204=ADVANCED_FACE('',(#508),#6172,.T.);
#205=ADVANCED_FACE('',(#509),#6173,.T.);
#206=ADVANCED_FACE('',(#510),#6174,.T.);
#207=ADVANCED_FACE('',(#511),#6175,.T.);
#208=ADVANCED_FACE('',(#512),#6176,.T.);
#209=ADVANCED_FACE('',(#513),#6177,.T.);
#210=ADVANCED_FACE('',(#514),#6178,.T.);
#211=ADVANCED_FACE('',(#515),#6179,.T.);
#212=ADVANCED_FACE('',(#516),#6180,.T.);
#213=ADVANCED_FACE('',(#517),#6181,.T.);
#214=ADVANCED_FACE('',(#518),#6182,.T.);
#215=ADVANCED_FACE('',(#519,#337,#338),#6183,.T.);
#216=ADVANCED_FACE('',(#520),#6184,.T.);
#217=ADVANCED_FACE('',(#521),#6185,.T.);
#218=ADVANCED_FACE('',(#522),#6186,.T.);
#219=ADVANCED_FACE('',(#523),#6187,.T.);
#220=ADVANCED_FACE('',(#524),#6188,.T.);
#221=ADVANCED_FACE('',(#525),#6189,.T.);
#222=ADVANCED_FACE('',(#526),#6190,.T.);
#223=ADVANCED_FACE('',(#527),#6191,.T.);
#224=ADVANCED_FACE('',(#528),#6192,.T.);
#225=ADVANCED_FACE('',(#529),#6193,.T.);
#226=ADVANCED_FACE('',(#530),#6194,.T.);
#227=ADVANCED_FACE('',(#531),#6195,.T.);
#228=ADVANCED_FACE('',(#532),#6196,.T.);
#229=ADVANCED_FACE('',(#533),#6197,.T.);
#230=ADVANCED_FACE('',(#534),#6198,.T.);
#231=ADVANCED_FACE('',(#535),#6199,.T.);
#232=ADVANCED_FACE('',(#536,#339,#340),#6200,.T.);
#233=ADVANCED_FACE('',(#537),#6201,.T.);
#234=ADVANCED_FACE('',(#538),#6202,.T.);
#235=ADVANCED_FACE('',(#539),#6203,.T.);
#236=ADVANCED_FACE('',(#540),#6204,.T.);
#237=ADVANCED_FACE('',(#541),#6205,.T.);
#238=ADVANCED_FACE('',(#542),#6206,.T.);
#239=ADVANCED_FACE('',(#543),#6207,.T.);
#240=ADVANCED_FACE('',(#544),#6208,.T.);
#241=ADVANCED_FACE('',(#545),#6209,.T.);
#242=ADVANCED_FACE('',(#546),#6210,.T.);
#243=ADVANCED_FACE('',(#547),#6211,.T.);
#244=ADVANCED_FACE('',(#548),#6212,.T.);
#245=ADVANCED_FACE('',(#549),#6213,.T.);
#246=ADVANCED_FACE('',(#550),#6214,.T.);
#247=ADVANCED_FACE('',(#551),#6215,.T.);
#248=ADVANCED_FACE('',(#552),#6216,.T.);
#249=ADVANCED_FACE('',(#553,#341,#342),#6217,.T.);
#250=ADVANCED_FACE('',(#554),#6218,.T.);
#251=ADVANCED_FACE('',(#555),#6219,.T.);
#252=ADVANCED_FACE('',(#556),#6220,.T.);
#253=ADVANCED_FACE('',(#557),#6221,.T.);
#254=ADVANCED_FACE('',(#558),#6222,.T.);
#255=ADVANCED_FACE('',(#559),#6223,.T.);
#256=ADVANCED_FACE('',(#560),#6224,.T.);
#257=ADVANCED_FACE('',(#561),#6225,.T.);
#258=ADVANCED_FACE('',(#562),#6226,.T.);
#259=ADVANCED_FACE('',(#563),#6227,.T.);
#260=ADVANCED_FACE('',(#564),#6228,.T.);
#261=ADVANCED_FACE('',(#565),#6229,.T.);
#262=ADVANCED_FACE('',(#566),#6230,.T.);
#263=ADVANCED_FACE('',(#567),#6231,.T.);
#264=ADVANCED_FACE('',(#568),#6232,.T.);
#265=ADVANCED_FACE('',(#569),#6233,.T.);
#266=ADVANCED_FACE('',(#570,#343,#344),#6234,.T.);
#267=ADVANCED_FACE('',(#571),#6235,.T.);
#268=ADVANCED_FACE('',(#572),#6236,.T.);
#269=ADVANCED_FACE('',(#573),#6237,.T.);
#270=ADVANCED_FACE('',(#574),#6238,.T.);
#271=ADVANCED_FACE('',(#575),#6239,.T.);
#272=ADVANCED_FACE('',(#576),#6240,.T.);
#273=ADVANCED_FACE('',(#577),#6241,.T.);
#274=ADVANCED_FACE('',(#578),#6242,.T.);
#275=ADVANCED_FACE('',(#579),#6243,.T.);
#276=ADVANCED_FACE('',(#580),#6244,.T.);
#277=ADVANCED_FACE('',(#581),#6245,.T.);
#278=ADVANCED_FACE('',(#582),#6246,.T.);
#279=ADVANCED_FACE('',(#583),#6247,.T.);
#280=ADVANCED_FACE('',(#584),#6248,.T.);
#281=ADVANCED_FACE('',(#585),#6249,.T.);
#282=ADVANCED_FACE('',(#586),#6250,.T.);
#283=ADVANCED_FACE('',(#587,#345,#346),#6251,.T.);
#284=ADVANCED_FACE('',(#588),#6252,.T.);
#285=ADVANCED_FACE('',(#589),#6253,.T.);
#286=ADVANCED_FACE('',(#590),#6254,.T.);
#287=ADVANCED_FACE('',(#591),#6255,.T.);
#288=ADVANCED_FACE('',(#592),#6256,.T.);
#289=ADVANCED_FACE('',(#593),#6257,.T.);
#290=ADVANCED_FACE('',(#594),#6258,.T.);
#291=ADVANCED_FACE('',(#595),#6259,.T.);
#292=ADVANCED_FACE('',(#596),#6260,.T.);
#293=ADVANCED_FACE('',(#597),#6261,.T.);
#294=ADVANCED_FACE('',(#598),#6262,.T.);
#295=ADVANCED_FACE('',(#599),#6263,.T.);
#296=ADVANCED_FACE('',(#600),#6264,.T.);
#297=ADVANCED_FACE('',(#601),#6265,.T.);
#298=ADVANCED_FACE('',(#602),#6266,.T.);
#299=ADVANCED_FACE('',(#603),#6267,.T.);
#300=ADVANCED_FACE('',(#604,#347,#348),#6268,.T.);
#301=ADVANCED_FACE('',(#605),#6269,.T.);
#302=ADVANCED_FACE('',(#606),#6270,.T.);
#303=ADVANCED_FACE('',(#607),#6271,.T.);
#304=ADVANCED_FACE('',(#608),#6272,.T.);
#305=ADVANCED_FACE('',(#609),#6273,.T.);
#306=ADVANCED_FACE('',(#610),#6274,.T.);
#307=ADVANCED_FACE('',(#611),#6275,.T.);
#308=ADVANCED_FACE('',(#612),#6276,.T.);
#309=ADVANCED_FACE('',(#613),#6277,.T.);
#310=ADVANCED_FACE('',(#614),#6278,.T.);
#311=ADVANCED_FACE('',(#615),#6279,.T.);
#312=ADVANCED_FACE('',(#616),#6280,.T.);
#313=ADVANCED_FACE('',(#617),#6281,.T.);
#314=ADVANCED_FACE('',(#618),#6282,.T.);
#315=ADVANCED_FACE('',(#619),#6283,.T.);
#316=ADVANCED_FACE('',(#620),#6284,.T.);
#317=FACE_BOUND('',#622,.T.);
#318=FACE_BOUND('',#623,.T.);
#319=FACE_BOUND('',#641,.T.);
#320=FACE_BOUND('',#642,.T.);
#321=FACE_BOUND('',#660,.T.);
#322=FACE_BOUND('',#661,.T.);
#323=FACE_BOUND('',#679,.T.);
#324=FACE_BOUND('',#680,.T.);
#325=FACE_BOUND('',#698,.T.);
#326=FACE_BOUND('',#699,.T.);
#327=FACE_BOUND('',#717,.T.);
#328=FACE_BOUND('',#718,.T.);
#329=FACE_BOUND('',#736,.T.);
#330=FACE_BOUND('',#737,.T.);
#331=FACE_BOUND('',#755,.T.);
#332=FACE_BOUND('',#756,.T.);
#333=FACE_BOUND('',#774,.T.);
#334=FACE_BOUND('',#775,.T.);
#335=FACE_BOUND('',#793,.T.);
#336=FACE_BOUND('',#794,.T.);
#337=FACE_BOUND('',#812,.T.);
#338=FACE_BOUND('',#813,.T.);
#339=FACE_BOUND('',#831,.T.);
#340=FACE_BOUND('',#832,.T.);
#341=FACE_BOUND('',#850,.T.);
#342=FACE_BOUND('',#851,.T.);
#343=FACE_BOUND('',#869,.T.);
#344=FACE_BOUND('',#870,.T.);
#345=FACE_BOUND('',#888,.T.);
#346=FACE_BOUND('',#889,.T.);
#347=FACE_BOUND('',#907,.T.);
#348=FACE_BOUND('',#908,.T.);
#349=FACE_OUTER_BOUND('',#621,.T.);
#350=FACE_OUTER_BOUND('',#624,.T.);
#351=FACE_OUTER_BOUND('',#625,.T.);
#352=FACE_OUTER_BOUND('',#626,.T.);
#353=FACE_OUTER_BOUND('',#627,.T.);
#354=FACE_OUTER_BOUND('',#628,.T.);
#355=FACE_OUTER_BOUND('',#629,.T.);
#356=FACE_OUTER_BOUND('',#630,.T.);
#357=FACE_OUTER_BOUND('',#631,.T.);
#358=FACE_OUTER_BOUND('',#632,.T.);
#359=FACE_OUTER_BOUND('',#633,.T.);
#360=FACE_OUTER_BOUND('',#634,.T.);
#361=FACE_OUTER_BOUND('',#635,.T.);
#362=FACE_OUTER_BOUND('',#636,.T.);
#363=FACE_OUTER_BOUND('',#637,.T.);
#364=FACE_OUTER_BOUND('',#638,.T.);
#365=FACE_OUTER_BOUND('',#639,.T.);
#366=FACE_OUTER_BOUND('',#640,.T.);
#367=FACE_OUTER_BOUND('',#643,.T.);
#368=FACE_OUTER_BOUND('',#644,.T.);
#369=FACE_OUTER_BOUND('',#645,.T.);
#370=FACE_OUTER_BOUND('',#646,.T.);
#371=FACE_OUTER_BOUND('',#647,.T.);
#372=FACE_OUTER_BOUND('',#648,.T.);
#373=FACE_OUTER_BOUND('',#649,.T.);
#374=FACE_OUTER_BOUND('',#650,.T.);
#375=FACE_OUTER_BOUND('',#651,.T.);
#376=FACE_OUTER_BOUND('',#652,.T.);
#377=FACE_OUTER_BOUND('',#653,.T.);
#378=FACE_OUTER_BOUND('',#654,.T.);
#379=FACE_OUTER_BOUND('',#655,.T.);
#380=FACE_OUTER_BOUND('',#656,.T.);
#381=FACE_OUTER_BOUND('',#657,.T.);
#382=FACE_OUTER_BOUND('',#658,.T.);
#383=FACE_OUTER_BOUND('',#659,.T.);
#384=FACE_OUTER_BOUND('',#662,.T.);
#385=FACE_OUTER_BOUND('',#663,.T.);
#386=FACE_OUTER_BOUND('',#664,.T.);
#387=FACE_OUTER_BOUND('',#665,.T.);
#388=FACE_OUTER_BOUND('',#666,.T.);
#389=FACE_OUTER_BOUND('',#667,.T.);
#390=FACE_OUTER_BOUND('',#668,.T.);
#391=FACE_OUTER_BOUND('',#669,.T.);
#392=FACE_OUTER_BOUND('',#670,.T.);
#393=FACE_OUTER_BOUND('',#671,.T.);
#394=FACE_OUTER_BOUND('',#672,.T.);
#395=FACE_OUTER_BOUND('',#673,.T.);
#396=FACE_OUTER_BOUND('',#674,.T.);
#397=FACE_OUTER_BOUND('',#675,.T.);
#398=FACE_OUTER_BOUND('',#676,.T.);
#399=FACE_OUTER_BOUND('',#677,.T.);
#400=FACE_OUTER_BOUND('',#678,.T.);
#401=FACE_OUTER_BOUND('',#681,.T.);
#402=FACE_OUTER_BOUND('',#682,.T.);
#403=FACE_OUTER_BOUND('',#683,.T.);
#404=FACE_OUTER_BOUND('',#684,.T.);
#405=FACE_OUTER_BOUND('',#685,.T.);
#406=FACE_OUTER_BOUND('',#686,.T.);
#407=FACE_OUTER_BOUND('',#687,.T.);
#408=FACE_OUTER_BOUND('',#688,.T.);
#409=FACE_OUTER_BOUND('',#689,.T.);
#410=FACE_OUTER_BOUND('',#690,.T.);
#411=FACE_OUTER_BOUND('',#691,.T.);
#412=FACE_OUTER_BOUND('',#692,.T.);
#413=FACE_OUTER_BOUND('',#693,.T.);
#414=FACE_OUTER_BOUND('',#694,.T.);
#415=FACE_OUTER_BOUND('',#695,.T.);
#416=FACE_OUTER_BOUND('',#696,.T.);
#417=FACE_OUTER_BOUND('',#697,.T.);
#418=FACE_OUTER_BOUND('',#700,.T.);
#419=FACE_OUTER_BOUND('',#701,.T.);
#420=FACE_OUTER_BOUND('',#702,.T.);
#421=FACE_OUTER_BOUND('',#703,.T.);
#422=FACE_OUTER_BOUND('',#704,.T.);
#423=FACE_OUTER_BOUND('',#705,.T.);
#424=FACE_OUTER_BOUND('',#706,.T.);
#425=FACE_OUTER_BOUND('',#707,.T.);
#426=FACE_OUTER_BOUND('',#708,.T.);
#427=FACE_OUTER_BOUND('',#709,.T.);
#428=FACE_OUTER_BOUND('',#710,.T.);
#429=FACE_OUTER_BOUND('',#711,.T.);
#430=FACE_OUTER_BOUND('',#712,.T.);
#431=FACE_OUTER_BOUND('',#713,.T.);
#432=FACE_OUTER_BOUND('',#714,.T.);
#433=FACE_OUTER_BOUND('',#715,.T.);
#434=FACE_OUTER_BOUND('',#716,.T.);
#435=FACE_OUTER_BOUND('',#719,.T.);
#436=FACE_OUTER_BOUND('',#720,.T.);
#437=FACE_OUTER_BOUND('',#721,.T.);
#438=FACE_OUTER_BOUND('',#722,.T.);
#439=FACE_OUTER_BOUND('',#723,.T.);
#440=FACE_OUTER_BOUND('',#724,.T.);
#441=FACE_OUTER_BOUND('',#725,.T.);
#442=FACE_OUTER_BOUND('',#726,.T.);
#443=FACE_OUTER_BOUND('',#727,.T.);
#444=FACE_OUTER_BOUND('',#728,.T.);
#445=FACE_OUTER_BOUND('',#729,.T.);
#446=FACE_OUTER_BOUND('',#730,.T.);
#447=FACE_OUTER_BOUND('',#731,.T.);
#448=FACE_OUTER_BOUND('',#732,.T.);
#449=FACE_OUTER_BOUND('',#733,.T.);
#450=FACE_OUTER_BOUND('',#734,.T.);
#451=FACE_OUTER_BOUND('',#735,.T.);
#452=FACE_OUTER_BOUND('',#738,.T.);
#453=FACE_OUTER_BOUND('',#739,.T.);
#454=FACE_OUTER_BOUND('',#740,.T.);
#455=FACE_OUTER_BOUND('',#741,.T.);
#456=FACE_OUTER_BOUND('',#742,.T.);
#457=FACE_OUTER_BOUND('',#743,.T.);
#458=FACE_OUTER_BOUND('',#744,.T.);
#459=FACE_OUTER_BOUND('',#745,.T.);
#460=FACE_OUTER_BOUND('',#746,.T.);
#461=FACE_OUTER_BOUND('',#747,.T.);
#462=FACE_OUTER_BOUND('',#748,.T.);
#463=FACE_OUTER_BOUND('',#749,.T.);
#464=FACE_OUTER_BOUND('',#750,.T.);
#465=FACE_OUTER_BOUND('',#751,.T.);
#466=FACE_OUTER_BOUND('',#752,.T.);
#467=FACE_OUTER_BOUND('',#753,.T.);
#468=FACE_OUTER_BOUND('',#754,.T.);
#469=FACE_OUTER_BOUND('',#757,.T.);
#470=FACE_OUTER_BOUND('',#758,.T.);
#471=FACE_OUTER_BOUND('',#759,.T.);
#472=FACE_OUTER_BOUND('',#760,.T.);
#473=FACE_OUTER_BOUND('',#761,.T.);
#474=FACE_OUTER_BOUND('',#762,.T.);
#475=FACE_OUTER_BOUND('',#763,.T.);
#476=FACE_OUTER_BOUND('',#764,.T.);
#477=FACE_OUTER_BOUND('',#765,.T.);
#478=FACE_OUTER_BOUND('',#766,.T.);
#479=FACE_OUTER_BOUND('',#767,.T.);
#480=FACE_OUTER_BOUND('',#768,.T.);
#481=FACE_OUTER_BOUND('',#769,.T.);
#482=FACE_OUTER_BOUND('',#770,.T.);
#483=FACE_OUTER_BOUND('',#771,.T.);
#484=FACE_OUTER_BOUND('',#772,.T.);
#485=FACE_OUTER_BOUND('',#773,.T.);
#486=FACE_OUTER_BOUND('',#776,.T.);
#487=FACE_OUTER_BOUND('',#777,.T.);
#488=FACE_OUTER_BOUND('',#778,.T.);
#489=FACE_OUTER_BOUND('',#779,.T.);
#490=FACE_OUTER_BOUND('',#780,.T.);
#491=FACE_OUTER_BOUND('',#781,.T.);
#492=FACE_OUTER_BOUND('',#782,.T.);
#493=FACE_OUTER_BOUND('',#783,.T.);
#494=FACE_OUTER_BOUND('',#784,.T.);
#495=FACE_OUTER_BOUND('',#785,.T.);
#496=FACE_OUTER_BOUND('',#786,.T.);
#497=FACE_OUTER_BOUND('',#787,.T.);
#498=FACE_OUTER_BOUND('',#788,.T.);
#499=FACE_OUTER_BOUND('',#789,.T.);
#500=FACE_OUTER_BOUND('',#790,.T.);
#501=FACE_OUTER_BOUND('',#791,.T.);
#502=FACE_OUTER_BOUND('',#792,.T.);
#503=FACE_OUTER_BOUND('',#795,.T.);
#504=FACE_OUTER_BOUND('',#796,.T.);
#505=FACE_OUTER_BOUND('',#797,.T.);
#506=FACE_OUTER_BOUND('',#798,.T.);
#507=FACE_OUTER_BOUND('',#799,.T.);
#508=FACE_OUTER_BOUND('',#800,.T.);
#509=FACE_OUTER_BOUND('',#801,.T.);
#510=FACE_OUTER_BOUND('',#802,.T.);
#511=FACE_OUTER_BOUND('',#803,.T.);
#512=FACE_OUTER_BOUND('',#804,.T.);
#513=FACE_OUTER_BOUND('',#805,.T.);
#514=FACE_OUTER_BOUND('',#806,.T.);
#515=FACE_OUTER_BOUND('',#807,.T.);
#516=FACE_OUTER_BOUND('',#808,.T.);
#517=FACE_OUTER_BOUND('',#809,.T.);
#518=FACE_OUTER_BOUND('',#810,.T.);
#519=FACE_OUTER_BOUND('',#811,.T.);
#520=FACE_OUTER_BOUND('',#814,.T.);
#521=FACE_OUTER_BOUND('',#815,.T.);
#522=FACE_OUTER_BOUND('',#816,.T.);
#523=FACE_OUTER_BOUND('',#817,.T.);
#524=FACE_OUTER_BOUND('',#818,.T.);
#525=FACE_OUTER_BOUND('',#819,.T.);
#526=FACE_OUTER_BOUND('',#820,.T.);
#527=FACE_OUTER_BOUND('',#821,.T.);
#528=FACE_OUTER_BOUND('',#822,.T.);
#529=FACE_OUTER_BOUND('',#823,.T.);
#530=FACE_OUTER_BOUND('',#824,.T.);
#531=FACE_OUTER_BOUND('',#825,.T.);
#532=FACE_OUTER_BOUND('',#826,.T.);
#533=FACE_OUTER_BOUND('',#827,.T.);
#534=FACE_OUTER_BOUND('',#828,.T.);
#535=FACE_OUTER_BOUND('',#829,.T.);
#536=FACE_OUTER_BOUND('',#830,.T.);
#537=FACE_OUTER_BOUND('',#833,.T.);
#538=FACE_OUTER_BOUND('',#834,.T.);
#539=FACE_OUTER_BOUND('',#835,.T.);
#540=FACE_OUTER_BOUND('',#836,.T.);
#541=FACE_OUTER_BOUND('',#837,.T.);
#542=FACE_OUTER_BOUND('',#838,.T.);
#543=FACE_OUTER_BOUND('',#839,.T.);
#544=FACE_OUTER_BOUND('',#840,.T.);
#545=FACE_OUTER_BOUND('',#841,.T.);
#546=FACE_OUTER_BOUND('',#842,.T.);
#547=FACE_OUTER_BOUND('',#843,.T.);
#548=FACE_OUTER_BOUND('',#844,.T.);
#549=FACE_OUTER_BOUND('',#845,.T.);
#550=FACE_OUTER_BOUND('',#846,.T.);
#551=FACE_OUTER_BOUND('',#847,.T.);
#552=FACE_OUTER_BOUND('',#848,.T.);
#553=FACE_OUTER_BOUND('',#849,.T.);
#554=FACE_OUTER_BOUND('',#852,.T.);
#555=FACE_OUTER_BOUND('',#853,.T.);
#556=FACE_OUTER_BOUND('',#854,.T.);
#557=FACE_OUTER_BOUND('',#855,.T.);
#558=FACE_OUTER_BOUND('',#856,.T.);
#559=FACE_OUTER_BOUND('',#857,.T.);
#560=FACE_OUTER_BOUND('',#858,.T.);
#561=FACE_OUTER_BOUND('',#859,.T.);
#562=FACE_OUTER_BOUND('',#860,.T.);
#563=FACE_OUTER_BOUND('',#861,.T.);
#564=FACE_OUTER_BOUND('',#862,.T.);
#565=FACE_OUTER_BOUND('',#863,.T.);
#566=FACE_OUTER_BOUND('',#864,.T.);
#567=FACE_OUTER_BOUND('',#865,.T.);
#568=FACE_OUTER_BOUND('',#866,.T.);
#569=FACE_OUTER_BOUND('',#867,.T.);
#570=FACE_OUTER_BOUND('',#868,.T.);
#571=FACE_OUTER_BOUND('',#871,.T.);
#572=FACE_OUTER_BOUND('',#872,.T.);
#573=FACE_OUTER_BOUND('',#873,.T.);
#574=FACE_OUTER_BOUND('',#874,.T.);
#575=FACE_OUTER_BOUND('',#875,.T.);
#576=FACE_OUTER_BOUND('',#876,.T.);
#577=FACE_OUTER_BOUND('',#877,.T.);
#578=FACE_OUTER_BOUND('',#878,.T.);
#579=FACE_OUTER_BOUND('',#879,.T.);
#580=FACE_OUTER_BOUND('',#880,.T.);
#581=FACE_OUTER_BOUND('',#881,.T.);
#582=FACE_OUTER_BOUND('',#882,.T.);
#583=FACE_OUTER_BOUND('',#883,.T.);
#584=FACE_OUTER_BOUND('',#884,.T.);
#585=FACE_OUTER_BOUND('',#885,.T.);
#586=FACE_OUTER_BOUND('',#886,.T.);
#587=FACE_OUTER_BOUND('',#887,.T.);
#588=FACE_OUTER_BOUND('',#890,.T.);
#589=FACE_OUTER_BOUND('',#891,.T.);
#590=FACE_OUTER_BOUND('',#892,.T.);
#591=FACE_OUTER_BOUND('',#893,.T.);
#592=FACE_OUTER_BOUND('',#894,.T.);
#593=FACE_OUTER_BOUND('',#895,.T.);
#594=FACE_OUTER_BOUND('',#896,.T.);
#595=FACE_OUTER_BOUND('',#897,.T.);
#596=FACE_OUTER_BOUND('',#898,.T.);
#597=FACE_OUTER_BOUND('',#899,.T.);
#598=FACE_OUTER_BOUND('',#900,.T.);
#599=FACE_OUTER_BOUND('',#901,.T.);
#600=FACE_OUTER_BOUND('',#902,.T.);
#601=FACE_OUTER_BOUND('',#903,.T.);
#602=FACE_OUTER_BOUND('',#904,.T.);
#603=FACE_OUTER_BOUND('',#905,.T.);
#604=FACE_OUTER_BOUND('',#906,.T.);
#605=FACE_OUTER_BOUND('',#909,.T.);
#606=FACE_OUTER_BOUND('',#910,.T.);
#607=FACE_OUTER_BOUND('',#911,.T.);
#608=FACE_OUTER_BOUND('',#912,.T.);
#609=FACE_OUTER_BOUND('',#913,.T.);
#610=FACE_OUTER_BOUND('',#914,.T.);
#611=FACE_OUTER_BOUND('',#915,.T.);
#612=FACE_OUTER_BOUND('',#916,.T.);
#613=FACE_OUTER_BOUND('',#917,.T.);
#614=FACE_OUTER_BOUND('',#918,.T.);
#615=FACE_OUTER_BOUND('',#919,.T.);
#616=FACE_OUTER_BOUND('',#920,.T.);
#617=FACE_OUTER_BOUND('',#921,.T.);
#618=FACE_OUTER_BOUND('',#922,.T.);
#619=FACE_OUTER_BOUND('',#923,.T.);
#620=FACE_OUTER_BOUND('',#924,.T.);
#621=EDGE_LOOP('',(#925,#926,#927,#928,#929,#930,#931,#932,#933,#934,#935,
#936,#937,#938,#939,#940,#941,#942,#943,#944,#945,#946,#947,#948,#949,#950,
#951,#952,#953,#954,#955,#956,#957,#958));
#622=EDGE_LOOP('',(#959,#960,#961,#962,#963,#964,#965,#966,#967,#968,#969,
#970,#971,#972,#973,#974));
#623=EDGE_LOOP('',(#975,#976,#977,#978,#979,#980,#981,#982));
#624=EDGE_LOOP('',(#983,#984,#985,#986));
#625=EDGE_LOOP('',(#987,#988,#989,#990));
#626=EDGE_LOOP('',(#991,#992,#993,#994));
#627=EDGE_LOOP('',(#995,#996,#997,#998));
#628=EDGE_LOOP('',(#999,#1000,#1001,#1002));
#629=EDGE_LOOP('',(#1003,#1004,#1005,#1006));
#630=EDGE_LOOP('',(#1007,#1008,#1009,#1010));
#631=EDGE_LOOP('',(#1011,#1012,#1013,#1014));
#632=EDGE_LOOP('',(#1015,#1016,#1017,#1018));
#633=EDGE_LOOP('',(#1019,#1020,#1021,#1022));
#634=EDGE_LOOP('',(#1023,#1024,#1025,#1026));
#635=EDGE_LOOP('',(#1027,#1028,#1029,#1030));
#636=EDGE_LOOP('',(#1031,#1032,#1033,#1034));
#637=EDGE_LOOP('',(#1035,#1036,#1037,#1038));
#638=EDGE_LOOP('',(#1039,#1040,#1041,#1042));
#639=EDGE_LOOP('',(#1043,#1044,#1045,#1046));
#640=EDGE_LOOP('',(#1047,#1048,#1049,#1050,#1051,#1052,#1053,#1054,#1055,
#1056,#1057,#1058,#1059,#1060,#1061,#1062,#1063,#1064,#1065,#1066,#1067,
#1068,#1069,#1070,#1071,#1072,#1073,#1074,#1075,#1076,#1077,#1078,#1079,
#1080));
#641=EDGE_LOOP('',(#1081,#1082,#1083,#1084,#1085,#1086,#1087,#1088,#1089,
#1090,#1091,#1092,#1093,#1094,#1095,#1096));
#642=EDGE_LOOP('',(#1097,#1098,#1099,#1100,#1101,#1102,#1103,#1104));
#643=EDGE_LOOP('',(#1105,#1106,#1107,#1108));
#644=EDGE_LOOP('',(#1109,#1110,#1111,#1112));
#645=EDGE_LOOP('',(#1113,#1114,#1115,#1116));
#646=EDGE_LOOP('',(#1117,#1118,#1119,#1120));
#647=EDGE_LOOP('',(#1121,#1122,#1123,#1124));
#648=EDGE_LOOP('',(#1125,#1126,#1127,#1128));
#649=EDGE_LOOP('',(#1129,#1130,#1131,#1132));
#650=EDGE_LOOP('',(#1133,#1134,#1135,#1136));
#651=EDGE_LOOP('',(#1137,#1138,#1139,#1140));
#652=EDGE_LOOP('',(#1141,#1142,#1143,#1144));
#653=EDGE_LOOP('',(#1145,#1146,#1147,#1148));
#654=EDGE_LOOP('',(#1149,#1150,#1151,#1152));
#655=EDGE_LOOP('',(#1153,#1154,#1155,#1156));
#656=EDGE_LOOP('',(#1157,#1158,#1159,#1160));
#657=EDGE_LOOP('',(#1161,#1162,#1163,#1164));
#658=EDGE_LOOP('',(#1165,#1166,#1167,#1168));
#659=EDGE_LOOP('',(#1169,#1170,#1171,#1172,#1173,#1174,#1175,#1176,#1177,
#1178,#1179,#1180,#1181,#1182,#1183,#1184,#1185,#1186,#1187,#1188,#1189,
#1190,#1191,#1192,#1193,#1194,#1195,#1196,#1197,#1198,#1199,#1200,#1201,
#1202));
#660=EDGE_LOOP('',(#1203,#1204,#1205,#1206,#1207,#1208,#1209,#1210,#1211,
#1212,#1213,#1214,#1215,#1216,#1217,#1218));
#661=EDGE_LOOP('',(#1219,#1220,#1221,#1222,#1223,#1224,#1225,#1226));
#662=EDGE_LOOP('',(#1227,#1228,#1229,#1230));
#663=EDGE_LOOP('',(#1231,#1232,#1233,#1234));
#664=EDGE_LOOP('',(#1235,#1236,#1237,#1238));
#665=EDGE_LOOP('',(#1239,#1240,#1241,#1242));
#666=EDGE_LOOP('',(#1243,#1244,#1245,#1246));
#667=EDGE_LOOP('',(#1247,#1248,#1249,#1250));
#668=EDGE_LOOP('',(#1251,#1252,#1253,#1254));
#669=EDGE_LOOP('',(#1255,#1256,#1257,#1258));
#670=EDGE_LOOP('',(#1259,#1260,#1261,#1262));
#671=EDGE_LOOP('',(#1263,#1264,#1265,#1266));
#672=EDGE_LOOP('',(#1267,#1268,#1269,#1270));
#673=EDGE_LOOP('',(#1271,#1272,#1273,#1274));
#674=EDGE_LOOP('',(#1275,#1276,#1277,#1278));
#675=EDGE_LOOP('',(#1279,#1280,#1281,#1282));
#676=EDGE_LOOP('',(#1283,#1284,#1285,#1286));
#677=EDGE_LOOP('',(#1287,#1288,#1289,#1290));
#678=EDGE_LOOP('',(#1291,#1292,#1293,#1294,#1295,#1296,#1297,#1298,#1299,
#1300,#1301,#1302,#1303,#1304,#1305,#1306,#1307,#1308,#1309,#1310,#1311,
#1312,#1313,#1314,#1315,#1316,#1317,#1318,#1319,#1320,#1321,#1322,#1323,
#1324));
#679=EDGE_LOOP('',(#1325,#1326,#1327,#1328,#1329,#1330,#1331,#1332,#1333,
#1334,#1335,#1336,#1337,#1338,#1339,#1340));
#680=EDGE_LOOP('',(#1341,#1342,#1343,#1344,#1345,#1346,#1347,#1348));
#681=EDGE_LOOP('',(#1349,#1350,#1351,#1352));
#682=EDGE_LOOP('',(#1353,#1354,#1355,#1356));
#683=EDGE_LOOP('',(#1357,#1358,#1359,#1360));
#684=EDGE_LOOP('',(#1361,#1362,#1363,#1364));
#685=EDGE_LOOP('',(#1365,#1366,#1367,#1368));
#686=EDGE_LOOP('',(#1369,#1370,#1371,#1372));
#687=EDGE_LOOP('',(#1373,#1374,#1375,#1376));
#688=EDGE_LOOP('',(#1377,#1378,#1379,#1380));
#689=EDGE_LOOP('',(#1381,#1382,#1383,#1384));
#690=EDGE_LOOP('',(#1385,#1386,#1387,#1388));
#691=EDGE_LOOP('',(#1389,#1390,#1391,#1392));
#692=EDGE_LOOP('',(#1393,#1394,#1395,#1396));
#693=EDGE_LOOP('',(#1397,#1398,#1399,#1400));
#694=EDGE_LOOP('',(#1401,#1402,#1403,#1404));
#695=EDGE_LOOP('',(#1405,#1406,#1407,#1408));
#696=EDGE_LOOP('',(#1409,#1410,#1411,#1412));
#697=EDGE_LOOP('',(#1413,#1414,#1415,#1416,#1417,#1418,#1419,#1420,#1421,
#1422,#1423,#1424,#1425,#1426,#1427,#1428,#1429,#1430,#1431,#1432,#1433,
#1434,#1435,#1436,#1437,#1438,#1439,#1440,#1441,#1442,#1443,#1444,#1445,
#1446));
#698=EDGE_LOOP('',(#1447,#1448,#1449,#1450,#1451,#1452,#1453,#1454,#1455,
#1456,#1457,#1458,#1459,#1460,#1461,#1462));
#699=EDGE_LOOP('',(#1463,#1464,#1465,#1466,#1467,#1468,#1469,#1470));
#700=EDGE_LOOP('',(#1471,#1472,#1473,#1474));
#701=EDGE_LOOP('',(#1475,#1476,#1477,#1478));
#702=EDGE_LOOP('',(#1479,#1480,#1481,#1482));
#703=EDGE_LOOP('',(#1483,#1484,#1485,#1486));
#704=EDGE_LOOP('',(#1487,#1488,#1489,#1490));
#705=EDGE_LOOP('',(#1491,#1492,#1493,#1494));
#706=EDGE_LOOP('',(#1495,#1496,#1497,#1498));
#707=EDGE_LOOP('',(#1499,#1500,#1501,#1502));
#708=EDGE_LOOP('',(#1503,#1504,#1505,#1506));
#709=EDGE_LOOP('',(#1507,#1508,#1509,#1510));
#710=EDGE_LOOP('',(#1511,#1512,#1513,#1514));
#711=EDGE_LOOP('',(#1515,#1516,#1517,#1518));
#712=EDGE_LOOP('',(#1519,#1520,#1521,#1522));
#713=EDGE_LOOP('',(#1523,#1524,#1525,#1526));
#714=EDGE_LOOP('',(#1527,#1528,#1529,#1530));
#715=EDGE_LOOP('',(#1531,#1532,#1533,#1534));
#716=EDGE_LOOP('',(#1535,#1536,#1537,#1538,#1539,#1540,#1541,#1542,#1543,
#1544,#1545,#1546,#1547,#1548,#1549,#1550,#1551,#1552,#1553,#1554,#1555,
#1556,#1557,#1558,#1559,#1560,#1561,#1562,#1563,#1564,#1565,#1566,#1567,
#1568));
#717=EDGE_LOOP('',(#1569,#1570,#1571,#1572,#1573,#1574,#1575,#1576,#1577,
#1578,#1579,#1580,#1581,#1582,#1583,#1584));
#718=EDGE_LOOP('',(#1585,#1586,#1587,#1588,#1589,#1590,#1591,#1592));
#719=EDGE_LOOP('',(#1593,#1594,#1595,#1596));
#720=EDGE_LOOP('',(#1597,#1598,#1599,#1600));
#721=EDGE_LOOP('',(#1601,#1602,#1603,#1604));
#722=EDGE_LOOP('',(#1605,#1606,#1607,#1608));
#723=EDGE_LOOP('',(#1609,#1610,#1611,#1612));
#724=EDGE_LOOP('',(#1613,#1614,#1615,#1616));
#725=EDGE_LOOP('',(#1617,#1618,#1619,#1620));
#726=EDGE_LOOP('',(#1621,#1622,#1623,#1624));
#727=EDGE_LOOP('',(#1625,#1626,#1627,#1628));
#728=EDGE_LOOP('',(#1629,#1630,#1631,#1632));
#729=EDGE_LOOP('',(#1633,#1634,#1635,#1636));
#730=EDGE_LOOP('',(#1637,#1638,#1639,#1640));
#731=EDGE_LOOP('',(#1641,#1642,#1643,#1644));
#732=EDGE_LOOP('',(#1645,#1646,#1647,#1648));
#733=EDGE_LOOP('',(#1649,#1650,#1651,#1652));
#734=EDGE_LOOP('',(#1653,#1654,#1655,#1656));
#735=EDGE_LOOP('',(#1657,#1658,#1659,#1660,#1661,#1662,#1663,#1664,#1665,
#1666,#1667,#1668,#1669,#1670,#1671,#1672,#1673,#1674,#1675,#1676,#1677,
#1678,#1679,#1680,#1681,#1682,#1683,#1684,#1685,#1686,#1687,#1688,#1689,
#1690));
#736=EDGE_LOOP('',(#1691,#1692,#1693,#1694,#1695,#1696,#1697,#1698,#1699,
#1700,#1701,#1702,#1703,#1704,#1705,#1706));
#737=EDGE_LOOP('',(#1707,#1708,#1709,#1710,#1711,#1712,#1713,#1714));
#738=EDGE_LOOP('',(#1715,#1716,#1717,#1718));
#739=EDGE_LOOP('',(#1719,#1720,#1721,#1722));
#740=EDGE_LOOP('',(#1723,#1724,#1725,#1726));
#741=EDGE_LOOP('',(#1727,#1728,#1729,#1730));
#742=EDGE_LOOP('',(#1731,#1732,#1733,#1734));
#743=EDGE_LOOP('',(#1735,#1736,#1737,#1738));
#744=EDGE_LOOP('',(#1739,#1740,#1741,#1742));
#745=EDGE_LOOP('',(#1743,#1744,#1745,#1746));
#746=EDGE_LOOP('',(#1747,#1748,#1749,#1750));
#747=EDGE_LOOP('',(#1751,#1752,#1753,#1754));
#748=EDGE_LOOP('',(#1755,#1756,#1757,#1758));
#749=EDGE_LOOP('',(#1759,#1760,#1761,#1762));
#750=EDGE_LOOP('',(#1763,#1764,#1765,#1766));
#751=EDGE_LOOP('',(#1767,#1768,#1769,#1770));
#752=EDGE_LOOP('',(#1771,#1772,#1773,#1774));
#753=EDGE_LOOP('',(#1775,#1776,#1777,#1778));
#754=EDGE_LOOP('',(#1779,#1780,#1781,#1782,#1783,#1784,#1785,#1786,#1787,
#1788,#1789,#1790,#1791,#1792,#1793,#1794,#1795,#1796,#1797,#1798,#1799,
#1800,#1801,#1802,#1803,#1804,#1805,#1806,#1807,#1808,#1809,#1810,#1811,
#1812));
#755=EDGE_LOOP('',(#1813,#1814,#1815,#1816,#1817,#1818,#1819,#1820,#1821,
#1822,#1823,#1824,#1825,#1826,#1827,#1828));
#756=EDGE_LOOP('',(#1829,#1830,#1831,#1832,#1833,#1834,#1835,#1836));
#757=EDGE_LOOP('',(#1837,#1838,#1839,#1840));
#758=EDGE_LOOP('',(#1841,#1842,#1843,#1844));
#759=EDGE_LOOP('',(#1845,#1846,#1847,#1848));
#760=EDGE_LOOP('',(#1849,#1850,#1851,#1852));
#761=EDGE_LOOP('',(#1853,#1854,#1855,#1856));
#762=EDGE_LOOP('',(#1857,#1858,#1859,#1860));
#763=EDGE_LOOP('',(#1861,#1862,#1863,#1864));
#764=EDGE_LOOP('',(#1865,#1866,#1867,#1868));
#765=EDGE_LOOP('',(#1869,#1870,#1871,#1872));
#766=EDGE_LOOP('',(#1873,#1874,#1875,#1876));
#767=EDGE_LOOP('',(#1877,#1878,#1879,#1880));
#768=EDGE_LOOP('',(#1881,#1882,#1883,#1884));
#769=EDGE_LOOP('',(#1885,#1886,#1887,#1888));
#770=EDGE_LOOP('',(#1889,#1890,#1891,#1892));
#771=EDGE_LOOP('',(#1893,#1894,#1895,#1896));
#772=EDGE_LOOP('',(#1897,#1898,#1899,#1900));
#773=EDGE_LOOP('',(#1901,#1902,#1903,#1904,#1905,#1906,#1907,#1908,#1909,
#1910,#1911,#1912,#1913,#1914,#1915,#1916,#1917,#1918,#1919,#1920,#1921,
#1922,#1923,#1924,#1925,#1926,#1927,#1928,#1929,#1930,#1931,#1932,#1933,
#1934));
#774=EDGE_LOOP('',(#1935,#1936,#1937,#1938,#1939,#1940,#1941,#1942,#1943,
#1944,#1945,#1946,#1947,#1948,#1949,#1950));
#775=EDGE_LOOP('',(#1951,#1952,#1953,#1954,#1955,#1956,#1957,#1958));
#776=EDGE_LOOP('',(#1959,#1960,#1961,#1962));
#777=EDGE_LOOP('',(#1963,#1964,#1965,#1966));
#778=EDGE_LOOP('',(#1967,#1968,#1969,#1970));
#779=EDGE_LOOP('',(#1971,#1972,#1973,#1974));
#780=EDGE_LOOP('',(#1975,#1976,#1977,#1978));
#781=EDGE_LOOP('',(#1979,#1980,#1981,#1982));
#782=EDGE_LOOP('',(#1983,#1984,#1985,#1986));
#783=EDGE_LOOP('',(#1987,#1988,#1989,#1990));
#784=EDGE_LOOP('',(#1991,#1992,#1993,#1994));
#785=EDGE_LOOP('',(#1995,#1996,#1997,#1998));
#786=EDGE_LOOP('',(#1999,#2000,#2001,#2002));
#787=EDGE_LOOP('',(#2003,#2004,#2005,#2006));
#788=EDGE_LOOP('',(#2007,#2008,#2009,#2010));
#789=EDGE_LOOP('',(#2011,#2012,#2013,#2014));
#790=EDGE_LOOP('',(#2015,#2016,#2017,#2018));
#791=EDGE_LOOP('',(#2019,#2020,#2021,#2022));
#792=EDGE_LOOP('',(#2023,#2024,#2025,#2026,#2027,#2028,#2029,#2030,#2031,
#2032,#2033,#2034,#2035,#2036,#2037,#2038,#2039,#2040,#2041,#2042,#2043,
#2044,#2045,#2046,#2047,#2048,#2049,#2050,#2051,#2052,#2053,#2054,#2055,
#2056));
#793=EDGE_LOOP('',(#2057,#2058,#2059,#2060,#2061,#2062,#2063,#2064,#2065,
#2066,#2067,#2068,#2069,#2070,#2071,#2072));
#794=EDGE_LOOP('',(#2073,#2074,#2075,#2076,#2077,#2078,#2079,#2080));
#795=EDGE_LOOP('',(#2081,#2082,#2083,#2084));
#796=EDGE_LOOP('',(#2085,#2086,#2087,#2088));
#797=EDGE_LOOP('',(#2089,#2090,#2091,#2092));
#798=EDGE_LOOP('',(#2093,#2094,#2095,#2096));
#799=EDGE_LOOP('',(#2097,#2098,#2099,#2100));
#800=EDGE_LOOP('',(#2101,#2102,#2103,#2104));
#801=EDGE_LOOP('',(#2105,#2106,#2107,#2108));
#802=EDGE_LOOP('',(#2109,#2110,#2111,#2112));
#803=EDGE_LOOP('',(#2113,#2114,#2115,#2116));
#804=EDGE_LOOP('',(#2117,#2118,#2119,#2120));
#805=EDGE_LOOP('',(#2121,#2122,#2123,#2124));
#806=EDGE_LOOP('',(#2125,#2126,#2127,#2128));
#807=EDGE_LOOP('',(#2129,#2130,#2131,#2132));
#808=EDGE_LOOP('',(#2133,#2134,#2135,#2136));
#809=EDGE_LOOP('',(#2137,#2138,#2139,#2140));
#810=EDGE_LOOP('',(#2141,#2142,#2143,#2144));
#811=EDGE_LOOP('',(#2145,#2146,#2147,#2148,#2149,#2150,#2151,#2152,#2153,
#2154,#2155,#2156,#2157,#2158,#2159,#2160,#2161,#2162,#2163,#2164,#2165,
#2166,#2167,#2168,#2169,#2170,#2171,#2172,#2173,#2174,#2175,#2176,#2177,
#2178));
#812=EDGE_LOOP('',(#2179,#2180,#2181,#2182,#2183,#2184,#2185,#2186,#2187,
#2188,#2189,#2190,#2191,#2192,#2193,#2194));
#813=EDGE_LOOP('',(#2195,#2196,#2197,#2198,#2199,#2200,#2201,#2202));
#814=EDGE_LOOP('',(#2203,#2204,#2205,#2206));
#815=EDGE_LOOP('',(#2207,#2208,#2209,#2210));
#816=EDGE_LOOP('',(#2211,#2212,#2213,#2214));
#817=EDGE_LOOP('',(#2215,#2216,#2217,#2218));
#818=EDGE_LOOP('',(#2219,#2220,#2221,#2222));
#819=EDGE_LOOP('',(#2223,#2224,#2225,#2226));
#820=EDGE_LOOP('',(#2227,#2228,#2229,#2230));
#821=EDGE_LOOP('',(#2231,#2232,#2233,#2234));
#822=EDGE_LOOP('',(#2235,#2236,#2237,#2238));
#823=EDGE_LOOP('',(#2239,#2240,#2241,#2242));
#824=EDGE_LOOP('',(#2243,#2244,#2245,#2246));
#825=EDGE_LOOP('',(#2247,#2248,#2249,#2250));
#826=EDGE_LOOP('',(#2251,#2252,#2253,#2254));
#827=EDGE_LOOP('',(#2255,#2256,#2257,#2258));
#828=EDGE_LOOP('',(#2259,#2260,#2261,#2262));
#829=EDGE_LOOP('',(#2263,#2264,#2265,#2266));
#830=EDGE_LOOP('',(#2267,#2268,#2269,#2270,#2271,#2272,#2273,#2274,#2275,
#2276,#2277,#2278,#2279,#2280,#2281,#2282,#2283,#2284,#2285,#2286,#2287,
#2288,#2289,#2290,#2291,#2292,#2293,#2294,#2295,#2296,#2297,#2298,#2299,
#2300));
#831=EDGE_LOOP('',(#2301,#2302,#2303,#2304,#2305,#2306,#2307,#2308,#2309,
#2310,#2311,#2312,#2313,#2314,#2315,#2316));
#832=EDGE_LOOP('',(#2317,#2318,#2319,#2320,#2321,#2322,#2323,#2324));
#833=EDGE_LOOP('',(#2325,#2326,#2327,#2328));
#834=EDGE_LOOP('',(#2329,#2330,#2331,#2332));
#835=EDGE_LOOP('',(#2333,#2334,#2335,#2336));
#836=EDGE_LOOP('',(#2337,#2338,#2339,#2340));
#837=EDGE_LOOP('',(#2341,#2342,#2343,#2344));
#838=EDGE_LOOP('',(#2345,#2346,#2347,#2348));
#839=EDGE_LOOP('',(#2349,#2350,#2351,#2352));
#840=EDGE_LOOP('',(#2353,#2354,#2355,#2356));
#841=EDGE_LOOP('',(#2357,#2358,#2359,#2360));
#842=EDGE_LOOP('',(#2361,#2362,#2363,#2364));
#843=EDGE_LOOP('',(#2365,#2366,#2367,#2368));
#844=EDGE_LOOP('',(#2369,#2370,#2371,#2372));
#845=EDGE_LOOP('',(#2373,#2374,#2375,#2376));
#846=EDGE_LOOP('',(#2377,#2378,#2379,#2380));
#847=EDGE_LOOP('',(#2381,#2382,#2383,#2384));
#848=EDGE_LOOP('',(#2385,#2386,#2387,#2388));
#849=EDGE_LOOP('',(#2389,#2390,#2391,#2392,#2393,#2394,#2395,#2396,#2397,
#2398,#2399,#2400,#2401,#2402,#2403,#2404,#2405,#2406,#2407,#2408,#2409,
#2410,#2411,#2412,#2413,#2414,#2415,#2416,#2417,#2418,#2419,#2420,#2421,
#2422));
#850=EDGE_LOOP('',(#2423,#2424,#2425,#2426,#2427,#2428,#2429,#2430,#2431,
#2432,#2433,#2434,#2435,#2436,#2437,#2438));
#851=EDGE_LOOP('',(#2439,#2440,#2441,#2442,#2443,#2444,#2445,#2446));
#852=EDGE_LOOP('',(#2447,#2448,#2449,#2450));
#853=EDGE_LOOP('',(#2451,#2452,#2453,#2454));
#854=EDGE_LOOP('',(#2455,#2456,#2457,#2458));
#855=EDGE_LOOP('',(#2459,#2460,#2461,#2462));
#856=EDGE_LOOP('',(#2463,#2464,#2465,#2466));
#857=EDGE_LOOP('',(#2467,#2468,#2469,#2470));
#858=EDGE_LOOP('',(#2471,#2472,#2473,#2474));
#859=EDGE_LOOP('',(#2475,#2476,#2477,#2478));
#860=EDGE_LOOP('',(#2479,#2480,#2481,#2482));
#861=EDGE_LOOP('',(#2483,#2484,#2485,#2486));
#862=EDGE_LOOP('',(#2487,#2488,#2489,#2490));
#863=EDGE_LOOP('',(#2491,#2492,#2493,#2494));
#864=EDGE_LOOP('',(#2495,#2496,#2497,#2498));
#865=EDGE_LOOP('',(#2499,#2500,#2501,#2502));
#866=EDGE_LOOP('',(#2503,#2504,#2505,#2506));
#867=EDGE_LOOP('',(#2507,#2508,#2509,#2510));
#868=EDGE_LOOP('',(#2511,#2512,#2513,#2514,#2515,#2516,#2517,#2518,#2519,
#2520,#2521,#2522,#2523,#2524,#2525,#2526,#2527,#2528,#2529,#2530,#2531,
#2532,#2533,#2534,#2535,#2536,#2537,#2538,#2539,#2540,#2541,#2542,#2543,
#2544));
#869=EDGE_LOOP('',(#2545,#2546,#2547,#2548,#2549,#2550,#2551,#2552,#2553,
#2554,#2555,#2556,#2557,#2558,#2559,#2560));
#870=EDGE_LOOP('',(#2561,#2562,#2563,#2564,#2565,#2566,#2567,#2568));
#871=EDGE_LOOP('',(#2569,#2570,#2571,#2572));
#872=EDGE_LOOP('',(#2573,#2574,#2575,#2576));
#873=EDGE_LOOP('',(#2577,#2578,#2579,#2580));
#874=EDGE_LOOP('',(#2581,#2582,#2583,#2584));
#875=EDGE_LOOP('',(#2585,#2586,#2587,#2588));
#876=EDGE_LOOP('',(#2589,#2590,#2591,#2592));
#877=EDGE_LOOP('',(#2593,#2594,#2595,#2596));
#878=EDGE_LOOP('',(#2597,#2598,#2599,#2600));
#879=EDGE_LOOP('',(#2601,#2602,#2603,#2604));
#880=EDGE_LOOP('',(#2605,#2606,#2607,#2608));
#881=EDGE_LOOP('',(#2609,#2610,#2611,#2612));
#882=EDGE_LOOP('',(#2613,#2614,#2615,#2616));
#883=EDGE_LOOP('',(#2617,#2618,#2619,#2620));
#884=EDGE_LOOP('',(#2621,#2622,#2623,#2624));
#885=EDGE_LOOP('',(#2625,#2626,#2627,#2628));
#886=EDGE_LOOP('',(#2629,#2630,#2631,#2632));
#887=EDGE_LOOP('',(#2633,#2634,#2635,#2636,#2637,#2638,#2639,#2640,#2641,
#2642,#2643,#2644,#2645,#2646,#2647,#2648,#2649,#2650,#2651,#2652,#2653,
#2654,#2655,#2656,#2657,#2658,#2659,#2660,#2661,#2662,#2663,#2664,#2665,
#2666));
#888=EDGE_LOOP('',(#2667,#2668,#2669,#2670,#2671,#2672,#2673,#2674,#2675,
#2676,#2677,#2678,#2679,#2680,#2681,#2682));
#889=EDGE_LOOP('',(#2683,#2684,#2685,#2686,#2687,#2688,#2689,#2690));
#890=EDGE_LOOP('',(#2691,#2692,#2693,#2694));
#891=EDGE_LOOP('',(#2695,#2696,#2697,#2698));
#892=EDGE_LOOP('',(#2699,#2700,#2701,#2702));
#893=EDGE_LOOP('',(#2703,#2704,#2705,#2706));
#894=EDGE_LOOP('',(#2707,#2708,#2709,#2710));
#895=EDGE_LOOP('',(#2711,#2712,#2713,#2714));
#896=EDGE_LOOP('',(#2715,#2716,#2717,#2718));
#897=EDGE_LOOP('',(#2719,#2720,#2721,#2722));
#898=EDGE_LOOP('',(#2723,#2724,#2725,#2726));
#899=EDGE_LOOP('',(#2727,#2728,#2729,#2730));
#900=EDGE_LOOP('',(#2731,#2732,#2733,#2734));
#901=EDGE_LOOP('',(#2735,#2736,#2737,#2738));
#902=EDGE_LOOP('',(#2739,#2740,#2741,#2742));
#903=EDGE_LOOP('',(#2743,#2744,#2745,#2746));
#904=EDGE_LOOP('',(#2747,#2748,#2749,#2750));
#905=EDGE_LOOP('',(#2751,#2752,#2753,#2754));
#906=EDGE_LOOP('',(#2755,#2756,#2757,#2758,#2759,#2760,#2761,#2762,#2763,
#2764,#2765,#2766,#2767,#2768,#2769,#2770,#2771,#2772,#2773,#2774,#2775,
#2776,#2777,#2778,#2779,#2780,#2781,#2782,#2783,#2784,#2785,#2786,#2787,
#2788));
#907=EDGE_LOOP('',(#2789,#2790,#2791,#2792,#2793,#2794,#2795,#2796,#2797,
#2798,#2799,#2800,#2801,#2802,#2803,#2804));
#908=EDGE_LOOP('',(#2805,#2806,#2807,#2808,#2809,#2810,#2811,#2812));
#909=EDGE_LOOP('',(#2813,#2814,#2815,#2816));
#910=EDGE_LOOP('',(#2817,#2818,#2819,#2820));
#911=EDGE_LOOP('',(#2821,#2822,#2823,#2824));
#912=EDGE_LOOP('',(#2825,#2826,#2827,#2828));
#913=EDGE_LOOP('',(#2829,#2830,#2831,#2832));
#914=EDGE_LOOP('',(#2833,#2834,#2835,#2836));
#915=EDGE_LOOP('',(#2837,#2838,#2839,#2840));
#916=EDGE_LOOP('',(#2841,#2842,#2843,#2844));
#917=EDGE_LOOP('',(#2845,#2846,#2847,#2848));
#918=EDGE_LOOP('',(#2849,#2850,#2851,#2852));
#919=EDGE_LOOP('',(#2853,#2854,#2855,#2856));
#920=EDGE_LOOP('',(#2857,#2858,#2859,#2860));
#921=EDGE_LOOP('',(#2861,#2862,#2863,#2864));
#922=EDGE_LOOP('',(#2865,#2866,#2867,#2868));
#923=EDGE_LOOP('',(#2869,#2870,#2871,#2872));
#924=EDGE_LOOP('',(#2873,#2874,#2875,#2876));
#925=ORIENTED_EDGE('',*,*,#2882,.T.);
#926=ORIENTED_EDGE('',*,*,#2880,.F.);
#927=ORIENTED_EDGE('',*,*,#2934,.T.);
#928=ORIENTED_EDGE('',*,*,#2883,.T.);
#929=ORIENTED_EDGE('',*,*,#2906,.T.);
#930=ORIENTED_EDGE('',*,*,#2905,.T.);
#931=ORIENTED_EDGE('',*,*,#2904,.T.);
#932=ORIENTED_EDGE('',*,*,#2903,.T.);
#933=ORIENTED_EDGE('',*,*,#2902,.T.);
#934=ORIENTED_EDGE('',*,*,#2901,.T.);
#935=ORIENTED_EDGE('',*,*,#2900,.T.);
#936=ORIENTED_EDGE('',*,*,#2899,.T.);
#937=ORIENTED_EDGE('',*,*,#2898,.T.);
#938=ORIENTED_EDGE('',*,*,#2897,.T.);
#939=ORIENTED_EDGE('',*,*,#2896,.T.);
#940=ORIENTED_EDGE('',*,*,#2933,.F.);
#941=ORIENTED_EDGE('',*,*,#2877,.T.);
#942=ORIENTED_EDGE('',*,*,#2881,.F.);
#943=ORIENTED_EDGE('',*,*,#2878,.F.);
#944=ORIENTED_EDGE('',*,*,#2931,.F.);
#945=ORIENTED_EDGE('',*,*,#2895,.T.);
#946=ORIENTED_EDGE('',*,*,#2894,.T.);
#947=ORIENTED_EDGE('',*,*,#2893,.T.);
#948=ORIENTED_EDGE('',*,*,#2892,.T.);
#949=ORIENTED_EDGE('',*,*,#2891,.T.);
#950=ORIENTED_EDGE('',*,*,#2890,.T.);
#951=ORIENTED_EDGE('',*,*,#2889,.T.);
#952=ORIENTED_EDGE('',*,*,#2888,.T.);
#953=ORIENTED_EDGE('',*,*,#2887,.T.);
#954=ORIENTED_EDGE('',*,*,#2886,.T.);
#955=ORIENTED_EDGE('',*,*,#2885,.T.);
#956=ORIENTED_EDGE('',*,*,#2884,.T.);
#957=ORIENTED_EDGE('',*,*,#2932,.T.);
#958=ORIENTED_EDGE('',*,*,#2879,.T.);
#959=ORIENTED_EDGE('',*,*,#2908,.F.);
#960=ORIENTED_EDGE('',*,*,#2909,.F.);
#961=ORIENTED_EDGE('',*,*,#2910,.F.);
#962=ORIENTED_EDGE('',*,*,#2911,.F.);
#963=ORIENTED_EDGE('',*,*,#2912,.F.);
#964=ORIENTED_EDGE('',*,*,#2913,.F.);
#965=ORIENTED_EDGE('',*,*,#2914,.F.);
#966=ORIENTED_EDGE('',*,*,#2915,.F.);
#967=ORIENTED_EDGE('',*,*,#2916,.F.);
#968=ORIENTED_EDGE('',*,*,#2917,.F.);
#969=ORIENTED_EDGE('',*,*,#2918,.F.);
#970=ORIENTED_EDGE('',*,*,#2919,.F.);
#971=ORIENTED_EDGE('',*,*,#2920,.F.);
#972=ORIENTED_EDGE('',*,*,#2921,.F.);
#973=ORIENTED_EDGE('',*,*,#2922,.F.);
#974=ORIENTED_EDGE('',*,*,#2907,.F.);
#975=ORIENTED_EDGE('',*,*,#2924,.F.);
#976=ORIENTED_EDGE('',*,*,#2925,.F.);
#977=ORIENTED_EDGE('',*,*,#2926,.F.);
#978=ORIENTED_EDGE('',*,*,#2927,.F.);
#979=ORIENTED_EDGE('',*,*,#2928,.F.);
#980=ORIENTED_EDGE('',*,*,#2929,.F.);
#981=ORIENTED_EDGE('',*,*,#2930,.F.);
#982=ORIENTED_EDGE('',*,*,#2923,.F.);
#983=ORIENTED_EDGE('',*,*,#2880,.T.);
#984=ORIENTED_EDGE('',*,*,#2937,.T.);
#985=ORIENTED_EDGE('',*,*,#2936,.F.);
#986=ORIENTED_EDGE('',*,*,#2935,.F.);
#987=ORIENTED_EDGE('',*,*,#2936,.T.);
#988=ORIENTED_EDGE('',*,*,#2940,.T.);
#989=ORIENTED_EDGE('',*,*,#2939,.F.);
#990=ORIENTED_EDGE('',*,*,#2938,.F.);
#991=ORIENTED_EDGE('',*,*,#2939,.T.);
#992=ORIENTED_EDGE('',*,*,#2943,.T.);
#993=ORIENTED_EDGE('',*,*,#2942,.F.);
#994=ORIENTED_EDGE('',*,*,#2941,.F.);
#995=ORIENTED_EDGE('',*,*,#2942,.T.);
#996=ORIENTED_EDGE('',*,*,#2945,.T.);
#997=ORIENTED_EDGE('',*,*,#2946,.F.);
#998=ORIENTED_EDGE('',*,*,#2944,.F.);
#999=ORIENTED_EDGE('',*,*,#2947,.T.);
#1000=ORIENTED_EDGE('',*,*,#2948,.T.);
#1001=ORIENTED_EDGE('',*,*,#2949,.F.);
#1002=ORIENTED_EDGE('',*,*,#2879,.F.);
#1003=ORIENTED_EDGE('',*,*,#2950,.T.);
#1004=ORIENTED_EDGE('',*,*,#2951,.T.);
#1005=ORIENTED_EDGE('',*,*,#2952,.F.);
#1006=ORIENTED_EDGE('',*,*,#2948,.F.);
#1007=ORIENTED_EDGE('',*,*,#2953,.T.);
#1008=ORIENTED_EDGE('',*,*,#2954,.T.);
#1009=ORIENTED_EDGE('',*,*,#2955,.F.);
#1010=ORIENTED_EDGE('',*,*,#2951,.F.);
#1011=ORIENTED_EDGE('',*,*,#2956,.T.);
#1012=ORIENTED_EDGE('',*,*,#2958,.T.);
#1013=ORIENTED_EDGE('',*,*,#2957,.F.);
#1014=ORIENTED_EDGE('',*,*,#2954,.F.);
#1015=ORIENTED_EDGE('',*,*,#2959,.T.);
#1016=ORIENTED_EDGE('',*,*,#2960,.T.);
#1017=ORIENTED_EDGE('',*,*,#2961,.F.);
#1018=ORIENTED_EDGE('',*,*,#2877,.F.);
#1019=ORIENTED_EDGE('',*,*,#2962,.T.);
#1020=ORIENTED_EDGE('',*,*,#2963,.T.);
#1021=ORIENTED_EDGE('',*,*,#2964,.F.);
#1022=ORIENTED_EDGE('',*,*,#2960,.F.);
#1023=ORIENTED_EDGE('',*,*,#2965,.T.);
#1024=ORIENTED_EDGE('',*,*,#2966,.T.);
#1025=ORIENTED_EDGE('',*,*,#2967,.F.);
#1026=ORIENTED_EDGE('',*,*,#2963,.F.);
#1027=ORIENTED_EDGE('',*,*,#2968,.T.);
#1028=ORIENTED_EDGE('',*,*,#2970,.T.);
#1029=ORIENTED_EDGE('',*,*,#2969,.F.);
#1030=ORIENTED_EDGE('',*,*,#2966,.F.);
#1031=ORIENTED_EDGE('',*,*,#2878,.T.);
#1032=ORIENTED_EDGE('',*,*,#2973,.T.);
#1033=ORIENTED_EDGE('',*,*,#2972,.F.);
#1034=ORIENTED_EDGE('',*,*,#2971,.F.);
#1035=ORIENTED_EDGE('',*,*,#2972,.T.);
#1036=ORIENTED_EDGE('',*,*,#2976,.T.);
#1037=ORIENTED_EDGE('',*,*,#2975,.F.);
#1038=ORIENTED_EDGE('',*,*,#2974,.F.);
#1039=ORIENTED_EDGE('',*,*,#2975,.T.);
#1040=ORIENTED_EDGE('',*,*,#2979,.T.);
#1041=ORIENTED_EDGE('',*,*,#2978,.F.);
#1042=ORIENTED_EDGE('',*,*,#2977,.F.);
#1043=ORIENTED_EDGE('',*,*,#2978,.T.);
#1044=ORIENTED_EDGE('',*,*,#2981,.T.);
#1045=ORIENTED_EDGE('',*,*,#2982,.F.);
#1046=ORIENTED_EDGE('',*,*,#2980,.F.);
#1047=ORIENTED_EDGE('',*,*,#2988,.T.);
#1048=ORIENTED_EDGE('',*,*,#2986,.F.);
#1049=ORIENTED_EDGE('',*,*,#3040,.T.);
#1050=ORIENTED_EDGE('',*,*,#2989,.T.);
#1051=ORIENTED_EDGE('',*,*,#3012,.T.);
#1052=ORIENTED_EDGE('',*,*,#3011,.T.);
#1053=ORIENTED_EDGE('',*,*,#3010,.T.);
#1054=ORIENTED_EDGE('',*,*,#3009,.T.);
#1055=ORIENTED_EDGE('',*,*,#3008,.T.);
#1056=ORIENTED_EDGE('',*,*,#3007,.T.);
#1057=ORIENTED_EDGE('',*,*,#3006,.T.);
#1058=ORIENTED_EDGE('',*,*,#3005,.T.);
#1059=ORIENTED_EDGE('',*,*,#3004,.T.);
#1060=ORIENTED_EDGE('',*,*,#3003,.T.);
#1061=ORIENTED_EDGE('',*,*,#3002,.T.);
#1062=ORIENTED_EDGE('',*,*,#3039,.F.);
#1063=ORIENTED_EDGE('',*,*,#2983,.T.);
#1064=ORIENTED_EDGE('',*,*,#2987,.F.);
#1065=ORIENTED_EDGE('',*,*,#2984,.F.);
#1066=ORIENTED_EDGE('',*,*,#3037,.F.);
#1067=ORIENTED_EDGE('',*,*,#3001,.T.);
#1068=ORIENTED_EDGE('',*,*,#3000,.T.);
#1069=ORIENTED_EDGE('',*,*,#2999,.T.);
#1070=ORIENTED_EDGE('',*,*,#2998,.T.);
#1071=ORIENTED_EDGE('',*,*,#2997,.T.);
#1072=ORIENTED_EDGE('',*,*,#2996,.T.);
#1073=ORIENTED_EDGE('',*,*,#2995,.T.);
#1074=ORIENTED_EDGE('',*,*,#2994,.T.);
#1075=ORIENTED_EDGE('',*,*,#2993,.T.);
#1076=ORIENTED_EDGE('',*,*,#2992,.T.);
#1077=ORIENTED_EDGE('',*,*,#2991,.T.);
#1078=ORIENTED_EDGE('',*,*,#2990,.T.);
#1079=ORIENTED_EDGE('',*,*,#3038,.T.);
#1080=ORIENTED_EDGE('',*,*,#2985,.T.);
#1081=ORIENTED_EDGE('',*,*,#3014,.F.);
#1082=ORIENTED_EDGE('',*,*,#3015,.F.);
#1083=ORIENTED_EDGE('',*,*,#3016,.F.);
#1084=ORIENTED_EDGE('',*,*,#3017,.F.);
#1085=ORIENTED_EDGE('',*,*,#3018,.F.);
#1086=ORIENTED_EDGE('',*,*,#3019,.F.);
#1087=ORIENTED_EDGE('',*,*,#3020,.F.);
#1088=ORIENTED_EDGE('',*,*,#3021,.F.);
#1089=ORIENTED_EDGE('',*,*,#3022,.F.);
#1090=ORIENTED_EDGE('',*,*,#3023,.F.);
#1091=ORIENTED_EDGE('',*,*,#3024,.F.);
#1092=ORIENTED_EDGE('',*,*,#3025,.F.);
#1093=ORIENTED_EDGE('',*,*,#3026,.F.);
#1094=ORIENTED_EDGE('',*,*,#3027,.F.);
#1095=ORIENTED_EDGE('',*,*,#3028,.F.);
#1096=ORIENTED_EDGE('',*,*,#3013,.F.);
#1097=ORIENTED_EDGE('',*,*,#3030,.F.);
#1098=ORIENTED_EDGE('',*,*,#3031,.F.);
#1099=ORIENTED_EDGE('',*,*,#3032,.F.);
#1100=ORIENTED_EDGE('',*,*,#3033,.F.);
#1101=ORIENTED_EDGE('',*,*,#3034,.F.);
#1102=ORIENTED_EDGE('',*,*,#3035,.F.);
#1103=ORIENTED_EDGE('',*,*,#3036,.F.);
#1104=ORIENTED_EDGE('',*,*,#3029,.F.);
#1105=ORIENTED_EDGE('',*,*,#2986,.T.);
#1106=ORIENTED_EDGE('',*,*,#3043,.T.);
#1107=ORIENTED_EDGE('',*,*,#3042,.F.);
#1108=ORIENTED_EDGE('',*,*,#3041,.F.);
#1109=ORIENTED_EDGE('',*,*,#3042,.T.);
#1110=ORIENTED_EDGE('',*,*,#3046,.T.);
#1111=ORIENTED_EDGE('',*,*,#3045,.F.);
#1112=ORIENTED_EDGE('',*,*,#3044,.F.);
#1113=ORIENTED_EDGE('',*,*,#3045,.T.);
#1114=ORIENTED_EDGE('',*,*,#3049,.T.);
#1115=ORIENTED_EDGE('',*,*,#3048,.F.);
#1116=ORIENTED_EDGE('',*,*,#3047,.F.);
#1117=ORIENTED_EDGE('',*,*,#3048,.T.);
#1118=ORIENTED_EDGE('',*,*,#3051,.T.);
#1119=ORIENTED_EDGE('',*,*,#3052,.F.);
#1120=ORIENTED_EDGE('',*,*,#3050,.F.);
#1121=ORIENTED_EDGE('',*,*,#3053,.T.);
#1122=ORIENTED_EDGE('',*,*,#3054,.T.);
#1123=ORIENTED_EDGE('',*,*,#3055,.F.);
#1124=ORIENTED_EDGE('',*,*,#2985,.F.);
#1125=ORIENTED_EDGE('',*,*,#3056,.T.);
#1126=ORIENTED_EDGE('',*,*,#3057,.T.);
#1127=ORIENTED_EDGE('',*,*,#3058,.F.);
#1128=ORIENTED_EDGE('',*,*,#3054,.F.);
#1129=ORIENTED_EDGE('',*,*,#3059,.T.);
#1130=ORIENTED_EDGE('',*,*,#3060,.T.);
#1131=ORIENTED_EDGE('',*,*,#3061,.F.);
#1132=ORIENTED_EDGE('',*,*,#3057,.F.);
#1133=ORIENTED_EDGE('',*,*,#3062,.T.);
#1134=ORIENTED_EDGE('',*,*,#3064,.T.);
#1135=ORIENTED_EDGE('',*,*,#3063,.F.);
#1136=ORIENTED_EDGE('',*,*,#3060,.F.);
#1137=ORIENTED_EDGE('',*,*,#3065,.T.);
#1138=ORIENTED_EDGE('',*,*,#3066,.T.);
#1139=ORIENTED_EDGE('',*,*,#3067,.F.);
#1140=ORIENTED_EDGE('',*,*,#2983,.F.);
#1141=ORIENTED_EDGE('',*,*,#3068,.T.);
#1142=ORIENTED_EDGE('',*,*,#3069,.T.);
#1143=ORIENTED_EDGE('',*,*,#3070,.F.);
#1144=ORIENTED_EDGE('',*,*,#3066,.F.);
#1145=ORIENTED_EDGE('',*,*,#3071,.T.);
#1146=ORIENTED_EDGE('',*,*,#3072,.T.);
#1147=ORIENTED_EDGE('',*,*,#3073,.F.);
#1148=ORIENTED_EDGE('',*,*,#3069,.F.);
#1149=ORIENTED_EDGE('',*,*,#3074,.T.);
#1150=ORIENTED_EDGE('',*,*,#3076,.T.);
#1151=ORIENTED_EDGE('',*,*,#3075,.F.);
#1152=ORIENTED_EDGE('',*,*,#3072,.F.);
#1153=ORIENTED_EDGE('',*,*,#2984,.T.);
#1154=ORIENTED_EDGE('',*,*,#3079,.T.);
#1155=ORIENTED_EDGE('',*,*,#3078,.F.);
#1156=ORIENTED_EDGE('',*,*,#3077,.F.);
#1157=ORIENTED_EDGE('',*,*,#3078,.T.);
#1158=ORIENTED_EDGE('',*,*,#3082,.T.);
#1159=ORIENTED_EDGE('',*,*,#3081,.F.);
#1160=ORIENTED_EDGE('',*,*,#3080,.F.);
#1161=ORIENTED_EDGE('',*,*,#3081,.T.);
#1162=ORIENTED_EDGE('',*,*,#3085,.T.);
#1163=ORIENTED_EDGE('',*,*,#3084,.F.);
#1164=ORIENTED_EDGE('',*,*,#3083,.F.);
#1165=ORIENTED_EDGE('',*,*,#3084,.T.);
#1166=ORIENTED_EDGE('',*,*,#3087,.T.);
#1167=ORIENTED_EDGE('',*,*,#3088,.F.);
#1168=ORIENTED_EDGE('',*,*,#3086,.F.);
#1169=ORIENTED_EDGE('',*,*,#3094,.T.);
#1170=ORIENTED_EDGE('',*,*,#3092,.F.);
#1171=ORIENTED_EDGE('',*,*,#3146,.T.);
#1172=ORIENTED_EDGE('',*,*,#3095,.T.);
#1173=ORIENTED_EDGE('',*,*,#3118,.T.);
#1174=ORIENTED_EDGE('',*,*,#3117,.T.);
#1175=ORIENTED_EDGE('',*,*,#3116,.T.);
#1176=ORIENTED_EDGE('',*,*,#3115,.T.);
#1177=ORIENTED_EDGE('',*,*,#3114,.T.);
#1178=ORIENTED_EDGE('',*,*,#3113,.T.);
#1179=ORIENTED_EDGE('',*,*,#3112,.T.);
#1180=ORIENTED_EDGE('',*,*,#3111,.T.);
#1181=ORIENTED_EDGE('',*,*,#3110,.T.);
#1182=ORIENTED_EDGE('',*,*,#3109,.T.);
#1183=ORIENTED_EDGE('',*,*,#3108,.T.);
#1184=ORIENTED_EDGE('',*,*,#3145,.F.);
#1185=ORIENTED_EDGE('',*,*,#3089,.T.);
#1186=ORIENTED_EDGE('',*,*,#3093,.F.);
#1187=ORIENTED_EDGE('',*,*,#3090,.F.);
#1188=ORIENTED_EDGE('',*,*,#3143,.F.);
#1189=ORIENTED_EDGE('',*,*,#3107,.T.);
#1190=ORIENTED_EDGE('',*,*,#3106,.T.);
#1191=ORIENTED_EDGE('',*,*,#3105,.T.);
#1192=ORIENTED_EDGE('',*,*,#3104,.T.);
#1193=ORIENTED_EDGE('',*,*,#3103,.T.);
#1194=ORIENTED_EDGE('',*,*,#3102,.T.);
#1195=ORIENTED_EDGE('',*,*,#3101,.T.);
#1196=ORIENTED_EDGE('',*,*,#3100,.T.);
#1197=ORIENTED_EDGE('',*,*,#3099,.T.);
#1198=ORIENTED_EDGE('',*,*,#3098,.T.);
#1199=ORIENTED_EDGE('',*,*,#3097,.T.);
#1200=ORIENTED_EDGE('',*,*,#3096,.T.);
#1201=ORIENTED_EDGE('',*,*,#3144,.T.);
#1202=ORIENTED_EDGE('',*,*,#3091,.T.);
#1203=ORIENTED_EDGE('',*,*,#3120,.F.);
#1204=ORIENTED_EDGE('',*,*,#3121,.F.);
#1205=ORIENTED_EDGE('',*,*,#3122,.F.);
#1206=ORIENTED_EDGE('',*,*,#3123,.F.);
#1207=ORIENTED_EDGE('',*,*,#3124,.F.);
#1208=ORIENTED_EDGE('',*,*,#3125,.F.);
#1209=ORIENTED_EDGE('',*,*,#3126,.F.);
#1210=ORIENTED_EDGE('',*,*,#3127,.F.);
#1211=ORIENTED_EDGE('',*,*,#3128,.F.);
#1212=ORIENTED_EDGE('',*,*,#3129,.F.);
#1213=ORIENTED_EDGE('',*,*,#3130,.F.);
#1214=ORIENTED_EDGE('',*,*,#3131,.F.);
#1215=ORIENTED_EDGE('',*,*,#3132,.F.);
#1216=ORIENTED_EDGE('',*,*,#3133,.F.);
#1217=ORIENTED_EDGE('',*,*,#3134,.F.);
#1218=ORIENTED_EDGE('',*,*,#3119,.F.);
#1219=ORIENTED_EDGE('',*,*,#3136,.F.);
#1220=ORIENTED_EDGE('',*,*,#3137,.F.);
#1221=ORIENTED_EDGE('',*,*,#3138,.F.);
#1222=ORIENTED_EDGE('',*,*,#3139,.F.);
#1223=ORIENTED_EDGE('',*,*,#3140,.F.);
#1224=ORIENTED_EDGE('',*,*,#3141,.F.);
#1225=ORIENTED_EDGE('',*,*,#3142,.F.);
#1226=ORIENTED_EDGE('',*,*,#3135,.F.);
#1227=ORIENTED_EDGE('',*,*,#3092,.T.);
#1228=ORIENTED_EDGE('',*,*,#3149,.T.);
#1229=ORIENTED_EDGE('',*,*,#3148,.F.);
#1230=ORIENTED_EDGE('',*,*,#3147,.F.);
#1231=ORIENTED_EDGE('',*,*,#3148,.T.);
#1232=ORIENTED_EDGE('',*,*,#3152,.T.);
#1233=ORIENTED_EDGE('',*,*,#3151,.F.);
#1234=ORIENTED_EDGE('',*,*,#3150,.F.);
#1235=ORIENTED_EDGE('',*,*,#3151,.T.);
#1236=ORIENTED_EDGE('',*,*,#3155,.T.);
#1237=ORIENTED_EDGE('',*,*,#3154,.F.);
#1238=ORIENTED_EDGE('',*,*,#3153,.F.);
#1239=ORIENTED_EDGE('',*,*,#3154,.T.);
#1240=ORIENTED_EDGE('',*,*,#3157,.T.);
#1241=ORIENTED_EDGE('',*,*,#3158,.F.);
#1242=ORIENTED_EDGE('',*,*,#3156,.F.);
#1243=ORIENTED_EDGE('',*,*,#3159,.T.);
#1244=ORIENTED_EDGE('',*,*,#3160,.T.);
#1245=ORIENTED_EDGE('',*,*,#3161,.F.);
#1246=ORIENTED_EDGE('',*,*,#3091,.F.);
#1247=ORIENTED_EDGE('',*,*,#3162,.T.);
#1248=ORIENTED_EDGE('',*,*,#3163,.T.);
#1249=ORIENTED_EDGE('',*,*,#3164,.F.);
#1250=ORIENTED_EDGE('',*,*,#3160,.F.);
#1251=ORIENTED_EDGE('',*,*,#3165,.T.);
#1252=ORIENTED_EDGE('',*,*,#3166,.T.);
#1253=ORIENTED_EDGE('',*,*,#3167,.F.);
#1254=ORIENTED_EDGE('',*,*,#3163,.F.);
#1255=ORIENTED_EDGE('',*,*,#3168,.T.);
#1256=ORIENTED_EDGE('',*,*,#3170,.T.);
#1257=ORIENTED_EDGE('',*,*,#3169,.F.);
#1258=ORIENTED_EDGE('',*,*,#3166,.F.);
#1259=ORIENTED_EDGE('',*,*,#3171,.T.);
#1260=ORIENTED_EDGE('',*,*,#3172,.T.);
#1261=ORIENTED_EDGE('',*,*,#3173,.F.);
#1262=ORIENTED_EDGE('',*,*,#3089,.F.);
#1263=ORIENTED_EDGE('',*,*,#3174,.T.);
#1264=ORIENTED_EDGE('',*,*,#3175,.T.);
#1265=ORIENTED_EDGE('',*,*,#3176,.F.);
#1266=ORIENTED_EDGE('',*,*,#3172,.F.);
#1267=ORIENTED_EDGE('',*,*,#3177,.T.);
#1268=ORIENTED_EDGE('',*,*,#3178,.T.);
#1269=ORIENTED_EDGE('',*,*,#3179,.F.);
#1270=ORIENTED_EDGE('',*,*,#3175,.F.);
#1271=ORIENTED_EDGE('',*,*,#3180,.T.);
#1272=ORIENTED_EDGE('',*,*,#3182,.T.);
#1273=ORIENTED_EDGE('',*,*,#3181,.F.);
#1274=ORIENTED_EDGE('',*,*,#3178,.F.);
#1275=ORIENTED_EDGE('',*,*,#3090,.T.);
#1276=ORIENTED_EDGE('',*,*,#3185,.T.);
#1277=ORIENTED_EDGE('',*,*,#3184,.F.);
#1278=ORIENTED_EDGE('',*,*,#3183,.F.);
#1279=ORIENTED_EDGE('',*,*,#3184,.T.);
#1280=ORIENTED_EDGE('',*,*,#3188,.T.);
#1281=ORIENTED_EDGE('',*,*,#3187,.F.);
#1282=ORIENTED_EDGE('',*,*,#3186,.F.);
#1283=ORIENTED_EDGE('',*,*,#3187,.T.);
#1284=ORIENTED_EDGE('',*,*,#3191,.T.);
#1285=ORIENTED_EDGE('',*,*,#3190,.F.);
#1286=ORIENTED_EDGE('',*,*,#3189,.F.);
#1287=ORIENTED_EDGE('',*,*,#3190,.T.);
#1288=ORIENTED_EDGE('',*,*,#3193,.T.);
#1289=ORIENTED_EDGE('',*,*,#3194,.F.);
#1290=ORIENTED_EDGE('',*,*,#3192,.F.);
#1291=ORIENTED_EDGE('',*,*,#3200,.T.);
#1292=ORIENTED_EDGE('',*,*,#3198,.F.);
#1293=ORIENTED_EDGE('',*,*,#3252,.T.);
#1294=ORIENTED_EDGE('',*,*,#3201,.T.);
#1295=ORIENTED_EDGE('',*,*,#3224,.T.);
#1296=ORIENTED_EDGE('',*,*,#3223,.T.);
#1297=ORIENTED_EDGE('',*,*,#3222,.T.);
#1298=ORIENTED_EDGE('',*,*,#3221,.T.);
#1299=ORIENTED_EDGE('',*,*,#3220,.T.);
#1300=ORIENTED_EDGE('',*,*,#3219,.T.);
#1301=ORIENTED_EDGE('',*,*,#3218,.T.);
#1302=ORIENTED_EDGE('',*,*,#3217,.T.);
#1303=ORIENTED_EDGE('',*,*,#3216,.T.);
#1304=ORIENTED_EDGE('',*,*,#3215,.T.);
#1305=ORIENTED_EDGE('',*,*,#3214,.T.);
#1306=ORIENTED_EDGE('',*,*,#3251,.F.);
#1307=ORIENTED_EDGE('',*,*,#3195,.T.);
#1308=ORIENTED_EDGE('',*,*,#3199,.F.);
#1309=ORIENTED_EDGE('',*,*,#3196,.F.);
#1310=ORIENTED_EDGE('',*,*,#3249,.F.);
#1311=ORIENTED_EDGE('',*,*,#3213,.T.);
#1312=ORIENTED_EDGE('',*,*,#3212,.T.);
#1313=ORIENTED_EDGE('',*,*,#3211,.T.);
#1314=ORIENTED_EDGE('',*,*,#3210,.T.);
#1315=ORIENTED_EDGE('',*,*,#3209,.T.);
#1316=ORIENTED_EDGE('',*,*,#3208,.T.);
#1317=ORIENTED_EDGE('',*,*,#3207,.T.);
#1318=ORIENTED_EDGE('',*,*,#3206,.T.);
#1319=ORIENTED_EDGE('',*,*,#3205,.T.);
#1320=ORIENTED_EDGE('',*,*,#3204,.T.);
#1321=ORIENTED_EDGE('',*,*,#3203,.T.);
#1322=ORIENTED_EDGE('',*,*,#3202,.T.);
#1323=ORIENTED_EDGE('',*,*,#3250,.T.);
#1324=ORIENTED_EDGE('',*,*,#3197,.T.);
#1325=ORIENTED_EDGE('',*,*,#3226,.F.);
#1326=ORIENTED_EDGE('',*,*,#3227,.F.);
#1327=ORIENTED_EDGE('',*,*,#3228,.F.);
#1328=ORIENTED_EDGE('',*,*,#3229,.F.);
#1329=ORIENTED_EDGE('',*,*,#3230,.F.);
#1330=ORIENTED_EDGE('',*,*,#3231,.F.);
#1331=ORIENTED_EDGE('',*,*,#3232,.F.);
#1332=ORIENTED_EDGE('',*,*,#3233,.F.);
#1333=ORIENTED_EDGE('',*,*,#3234,.F.);
#1334=ORIENTED_EDGE('',*,*,#3235,.F.);
#1335=ORIENTED_EDGE('',*,*,#3236,.F.);
#1336=ORIENTED_EDGE('',*,*,#3237,.F.);
#1337=ORIENTED_EDGE('',*,*,#3238,.F.);
#1338=ORIENTED_EDGE('',*,*,#3239,.F.);
#1339=ORIENTED_EDGE('',*,*,#3240,.F.);
#1340=ORIENTED_EDGE('',*,*,#3225,.F.);
#1341=ORIENTED_EDGE('',*,*,#3242,.F.);
#1342=ORIENTED_EDGE('',*,*,#3243,.F.);
#1343=ORIENTED_EDGE('',*,*,#3244,.F.);
#1344=ORIENTED_EDGE('',*,*,#3245,.F.);
#1345=ORIENTED_EDGE('',*,*,#3246,.F.);
#1346=ORIENTED_EDGE('',*,*,#3247,.F.);
#1347=ORIENTED_EDGE('',*,*,#3248,.F.);
#1348=ORIENTED_EDGE('',*,*,#3241,.F.);
#1349=ORIENTED_EDGE('',*,*,#3198,.T.);
#1350=ORIENTED_EDGE('',*,*,#3255,.T.);
#1351=ORIENTED_EDGE('',*,*,#3254,.F.);
#1352=ORIENTED_EDGE('',*,*,#3253,.F.);
#1353=ORIENTED_EDGE('',*,*,#3254,.T.);
#1354=ORIENTED_EDGE('',*,*,#3258,.T.);
#1355=ORIENTED_EDGE('',*,*,#3257,.F.);
#1356=ORIENTED_EDGE('',*,*,#3256,.F.);
#1357=ORIENTED_EDGE('',*,*,#3257,.T.);
#1358=ORIENTED_EDGE('',*,*,#3261,.T.);
#1359=ORIENTED_EDGE('',*,*,#3260,.F.);
#1360=ORIENTED_EDGE('',*,*,#3259,.F.);
#1361=ORIENTED_EDGE('',*,*,#3260,.T.);
#1362=ORIENTED_EDGE('',*,*,#3263,.T.);
#1363=ORIENTED_EDGE('',*,*,#3264,.F.);
#1364=ORIENTED_EDGE('',*,*,#3262,.F.);
#1365=ORIENTED_EDGE('',*,*,#3265,.T.);
#1366=ORIENTED_EDGE('',*,*,#3266,.T.);
#1367=ORIENTED_EDGE('',*,*,#3267,.F.);
#1368=ORIENTED_EDGE('',*,*,#3197,.F.);
#1369=ORIENTED_EDGE('',*,*,#3268,.T.);
#1370=ORIENTED_EDGE('',*,*,#3269,.T.);
#1371=ORIENTED_EDGE('',*,*,#3270,.F.);
#1372=ORIENTED_EDGE('',*,*,#3266,.F.);
#1373=ORIENTED_EDGE('',*,*,#3271,.T.);
#1374=ORIENTED_EDGE('',*,*,#3272,.T.);
#1375=ORIENTED_EDGE('',*,*,#3273,.F.);
#1376=ORIENTED_EDGE('',*,*,#3269,.F.);
#1377=ORIENTED_EDGE('',*,*,#3274,.T.);
#1378=ORIENTED_EDGE('',*,*,#3276,.T.);
#1379=ORIENTED_EDGE('',*,*,#3275,.F.);
#1380=ORIENTED_EDGE('',*,*,#3272,.F.);
#1381=ORIENTED_EDGE('',*,*,#3277,.T.);
#1382=ORIENTED_EDGE('',*,*,#3278,.T.);
#1383=ORIENTED_EDGE('',*,*,#3279,.F.);
#1384=ORIENTED_EDGE('',*,*,#3195,.F.);
#1385=ORIENTED_EDGE('',*,*,#3280,.T.);
#1386=ORIENTED_EDGE('',*,*,#3281,.T.);
#1387=ORIENTED_EDGE('',*,*,#3282,.F.);
#1388=ORIENTED_EDGE('',*,*,#3278,.F.);
#1389=ORIENTED_EDGE('',*,*,#3283,.T.);
#1390=ORIENTED_EDGE('',*,*,#3284,.T.);
#1391=ORIENTED_EDGE('',*,*,#3285,.F.);
#1392=ORIENTED_EDGE('',*,*,#3281,.F.);
#1393=ORIENTED_EDGE('',*,*,#3286,.T.);
#1394=ORIENTED_EDGE('',*,*,#3288,.T.);
#1395=ORIENTED_EDGE('',*,*,#3287,.F.);
#1396=ORIENTED_EDGE('',*,*,#3284,.F.);
#1397=ORIENTED_EDGE('',*,*,#3196,.T.);
#1398=ORIENTED_EDGE('',*,*,#3291,.T.);
#1399=ORIENTED_EDGE('',*,*,#3290,.F.);
#1400=ORIENTED_EDGE('',*,*,#3289,.F.);
#1401=ORIENTED_EDGE('',*,*,#3290,.T.);
#1402=ORIENTED_EDGE('',*,*,#3294,.T.);
#1403=ORIENTED_EDGE('',*,*,#3293,.F.);
#1404=ORIENTED_EDGE('',*,*,#3292,.F.);
#1405=ORIENTED_EDGE('',*,*,#3293,.T.);
#1406=ORIENTED_EDGE('',*,*,#3297,.T.);
#1407=ORIENTED_EDGE('',*,*,#3296,.F.);
#1408=ORIENTED_EDGE('',*,*,#3295,.F.);
#1409=ORIENTED_EDGE('',*,*,#3296,.T.);
#1410=ORIENTED_EDGE('',*,*,#3299,.T.);
#1411=ORIENTED_EDGE('',*,*,#3300,.F.);
#1412=ORIENTED_EDGE('',*,*,#3298,.F.);
#1413=ORIENTED_EDGE('',*,*,#3306,.T.);
#1414=ORIENTED_EDGE('',*,*,#3304,.F.);
#1415=ORIENTED_EDGE('',*,*,#3358,.T.);
#1416=ORIENTED_EDGE('',*,*,#3307,.T.);
#1417=ORIENTED_EDGE('',*,*,#3330,.T.);
#1418=ORIENTED_EDGE('',*,*,#3329,.T.);
#1419=ORIENTED_EDGE('',*,*,#3328,.T.);
#1420=ORIENTED_EDGE('',*,*,#3327,.T.);
#1421=ORIENTED_EDGE('',*,*,#3326,.T.);
#1422=ORIENTED_EDGE('',*,*,#3325,.T.);
#1423=ORIENTED_EDGE('',*,*,#3324,.T.);
#1424=ORIENTED_EDGE('',*,*,#3323,.T.);
#1425=ORIENTED_EDGE('',*,*,#3322,.T.);
#1426=ORIENTED_EDGE('',*,*,#3321,.T.);
#1427=ORIENTED_EDGE('',*,*,#3320,.T.);
#1428=ORIENTED_EDGE('',*,*,#3357,.F.);
#1429=ORIENTED_EDGE('',*,*,#3301,.T.);
#1430=ORIENTED_EDGE('',*,*,#3305,.F.);
#1431=ORIENTED_EDGE('',*,*,#3302,.F.);
#1432=ORIENTED_EDGE('',*,*,#3355,.F.);
#1433=ORIENTED_EDGE('',*,*,#3319,.T.);
#1434=ORIENTED_EDGE('',*,*,#3318,.T.);
#1435=ORIENTED_EDGE('',*,*,#3317,.T.);
#1436=ORIENTED_EDGE('',*,*,#3316,.T.);
#1437=ORIENTED_EDGE('',*,*,#3315,.T.);
#1438=ORIENTED_EDGE('',*,*,#3314,.T.);
#1439=ORIENTED_EDGE('',*,*,#3313,.T.);
#1440=ORIENTED_EDGE('',*,*,#3312,.T.);
#1441=ORIENTED_EDGE('',*,*,#3311,.T.);
#1442=ORIENTED_EDGE('',*,*,#3310,.T.);
#1443=ORIENTED_EDGE('',*,*,#3309,.T.);
#1444=ORIENTED_EDGE('',*,*,#3308,.T.);
#1445=ORIENTED_EDGE('',*,*,#3356,.T.);
#1446=ORIENTED_EDGE('',*,*,#3303,.T.);
#1447=ORIENTED_EDGE('',*,*,#3332,.F.);
#1448=ORIENTED_EDGE('',*,*,#3333,.F.);
#1449=ORIENTED_EDGE('',*,*,#3334,.F.);
#1450=ORIENTED_EDGE('',*,*,#3335,.F.);
#1451=ORIENTED_EDGE('',*,*,#3336,.F.);
#1452=ORIENTED_EDGE('',*,*,#3337,.F.);
#1453=ORIENTED_EDGE('',*,*,#3338,.F.);
#1454=ORIENTED_EDGE('',*,*,#3339,.F.);
#1455=ORIENTED_EDGE('',*,*,#3340,.F.);
#1456=ORIENTED_EDGE('',*,*,#3341,.F.);
#1457=ORIENTED_EDGE('',*,*,#3342,.F.);
#1458=ORIENTED_EDGE('',*,*,#3343,.F.);
#1459=ORIENTED_EDGE('',*,*,#3344,.F.);
#1460=ORIENTED_EDGE('',*,*,#3345,.F.);
#1461=ORIENTED_EDGE('',*,*,#3346,.F.);
#1462=ORIENTED_EDGE('',*,*,#3331,.F.);
#1463=ORIENTED_EDGE('',*,*,#3348,.F.);
#1464=ORIENTED_EDGE('',*,*,#3349,.F.);
#1465=ORIENTED_EDGE('',*,*,#3350,.F.);
#1466=ORIENTED_EDGE('',*,*,#3351,.F.);
#1467=ORIENTED_EDGE('',*,*,#3352,.F.);
#1468=ORIENTED_EDGE('',*,*,#3353,.F.);
#1469=ORIENTED_EDGE('',*,*,#3354,.F.);
#1470=ORIENTED_EDGE('',*,*,#3347,.F.);
#1471=ORIENTED_EDGE('',*,*,#3304,.T.);
#1472=ORIENTED_EDGE('',*,*,#3361,.T.);
#1473=ORIENTED_EDGE('',*,*,#3360,.F.);
#1474=ORIENTED_EDGE('',*,*,#3359,.F.);
#1475=ORIENTED_EDGE('',*,*,#3360,.T.);
#1476=ORIENTED_EDGE('',*,*,#3364,.T.);
#1477=ORIENTED_EDGE('',*,*,#3363,.F.);
#1478=ORIENTED_EDGE('',*,*,#3362,.F.);
#1479=ORIENTED_EDGE('',*,*,#3363,.T.);
#1480=ORIENTED_EDGE('',*,*,#3367,.T.);
#1481=ORIENTED_EDGE('',*,*,#3366,.F.);
#1482=ORIENTED_EDGE('',*,*,#3365,.F.);
#1483=ORIENTED_EDGE('',*,*,#3366,.T.);
#1484=ORIENTED_EDGE('',*,*,#3369,.T.);
#1485=ORIENTED_EDGE('',*,*,#3370,.F.);
#1486=ORIENTED_EDGE('',*,*,#3368,.F.);
#1487=ORIENTED_EDGE('',*,*,#3371,.T.);
#1488=ORIENTED_EDGE('',*,*,#3372,.T.);
#1489=ORIENTED_EDGE('',*,*,#3373,.F.);
#1490=ORIENTED_EDGE('',*,*,#3303,.F.);
#1491=ORIENTED_EDGE('',*,*,#3374,.T.);
#1492=ORIENTED_EDGE('',*,*,#3375,.T.);
#1493=ORIENTED_EDGE('',*,*,#3376,.F.);
#1494=ORIENTED_EDGE('',*,*,#3372,.F.);
#1495=ORIENTED_EDGE('',*,*,#3377,.T.);
#1496=ORIENTED_EDGE('',*,*,#3378,.T.);
#1497=ORIENTED_EDGE('',*,*,#3379,.F.);
#1498=ORIENTED_EDGE('',*,*,#3375,.F.);
#1499=ORIENTED_EDGE('',*,*,#3380,.T.);
#1500=ORIENTED_EDGE('',*,*,#3382,.T.);
#1501=ORIENTED_EDGE('',*,*,#3381,.F.);
#1502=ORIENTED_EDGE('',*,*,#3378,.F.);
#1503=ORIENTED_EDGE('',*,*,#3383,.T.);
#1504=ORIENTED_EDGE('',*,*,#3384,.T.);
#1505=ORIENTED_EDGE('',*,*,#3385,.F.);
#1506=ORIENTED_EDGE('',*,*,#3301,.F.);
#1507=ORIENTED_EDGE('',*,*,#3386,.T.);
#1508=ORIENTED_EDGE('',*,*,#3387,.T.);
#1509=ORIENTED_EDGE('',*,*,#3388,.F.);
#1510=ORIENTED_EDGE('',*,*,#3384,.F.);
#1511=ORIENTED_EDGE('',*,*,#3389,.T.);
#1512=ORIENTED_EDGE('',*,*,#3390,.T.);
#1513=ORIENTED_EDGE('',*,*,#3391,.F.);
#1514=ORIENTED_EDGE('',*,*,#3387,.F.);
#1515=ORIENTED_EDGE('',*,*,#3392,.T.);
#1516=ORIENTED_EDGE('',*,*,#3394,.T.);
#1517=ORIENTED_EDGE('',*,*,#3393,.F.);
#1518=ORIENTED_EDGE('',*,*,#3390,.F.);
#1519=ORIENTED_EDGE('',*,*,#3302,.T.);
#1520=ORIENTED_EDGE('',*,*,#3397,.T.);
#1521=ORIENTED_EDGE('',*,*,#3396,.F.);
#1522=ORIENTED_EDGE('',*,*,#3395,.F.);
#1523=ORIENTED_EDGE('',*,*,#3396,.T.);
#1524=ORIENTED_EDGE('',*,*,#3400,.T.);
#1525=ORIENTED_EDGE('',*,*,#3399,.F.);
#1526=ORIENTED_EDGE('',*,*,#3398,.F.);
#1527=ORIENTED_EDGE('',*,*,#3399,.T.);
#1528=ORIENTED_EDGE('',*,*,#3403,.T.);
#1529=ORIENTED_EDGE('',*,*,#3402,.F.);
#1530=ORIENTED_EDGE('',*,*,#3401,.F.);
#1531=ORIENTED_EDGE('',*,*,#3402,.T.);
#1532=ORIENTED_EDGE('',*,*,#3405,.T.);
#1533=ORIENTED_EDGE('',*,*,#3406,.F.);
#1534=ORIENTED_EDGE('',*,*,#3404,.F.);
#1535=ORIENTED_EDGE('',*,*,#3412,.T.);
#1536=ORIENTED_EDGE('',*,*,#3410,.F.);
#1537=ORIENTED_EDGE('',*,*,#3464,.T.);
#1538=ORIENTED_EDGE('',*,*,#3413,.T.);
#1539=ORIENTED_EDGE('',*,*,#3436,.T.);
#1540=ORIENTED_EDGE('',*,*,#3435,.T.);
#1541=ORIENTED_EDGE('',*,*,#3434,.T.);
#1542=ORIENTED_EDGE('',*,*,#3433,.T.);
#1543=ORIENTED_EDGE('',*,*,#3432,.T.);
#1544=ORIENTED_EDGE('',*,*,#3431,.T.);
#1545=ORIENTED_EDGE('',*,*,#3430,.T.);
#1546=ORIENTED_EDGE('',*,*,#3429,.T.);
#1547=ORIENTED_EDGE('',*,*,#3428,.T.);
#1548=ORIENTED_EDGE('',*,*,#3427,.T.);
#1549=ORIENTED_EDGE('',*,*,#3426,.T.);
#1550=ORIENTED_EDGE('',*,*,#3463,.F.);
#1551=ORIENTED_EDGE('',*,*,#3407,.T.);
#1552=ORIENTED_EDGE('',*,*,#3411,.F.);
#1553=ORIENTED_EDGE('',*,*,#3408,.F.);
#1554=ORIENTED_EDGE('',*,*,#3461,.F.);
#1555=ORIENTED_EDGE('',*,*,#3425,.T.);
#1556=ORIENTED_EDGE('',*,*,#3424,.T.);
#1557=ORIENTED_EDGE('',*,*,#3423,.T.);
#1558=ORIENTED_EDGE('',*,*,#3422,.T.);
#1559=ORIENTED_EDGE('',*,*,#3421,.T.);
#1560=ORIENTED_EDGE('',*,*,#3420,.T.);
#1561=ORIENTED_EDGE('',*,*,#3419,.T.);
#1562=ORIENTED_EDGE('',*,*,#3418,.T.);
#1563=ORIENTED_EDGE('',*,*,#3417,.T.);
#1564=ORIENTED_EDGE('',*,*,#3416,.T.);
#1565=ORIENTED_EDGE('',*,*,#3415,.T.);
#1566=ORIENTED_EDGE('',*,*,#3414,.T.);
#1567=ORIENTED_EDGE('',*,*,#3462,.T.);
#1568=ORIENTED_EDGE('',*,*,#3409,.T.);
#1569=ORIENTED_EDGE('',*,*,#3438,.F.);
#1570=ORIENTED_EDGE('',*,*,#3439,.F.);
#1571=ORIENTED_EDGE('',*,*,#3440,.F.);
#1572=ORIENTED_EDGE('',*,*,#3441,.F.);
#1573=ORIENTED_EDGE('',*,*,#3442,.F.);
#1574=ORIENTED_EDGE('',*,*,#3443,.F.);
#1575=ORIENTED_EDGE('',*,*,#3444,.F.);
#1576=ORIENTED_EDGE('',*,*,#3445,.F.);
#1577=ORIENTED_EDGE('',*,*,#3446,.F.);
#1578=ORIENTED_EDGE('',*,*,#3447,.F.);
#1579=ORIENTED_EDGE('',*,*,#3448,.F.);
#1580=ORIENTED_EDGE('',*,*,#3449,.F.);
#1581=ORIENTED_EDGE('',*,*,#3450,.F.);
#1582=ORIENTED_EDGE('',*,*,#3451,.F.);
#1583=ORIENTED_EDGE('',*,*,#3452,.F.);
#1584=ORIENTED_EDGE('',*,*,#3437,.F.);
#1585=ORIENTED_EDGE('',*,*,#3454,.F.);
#1586=ORIENTED_EDGE('',*,*,#3455,.F.);
#1587=ORIENTED_EDGE('',*,*,#3456,.F.);
#1588=ORIENTED_EDGE('',*,*,#3457,.F.);
#1589=ORIENTED_EDGE('',*,*,#3458,.F.);
#1590=ORIENTED_EDGE('',*,*,#3459,.F.);
#1591=ORIENTED_EDGE('',*,*,#3460,.F.);
#1592=ORIENTED_EDGE('',*,*,#3453,.F.);
#1593=ORIENTED_EDGE('',*,*,#3410,.T.);
#1594=ORIENTED_EDGE('',*,*,#3467,.T.);
#1595=ORIENTED_EDGE('',*,*,#3466,.F.);
#1596=ORIENTED_EDGE('',*,*,#3465,.F.);
#1597=ORIENTED_EDGE('',*,*,#3466,.T.);
#1598=ORIENTED_EDGE('',*,*,#3470,.T.);
#1599=ORIENTED_EDGE('',*,*,#3469,.F.);
#1600=ORIENTED_EDGE('',*,*,#3468,.F.);
#1601=ORIENTED_EDGE('',*,*,#3469,.T.);
#1602=ORIENTED_EDGE('',*,*,#3473,.T.);
#1603=ORIENTED_EDGE('',*,*,#3472,.F.);
#1604=ORIENTED_EDGE('',*,*,#3471,.F.);
#1605=ORIENTED_EDGE('',*,*,#3472,.T.);
#1606=ORIENTED_EDGE('',*,*,#3475,.T.);
#1607=ORIENTED_EDGE('',*,*,#3476,.F.);
#1608=ORIENTED_EDGE('',*,*,#3474,.F.);
#1609=ORIENTED_EDGE('',*,*,#3477,.T.);
#1610=ORIENTED_EDGE('',*,*,#3478,.T.);
#1611=ORIENTED_EDGE('',*,*,#3479,.F.);
#1612=ORIENTED_EDGE('',*,*,#3409,.F.);
#1613=ORIENTED_EDGE('',*,*,#3480,.T.);
#1614=ORIENTED_EDGE('',*,*,#3481,.T.);
#1615=ORIENTED_EDGE('',*,*,#3482,.F.);
#1616=ORIENTED_EDGE('',*,*,#3478,.F.);
#1617=ORIENTED_EDGE('',*,*,#3483,.T.);
#1618=ORIENTED_EDGE('',*,*,#3484,.T.);
#1619=ORIENTED_EDGE('',*,*,#3485,.F.);
#1620=ORIENTED_EDGE('',*,*,#3481,.F.);
#1621=ORIENTED_EDGE('',*,*,#3486,.T.);
#1622=ORIENTED_EDGE('',*,*,#3488,.T.);
#1623=ORIENTED_EDGE('',*,*,#3487,.F.);
#1624=ORIENTED_EDGE('',*,*,#3484,.F.);
#1625=ORIENTED_EDGE('',*,*,#3489,.T.);
#1626=ORIENTED_EDGE('',*,*,#3490,.T.);
#1627=ORIENTED_EDGE('',*,*,#3491,.F.);
#1628=ORIENTED_EDGE('',*,*,#3407,.F.);
#1629=ORIENTED_EDGE('',*,*,#3492,.T.);
#1630=ORIENTED_EDGE('',*,*,#3493,.T.);
#1631=ORIENTED_EDGE('',*,*,#3494,.F.);
#1632=ORIENTED_EDGE('',*,*,#3490,.F.);
#1633=ORIENTED_EDGE('',*,*,#3495,.T.);
#1634=ORIENTED_EDGE('',*,*,#3496,.T.);
#1635=ORIENTED_EDGE('',*,*,#3497,.F.);
#1636=ORIENTED_EDGE('',*,*,#3493,.F.);
#1637=ORIENTED_EDGE('',*,*,#3498,.T.);
#1638=ORIENTED_EDGE('',*,*,#3500,.T.);
#1639=ORIENTED_EDGE('',*,*,#3499,.F.);
#1640=ORIENTED_EDGE('',*,*,#3496,.F.);
#1641=ORIENTED_EDGE('',*,*,#3408,.T.);
#1642=ORIENTED_EDGE('',*,*,#3503,.T.);
#1643=ORIENTED_EDGE('',*,*,#3502,.F.);
#1644=ORIENTED_EDGE('',*,*,#3501,.F.);
#1645=ORIENTED_EDGE('',*,*,#3502,.T.);
#1646=ORIENTED_EDGE('',*,*,#3506,.T.);
#1647=ORIENTED_EDGE('',*,*,#3505,.F.);
#1648=ORIENTED_EDGE('',*,*,#3504,.F.);
#1649=ORIENTED_EDGE('',*,*,#3505,.T.);
#1650=ORIENTED_EDGE('',*,*,#3509,.T.);
#1651=ORIENTED_EDGE('',*,*,#3508,.F.);
#1652=ORIENTED_EDGE('',*,*,#3507,.F.);
#1653=ORIENTED_EDGE('',*,*,#3508,.T.);
#1654=ORIENTED_EDGE('',*,*,#3511,.T.);
#1655=ORIENTED_EDGE('',*,*,#3512,.F.);
#1656=ORIENTED_EDGE('',*,*,#3510,.F.);
#1657=ORIENTED_EDGE('',*,*,#3518,.T.);
#1658=ORIENTED_EDGE('',*,*,#3516,.F.);
#1659=ORIENTED_EDGE('',*,*,#3570,.T.);
#1660=ORIENTED_EDGE('',*,*,#3519,.T.);
#1661=ORIENTED_EDGE('',*,*,#3542,.T.);
#1662=ORIENTED_EDGE('',*,*,#3541,.T.);
#1663=ORIENTED_EDGE('',*,*,#3540,.T.);
#1664=ORIENTED_EDGE('',*,*,#3539,.T.);
#1665=ORIENTED_EDGE('',*,*,#3538,.T.);
#1666=ORIENTED_EDGE('',*,*,#3537,.T.);
#1667=ORIENTED_EDGE('',*,*,#3536,.T.);
#1668=ORIENTED_EDGE('',*,*,#3535,.T.);
#1669=ORIENTED_EDGE('',*,*,#3534,.T.);
#1670=ORIENTED_EDGE('',*,*,#3533,.T.);
#1671=ORIENTED_EDGE('',*,*,#3532,.T.);
#1672=ORIENTED_EDGE('',*,*,#3569,.F.);
#1673=ORIENTED_EDGE('',*,*,#3513,.T.);
#1674=ORIENTED_EDGE('',*,*,#3517,.F.);
#1675=ORIENTED_EDGE('',*,*,#3514,.F.);
#1676=ORIENTED_EDGE('',*,*,#3567,.F.);
#1677=ORIENTED_EDGE('',*,*,#3531,.T.);
#1678=ORIENTED_EDGE('',*,*,#3530,.T.);
#1679=ORIENTED_EDGE('',*,*,#3529,.T.);
#1680=ORIENTED_EDGE('',*,*,#3528,.T.);
#1681=ORIENTED_EDGE('',*,*,#3527,.T.);
#1682=ORIENTED_EDGE('',*,*,#3526,.T.);
#1683=ORIENTED_EDGE('',*,*,#3525,.T.);
#1684=ORIENTED_EDGE('',*,*,#3524,.T.);
#1685=ORIENTED_EDGE('',*,*,#3523,.T.);
#1686=ORIENTED_EDGE('',*,*,#3522,.T.);
#1687=ORIENTED_EDGE('',*,*,#3521,.T.);
#1688=ORIENTED_EDGE('',*,*,#3520,.T.);
#1689=ORIENTED_EDGE('',*,*,#3568,.T.);
#1690=ORIENTED_EDGE('',*,*,#3515,.T.);
#1691=ORIENTED_EDGE('',*,*,#3544,.F.);
#1692=ORIENTED_EDGE('',*,*,#3545,.F.);
#1693=ORIENTED_EDGE('',*,*,#3546,.F.);
#1694=ORIENTED_EDGE('',*,*,#3547,.F.);
#1695=ORIENTED_EDGE('',*,*,#3548,.F.);
#1696=ORIENTED_EDGE('',*,*,#3549,.F.);
#1697=ORIENTED_EDGE('',*,*,#3550,.F.);
#1698=ORIENTED_EDGE('',*,*,#3551,.F.);
#1699=ORIENTED_EDGE('',*,*,#3552,.F.);
#1700=ORIENTED_EDGE('',*,*,#3553,.F.);
#1701=ORIENTED_EDGE('',*,*,#3554,.F.);
#1702=ORIENTED_EDGE('',*,*,#3555,.F.);
#1703=ORIENTED_EDGE('',*,*,#3556,.F.);
#1704=ORIENTED_EDGE('',*,*,#3557,.F.);
#1705=ORIENTED_EDGE('',*,*,#3558,.F.);
#1706=ORIENTED_EDGE('',*,*,#3543,.F.);
#1707=ORIENTED_EDGE('',*,*,#3560,.F.);
#1708=ORIENTED_EDGE('',*,*,#3561,.F.);
#1709=ORIENTED_EDGE('',*,*,#3562,.F.);
#1710=ORIENTED_EDGE('',*,*,#3563,.F.);
#1711=ORIENTED_EDGE('',*,*,#3564,.F.);
#1712=ORIENTED_EDGE('',*,*,#3565,.F.);
#1713=ORIENTED_EDGE('',*,*,#3566,.F.);
#1714=ORIENTED_EDGE('',*,*,#3559,.F.);
#1715=ORIENTED_EDGE('',*,*,#3516,.T.);
#1716=ORIENTED_EDGE('',*,*,#3573,.T.);
#1717=ORIENTED_EDGE('',*,*,#3572,.F.);
#1718=ORIENTED_EDGE('',*,*,#3571,.F.);
#1719=ORIENTED_EDGE('',*,*,#3572,.T.);
#1720=ORIENTED_EDGE('',*,*,#3576,.T.);
#1721=ORIENTED_EDGE('',*,*,#3575,.F.);
#1722=ORIENTED_EDGE('',*,*,#3574,.F.);
#1723=ORIENTED_EDGE('',*,*,#3575,.T.);
#1724=ORIENTED_EDGE('',*,*,#3579,.T.);
#1725=ORIENTED_EDGE('',*,*,#3578,.F.);
#1726=ORIENTED_EDGE('',*,*,#3577,.F.);
#1727=ORIENTED_EDGE('',*,*,#3578,.T.);
#1728=ORIENTED_EDGE('',*,*,#3581,.T.);
#1729=ORIENTED_EDGE('',*,*,#3582,.F.);
#1730=ORIENTED_EDGE('',*,*,#3580,.F.);
#1731=ORIENTED_EDGE('',*,*,#3583,.T.);
#1732=ORIENTED_EDGE('',*,*,#3584,.T.);
#1733=ORIENTED_EDGE('',*,*,#3585,.F.);
#1734=ORIENTED_EDGE('',*,*,#3515,.F.);
#1735=ORIENTED_EDGE('',*,*,#3586,.T.);
#1736=ORIENTED_EDGE('',*,*,#3587,.T.);
#1737=ORIENTED_EDGE('',*,*,#3588,.F.);
#1738=ORIENTED_EDGE('',*,*,#3584,.F.);
#1739=ORIENTED_EDGE('',*,*,#3589,.T.);
#1740=ORIENTED_EDGE('',*,*,#3590,.T.);
#1741=ORIENTED_EDGE('',*,*,#3591,.F.);
#1742=ORIENTED_EDGE('',*,*,#3587,.F.);
#1743=ORIENTED_EDGE('',*,*,#3592,.T.);
#1744=ORIENTED_EDGE('',*,*,#3594,.T.);
#1745=ORIENTED_EDGE('',*,*,#3593,.F.);
#1746=ORIENTED_EDGE('',*,*,#3590,.F.);
#1747=ORIENTED_EDGE('',*,*,#3595,.T.);
#1748=ORIENTED_EDGE('',*,*,#3596,.T.);
#1749=ORIENTED_EDGE('',*,*,#3597,.F.);
#1750=ORIENTED_EDGE('',*,*,#3513,.F.);
#1751=ORIENTED_EDGE('',*,*,#3598,.T.);
#1752=ORIENTED_EDGE('',*,*,#3599,.T.);
#1753=ORIENTED_EDGE('',*,*,#3600,.F.);
#1754=ORIENTED_EDGE('',*,*,#3596,.F.);
#1755=ORIENTED_EDGE('',*,*,#3601,.T.);
#1756=ORIENTED_EDGE('',*,*,#3602,.T.);
#1757=ORIENTED_EDGE('',*,*,#3603,.F.);
#1758=ORIENTED_EDGE('',*,*,#3599,.F.);
#1759=ORIENTED_EDGE('',*,*,#3604,.T.);
#1760=ORIENTED_EDGE('',*,*,#3606,.T.);
#1761=ORIENTED_EDGE('',*,*,#3605,.F.);
#1762=ORIENTED_EDGE('',*,*,#3602,.F.);
#1763=ORIENTED_EDGE('',*,*,#3514,.T.);
#1764=ORIENTED_EDGE('',*,*,#3609,.T.);
#1765=ORIENTED_EDGE('',*,*,#3608,.F.);
#1766=ORIENTED_EDGE('',*,*,#3607,.F.);
#1767=ORIENTED_EDGE('',*,*,#3608,.T.);
#1768=ORIENTED_EDGE('',*,*,#3612,.T.);
#1769=ORIENTED_EDGE('',*,*,#3611,.F.);
#1770=ORIENTED_EDGE('',*,*,#3610,.F.);
#1771=ORIENTED_EDGE('',*,*,#3611,.T.);
#1772=ORIENTED_EDGE('',*,*,#3615,.T.);
#1773=ORIENTED_EDGE('',*,*,#3614,.F.);
#1774=ORIENTED_EDGE('',*,*,#3613,.F.);
#1775=ORIENTED_EDGE('',*,*,#3614,.T.);
#1776=ORIENTED_EDGE('',*,*,#3617,.T.);
#1777=ORIENTED_EDGE('',*,*,#3618,.F.);
#1778=ORIENTED_EDGE('',*,*,#3616,.F.);
#1779=ORIENTED_EDGE('',*,*,#3624,.T.);
#1780=ORIENTED_EDGE('',*,*,#3622,.F.);
#1781=ORIENTED_EDGE('',*,*,#3676,.T.);
#1782=ORIENTED_EDGE('',*,*,#3625,.T.);
#1783=ORIENTED_EDGE('',*,*,#3648,.T.);
#1784=ORIENTED_EDGE('',*,*,#3647,.T.);
#1785=ORIENTED_EDGE('',*,*,#3646,.T.);
#1786=ORIENTED_EDGE('',*,*,#3645,.T.);
#1787=ORIENTED_EDGE('',*,*,#3644,.T.);
#1788=ORIENTED_EDGE('',*,*,#3643,.T.);
#1789=ORIENTED_EDGE('',*,*,#3642,.T.);
#1790=ORIENTED_EDGE('',*,*,#3641,.T.);
#1791=ORIENTED_EDGE('',*,*,#3640,.T.);
#1792=ORIENTED_EDGE('',*,*,#3639,.T.);
#1793=ORIENTED_EDGE('',*,*,#3638,.T.);
#1794=ORIENTED_EDGE('',*,*,#3675,.F.);
#1795=ORIENTED_EDGE('',*,*,#3619,.T.);
#1796=ORIENTED_EDGE('',*,*,#3623,.F.);
#1797=ORIENTED_EDGE('',*,*,#3620,.F.);
#1798=ORIENTED_EDGE('',*,*,#3673,.F.);
#1799=ORIENTED_EDGE('',*,*,#3637,.T.);
#1800=ORIENTED_EDGE('',*,*,#3636,.T.);
#1801=ORIENTED_EDGE('',*,*,#3635,.T.);
#1802=ORIENTED_EDGE('',*,*,#3634,.T.);
#1803=ORIENTED_EDGE('',*,*,#3633,.T.);
#1804=ORIENTED_EDGE('',*,*,#3632,.T.);
#1805=ORIENTED_EDGE('',*,*,#3631,.T.);
#1806=ORIENTED_EDGE('',*,*,#3630,.T.);
#1807=ORIENTED_EDGE('',*,*,#3629,.T.);
#1808=ORIENTED_EDGE('',*,*,#3628,.T.);
#1809=ORIENTED_EDGE('',*,*,#3627,.T.);
#1810=ORIENTED_EDGE('',*,*,#3626,.T.);
#1811=ORIENTED_EDGE('',*,*,#3674,.T.);
#1812=ORIENTED_EDGE('',*,*,#3621,.T.);
#1813=ORIENTED_EDGE('',*,*,#3650,.F.);
#1814=ORIENTED_EDGE('',*,*,#3651,.F.);
#1815=ORIENTED_EDGE('',*,*,#3652,.F.);
#1816=ORIENTED_EDGE('',*,*,#3653,.F.);
#1817=ORIENTED_EDGE('',*,*,#3654,.F.);
#1818=ORIENTED_EDGE('',*,*,#3655,.F.);
#1819=ORIENTED_EDGE('',*,*,#3656,.F.);
#1820=ORIENTED_EDGE('',*,*,#3657,.F.);
#1821=ORIENTED_EDGE('',*,*,#3658,.F.);
#1822=ORIENTED_EDGE('',*,*,#3659,.F.);
#1823=ORIENTED_EDGE('',*,*,#3660,.F.);
#1824=ORIENTED_EDGE('',*,*,#3661,.F.);
#1825=ORIENTED_EDGE('',*,*,#3662,.F.);
#1826=ORIENTED_EDGE('',*,*,#3663,.F.);
#1827=ORIENTED_EDGE('',*,*,#3664,.F.);
#1828=ORIENTED_EDGE('',*,*,#3649,.F.);
#1829=ORIENTED_EDGE('',*,*,#3666,.F.);
#1830=ORIENTED_EDGE('',*,*,#3667,.F.);
#1831=ORIENTED_EDGE('',*,*,#3668,.F.);
#1832=ORIENTED_EDGE('',*,*,#3669,.F.);
#1833=ORIENTED_EDGE('',*,*,#3670,.F.);
#1834=ORIENTED_EDGE('',*,*,#3671,.F.);
#1835=ORIENTED_EDGE('',*,*,#3672,.F.);
#1836=ORIENTED_EDGE('',*,*,#3665,.F.);
#1837=ORIENTED_EDGE('',*,*,#3622,.T.);
#1838=ORIENTED_EDGE('',*,*,#3679,.T.);
#1839=ORIENTED_EDGE('',*,*,#3678,.F.);
#1840=ORIENTED_EDGE('',*,*,#3677,.F.);
#1841=ORIENTED_EDGE('',*,*,#3678,.T.);
#1842=ORIENTED_EDGE('',*,*,#3682,.T.);
#1843=ORIENTED_EDGE('',*,*,#3681,.F.);
#1844=ORIENTED_EDGE('',*,*,#3680,.F.);
#1845=ORIENTED_EDGE('',*,*,#3681,.T.);
#1846=ORIENTED_EDGE('',*,*,#3685,.T.);
#1847=ORIENTED_EDGE('',*,*,#3684,.F.);
#1848=ORIENTED_EDGE('',*,*,#3683,.F.);
#1849=ORIENTED_EDGE('',*,*,#3684,.T.);
#1850=ORIENTED_EDGE('',*,*,#3687,.T.);
#1851=ORIENTED_EDGE('',*,*,#3688,.F.);
#1852=ORIENTED_EDGE('',*,*,#3686,.F.);
#1853=ORIENTED_EDGE('',*,*,#3689,.T.);
#1854=ORIENTED_EDGE('',*,*,#3690,.T.);
#1855=ORIENTED_EDGE('',*,*,#3691,.F.);
#1856=ORIENTED_EDGE('',*,*,#3621,.F.);
#1857=ORIENTED_EDGE('',*,*,#3692,.T.);
#1858=ORIENTED_EDGE('',*,*,#3693,.T.);
#1859=ORIENTED_EDGE('',*,*,#3694,.F.);
#1860=ORIENTED_EDGE('',*,*,#3690,.F.);
#1861=ORIENTED_EDGE('',*,*,#3695,.T.);
#1862=ORIENTED_EDGE('',*,*,#3696,.T.);
#1863=ORIENTED_EDGE('',*,*,#3697,.F.);
#1864=ORIENTED_EDGE('',*,*,#3693,.F.);
#1865=ORIENTED_EDGE('',*,*,#3698,.T.);
#1866=ORIENTED_EDGE('',*,*,#3700,.T.);
#1867=ORIENTED_EDGE('',*,*,#3699,.F.);
#1868=ORIENTED_EDGE('',*,*,#3696,.F.);
#1869=ORIENTED_EDGE('',*,*,#3701,.T.);
#1870=ORIENTED_EDGE('',*,*,#3702,.T.);
#1871=ORIENTED_EDGE('',*,*,#3703,.F.);
#1872=ORIENTED_EDGE('',*,*,#3619,.F.);
#1873=ORIENTED_EDGE('',*,*,#3704,.T.);
#1874=ORIENTED_EDGE('',*,*,#3705,.T.);
#1875=ORIENTED_EDGE('',*,*,#3706,.F.);
#1876=ORIENTED_EDGE('',*,*,#3702,.F.);
#1877=ORIENTED_EDGE('',*,*,#3707,.T.);
#1878=ORIENTED_EDGE('',*,*,#3708,.T.);
#1879=ORIENTED_EDGE('',*,*,#3709,.F.);
#1880=ORIENTED_EDGE('',*,*,#3705,.F.);
#1881=ORIENTED_EDGE('',*,*,#3710,.T.);
#1882=ORIENTED_EDGE('',*,*,#3712,.T.);
#1883=ORIENTED_EDGE('',*,*,#3711,.F.);
#1884=ORIENTED_EDGE('',*,*,#3708,.F.);
#1885=ORIENTED_EDGE('',*,*,#3620,.T.);
#1886=ORIENTED_EDGE('',*,*,#3715,.T.);
#1887=ORIENTED_EDGE('',*,*,#3714,.F.);
#1888=ORIENTED_EDGE('',*,*,#3713,.F.);
#1889=ORIENTED_EDGE('',*,*,#3714,.T.);
#1890=ORIENTED_EDGE('',*,*,#3718,.T.);
#1891=ORIENTED_EDGE('',*,*,#3717,.F.);
#1892=ORIENTED_EDGE('',*,*,#3716,.F.);
#1893=ORIENTED_EDGE('',*,*,#3717,.T.);
#1894=ORIENTED_EDGE('',*,*,#3721,.T.);
#1895=ORIENTED_EDGE('',*,*,#3720,.F.);
#1896=ORIENTED_EDGE('',*,*,#3719,.F.);
#1897=ORIENTED_EDGE('',*,*,#3720,.T.);
#1898=ORIENTED_EDGE('',*,*,#3723,.T.);
#1899=ORIENTED_EDGE('',*,*,#3724,.F.);
#1900=ORIENTED_EDGE('',*,*,#3722,.F.);
#1901=ORIENTED_EDGE('',*,*,#3730,.T.);
#1902=ORIENTED_EDGE('',*,*,#3728,.F.);
#1903=ORIENTED_EDGE('',*,*,#3782,.T.);
#1904=ORIENTED_EDGE('',*,*,#3731,.T.);
#1905=ORIENTED_EDGE('',*,*,#3754,.T.);
#1906=ORIENTED_EDGE('',*,*,#3753,.T.);
#1907=ORIENTED_EDGE('',*,*,#3752,.T.);
#1908=ORIENTED_EDGE('',*,*,#3751,.T.);
#1909=ORIENTED_EDGE('',*,*,#3750,.T.);
#1910=ORIENTED_EDGE('',*,*,#3749,.T.);
#1911=ORIENTED_EDGE('',*,*,#3748,.T.);
#1912=ORIENTED_EDGE('',*,*,#3747,.T.);
#1913=ORIENTED_EDGE('',*,*,#3746,.T.);
#1914=ORIENTED_EDGE('',*,*,#3745,.T.);
#1915=ORIENTED_EDGE('',*,*,#3744,.T.);
#1916=ORIENTED_EDGE('',*,*,#3781,.F.);
#1917=ORIENTED_EDGE('',*,*,#3725,.T.);
#1918=ORIENTED_EDGE('',*,*,#3729,.F.);
#1919=ORIENTED_EDGE('',*,*,#3726,.F.);
#1920=ORIENTED_EDGE('',*,*,#3779,.F.);
#1921=ORIENTED_EDGE('',*,*,#3743,.T.);
#1922=ORIENTED_EDGE('',*,*,#3742,.T.);
#1923=ORIENTED_EDGE('',*,*,#3741,.T.);
#1924=ORIENTED_EDGE('',*,*,#3740,.T.);
#1925=ORIENTED_EDGE('',*,*,#3739,.T.);
#1926=ORIENTED_EDGE('',*,*,#3738,.T.);
#1927=ORIENTED_EDGE('',*,*,#3737,.T.);
#1928=ORIENTED_EDGE('',*,*,#3736,.T.);
#1929=ORIENTED_EDGE('',*,*,#3735,.T.);
#1930=ORIENTED_EDGE('',*,*,#3734,.T.);
#1931=ORIENTED_EDGE('',*,*,#3733,.T.);
#1932=ORIENTED_EDGE('',*,*,#3732,.T.);
#1933=ORIENTED_EDGE('',*,*,#3780,.T.);
#1934=ORIENTED_EDGE('',*,*,#3727,.T.);
#1935=ORIENTED_EDGE('',*,*,#3756,.F.);
#1936=ORIENTED_EDGE('',*,*,#3757,.F.);
#1937=ORIENTED_EDGE('',*,*,#3758,.F.);
#1938=ORIENTED_EDGE('',*,*,#3759,.F.);
#1939=ORIENTED_EDGE('',*,*,#3760,.F.);
#1940=ORIENTED_EDGE('',*,*,#3761,.F.);
#1941=ORIENTED_EDGE('',*,*,#3762,.F.);
#1942=ORIENTED_EDGE('',*,*,#3763,.F.);
#1943=ORIENTED_EDGE('',*,*,#3764,.F.);
#1944=ORIENTED_EDGE('',*,*,#3765,.F.);
#1945=ORIENTED_EDGE('',*,*,#3766,.F.);
#1946=ORIENTED_EDGE('',*,*,#3767,.F.);
#1947=ORIENTED_EDGE('',*,*,#3768,.F.);
#1948=ORIENTED_EDGE('',*,*,#3769,.F.);
#1949=ORIENTED_EDGE('',*,*,#3770,.F.);
#1950=ORIENTED_EDGE('',*,*,#3755,.F.);
#1951=ORIENTED_EDGE('',*,*,#3772,.F.);
#1952=ORIENTED_EDGE('',*,*,#3773,.F.);
#1953=ORIENTED_EDGE('',*,*,#3774,.F.);
#1954=ORIENTED_EDGE('',*,*,#3775,.F.);
#1955=ORIENTED_EDGE('',*,*,#3776,.F.);
#1956=ORIENTED_EDGE('',*,*,#3777,.F.);
#1957=ORIENTED_EDGE('',*,*,#3778,.F.);
#1958=ORIENTED_EDGE('',*,*,#3771,.F.);
#1959=ORIENTED_EDGE('',*,*,#3728,.T.);
#1960=ORIENTED_EDGE('',*,*,#3785,.T.);
#1961=ORIENTED_EDGE('',*,*,#3784,.F.);
#1962=ORIENTED_EDGE('',*,*,#3783,.F.);
#1963=ORIENTED_EDGE('',*,*,#3784,.T.);
#1964=ORIENTED_EDGE('',*,*,#3788,.T.);
#1965=ORIENTED_EDGE('',*,*,#3787,.F.);
#1966=ORIENTED_EDGE('',*,*,#3786,.F.);
#1967=ORIENTED_EDGE('',*,*,#3787,.T.);
#1968=ORIENTED_EDGE('',*,*,#3791,.T.);
#1969=ORIENTED_EDGE('',*,*,#3790,.F.);
#1970=ORIENTED_EDGE('',*,*,#3789,.F.);
#1971=ORIENTED_EDGE('',*,*,#3790,.T.);
#1972=ORIENTED_EDGE('',*,*,#3793,.T.);
#1973=ORIENTED_EDGE('',*,*,#3794,.F.);
#1974=ORIENTED_EDGE('',*,*,#3792,.F.);
#1975=ORIENTED_EDGE('',*,*,#3795,.T.);
#1976=ORIENTED_EDGE('',*,*,#3796,.T.);
#1977=ORIENTED_EDGE('',*,*,#3797,.F.);
#1978=ORIENTED_EDGE('',*,*,#3727,.F.);
#1979=ORIENTED_EDGE('',*,*,#3798,.T.);
#1980=ORIENTED_EDGE('',*,*,#3799,.T.);
#1981=ORIENTED_EDGE('',*,*,#3800,.F.);
#1982=ORIENTED_EDGE('',*,*,#3796,.F.);
#1983=ORIENTED_EDGE('',*,*,#3801,.T.);
#1984=ORIENTED_EDGE('',*,*,#3802,.T.);
#1985=ORIENTED_EDGE('',*,*,#3803,.F.);
#1986=ORIENTED_EDGE('',*,*,#3799,.F.);
#1987=ORIENTED_EDGE('',*,*,#3804,.T.);
#1988=ORIENTED_EDGE('',*,*,#3806,.T.);
#1989=ORIENTED_EDGE('',*,*,#3805,.F.);
#1990=ORIENTED_EDGE('',*,*,#3802,.F.);
#1991=ORIENTED_EDGE('',*,*,#3807,.T.);
#1992=ORIENTED_EDGE('',*,*,#3808,.T.);
#1993=ORIENTED_EDGE('',*,*,#3809,.F.);
#1994=ORIENTED_EDGE('',*,*,#3725,.F.);
#1995=ORIENTED_EDGE('',*,*,#3810,.T.);
#1996=ORIENTED_EDGE('',*,*,#3811,.T.);
#1997=ORIENTED_EDGE('',*,*,#3812,.F.);
#1998=ORIENTED_EDGE('',*,*,#3808,.F.);
#1999=ORIENTED_EDGE('',*,*,#3813,.T.);
#2000=ORIENTED_EDGE('',*,*,#3814,.T.);
#2001=ORIENTED_EDGE('',*,*,#3815,.F.);
#2002=ORIENTED_EDGE('',*,*,#3811,.F.);
#2003=ORIENTED_EDGE('',*,*,#3816,.T.);
#2004=ORIENTED_EDGE('',*,*,#3818,.T.);
#2005=ORIENTED_EDGE('',*,*,#3817,.F.);
#2006=ORIENTED_EDGE('',*,*,#3814,.F.);
#2007=ORIENTED_EDGE('',*,*,#3726,.T.);
#2008=ORIENTED_EDGE('',*,*,#3821,.T.);
#2009=ORIENTED_EDGE('',*,*,#3820,.F.);
#2010=ORIENTED_EDGE('',*,*,#3819,.F.);
#2011=ORIENTED_EDGE('',*,*,#3820,.T.);
#2012=ORIENTED_EDGE('',*,*,#3824,.T.);
#2013=ORIENTED_EDGE('',*,*,#3823,.F.);
#2014=ORIENTED_EDGE('',*,*,#3822,.F.);
#2015=ORIENTED_EDGE('',*,*,#3823,.T.);
#2016=ORIENTED_EDGE('',*,*,#3827,.T.);
#2017=ORIENTED_EDGE('',*,*,#3826,.F.);
#2018=ORIENTED_EDGE('',*,*,#3825,.F.);
#2019=ORIENTED_EDGE('',*,*,#3826,.T.);
#2020=ORIENTED_EDGE('',*,*,#3829,.T.);
#2021=ORIENTED_EDGE('',*,*,#3830,.F.);
#2022=ORIENTED_EDGE('',*,*,#3828,.F.);
#2023=ORIENTED_EDGE('',*,*,#3836,.T.);
#2024=ORIENTED_EDGE('',*,*,#3834,.F.);
#2025=ORIENTED_EDGE('',*,*,#3888,.T.);
#2026=ORIENTED_EDGE('',*,*,#3837,.T.);
#2027=ORIENTED_EDGE('',*,*,#3860,.T.);
#2028=ORIENTED_EDGE('',*,*,#3859,.T.);
#2029=ORIENTED_EDGE('',*,*,#3858,.T.);
#2030=ORIENTED_EDGE('',*,*,#3857,.T.);
#2031=ORIENTED_EDGE('',*,*,#3856,.T.);
#2032=ORIENTED_EDGE('',*,*,#3855,.T.);
#2033=ORIENTED_EDGE('',*,*,#3854,.T.);
#2034=ORIENTED_EDGE('',*,*,#3853,.T.);
#2035=ORIENTED_EDGE('',*,*,#3852,.T.);
#2036=ORIENTED_EDGE('',*,*,#3851,.T.);
#2037=ORIENTED_EDGE('',*,*,#3850,.T.);
#2038=ORIENTED_EDGE('',*,*,#3887,.F.);
#2039=ORIENTED_EDGE('',*,*,#3831,.T.);
#2040=ORIENTED_EDGE('',*,*,#3835,.F.);
#2041=ORIENTED_EDGE('',*,*,#3832,.F.);
#2042=ORIENTED_EDGE('',*,*,#3885,.F.);
#2043=ORIENTED_EDGE('',*,*,#3849,.T.);
#2044=ORIENTED_EDGE('',*,*,#3848,.T.);
#2045=ORIENTED_EDGE('',*,*,#3847,.T.);
#2046=ORIENTED_EDGE('',*,*,#3846,.T.);
#2047=ORIENTED_EDGE('',*,*,#3845,.T.);
#2048=ORIENTED_EDGE('',*,*,#3844,.T.);
#2049=ORIENTED_EDGE('',*,*,#3843,.T.);
#2050=ORIENTED_EDGE('',*,*,#3842,.T.);
#2051=ORIENTED_EDGE('',*,*,#3841,.T.);
#2052=ORIENTED_EDGE('',*,*,#3840,.T.);
#2053=ORIENTED_EDGE('',*,*,#3839,.T.);
#2054=ORIENTED_EDGE('',*,*,#3838,.T.);
#2055=ORIENTED_EDGE('',*,*,#3886,.T.);
#2056=ORIENTED_EDGE('',*,*,#3833,.T.);
#2057=ORIENTED_EDGE('',*,*,#3862,.F.);
#2058=ORIENTED_EDGE('',*,*,#3863,.F.);
#2059=ORIENTED_EDGE('',*,*,#3864,.F.);
#2060=ORIENTED_EDGE('',*,*,#3865,.F.);
#2061=ORIENTED_EDGE('',*,*,#3866,.F.);
#2062=ORIENTED_EDGE('',*,*,#3867,.F.);
#2063=ORIENTED_EDGE('',*,*,#3868,.F.);
#2064=ORIENTED_EDGE('',*,*,#3869,.F.);
#2065=ORIENTED_EDGE('',*,*,#3870,.F.);
#2066=ORIENTED_EDGE('',*,*,#3871,.F.);
#2067=ORIENTED_EDGE('',*,*,#3872,.F.);
#2068=ORIENTED_EDGE('',*,*,#3873,.F.);
#2069=ORIENTED_EDGE('',*,*,#3874,.F.);
#2070=ORIENTED_EDGE('',*,*,#3875,.F.);
#2071=ORIENTED_EDGE('',*,*,#3876,.F.);
#2072=ORIENTED_EDGE('',*,*,#3861,.F.);
#2073=ORIENTED_EDGE('',*,*,#3878,.F.);
#2074=ORIENTED_EDGE('',*,*,#3879,.F.);
#2075=ORIENTED_EDGE('',*,*,#3880,.F.);
#2076=ORIENTED_EDGE('',*,*,#3881,.F.);
#2077=ORIENTED_EDGE('',*,*,#3882,.F.);
#2078=ORIENTED_EDGE('',*,*,#3883,.F.);
#2079=ORIENTED_EDGE('',*,*,#3884,.F.);
#2080=ORIENTED_EDGE('',*,*,#3877,.F.);
#2081=ORIENTED_EDGE('',*,*,#3834,.T.);
#2082=ORIENTED_EDGE('',*,*,#3891,.T.);
#2083=ORIENTED_EDGE('',*,*,#3890,.F.);
#2084=ORIENTED_EDGE('',*,*,#3889,.F.);
#2085=ORIENTED_EDGE('',*,*,#3890,.T.);
#2086=ORIENTED_EDGE('',*,*,#3894,.T.);
#2087=ORIENTED_EDGE('',*,*,#3893,.F.);
#2088=ORIENTED_EDGE('',*,*,#3892,.F.);
#2089=ORIENTED_EDGE('',*,*,#3893,.T.);
#2090=ORIENTED_EDGE('',*,*,#3897,.T.);
#2091=ORIENTED_EDGE('',*,*,#3896,.F.);
#2092=ORIENTED_EDGE('',*,*,#3895,.F.);
#2093=ORIENTED_EDGE('',*,*,#3896,.T.);
#2094=ORIENTED_EDGE('',*,*,#3899,.T.);
#2095=ORIENTED_EDGE('',*,*,#3900,.F.);
#2096=ORIENTED_EDGE('',*,*,#3898,.F.);
#2097=ORIENTED_EDGE('',*,*,#3901,.T.);
#2098=ORIENTED_EDGE('',*,*,#3902,.T.);
#2099=ORIENTED_EDGE('',*,*,#3903,.F.);
#2100=ORIENTED_EDGE('',*,*,#3833,.F.);
#2101=ORIENTED_EDGE('',*,*,#3904,.T.);
#2102=ORIENTED_EDGE('',*,*,#3905,.T.);
#2103=ORIENTED_EDGE('',*,*,#3906,.F.);
#2104=ORIENTED_EDGE('',*,*,#3902,.F.);
#2105=ORIENTED_EDGE('',*,*,#3907,.T.);
#2106=ORIENTED_EDGE('',*,*,#3908,.T.);
#2107=ORIENTED_EDGE('',*,*,#3909,.F.);
#2108=ORIENTED_EDGE('',*,*,#3905,.F.);
#2109=ORIENTED_EDGE('',*,*,#3910,.T.);
#2110=ORIENTED_EDGE('',*,*,#3912,.T.);
#2111=ORIENTED_EDGE('',*,*,#3911,.F.);
#2112=ORIENTED_EDGE('',*,*,#3908,.F.);
#2113=ORIENTED_EDGE('',*,*,#3913,.T.);
#2114=ORIENTED_EDGE('',*,*,#3914,.T.);
#2115=ORIENTED_EDGE('',*,*,#3915,.F.);
#2116=ORIENTED_EDGE('',*,*,#3831,.F.);
#2117=ORIENTED_EDGE('',*,*,#3916,.T.);
#2118=ORIENTED_EDGE('',*,*,#3917,.T.);
#2119=ORIENTED_EDGE('',*,*,#3918,.F.);
#2120=ORIENTED_EDGE('',*,*,#3914,.F.);
#2121=ORIENTED_EDGE('',*,*,#3919,.T.);
#2122=ORIENTED_EDGE('',*,*,#3920,.T.);
#2123=ORIENTED_EDGE('',*,*,#3921,.F.);
#2124=ORIENTED_EDGE('',*,*,#3917,.F.);
#2125=ORIENTED_EDGE('',*,*,#3922,.T.);
#2126=ORIENTED_EDGE('',*,*,#3924,.T.);
#2127=ORIENTED_EDGE('',*,*,#3923,.F.);
#2128=ORIENTED_EDGE('',*,*,#3920,.F.);
#2129=ORIENTED_EDGE('',*,*,#3832,.T.);
#2130=ORIENTED_EDGE('',*,*,#3927,.T.);
#2131=ORIENTED_EDGE('',*,*,#3926,.F.);
#2132=ORIENTED_EDGE('',*,*,#3925,.F.);
#2133=ORIENTED_EDGE('',*,*,#3926,.T.);
#2134=ORIENTED_EDGE('',*,*,#3930,.T.);
#2135=ORIENTED_EDGE('',*,*,#3929,.F.);
#2136=ORIENTED_EDGE('',*,*,#3928,.F.);
#2137=ORIENTED_EDGE('',*,*,#3929,.T.);
#2138=ORIENTED_EDGE('',*,*,#3933,.T.);
#2139=ORIENTED_EDGE('',*,*,#3932,.F.);
#2140=ORIENTED_EDGE('',*,*,#3931,.F.);
#2141=ORIENTED_EDGE('',*,*,#3932,.T.);
#2142=ORIENTED_EDGE('',*,*,#3935,.T.);
#2143=ORIENTED_EDGE('',*,*,#3936,.F.);
#2144=ORIENTED_EDGE('',*,*,#3934,.F.);
#2145=ORIENTED_EDGE('',*,*,#3942,.T.);
#2146=ORIENTED_EDGE('',*,*,#3940,.F.);
#2147=ORIENTED_EDGE('',*,*,#3994,.T.);
#2148=ORIENTED_EDGE('',*,*,#3943,.T.);
#2149=ORIENTED_EDGE('',*,*,#3966,.T.);
#2150=ORIENTED_EDGE('',*,*,#3965,.T.);
#2151=ORIENTED_EDGE('',*,*,#3964,.T.);
#2152=ORIENTED_EDGE('',*,*,#3963,.T.);
#2153=ORIENTED_EDGE('',*,*,#3962,.T.);
#2154=ORIENTED_EDGE('',*,*,#3961,.T.);
#2155=ORIENTED_EDGE('',*,*,#3960,.T.);
#2156=ORIENTED_EDGE('',*,*,#3959,.T.);
#2157=ORIENTED_EDGE('',*,*,#3958,.T.);
#2158=ORIENTED_EDGE('',*,*,#3957,.T.);
#2159=ORIENTED_EDGE('',*,*,#3956,.T.);
#2160=ORIENTED_EDGE('',*,*,#3993,.F.);
#2161=ORIENTED_EDGE('',*,*,#3937,.T.);
#2162=ORIENTED_EDGE('',*,*,#3941,.F.);
#2163=ORIENTED_EDGE('',*,*,#3938,.F.);
#2164=ORIENTED_EDGE('',*,*,#3991,.F.);
#2165=ORIENTED_EDGE('',*,*,#3955,.T.);
#2166=ORIENTED_EDGE('',*,*,#3954,.T.);
#2167=ORIENTED_EDGE('',*,*,#3953,.T.);
#2168=ORIENTED_EDGE('',*,*,#3952,.T.);
#2169=ORIENTED_EDGE('',*,*,#3951,.T.);
#2170=ORIENTED_EDGE('',*,*,#3950,.T.);
#2171=ORIENTED_EDGE('',*,*,#3949,.T.);
#2172=ORIENTED_EDGE('',*,*,#3948,.T.);
#2173=ORIENTED_EDGE('',*,*,#3947,.T.);
#2174=ORIENTED_EDGE('',*,*,#3946,.T.);
#2175=ORIENTED_EDGE('',*,*,#3945,.T.);
#2176=ORIENTED_EDGE('',*,*,#3944,.T.);
#2177=ORIENTED_EDGE('',*,*,#3992,.T.);
#2178=ORIENTED_EDGE('',*,*,#3939,.T.);
#2179=ORIENTED_EDGE('',*,*,#3968,.F.);
#2180=ORIENTED_EDGE('',*,*,#3969,.F.);
#2181=ORIENTED_EDGE('',*,*,#3970,.F.);
#2182=ORIENTED_EDGE('',*,*,#3971,.F.);
#2183=ORIENTED_EDGE('',*,*,#3972,.F.);
#2184=ORIENTED_EDGE('',*,*,#3973,.F.);
#2185=ORIENTED_EDGE('',*,*,#3974,.F.);
#2186=ORIENTED_EDGE('',*,*,#3975,.F.);
#2187=ORIENTED_EDGE('',*,*,#3976,.F.);
#2188=ORIENTED_EDGE('',*,*,#3977,.F.);
#2189=ORIENTED_EDGE('',*,*,#3978,.F.);
#2190=ORIENTED_EDGE('',*,*,#3979,.F.);
#2191=ORIENTED_EDGE('',*,*,#3980,.F.);
#2192=ORIENTED_EDGE('',*,*,#3981,.F.);
#2193=ORIENTED_EDGE('',*,*,#3982,.F.);
#2194=ORIENTED_EDGE('',*,*,#3967,.F.);
#2195=ORIENTED_EDGE('',*,*,#3984,.F.);
#2196=ORIENTED_EDGE('',*,*,#3985,.F.);
#2197=ORIENTED_EDGE('',*,*,#3986,.F.);
#2198=ORIENTED_EDGE('',*,*,#3987,.F.);
#2199=ORIENTED_EDGE('',*,*,#3988,.F.);
#2200=ORIENTED_EDGE('',*,*,#3989,.F.);
#2201=ORIENTED_EDGE('',*,*,#3990,.F.);
#2202=ORIENTED_EDGE('',*,*,#3983,.F.);
#2203=ORIENTED_EDGE('',*,*,#3940,.T.);
#2204=ORIENTED_EDGE('',*,*,#3997,.T.);
#2205=ORIENTED_EDGE('',*,*,#3996,.F.);
#2206=ORIENTED_EDGE('',*,*,#3995,.F.);
#2207=ORIENTED_EDGE('',*,*,#3996,.T.);
#2208=ORIENTED_EDGE('',*,*,#4000,.T.);
#2209=ORIENTED_EDGE('',*,*,#3999,.F.);
#2210=ORIENTED_EDGE('',*,*,#3998,.F.);
#2211=ORIENTED_EDGE('',*,*,#3999,.T.);
#2212=ORIENTED_EDGE('',*,*,#4003,.T.);
#2213=ORIENTED_EDGE('',*,*,#4002,.F.);
#2214=ORIENTED_EDGE('',*,*,#4001,.F.);
#2215=ORIENTED_EDGE('',*,*,#4002,.T.);
#2216=ORIENTED_EDGE('',*,*,#4005,.T.);
#2217=ORIENTED_EDGE('',*,*,#4006,.F.);
#2218=ORIENTED_EDGE('',*,*,#4004,.F.);
#2219=ORIENTED_EDGE('',*,*,#4007,.T.);
#2220=ORIENTED_EDGE('',*,*,#4008,.T.);
#2221=ORIENTED_EDGE('',*,*,#4009,.F.);
#2222=ORIENTED_EDGE('',*,*,#3939,.F.);
#2223=ORIENTED_EDGE('',*,*,#4010,.T.);
#2224=ORIENTED_EDGE('',*,*,#4011,.T.);
#2225=ORIENTED_EDGE('',*,*,#4012,.F.);
#2226=ORIENTED_EDGE('',*,*,#4008,.F.);
#2227=ORIENTED_EDGE('',*,*,#4013,.T.);
#2228=ORIENTED_EDGE('',*,*,#4014,.T.);
#2229=ORIENTED_EDGE('',*,*,#4015,.F.);
#2230=ORIENTED_EDGE('',*,*,#4011,.F.);
#2231=ORIENTED_EDGE('',*,*,#4016,.T.);
#2232=ORIENTED_EDGE('',*,*,#4018,.T.);
#2233=ORIENTED_EDGE('',*,*,#4017,.F.);
#2234=ORIENTED_EDGE('',*,*,#4014,.F.);
#2235=ORIENTED_EDGE('',*,*,#4019,.T.);
#2236=ORIENTED_EDGE('',*,*,#4020,.T.);
#2237=ORIENTED_EDGE('',*,*,#4021,.F.);
#2238=ORIENTED_EDGE('',*,*,#3937,.F.);
#2239=ORIENTED_EDGE('',*,*,#4022,.T.);
#2240=ORIENTED_EDGE('',*,*,#4023,.T.);
#2241=ORIENTED_EDGE('',*,*,#4024,.F.);
#2242=ORIENTED_EDGE('',*,*,#4020,.F.);
#2243=ORIENTED_EDGE('',*,*,#4025,.T.);
#2244=ORIENTED_EDGE('',*,*,#4026,.T.);
#2245=ORIENTED_EDGE('',*,*,#4027,.F.);
#2246=ORIENTED_EDGE('',*,*,#4023,.F.);
#2247=ORIENTED_EDGE('',*,*,#4028,.T.);
#2248=ORIENTED_EDGE('',*,*,#4030,.T.);
#2249=ORIENTED_EDGE('',*,*,#4029,.F.);
#2250=ORIENTED_EDGE('',*,*,#4026,.F.);
#2251=ORIENTED_EDGE('',*,*,#3938,.T.);
#2252=ORIENTED_EDGE('',*,*,#4033,.T.);
#2253=ORIENTED_EDGE('',*,*,#4032,.F.);
#2254=ORIENTED_EDGE('',*,*,#4031,.F.);
#2255=ORIENTED_EDGE('',*,*,#4032,.T.);
#2256=ORIENTED_EDGE('',*,*,#4036,.T.);
#2257=ORIENTED_EDGE('',*,*,#4035,.F.);
#2258=ORIENTED_EDGE('',*,*,#4034,.F.);
#2259=ORIENTED_EDGE('',*,*,#4035,.T.);
#2260=ORIENTED_EDGE('',*,*,#4039,.T.);
#2261=ORIENTED_EDGE('',*,*,#4038,.F.);
#2262=ORIENTED_EDGE('',*,*,#4037,.F.);
#2263=ORIENTED_EDGE('',*,*,#4038,.T.);
#2264=ORIENTED_EDGE('',*,*,#4041,.T.);
#2265=ORIENTED_EDGE('',*,*,#4042,.F.);
#2266=ORIENTED_EDGE('',*,*,#4040,.F.);
#2267=ORIENTED_EDGE('',*,*,#4048,.T.);
#2268=ORIENTED_EDGE('',*,*,#4046,.F.);
#2269=ORIENTED_EDGE('',*,*,#4100,.T.);
#2270=ORIENTED_EDGE('',*,*,#4049,.T.);
#2271=ORIENTED_EDGE('',*,*,#4072,.T.);
#2272=ORIENTED_EDGE('',*,*,#4071,.T.);
#2273=ORIENTED_EDGE('',*,*,#4070,.T.);
#2274=ORIENTED_EDGE('',*,*,#4069,.T.);
#2275=ORIENTED_EDGE('',*,*,#4068,.T.);
#2276=ORIENTED_EDGE('',*,*,#4067,.T.);
#2277=ORIENTED_EDGE('',*,*,#4066,.T.);
#2278=ORIENTED_EDGE('',*,*,#4065,.T.);
#2279=ORIENTED_EDGE('',*,*,#4064,.T.);
#2280=ORIENTED_EDGE('',*,*,#4063,.T.);
#2281=ORIENTED_EDGE('',*,*,#4062,.T.);
#2282=ORIENTED_EDGE('',*,*,#4099,.F.);
#2283=ORIENTED_EDGE('',*,*,#4043,.T.);
#2284=ORIENTED_EDGE('',*,*,#4047,.F.);
#2285=ORIENTED_EDGE('',*,*,#4044,.F.);
#2286=ORIENTED_EDGE('',*,*,#4097,.F.);
#2287=ORIENTED_EDGE('',*,*,#4061,.T.);
#2288=ORIENTED_EDGE('',*,*,#4060,.T.);
#2289=ORIENTED_EDGE('',*,*,#4059,.T.);
#2290=ORIENTED_EDGE('',*,*,#4058,.T.);
#2291=ORIENTED_EDGE('',*,*,#4057,.T.);
#2292=ORIENTED_EDGE('',*,*,#4056,.T.);
#2293=ORIENTED_EDGE('',*,*,#4055,.T.);
#2294=ORIENTED_EDGE('',*,*,#4054,.T.);
#2295=ORIENTED_EDGE('',*,*,#4053,.T.);
#2296=ORIENTED_EDGE('',*,*,#4052,.T.);
#2297=ORIENTED_EDGE('',*,*,#4051,.T.);
#2298=ORIENTED_EDGE('',*,*,#4050,.T.);
#2299=ORIENTED_EDGE('',*,*,#4098,.T.);
#2300=ORIENTED_EDGE('',*,*,#4045,.T.);
#2301=ORIENTED_EDGE('',*,*,#4074,.F.);
#2302=ORIENTED_EDGE('',*,*,#4075,.F.);
#2303=ORIENTED_EDGE('',*,*,#4076,.F.);
#2304=ORIENTED_EDGE('',*,*,#4077,.F.);
#2305=ORIENTED_EDGE('',*,*,#4078,.F.);
#2306=ORIENTED_EDGE('',*,*,#4079,.F.);
#2307=ORIENTED_EDGE('',*,*,#4080,.F.);
#2308=ORIENTED_EDGE('',*,*,#4081,.F.);
#2309=ORIENTED_EDGE('',*,*,#4082,.F.);
#2310=ORIENTED_EDGE('',*,*,#4083,.F.);
#2311=ORIENTED_EDGE('',*,*,#4084,.F.);
#2312=ORIENTED_EDGE('',*,*,#4085,.F.);
#2313=ORIENTED_EDGE('',*,*,#4086,.F.);
#2314=ORIENTED_EDGE('',*,*,#4087,.F.);
#2315=ORIENTED_EDGE('',*,*,#4088,.F.);
#2316=ORIENTED_EDGE('',*,*,#4073,.F.);
#2317=ORIENTED_EDGE('',*,*,#4090,.F.);
#2318=ORIENTED_EDGE('',*,*,#4091,.F.);
#2319=ORIENTED_EDGE('',*,*,#4092,.F.);
#2320=ORIENTED_EDGE('',*,*,#4093,.F.);
#2321=ORIENTED_EDGE('',*,*,#4094,.F.);
#2322=ORIENTED_EDGE('',*,*,#4095,.F.);
#2323=ORIENTED_EDGE('',*,*,#4096,.F.);
#2324=ORIENTED_EDGE('',*,*,#4089,.F.);
#2325=ORIENTED_EDGE('',*,*,#4046,.T.);
#2326=ORIENTED_EDGE('',*,*,#4103,.T.);
#2327=ORIENTED_EDGE('',*,*,#4102,.F.);
#2328=ORIENTED_EDGE('',*,*,#4101,.F.);
#2329=ORIENTED_EDGE('',*,*,#4102,.T.);
#2330=ORIENTED_EDGE('',*,*,#4106,.T.);
#2331=ORIENTED_EDGE('',*,*,#4105,.F.);
#2332=ORIENTED_EDGE('',*,*,#4104,.F.);
#2333=ORIENTED_EDGE('',*,*,#4105,.T.);
#2334=ORIENTED_EDGE('',*,*,#4109,.T.);
#2335=ORIENTED_EDGE('',*,*,#4108,.F.);
#2336=ORIENTED_EDGE('',*,*,#4107,.F.);
#2337=ORIENTED_EDGE('',*,*,#4108,.T.);
#2338=ORIENTED_EDGE('',*,*,#4111,.T.);
#2339=ORIENTED_EDGE('',*,*,#4112,.F.);
#2340=ORIENTED_EDGE('',*,*,#4110,.F.);
#2341=ORIENTED_EDGE('',*,*,#4113,.T.);
#2342=ORIENTED_EDGE('',*,*,#4114,.T.);
#2343=ORIENTED_EDGE('',*,*,#4115,.F.);
#2344=ORIENTED_EDGE('',*,*,#4045,.F.);
#2345=ORIENTED_EDGE('',*,*,#4116,.T.);
#2346=ORIENTED_EDGE('',*,*,#4117,.T.);
#2347=ORIENTED_EDGE('',*,*,#4118,.F.);
#2348=ORIENTED_EDGE('',*,*,#4114,.F.);
#2349=ORIENTED_EDGE('',*,*,#4119,.T.);
#2350=ORIENTED_EDGE('',*,*,#4120,.T.);
#2351=ORIENTED_EDGE('',*,*,#4121,.F.);
#2352=ORIENTED_EDGE('',*,*,#4117,.F.);
#2353=ORIENTED_EDGE('',*,*,#4122,.T.);
#2354=ORIENTED_EDGE('',*,*,#4124,.T.);
#2355=ORIENTED_EDGE('',*,*,#4123,.F.);
#2356=ORIENTED_EDGE('',*,*,#4120,.F.);
#2357=ORIENTED_EDGE('',*,*,#4125,.T.);
#2358=ORIENTED_EDGE('',*,*,#4126,.T.);
#2359=ORIENTED_EDGE('',*,*,#4127,.F.);
#2360=ORIENTED_EDGE('',*,*,#4043,.F.);
#2361=ORIENTED_EDGE('',*,*,#4128,.T.);
#2362=ORIENTED_EDGE('',*,*,#4129,.T.);
#2363=ORIENTED_EDGE('',*,*,#4130,.F.);
#2364=ORIENTED_EDGE('',*,*,#4126,.F.);
#2365=ORIENTED_EDGE('',*,*,#4131,.T.);
#2366=ORIENTED_EDGE('',*,*,#4132,.T.);
#2367=ORIENTED_EDGE('',*,*,#4133,.F.);
#2368=ORIENTED_EDGE('',*,*,#4129,.F.);
#2369=ORIENTED_EDGE('',*,*,#4134,.T.);
#2370=ORIENTED_EDGE('',*,*,#4136,.T.);
#2371=ORIENTED_EDGE('',*,*,#4135,.F.);
#2372=ORIENTED_EDGE('',*,*,#4132,.F.);
#2373=ORIENTED_EDGE('',*,*,#4044,.T.);
#2374=ORIENTED_EDGE('',*,*,#4139,.T.);
#2375=ORIENTED_EDGE('',*,*,#4138,.F.);
#2376=ORIENTED_EDGE('',*,*,#4137,.F.);
#2377=ORIENTED_EDGE('',*,*,#4138,.T.);
#2378=ORIENTED_EDGE('',*,*,#4142,.T.);
#2379=ORIENTED_EDGE('',*,*,#4141,.F.);
#2380=ORIENTED_EDGE('',*,*,#4140,.F.);
#2381=ORIENTED_EDGE('',*,*,#4141,.T.);
#2382=ORIENTED_EDGE('',*,*,#4145,.T.);
#2383=ORIENTED_EDGE('',*,*,#4144,.F.);
#2384=ORIENTED_EDGE('',*,*,#4143,.F.);
#2385=ORIENTED_EDGE('',*,*,#4144,.T.);
#2386=ORIENTED_EDGE('',*,*,#4147,.T.);
#2387=ORIENTED_EDGE('',*,*,#4148,.F.);
#2388=ORIENTED_EDGE('',*,*,#4146,.F.);
#2389=ORIENTED_EDGE('',*,*,#4154,.T.);
#2390=ORIENTED_EDGE('',*,*,#4152,.F.);
#2391=ORIENTED_EDGE('',*,*,#4206,.T.);
#2392=ORIENTED_EDGE('',*,*,#4155,.T.);
#2393=ORIENTED_EDGE('',*,*,#4178,.T.);
#2394=ORIENTED_EDGE('',*,*,#4177,.T.);
#2395=ORIENTED_EDGE('',*,*,#4176,.T.);
#2396=ORIENTED_EDGE('',*,*,#4175,.T.);
#2397=ORIENTED_EDGE('',*,*,#4174,.T.);
#2398=ORIENTED_EDGE('',*,*,#4173,.T.);
#2399=ORIENTED_EDGE('',*,*,#4172,.T.);
#2400=ORIENTED_EDGE('',*,*,#4171,.T.);
#2401=ORIENTED_EDGE('',*,*,#4170,.T.);
#2402=ORIENTED_EDGE('',*,*,#4169,.T.);
#2403=ORIENTED_EDGE('',*,*,#4168,.T.);
#2404=ORIENTED_EDGE('',*,*,#4205,.F.);
#2405=ORIENTED_EDGE('',*,*,#4149,.T.);
#2406=ORIENTED_EDGE('',*,*,#4153,.F.);
#2407=ORIENTED_EDGE('',*,*,#4150,.F.);
#2408=ORIENTED_EDGE('',*,*,#4203,.F.);
#2409=ORIENTED_EDGE('',*,*,#4167,.T.);
#2410=ORIENTED_EDGE('',*,*,#4166,.T.);
#2411=ORIENTED_EDGE('',*,*,#4165,.T.);
#2412=ORIENTED_EDGE('',*,*,#4164,.T.);
#2413=ORIENTED_EDGE('',*,*,#4163,.T.);
#2414=ORIENTED_EDGE('',*,*,#4162,.T.);
#2415=ORIENTED_EDGE('',*,*,#4161,.T.);
#2416=ORIENTED_EDGE('',*,*,#4160,.T.);
#2417=ORIENTED_EDGE('',*,*,#4159,.T.);
#2418=ORIENTED_EDGE('',*,*,#4158,.T.);
#2419=ORIENTED_EDGE('',*,*,#4157,.T.);
#2420=ORIENTED_EDGE('',*,*,#4156,.T.);
#2421=ORIENTED_EDGE('',*,*,#4204,.T.);
#2422=ORIENTED_EDGE('',*,*,#4151,.T.);
#2423=ORIENTED_EDGE('',*,*,#4180,.F.);
#2424=ORIENTED_EDGE('',*,*,#4181,.F.);
#2425=ORIENTED_EDGE('',*,*,#4182,.F.);
#2426=ORIENTED_EDGE('',*,*,#4183,.F.);
#2427=ORIENTED_EDGE('',*,*,#4184,.F.);
#2428=ORIENTED_EDGE('',*,*,#4185,.F.);
#2429=ORIENTED_EDGE('',*,*,#4186,.F.);
#2430=ORIENTED_EDGE('',*,*,#4187,.F.);
#2431=ORIENTED_EDGE('',*,*,#4188,.F.);
#2432=ORIENTED_EDGE('',*,*,#4189,.F.);
#2433=ORIENTED_EDGE('',*,*,#4190,.F.);
#2434=ORIENTED_EDGE('',*,*,#4191,.F.);
#2435=ORIENTED_EDGE('',*,*,#4192,.F.);
#2436=ORIENTED_EDGE('',*,*,#4193,.F.);
#2437=ORIENTED_EDGE('',*,*,#4194,.F.);
#2438=ORIENTED_EDGE('',*,*,#4179,.F.);
#2439=ORIENTED_EDGE('',*,*,#4196,.F.);
#2440=ORIENTED_EDGE('',*,*,#4197,.F.);
#2441=ORIENTED_EDGE('',*,*,#4198,.F.);
#2442=ORIENTED_EDGE('',*,*,#4199,.F.);
#2443=ORIENTED_EDGE('',*,*,#4200,.F.);
#2444=ORIENTED_EDGE('',*,*,#4201,.F.);
#2445=ORIENTED_EDGE('',*,*,#4202,.F.);
#2446=ORIENTED_EDGE('',*,*,#4195,.F.);
#2447=ORIENTED_EDGE('',*,*,#4152,.T.);
#2448=ORIENTED_EDGE('',*,*,#4209,.T.);
#2449=ORIENTED_EDGE('',*,*,#4208,.F.);
#2450=ORIENTED_EDGE('',*,*,#4207,.F.);
#2451=ORIENTED_EDGE('',*,*,#4208,.T.);
#2452=ORIENTED_EDGE('',*,*,#4212,.T.);
#2453=ORIENTED_EDGE('',*,*,#4211,.F.);
#2454=ORIENTED_EDGE('',*,*,#4210,.F.);
#2455=ORIENTED_EDGE('',*,*,#4211,.T.);
#2456=ORIENTED_EDGE('',*,*,#4215,.T.);
#2457=ORIENTED_EDGE('',*,*,#4214,.F.);
#2458=ORIENTED_EDGE('',*,*,#4213,.F.);
#2459=ORIENTED_EDGE('',*,*,#4214,.T.);
#2460=ORIENTED_EDGE('',*,*,#4217,.T.);
#2461=ORIENTED_EDGE('',*,*,#4218,.F.);
#2462=ORIENTED_EDGE('',*,*,#4216,.F.);
#2463=ORIENTED_EDGE('',*,*,#4219,.T.);
#2464=ORIENTED_EDGE('',*,*,#4220,.T.);
#2465=ORIENTED_EDGE('',*,*,#4221,.F.);
#2466=ORIENTED_EDGE('',*,*,#4151,.F.);
#2467=ORIENTED_EDGE('',*,*,#4222,.T.);
#2468=ORIENTED_EDGE('',*,*,#4223,.T.);
#2469=ORIENTED_EDGE('',*,*,#4224,.F.);
#2470=ORIENTED_EDGE('',*,*,#4220,.F.);
#2471=ORIENTED_EDGE('',*,*,#4225,.T.);
#2472=ORIENTED_EDGE('',*,*,#4226,.T.);
#2473=ORIENTED_EDGE('',*,*,#4227,.F.);
#2474=ORIENTED_EDGE('',*,*,#4223,.F.);
#2475=ORIENTED_EDGE('',*,*,#4228,.T.);
#2476=ORIENTED_EDGE('',*,*,#4230,.T.);
#2477=ORIENTED_EDGE('',*,*,#4229,.F.);
#2478=ORIENTED_EDGE('',*,*,#4226,.F.);
#2479=ORIENTED_EDGE('',*,*,#4231,.T.);
#2480=ORIENTED_EDGE('',*,*,#4232,.T.);
#2481=ORIENTED_EDGE('',*,*,#4233,.F.);
#2482=ORIENTED_EDGE('',*,*,#4149,.F.);
#2483=ORIENTED_EDGE('',*,*,#4234,.T.);
#2484=ORIENTED_EDGE('',*,*,#4235,.T.);
#2485=ORIENTED_EDGE('',*,*,#4236,.F.);
#2486=ORIENTED_EDGE('',*,*,#4232,.F.);
#2487=ORIENTED_EDGE('',*,*,#4237,.T.);
#2488=ORIENTED_EDGE('',*,*,#4238,.T.);
#2489=ORIENTED_EDGE('',*,*,#4239,.F.);
#2490=ORIENTED_EDGE('',*,*,#4235,.F.);
#2491=ORIENTED_EDGE('',*,*,#4240,.T.);
#2492=ORIENTED_EDGE('',*,*,#4242,.T.);
#2493=ORIENTED_EDGE('',*,*,#4241,.F.);
#2494=ORIENTED_EDGE('',*,*,#4238,.F.);
#2495=ORIENTED_EDGE('',*,*,#4150,.T.);
#2496=ORIENTED_EDGE('',*,*,#4245,.T.);
#2497=ORIENTED_EDGE('',*,*,#4244,.F.);
#2498=ORIENTED_EDGE('',*,*,#4243,.F.);
#2499=ORIENTED_EDGE('',*,*,#4244,.T.);
#2500=ORIENTED_EDGE('',*,*,#4248,.T.);
#2501=ORIENTED_EDGE('',*,*,#4247,.F.);
#2502=ORIENTED_EDGE('',*,*,#4246,.F.);
#2503=ORIENTED_EDGE('',*,*,#4247,.T.);
#2504=ORIENTED_EDGE('',*,*,#4251,.T.);
#2505=ORIENTED_EDGE('',*,*,#4250,.F.);
#2506=ORIENTED_EDGE('',*,*,#4249,.F.);
#2507=ORIENTED_EDGE('',*,*,#4250,.T.);
#2508=ORIENTED_EDGE('',*,*,#4253,.T.);
#2509=ORIENTED_EDGE('',*,*,#4254,.F.);
#2510=ORIENTED_EDGE('',*,*,#4252,.F.);
#2511=ORIENTED_EDGE('',*,*,#4260,.T.);
#2512=ORIENTED_EDGE('',*,*,#4258,.F.);
#2513=ORIENTED_EDGE('',*,*,#4312,.T.);
#2514=ORIENTED_EDGE('',*,*,#4261,.T.);
#2515=ORIENTED_EDGE('',*,*,#4284,.T.);
#2516=ORIENTED_EDGE('',*,*,#4283,.T.);
#2517=ORIENTED_EDGE('',*,*,#4282,.T.);
#2518=ORIENTED_EDGE('',*,*,#4281,.T.);
#2519=ORIENTED_EDGE('',*,*,#4280,.T.);
#2520=ORIENTED_EDGE('',*,*,#4279,.T.);
#2521=ORIENTED_EDGE('',*,*,#4278,.T.);
#2522=ORIENTED_EDGE('',*,*,#4277,.T.);
#2523=ORIENTED_EDGE('',*,*,#4276,.T.);
#2524=ORIENTED_EDGE('',*,*,#4275,.T.);
#2525=ORIENTED_EDGE('',*,*,#4274,.T.);
#2526=ORIENTED_EDGE('',*,*,#4311,.F.);
#2527=ORIENTED_EDGE('',*,*,#4255,.T.);
#2528=ORIENTED_EDGE('',*,*,#4259,.F.);
#2529=ORIENTED_EDGE('',*,*,#4256,.F.);
#2530=ORIENTED_EDGE('',*,*,#4309,.F.);
#2531=ORIENTED_EDGE('',*,*,#4273,.T.);
#2532=ORIENTED_EDGE('',*,*,#4272,.T.);
#2533=ORIENTED_EDGE('',*,*,#4271,.T.);
#2534=ORIENTED_EDGE('',*,*,#4270,.T.);
#2535=ORIENTED_EDGE('',*,*,#4269,.T.);
#2536=ORIENTED_EDGE('',*,*,#4268,.T.);
#2537=ORIENTED_EDGE('',*,*,#4267,.T.);
#2538=ORIENTED_EDGE('',*,*,#4266,.T.);
#2539=ORIENTED_EDGE('',*,*,#4265,.T.);
#2540=ORIENTED_EDGE('',*,*,#4264,.T.);
#2541=ORIENTED_EDGE('',*,*,#4263,.T.);
#2542=ORIENTED_EDGE('',*,*,#4262,.T.);
#2543=ORIENTED_EDGE('',*,*,#4310,.T.);
#2544=ORIENTED_EDGE('',*,*,#4257,.T.);
#2545=ORIENTED_EDGE('',*,*,#4286,.F.);
#2546=ORIENTED_EDGE('',*,*,#4287,.F.);
#2547=ORIENTED_EDGE('',*,*,#4288,.F.);
#2548=ORIENTED_EDGE('',*,*,#4289,.F.);
#2549=ORIENTED_EDGE('',*,*,#4290,.F.);
#2550=ORIENTED_EDGE('',*,*,#4291,.F.);
#2551=ORIENTED_EDGE('',*,*,#4292,.F.);
#2552=ORIENTED_EDGE('',*,*,#4293,.F.);
#2553=ORIENTED_EDGE('',*,*,#4294,.F.);
#2554=ORIENTED_EDGE('',*,*,#4295,.F.);
#2555=ORIENTED_EDGE('',*,*,#4296,.F.);
#2556=ORIENTED_EDGE('',*,*,#4297,.F.);
#2557=ORIENTED_EDGE('',*,*,#4298,.F.);
#2558=ORIENTED_EDGE('',*,*,#4299,.F.);
#2559=ORIENTED_EDGE('',*,*,#4300,.F.);
#2560=ORIENTED_EDGE('',*,*,#4285,.F.);
#2561=ORIENTED_EDGE('',*,*,#4302,.F.);
#2562=ORIENTED_EDGE('',*,*,#4303,.F.);
#2563=ORIENTED_EDGE('',*,*,#4304,.F.);
#2564=ORIENTED_EDGE('',*,*,#4305,.F.);
#2565=ORIENTED_EDGE('',*,*,#4306,.F.);
#2566=ORIENTED_EDGE('',*,*,#4307,.F.);
#2567=ORIENTED_EDGE('',*,*,#4308,.F.);
#2568=ORIENTED_EDGE('',*,*,#4301,.F.);
#2569=ORIENTED_EDGE('',*,*,#4258,.T.);
#2570=ORIENTED_EDGE('',*,*,#4315,.T.);
#2571=ORIENTED_EDGE('',*,*,#4314,.F.);
#2572=ORIENTED_EDGE('',*,*,#4313,.F.);
#2573=ORIENTED_EDGE('',*,*,#4314,.T.);
#2574=ORIENTED_EDGE('',*,*,#4318,.T.);
#2575=ORIENTED_EDGE('',*,*,#4317,.F.);
#2576=ORIENTED_EDGE('',*,*,#4316,.F.);
#2577=ORIENTED_EDGE('',*,*,#4317,.T.);
#2578=ORIENTED_EDGE('',*,*,#4321,.T.);
#2579=ORIENTED_EDGE('',*,*,#4320,.F.);
#2580=ORIENTED_EDGE('',*,*,#4319,.F.);
#2581=ORIENTED_EDGE('',*,*,#4320,.T.);
#2582=ORIENTED_EDGE('',*,*,#4323,.T.);
#2583=ORIENTED_EDGE('',*,*,#4324,.F.);
#2584=ORIENTED_EDGE('',*,*,#4322,.F.);
#2585=ORIENTED_EDGE('',*,*,#4325,.T.);
#2586=ORIENTED_EDGE('',*,*,#4326,.T.);
#2587=ORIENTED_EDGE('',*,*,#4327,.F.);
#2588=ORIENTED_EDGE('',*,*,#4257,.F.);
#2589=ORIENTED_EDGE('',*,*,#4328,.T.);
#2590=ORIENTED_EDGE('',*,*,#4329,.T.);
#2591=ORIENTED_EDGE('',*,*,#4330,.F.);
#2592=ORIENTED_EDGE('',*,*,#4326,.F.);
#2593=ORIENTED_EDGE('',*,*,#4331,.T.);
#2594=ORIENTED_EDGE('',*,*,#4332,.T.);
#2595=ORIENTED_EDGE('',*,*,#4333,.F.);
#2596=ORIENTED_EDGE('',*,*,#4329,.F.);
#2597=ORIENTED_EDGE('',*,*,#4334,.T.);
#2598=ORIENTED_EDGE('',*,*,#4336,.T.);
#2599=ORIENTED_EDGE('',*,*,#4335,.F.);
#2600=ORIENTED_EDGE('',*,*,#4332,.F.);
#2601=ORIENTED_EDGE('',*,*,#4337,.T.);
#2602=ORIENTED_EDGE('',*,*,#4338,.T.);
#2603=ORIENTED_EDGE('',*,*,#4339,.F.);
#2604=ORIENTED_EDGE('',*,*,#4255,.F.);
#2605=ORIENTED_EDGE('',*,*,#4340,.T.);
#2606=ORIENTED_EDGE('',*,*,#4341,.T.);
#2607=ORIENTED_EDGE('',*,*,#4342,.F.);
#2608=ORIENTED_EDGE('',*,*,#4338,.F.);
#2609=ORIENTED_EDGE('',*,*,#4343,.T.);
#2610=ORIENTED_EDGE('',*,*,#4344,.T.);
#2611=ORIENTED_EDGE('',*,*,#4345,.F.);
#2612=ORIENTED_EDGE('',*,*,#4341,.F.);
#2613=ORIENTED_EDGE('',*,*,#4346,.T.);
#2614=ORIENTED_EDGE('',*,*,#4348,.T.);
#2615=ORIENTED_EDGE('',*,*,#4347,.F.);
#2616=ORIENTED_EDGE('',*,*,#4344,.F.);
#2617=ORIENTED_EDGE('',*,*,#4256,.T.);
#2618=ORIENTED_EDGE('',*,*,#4351,.T.);
#2619=ORIENTED_EDGE('',*,*,#4350,.F.);
#2620=ORIENTED_EDGE('',*,*,#4349,.F.);
#2621=ORIENTED_EDGE('',*,*,#4350,.T.);
#2622=ORIENTED_EDGE('',*,*,#4354,.T.);
#2623=ORIENTED_EDGE('',*,*,#4353,.F.);
#2624=ORIENTED_EDGE('',*,*,#4352,.F.);
#2625=ORIENTED_EDGE('',*,*,#4353,.T.);
#2626=ORIENTED_EDGE('',*,*,#4357,.T.);
#2627=ORIENTED_EDGE('',*,*,#4356,.F.);
#2628=ORIENTED_EDGE('',*,*,#4355,.F.);
#2629=ORIENTED_EDGE('',*,*,#4356,.T.);
#2630=ORIENTED_EDGE('',*,*,#4359,.T.);
#2631=ORIENTED_EDGE('',*,*,#4360,.F.);
#2632=ORIENTED_EDGE('',*,*,#4358,.F.);
#2633=ORIENTED_EDGE('',*,*,#4366,.T.);
#2634=ORIENTED_EDGE('',*,*,#4364,.F.);
#2635=ORIENTED_EDGE('',*,*,#4418,.T.);
#2636=ORIENTED_EDGE('',*,*,#4367,.T.);
#2637=ORIENTED_EDGE('',*,*,#4390,.T.);
#2638=ORIENTED_EDGE('',*,*,#4389,.T.);
#2639=ORIENTED_EDGE('',*,*,#4388,.T.);
#2640=ORIENTED_EDGE('',*,*,#4387,.T.);
#2641=ORIENTED_EDGE('',*,*,#4386,.T.);
#2642=ORIENTED_EDGE('',*,*,#4385,.T.);
#2643=ORIENTED_EDGE('',*,*,#4384,.T.);
#2644=ORIENTED_EDGE('',*,*,#4383,.T.);
#2645=ORIENTED_EDGE('',*,*,#4382,.T.);
#2646=ORIENTED_EDGE('',*,*,#4381,.T.);
#2647=ORIENTED_EDGE('',*,*,#4380,.T.);
#2648=ORIENTED_EDGE('',*,*,#4417,.F.);
#2649=ORIENTED_EDGE('',*,*,#4361,.T.);
#2650=ORIENTED_EDGE('',*,*,#4365,.F.);
#2651=ORIENTED_EDGE('',*,*,#4362,.F.);
#2652=ORIENTED_EDGE('',*,*,#4415,.F.);
#2653=ORIENTED_EDGE('',*,*,#4379,.T.);
#2654=ORIENTED_EDGE('',*,*,#4378,.T.);
#2655=ORIENTED_EDGE('',*,*,#4377,.T.);
#2656=ORIENTED_EDGE('',*,*,#4376,.T.);
#2657=ORIENTED_EDGE('',*,*,#4375,.T.);
#2658=ORIENTED_EDGE('',*,*,#4374,.T.);
#2659=ORIENTED_EDGE('',*,*,#4373,.T.);
#2660=ORIENTED_EDGE('',*,*,#4372,.T.);
#2661=ORIENTED_EDGE('',*,*,#4371,.T.);
#2662=ORIENTED_EDGE('',*,*,#4370,.T.);
#2663=ORIENTED_EDGE('',*,*,#4369,.T.);
#2664=ORIENTED_EDGE('',*,*,#4368,.T.);
#2665=ORIENTED_EDGE('',*,*,#4416,.T.);
#2666=ORIENTED_EDGE('',*,*,#4363,.T.);
#2667=ORIENTED_EDGE('',*,*,#4392,.F.);
#2668=ORIENTED_EDGE('',*,*,#4393,.F.);
#2669=ORIENTED_EDGE('',*,*,#4394,.F.);
#2670=ORIENTED_EDGE('',*,*,#4395,.F.);
#2671=ORIENTED_EDGE('',*,*,#4396,.F.);
#2672=ORIENTED_EDGE('',*,*,#4397,.F.);
#2673=ORIENTED_EDGE('',*,*,#4398,.F.);
#2674=ORIENTED_EDGE('',*,*,#4399,.F.);
#2675=ORIENTED_EDGE('',*,*,#4400,.F.);
#2676=ORIENTED_EDGE('',*,*,#4401,.F.);
#2677=ORIENTED_EDGE('',*,*,#4402,.F.);
#2678=ORIENTED_EDGE('',*,*,#4403,.F.);
#2679=ORIENTED_EDGE('',*,*,#4404,.F.);
#2680=ORIENTED_EDGE('',*,*,#4405,.F.);
#2681=ORIENTED_EDGE('',*,*,#4406,.F.);
#2682=ORIENTED_EDGE('',*,*,#4391,.F.);
#2683=ORIENTED_EDGE('',*,*,#4408,.F.);
#2684=ORIENTED_EDGE('',*,*,#4409,.F.);
#2685=ORIENTED_EDGE('',*,*,#4410,.F.);
#2686=ORIENTED_EDGE('',*,*,#4411,.F.);
#2687=ORIENTED_EDGE('',*,*,#4412,.F.);
#2688=ORIENTED_EDGE('',*,*,#4413,.F.);
#2689=ORIENTED_EDGE('',*,*,#4414,.F.);
#2690=ORIENTED_EDGE('',*,*,#4407,.F.);
#2691=ORIENTED_EDGE('',*,*,#4364,.T.);
#2692=ORIENTED_EDGE('',*,*,#4421,.T.);
#2693=ORIENTED_EDGE('',*,*,#4420,.F.);
#2694=ORIENTED_EDGE('',*,*,#4419,.F.);
#2695=ORIENTED_EDGE('',*,*,#4420,.T.);
#2696=ORIENTED_EDGE('',*,*,#4424,.T.);
#2697=ORIENTED_EDGE('',*,*,#4423,.F.);
#2698=ORIENTED_EDGE('',*,*,#4422,.F.);
#2699=ORIENTED_EDGE('',*,*,#4423,.T.);
#2700=ORIENTED_EDGE('',*,*,#4427,.T.);
#2701=ORIENTED_EDGE('',*,*,#4426,.F.);
#2702=ORIENTED_EDGE('',*,*,#4425,.F.);
#2703=ORIENTED_EDGE('',*,*,#4426,.T.);
#2704=ORIENTED_EDGE('',*,*,#4429,.T.);
#2705=ORIENTED_EDGE('',*,*,#4430,.F.);
#2706=ORIENTED_EDGE('',*,*,#4428,.F.);
#2707=ORIENTED_EDGE('',*,*,#4431,.T.);
#2708=ORIENTED_EDGE('',*,*,#4432,.T.);
#2709=ORIENTED_EDGE('',*,*,#4433,.F.);
#2710=ORIENTED_EDGE('',*,*,#4363,.F.);
#2711=ORIENTED_EDGE('',*,*,#4434,.T.);
#2712=ORIENTED_EDGE('',*,*,#4435,.T.);
#2713=ORIENTED_EDGE('',*,*,#4436,.F.);
#2714=ORIENTED_EDGE('',*,*,#4432,.F.);
#2715=ORIENTED_EDGE('',*,*,#4437,.T.);
#2716=ORIENTED_EDGE('',*,*,#4438,.T.);
#2717=ORIENTED_EDGE('',*,*,#4439,.F.);
#2718=ORIENTED_EDGE('',*,*,#4435,.F.);
#2719=ORIENTED_EDGE('',*,*,#4440,.T.);
#2720=ORIENTED_EDGE('',*,*,#4442,.T.);
#2721=ORIENTED_EDGE('',*,*,#4441,.F.);
#2722=ORIENTED_EDGE('',*,*,#4438,.F.);
#2723=ORIENTED_EDGE('',*,*,#4443,.T.);
#2724=ORIENTED_EDGE('',*,*,#4444,.T.);
#2725=ORIENTED_EDGE('',*,*,#4445,.F.);
#2726=ORIENTED_EDGE('',*,*,#4361,.F.);
#2727=ORIENTED_EDGE('',*,*,#4446,.T.);
#2728=ORIENTED_EDGE('',*,*,#4447,.T.);
#2729=ORIENTED_EDGE('',*,*,#4448,.F.);
#2730=ORIENTED_EDGE('',*,*,#4444,.F.);
#2731=ORIENTED_EDGE('',*,*,#4449,.T.);
#2732=ORIENTED_EDGE('',*,*,#4450,.T.);
#2733=ORIENTED_EDGE('',*,*,#4451,.F.);
#2734=ORIENTED_EDGE('',*,*,#4447,.F.);
#2735=ORIENTED_EDGE('',*,*,#4452,.T.);
#2736=ORIENTED_EDGE('',*,*,#4454,.T.);
#2737=ORIENTED_EDGE('',*,*,#4453,.F.);
#2738=ORIENTED_EDGE('',*,*,#4450,.F.);
#2739=ORIENTED_EDGE('',*,*,#4362,.T.);
#2740=ORIENTED_EDGE('',*,*,#4457,.T.);
#2741=ORIENTED_EDGE('',*,*,#4456,.F.);
#2742=ORIENTED_EDGE('',*,*,#4455,.F.);
#2743=ORIENTED_EDGE('',*,*,#4456,.T.);
#2744=ORIENTED_EDGE('',*,*,#4460,.T.);
#2745=ORIENTED_EDGE('',*,*,#4459,.F.);
#2746=ORIENTED_EDGE('',*,*,#4458,.F.);
#2747=ORIENTED_EDGE('',*,*,#4459,.T.);
#2748=ORIENTED_EDGE('',*,*,#4463,.T.);
#2749=ORIENTED_EDGE('',*,*,#4462,.F.);
#2750=ORIENTED_EDGE('',*,*,#4461,.F.);
#2751=ORIENTED_EDGE('',*,*,#4462,.T.);
#2752=ORIENTED_EDGE('',*,*,#4465,.T.);
#2753=ORIENTED_EDGE('',*,*,#4466,.F.);
#2754=ORIENTED_EDGE('',*,*,#4464,.F.);
#2755=ORIENTED_EDGE('',*,*,#4472,.T.);
#2756=ORIENTED_EDGE('',*,*,#4470,.F.);
#2757=ORIENTED_EDGE('',*,*,#4524,.T.);
#2758=ORIENTED_EDGE('',*,*,#4473,.T.);
#2759=ORIENTED_EDGE('',*,*,#4496,.T.);
#2760=ORIENTED_EDGE('',*,*,#4495,.T.);
#2761=ORIENTED_EDGE('',*,*,#4494,.T.);
#2762=ORIENTED_EDGE('',*,*,#4493,.T.);
#2763=ORIENTED_EDGE('',*,*,#4492,.T.);
#2764=ORIENTED_EDGE('',*,*,#4491,.T.);
#2765=ORIENTED_EDGE('',*,*,#4490,.T.);
#2766=ORIENTED_EDGE('',*,*,#4489,.T.);
#2767=ORIENTED_EDGE('',*,*,#4488,.T.);
#2768=ORIENTED_EDGE('',*,*,#4487,.T.);
#2769=ORIENTED_EDGE('',*,*,#4486,.T.);
#2770=ORIENTED_EDGE('',*,*,#4523,.F.);
#2771=ORIENTED_EDGE('',*,*,#4467,.T.);
#2772=ORIENTED_EDGE('',*,*,#4471,.F.);
#2773=ORIENTED_EDGE('',*,*,#4468,.F.);
#2774=ORIENTED_EDGE('',*,*,#4521,.F.);
#2775=ORIENTED_EDGE('',*,*,#4485,.T.);
#2776=ORIENTED_EDGE('',*,*,#4484,.T.);
#2777=ORIENTED_EDGE('',*,*,#4483,.T.);
#2778=ORIENTED_EDGE('',*,*,#4482,.T.);
#2779=ORIENTED_EDGE('',*,*,#4481,.T.);
#2780=ORIENTED_EDGE('',*,*,#4480,.T.);
#2781=ORIENTED_EDGE('',*,*,#4479,.T.);
#2782=ORIENTED_EDGE('',*,*,#4478,.T.);
#2783=ORIENTED_EDGE('',*,*,#4477,.T.);
#2784=ORIENTED_EDGE('',*,*,#4476,.T.);
#2785=ORIENTED_EDGE('',*,*,#4475,.T.);
#2786=ORIENTED_EDGE('',*,*,#4474,.T.);
#2787=ORIENTED_EDGE('',*,*,#4522,.T.);
#2788=ORIENTED_EDGE('',*,*,#4469,.T.);
#2789=ORIENTED_EDGE('',*,*,#4498,.F.);
#2790=ORIENTED_EDGE('',*,*,#4499,.F.);
#2791=ORIENTED_EDGE('',*,*,#4500,.F.);
#2792=ORIENTED_EDGE('',*,*,#4501,.F.);
#2793=ORIENTED_EDGE('',*,*,#4502,.F.);
#2794=ORIENTED_EDGE('',*,*,#4503,.F.);
#2795=ORIENTED_EDGE('',*,*,#4504,.F.);
#2796=ORIENTED_EDGE('',*,*,#4505,.F.);
#2797=ORIENTED_EDGE('',*,*,#4506,.F.);
#2798=ORIENTED_EDGE('',*,*,#4507,.F.);
#2799=ORIENTED_EDGE('',*,*,#4508,.F.);
#2800=ORIENTED_EDGE('',*,*,#4509,.F.);
#2801=ORIENTED_EDGE('',*,*,#4510,.F.);
#2802=ORIENTED_EDGE('',*,*,#4511,.F.);
#2803=ORIENTED_EDGE('',*,*,#4512,.F.);
#2804=ORIENTED_EDGE('',*,*,#4497,.F.);
#2805=ORIENTED_EDGE('',*,*,#4514,.F.);
#2806=ORIENTED_EDGE('',*,*,#4515,.F.);
#2807=ORIENTED_EDGE('',*,*,#4516,.F.);
#2808=ORIENTED_EDGE('',*,*,#4517,.F.);
#2809=ORIENTED_EDGE('',*,*,#4518,.F.);
#2810=ORIENTED_EDGE('',*,*,#4519,.F.);
#2811=ORIENTED_EDGE('',*,*,#4520,.F.);
#2812=ORIENTED_EDGE('',*,*,#4513,.F.);
#2813=ORIENTED_EDGE('',*,*,#4470,.T.);
#2814=ORIENTED_EDGE('',*,*,#4527,.T.);
#2815=ORIENTED_EDGE('',*,*,#4526,.F.);
#2816=ORIENTED_EDGE('',*,*,#4525,.F.);
#2817=ORIENTED_EDGE('',*,*,#4526,.T.);
#2818=ORIENTED_EDGE('',*,*,#4530,.T.);
#2819=ORIENTED_EDGE('',*,*,#4529,.F.);
#2820=ORIENTED_EDGE('',*,*,#4528,.F.);
#2821=ORIENTED_EDGE('',*,*,#4529,.T.);
#2822=ORIENTED_EDGE('',*,*,#4533,.T.);
#2823=ORIENTED_EDGE('',*,*,#4532,.F.);
#2824=ORIENTED_EDGE('',*,*,#4531,.F.);
#2825=ORIENTED_EDGE('',*,*,#4532,.T.);
#2826=ORIENTED_EDGE('',*,*,#4535,.T.);
#2827=ORIENTED_EDGE('',*,*,#4536,.F.);
#2828=ORIENTED_EDGE('',*,*,#4534,.F.);
#2829=ORIENTED_EDGE('',*,*,#4537,.T.);
#2830=ORIENTED_EDGE('',*,*,#4538,.T.);
#2831=ORIENTED_EDGE('',*,*,#4539,.F.);
#2832=ORIENTED_EDGE('',*,*,#4469,.F.);
#2833=ORIENTED_EDGE('',*,*,#4540,.T.);
#2834=ORIENTED_EDGE('',*,*,#4541,.T.);
#2835=ORIENTED_EDGE('',*,*,#4542,.F.);
#2836=ORIENTED_EDGE('',*,*,#4538,.F.);
#2837=ORIENTED_EDGE('',*,*,#4543,.T.);
#2838=ORIENTED_EDGE('',*,*,#4544,.T.);
#2839=ORIENTED_EDGE('',*,*,#4545,.F.);
#2840=ORIENTED_EDGE('',*,*,#4541,.F.);
#2841=ORIENTED_EDGE('',*,*,#4546,.T.);
#2842=ORIENTED_EDGE('',*,*,#4548,.T.);
#2843=ORIENTED_EDGE('',*,*,#4547,.F.);
#2844=ORIENTED_EDGE('',*,*,#4544,.F.);
#2845=ORIENTED_EDGE('',*,*,#4549,.T.);
#2846=ORIENTED_EDGE('',*,*,#4550,.T.);
#2847=ORIENTED_EDGE('',*,*,#4551,.F.);
#2848=ORIENTED_EDGE('',*,*,#4467,.F.);
#2849=ORIENTED_EDGE('',*,*,#4552,.T.);
#2850=ORIENTED_EDGE('',*,*,#4553,.T.);
#2851=ORIENTED_EDGE('',*,*,#4554,.F.);
#2852=ORIENTED_EDGE('',*,*,#4550,.F.);
#2853=ORIENTED_EDGE('',*,*,#4555,.T.);
#2854=ORIENTED_EDGE('',*,*,#4556,.T.);
#2855=ORIENTED_EDGE('',*,*,#4557,.F.);
#2856=ORIENTED_EDGE('',*,*,#4553,.F.);
#2857=ORIENTED_EDGE('',*,*,#4558,.T.);
#2858=ORIENTED_EDGE('',*,*,#4560,.T.);
#2859=ORIENTED_EDGE('',*,*,#4559,.F.);
#2860=ORIENTED_EDGE('',*,*,#4556,.F.);
#2861=ORIENTED_EDGE('',*,*,#4468,.T.);
#2862=ORIENTED_EDGE('',*,*,#4563,.T.);
#2863=ORIENTED_EDGE('',*,*,#4562,.F.);
#2864=ORIENTED_EDGE('',*,*,#4561,.F.);
#2865=ORIENTED_EDGE('',*,*,#4562,.T.);
#2866=ORIENTED_EDGE('',*,*,#4566,.T.);
#2867=ORIENTED_EDGE('',*,*,#4565,.F.);
#2868=ORIENTED_EDGE('',*,*,#4564,.F.);
#2869=ORIENTED_EDGE('',*,*,#4565,.T.);
#2870=ORIENTED_EDGE('',*,*,#4569,.T.);
#2871=ORIENTED_EDGE('',*,*,#4568,.F.);
#2872=ORIENTED_EDGE('',*,*,#4567,.F.);
#2873=ORIENTED_EDGE('',*,*,#4568,.T.);
#2874=ORIENTED_EDGE('',*,*,#4571,.T.);
#2875=ORIENTED_EDGE('',*,*,#4572,.F.);
#2876=ORIENTED_EDGE('',*,*,#4570,.F.);
#2877=EDGE_CURVE('',#4573,#4574,#6289,.T.);
#2878=EDGE_CURVE('',#4575,#4576,#6290,.T.);
#2879=EDGE_CURVE('',#4577,#4578,#6291,.T.);
#2880=EDGE_CURVE('',#4579,#4580,#6292,.T.);
#2881=EDGE_CURVE('',#4576,#4574,#6293,.T.);
#2882=EDGE_CURVE('',#4578,#4580,#6294,.T.);
#2883=EDGE_CURVE('',#4581,#4606,#6295,.T.);
#2884=EDGE_CURVE('',#4585,#4582,#6296,.T.);
#2885=EDGE_CURVE('',#4586,#4585,#6297,.T.);
#2886=EDGE_CURVE('',#4587,#4586,#6298,.T.);
#2887=EDGE_CURVE('',#4588,#4587,#6299,.T.);
#2888=EDGE_CURVE('',#4589,#4588,#6300,.T.);
#2889=EDGE_CURVE('',#4590,#4589,#6301,.T.);
#2890=EDGE_CURVE('',#4591,#4590,#6302,.T.);
#2891=EDGE_CURVE('',#4592,#4591,#6303,.T.);
#2892=EDGE_CURVE('',#4593,#4592,#6304,.T.);
#2893=EDGE_CURVE('',#4594,#4593,#6305,.T.);
#2894=EDGE_CURVE('',#4595,#4594,#6306,.T.);
#2895=EDGE_CURVE('',#4583,#4595,#6307,.T.);
#2896=EDGE_CURVE('',#4596,#4584,#6308,.T.);
#2897=EDGE_CURVE('',#4597,#4596,#6309,.T.);
#2898=EDGE_CURVE('',#4598,#4597,#6310,.T.);
#2899=EDGE_CURVE('',#4599,#4598,#6311,.T.);
#2900=EDGE_CURVE('',#4600,#4599,#6312,.T.);
#2901=EDGE_CURVE('',#4601,#4600,#6313,.T.);
#2902=EDGE_CURVE('',#4602,#4601,#6314,.T.);
#2903=EDGE_CURVE('',#4603,#4602,#6315,.T.);
#2904=EDGE_CURVE('',#4604,#4603,#6316,.T.);
#2905=EDGE_CURVE('',#4605,#4604,#6317,.T.);
#2906=EDGE_CURVE('',#4606,#4605,#6318,.T.);
#2907=EDGE_CURVE('',#4607,#4622,#6319,.T.);
#2908=EDGE_CURVE('',#4608,#4607,#6320,.T.);
#2909=EDGE_CURVE('',#4609,#4608,#6321,.T.);
#2910=EDGE_CURVE('',#4610,#4609,#6322,.T.);
#2911=EDGE_CURVE('',#4611,#4610,#6323,.T.);
#2912=EDGE_CURVE('',#4612,#4611,#6324,.T.);
#2913=EDGE_CURVE('',#4613,#4612,#6325,.T.);
#2914=EDGE_CURVE('',#4614,#4613,#6326,.T.);
#2915=EDGE_CURVE('',#4615,#4614,#6327,.T.);
#2916=EDGE_CURVE('',#4616,#4615,#6328,.T.);
#2917=EDGE_CURVE('',#4617,#4616,#6329,.T.);
#2918=EDGE_CURVE('',#4618,#4617,#6330,.T.);
#2919=EDGE_CURVE('',#4619,#4618,#6331,.T.);
#2920=EDGE_CURVE('',#4620,#4619,#6332,.T.);
#2921=EDGE_CURVE('',#4621,#4620,#6333,.T.);
#2922=EDGE_CURVE('',#4622,#4621,#6334,.T.);
#2923=EDGE_CURVE('',#4623,#4630,#6335,.T.);
#2924=EDGE_CURVE('',#4624,#4623,#6336,.T.);
#2925=EDGE_CURVE('',#4625,#4624,#6337,.T.);
#2926=EDGE_CURVE('',#4626,#4625,#6338,.T.);
#2927=EDGE_CURVE('',#4627,#4626,#6339,.T.);
#2928=EDGE_CURVE('',#4628,#4627,#6340,.T.);
#2929=EDGE_CURVE('',#4629,#4628,#6341,.T.);
#2930=EDGE_CURVE('',#4630,#4629,#6342,.T.);
#2931=EDGE_CURVE('',#4583,#4575,#6343,.T.);
#2932=EDGE_CURVE('',#4582,#4577,#6344,.T.);
#2933=EDGE_CURVE('',#4573,#4584,#6345,.T.);
#2934=EDGE_CURVE('',#4579,#4581,#6346,.T.);
#2935=EDGE_CURVE('',#4579,#4631,#6347,.T.);
#2936=EDGE_CURVE('',#4631,#4632,#6348,.T.);
#2937=EDGE_CURVE('',#4580,#4632,#6349,.T.);
#2938=EDGE_CURVE('',#4631,#4633,#6350,.T.);
#2939=EDGE_CURVE('',#4633,#4634,#6351,.T.);
#2940=EDGE_CURVE('',#4632,#4634,#6352,.T.);
#2941=EDGE_CURVE('',#4633,#4635,#6353,.T.);
#2942=EDGE_CURVE('',#4635,#4636,#6354,.T.);
#2943=EDGE_CURVE('',#4634,#4636,#6355,.T.);
#2944=EDGE_CURVE('',#4635,#4637,#6356,.T.);
#2945=EDGE_CURVE('',#4636,#4638,#6357,.T.);
#2946=EDGE_CURVE('',#4637,#4638,#6358,.T.);
#2947=EDGE_CURVE('',#4577,#4639,#6359,.T.);
#2948=EDGE_CURVE('',#4639,#4640,#6360,.T.);
#2949=EDGE_CURVE('',#4578,#4640,#6361,.T.);
#2950=EDGE_CURVE('',#4639,#4641,#6362,.T.);
#2951=EDGE_CURVE('',#4641,#4642,#6363,.T.);
#2952=EDGE_CURVE('',#4640,#4642,#6364,.T.);
#2953=EDGE_CURVE('',#4641,#4643,#6365,.T.);
#2954=EDGE_CURVE('',#4643,#4644,#6366,.T.);
#2955=EDGE_CURVE('',#4642,#4644,#6367,.T.);
#2956=EDGE_CURVE('',#4643,#4645,#6368,.T.);
#2957=EDGE_CURVE('',#4644,#4646,#6369,.T.);
#2958=EDGE_CURVE('',#4645,#4646,#6370,.T.);
#2959=EDGE_CURVE('',#4573,#4647,#6371,.T.);
#2960=EDGE_CURVE('',#4647,#4648,#6372,.T.);
#2961=EDGE_CURVE('',#4574,#4648,#6373,.T.);
#2962=EDGE_CURVE('',#4647,#4649,#6374,.T.);
#2963=EDGE_CURVE('',#4649,#4650,#6375,.T.);
#2964=EDGE_CURVE('',#4648,#4650,#6376,.T.);
#2965=EDGE_CURVE('',#4649,#4651,#6377,.T.);
#2966=EDGE_CURVE('',#4651,#4652,#6378,.T.);
#2967=EDGE_CURVE('',#4650,#4652,#6379,.T.);
#2968=EDGE_CURVE('',#4651,#4653,#6380,.T.);
#2969=EDGE_CURVE('',#4652,#4654,#6381,.T.);
#2970=EDGE_CURVE('',#4653,#4654,#6382,.T.);
#2971=EDGE_CURVE('',#4575,#4655,#6383,.T.);
#2972=EDGE_CURVE('',#4655,#4656,#6384,.T.);
#2973=EDGE_CURVE('',#4576,#4656,#6385,.T.);
#2974=EDGE_CURVE('',#4655,#4657,#6386,.T.);
#2975=EDGE_CURVE('',#4657,#4658,#6387,.T.);
#2976=EDGE_CURVE('',#4656,#4658,#6388,.T.);
#2977=EDGE_CURVE('',#4657,#4659,#6389,.T.);
#2978=EDGE_CURVE('',#4659,#4660,#6390,.T.);
#2979=EDGE_CURVE('',#4658,#4660,#6391,.T.);
#2980=EDGE_CURVE('',#4659,#4661,#6392,.T.);
#2981=EDGE_CURVE('',#4660,#4662,#6393,.T.);
#2982=EDGE_CURVE('',#4661,#4662,#6394,.T.);
#2983=EDGE_CURVE('',#4663,#4664,#6395,.T.);
#2984=EDGE_CURVE('',#4665,#4666,#6396,.T.);
#2985=EDGE_CURVE('',#4667,#4668,#6397,.T.);
#2986=EDGE_CURVE('',#4669,#4670,#6398,.T.);
#2987=EDGE_CURVE('',#4666,#4664,#6399,.T.);
#2988=EDGE_CURVE('',#4668,#4670,#6400,.T.);
#2989=EDGE_CURVE('',#4671,#4696,#6401,.T.);
#2990=EDGE_CURVE('',#4675,#4672,#6402,.T.);
#2991=EDGE_CURVE('',#4676,#4675,#6403,.T.);
#2992=EDGE_CURVE('',#4677,#4676,#6404,.T.);
#2993=EDGE_CURVE('',#4678,#4677,#6405,.T.);
#2994=EDGE_CURVE('',#4679,#4678,#6406,.T.);
#2995=EDGE_CURVE('',#4680,#4679,#6407,.T.);
#2996=EDGE_CURVE('',#4681,#4680,#6408,.T.);
#2997=EDGE_CURVE('',#4682,#4681,#6409,.T.);
#2998=EDGE_CURVE('',#4683,#4682,#6410,.T.);
#2999=EDGE_CURVE('',#4684,#4683,#6411,.T.);
#3000=EDGE_CURVE('',#4685,#4684,#6412,.T.);
#3001=EDGE_CURVE('',#4673,#4685,#6413,.T.);
#3002=EDGE_CURVE('',#4686,#4674,#6414,.T.);
#3003=EDGE_CURVE('',#4687,#4686,#6415,.T.);
#3004=EDGE_CURVE('',#4688,#4687,#6416,.T.);
#3005=EDGE_CURVE('',#4689,#4688,#6417,.T.);
#3006=EDGE_CURVE('',#4690,#4689,#6418,.T.);
#3007=EDGE_CURVE('',#4691,#4690,#6419,.T.);
#3008=EDGE_CURVE('',#4692,#4691,#6420,.T.);
#3009=EDGE_CURVE('',#4693,#4692,#6421,.T.);
#3010=EDGE_CURVE('',#4694,#4693,#6422,.T.);
#3011=EDGE_CURVE('',#4695,#4694,#6423,.T.);
#3012=EDGE_CURVE('',#4696,#4695,#6424,.T.);
#3013=EDGE_CURVE('',#4697,#4712,#6425,.T.);
#3014=EDGE_CURVE('',#4698,#4697,#6426,.T.);
#3015=EDGE_CURVE('',#4699,#4698,#6427,.T.);
#3016=EDGE_CURVE('',#4700,#4699,#6428,.T.);
#3017=EDGE_CURVE('',#4701,#4700,#6429,.T.);
#3018=EDGE_CURVE('',#4702,#4701,#6430,.T.);
#3019=EDGE_CURVE('',#4703,#4702,#6431,.T.);
#3020=EDGE_CURVE('',#4704,#4703,#6432,.T.);
#3021=EDGE_CURVE('',#4705,#4704,#6433,.T.);
#3022=EDGE_CURVE('',#4706,#4705,#6434,.T.);
#3023=EDGE_CURVE('',#4707,#4706,#6435,.T.);
#3024=EDGE_CURVE('',#4708,#4707,#6436,.T.);
#3025=EDGE_CURVE('',#4709,#4708,#6437,.T.);
#3026=EDGE_CURVE('',#4710,#4709,#6438,.T.);
#3027=EDGE_CURVE('',#4711,#4710,#6439,.T.);
#3028=EDGE_CURVE('',#4712,#4711,#6440,.T.);
#3029=EDGE_CURVE('',#4713,#4720,#6441,.T.);
#3030=EDGE_CURVE('',#4714,#4713,#6442,.T.);
#3031=EDGE_CURVE('',#4715,#4714,#6443,.T.);
#3032=EDGE_CURVE('',#4716,#4715,#6444,.T.);
#3033=EDGE_CURVE('',#4717,#4716,#6445,.T.);
#3034=EDGE_CURVE('',#4718,#4717,#6446,.T.);
#3035=EDGE_CURVE('',#4719,#4718,#6447,.T.);
#3036=EDGE_CURVE('',#4720,#4719,#6448,.T.);
#3037=EDGE_CURVE('',#4673,#4665,#6449,.T.);
#3038=EDGE_CURVE('',#4672,#4667,#6450,.T.);
#3039=EDGE_CURVE('',#4663,#4674,#6451,.T.);
#3040=EDGE_CURVE('',#4669,#4671,#6452,.T.);
#3041=EDGE_CURVE('',#4669,#4721,#6453,.T.);
#3042=EDGE_CURVE('',#4721,#4722,#6454,.T.);
#3043=EDGE_CURVE('',#4670,#4722,#6455,.T.);
#3044=EDGE_CURVE('',#4721,#4723,#6456,.T.);
#3045=EDGE_CURVE('',#4723,#4724,#6457,.T.);
#3046=EDGE_CURVE('',#4722,#4724,#6458,.T.);
#3047=EDGE_CURVE('',#4723,#4725,#6459,.T.);
#3048=EDGE_CURVE('',#4725,#4726,#6460,.T.);
#3049=EDGE_CURVE('',#4724,#4726,#6461,.T.);
#3050=EDGE_CURVE('',#4725,#4727,#6462,.T.);
#3051=EDGE_CURVE('',#4726,#4728,#6463,.T.);
#3052=EDGE_CURVE('',#4727,#4728,#6464,.T.);
#3053=EDGE_CURVE('',#4667,#4729,#6465,.T.);
#3054=EDGE_CURVE('',#4729,#4730,#6466,.T.);
#3055=EDGE_CURVE('',#4668,#4730,#6467,.T.);
#3056=EDGE_CURVE('',#4729,#4731,#6468,.T.);
#3057=EDGE_CURVE('',#4731,#4732,#6469,.T.);
#3058=EDGE_CURVE('',#4730,#4732,#6470,.T.);
#3059=EDGE_CURVE('',#4731,#4733,#6471,.T.);
#3060=EDGE_CURVE('',#4733,#4734,#6472,.T.);
#3061=EDGE_CURVE('',#4732,#4734,#6473,.T.);
#3062=EDGE_CURVE('',#4733,#4735,#6474,.T.);
#3063=EDGE_CURVE('',#4734,#4736,#6475,.T.);
#3064=EDGE_CURVE('',#4735,#4736,#6476,.T.);
#3065=EDGE_CURVE('',#4663,#4737,#6477,.T.);
#3066=EDGE_CURVE('',#4737,#4738,#6478,.T.);
#3067=EDGE_CURVE('',#4664,#4738,#6479,.T.);
#3068=EDGE_CURVE('',#4737,#4739,#6480,.T.);
#3069=EDGE_CURVE('',#4739,#4740,#6481,.T.);
#3070=EDGE_CURVE('',#4738,#4740,#6482,.T.);
#3071=EDGE_CURVE('',#4739,#4741,#6483,.T.);
#3072=EDGE_CURVE('',#4741,#4742,#6484,.T.);
#3073=EDGE_CURVE('',#4740,#4742,#6485,.T.);
#3074=EDGE_CURVE('',#4741,#4743,#6486,.T.);
#3075=EDGE_CURVE('',#4742,#4744,#6487,.T.);
#3076=EDGE_CURVE('',#4743,#4744,#6488,.T.);
#3077=EDGE_CURVE('',#4665,#4745,#6489,.T.);
#3078=EDGE_CURVE('',#4745,#4746,#6490,.T.);
#3079=EDGE_CURVE('',#4666,#4746,#6491,.T.);
#3080=EDGE_CURVE('',#4745,#4747,#6492,.T.);
#3081=EDGE_CURVE('',#4747,#4748,#6493,.T.);
#3082=EDGE_CURVE('',#4746,#4748,#6494,.T.);
#3083=EDGE_CURVE('',#4747,#4749,#6495,.T.);
#3084=EDGE_CURVE('',#4749,#4750,#6496,.T.);
#3085=EDGE_CURVE('',#4748,#4750,#6497,.T.);
#3086=EDGE_CURVE('',#4749,#4751,#6498,.T.);
#3087=EDGE_CURVE('',#4750,#4752,#6499,.T.);
#3088=EDGE_CURVE('',#4751,#4752,#6500,.T.);
#3089=EDGE_CURVE('',#4753,#4754,#6501,.T.);
#3090=EDGE_CURVE('',#4755,#4756,#6502,.T.);
#3091=EDGE_CURVE('',#4757,#4758,#6503,.T.);
#3092=EDGE_CURVE('',#4759,#4760,#6504,.T.);
#3093=EDGE_CURVE('',#4756,#4754,#6505,.T.);
#3094=EDGE_CURVE('',#4758,#4760,#6506,.T.);
#3095=EDGE_CURVE('',#4761,#4786,#6507,.T.);
#3096=EDGE_CURVE('',#4765,#4762,#6508,.T.);
#3097=EDGE_CURVE('',#4766,#4765,#6509,.T.);
#3098=EDGE_CURVE('',#4767,#4766,#6510,.T.);
#3099=EDGE_CURVE('',#4768,#4767,#6511,.T.);
#3100=EDGE_CURVE('',#4769,#4768,#6512,.T.);
#3101=EDGE_CURVE('',#4770,#4769,#6513,.T.);
#3102=EDGE_CURVE('',#4771,#4770,#6514,.T.);
#3103=EDGE_CURVE('',#4772,#4771,#6515,.T.);
#3104=EDGE_CURVE('',#4773,#4772,#6516,.T.);
#3105=EDGE_CURVE('',#4774,#4773,#6517,.T.);
#3106=EDGE_CURVE('',#4775,#4774,#6518,.T.);
#3107=EDGE_CURVE('',#4763,#4775,#6519,.T.);
#3108=EDGE_CURVE('',#4776,#4764,#6520,.T.);
#3109=EDGE_CURVE('',#4777,#4776,#6521,.T.);
#3110=EDGE_CURVE('',#4778,#4777,#6522,.T.);
#3111=EDGE_CURVE('',#4779,#4778,#6523,.T.);
#3112=EDGE_CURVE('',#4780,#4779,#6524,.T.);
#3113=EDGE_CURVE('',#4781,#4780,#6525,.T.);
#3114=EDGE_CURVE('',#4782,#4781,#6526,.T.);
#3115=EDGE_CURVE('',#4783,#4782,#6527,.T.);
#3116=EDGE_CURVE('',#4784,#4783,#6528,.T.);
#3117=EDGE_CURVE('',#4785,#4784,#6529,.T.);
#3118=EDGE_CURVE('',#4786,#4785,#6530,.T.);
#3119=EDGE_CURVE('',#4787,#4802,#6531,.T.);
#3120=EDGE_CURVE('',#4788,#4787,#6532,.T.);
#3121=EDGE_CURVE('',#4789,#4788,#6533,.T.);
#3122=EDGE_CURVE('',#4790,#4789,#6534,.T.);
#3123=EDGE_CURVE('',#4791,#4790,#6535,.T.);
#3124=EDGE_CURVE('',#4792,#4791,#6536,.T.);
#3125=EDGE_CURVE('',#4793,#4792,#6537,.T.);
#3126=EDGE_CURVE('',#4794,#4793,#6538,.T.);
#3127=EDGE_CURVE('',#4795,#4794,#6539,.T.);
#3128=EDGE_CURVE('',#4796,#4795,#6540,.T.);
#3129=EDGE_CURVE('',#4797,#4796,#6541,.T.);
#3130=EDGE_CURVE('',#4798,#4797,#6542,.T.);
#3131=EDGE_CURVE('',#4799,#4798,#6543,.T.);
#3132=EDGE_CURVE('',#4800,#4799,#6544,.T.);
#3133=EDGE_CURVE('',#4801,#4800,#6545,.T.);
#3134=EDGE_CURVE('',#4802,#4801,#6546,.T.);
#3135=EDGE_CURVE('',#4803,#4810,#6547,.T.);
#3136=EDGE_CURVE('',#4804,#4803,#6548,.T.);
#3137=EDGE_CURVE('',#4805,#4804,#6549,.T.);
#3138=EDGE_CURVE('',#4806,#4805,#6550,.T.);
#3139=EDGE_CURVE('',#4807,#4806,#6551,.T.);
#3140=EDGE_CURVE('',#4808,#4807,#6552,.T.);
#3141=EDGE_CURVE('',#4809,#4808,#6553,.T.);
#3142=EDGE_CURVE('',#4810,#4809,#6554,.T.);
#3143=EDGE_CURVE('',#4763,#4755,#6555,.T.);
#3144=EDGE_CURVE('',#4762,#4757,#6556,.T.);
#3145=EDGE_CURVE('',#4753,#4764,#6557,.T.);
#3146=EDGE_CURVE('',#4759,#4761,#6558,.T.);
#3147=EDGE_CURVE('',#4759,#4811,#6559,.T.);
#3148=EDGE_CURVE('',#4811,#4812,#6560,.T.);
#3149=EDGE_CURVE('',#4760,#4812,#6561,.T.);
#3150=EDGE_CURVE('',#4811,#4813,#6562,.T.);
#3151=EDGE_CURVE('',#4813,#4814,#6563,.T.);
#3152=EDGE_CURVE('',#4812,#4814,#6564,.T.);
#3153=EDGE_CURVE('',#4813,#4815,#6565,.T.);
#3154=EDGE_CURVE('',#4815,#4816,#6566,.T.);
#3155=EDGE_CURVE('',#4814,#4816,#6567,.T.);
#3156=EDGE_CURVE('',#4815,#4817,#6568,.T.);
#3157=EDGE_CURVE('',#4816,#4818,#6569,.T.);
#3158=EDGE_CURVE('',#4817,#4818,#6570,.T.);
#3159=EDGE_CURVE('',#4757,#4819,#6571,.T.);
#3160=EDGE_CURVE('',#4819,#4820,#6572,.T.);
#3161=EDGE_CURVE('',#4758,#4820,#6573,.T.);
#3162=EDGE_CURVE('',#4819,#4821,#6574,.T.);
#3163=EDGE_CURVE('',#4821,#4822,#6575,.T.);
#3164=EDGE_CURVE('',#4820,#4822,#6576,.T.);
#3165=EDGE_CURVE('',#4821,#4823,#6577,.T.);
#3166=EDGE_CURVE('',#4823,#4824,#6578,.T.);
#3167=EDGE_CURVE('',#4822,#4824,#6579,.T.);
#3168=EDGE_CURVE('',#4823,#4825,#6580,.T.);
#3169=EDGE_CURVE('',#4824,#4826,#6581,.T.);
#3170=EDGE_CURVE('',#4825,#4826,#6582,.T.);
#3171=EDGE_CURVE('',#4753,#4827,#6583,.T.);
#3172=EDGE_CURVE('',#4827,#4828,#6584,.T.);
#3173=EDGE_CURVE('',#4754,#4828,#6585,.T.);
#3174=EDGE_CURVE('',#4827,#4829,#6586,.T.);
#3175=EDGE_CURVE('',#4829,#4830,#6587,.T.);
#3176=EDGE_CURVE('',#4828,#4830,#6588,.T.);
#3177=EDGE_CURVE('',#4829,#4831,#6589,.T.);
#3178=EDGE_CURVE('',#4831,#4832,#6590,.T.);
#3179=EDGE_CURVE('',#4830,#4832,#6591,.T.);
#3180=EDGE_CURVE('',#4831,#4833,#6592,.T.);
#3181=EDGE_CURVE('',#4832,#4834,#6593,.T.);
#3182=EDGE_CURVE('',#4833,#4834,#6594,.T.);
#3183=EDGE_CURVE('',#4755,#4835,#6595,.T.);
#3184=EDGE_CURVE('',#4835,#4836,#6596,.T.);
#3185=EDGE_CURVE('',#4756,#4836,#6597,.T.);
#3186=EDGE_CURVE('',#4835,#4837,#6598,.T.);
#3187=EDGE_CURVE('',#4837,#4838,#6599,.T.);
#3188=EDGE_CURVE('',#4836,#4838,#6600,.T.);
#3189=EDGE_CURVE('',#4837,#4839,#6601,.T.);
#3190=EDGE_CURVE('',#4839,#4840,#6602,.T.);
#3191=EDGE_CURVE('',#4838,#4840,#6603,.T.);
#3192=EDGE_CURVE('',#4839,#4841,#6604,.T.);
#3193=EDGE_CURVE('',#4840,#4842,#6605,.T.);
#3194=EDGE_CURVE('',#4841,#4842,#6606,.T.);
#3195=EDGE_CURVE('',#4843,#4844,#6607,.T.);
#3196=EDGE_CURVE('',#4845,#4846,#6608,.T.);
#3197=EDGE_CURVE('',#4847,#4848,#6609,.T.);
#3198=EDGE_CURVE('',#4849,#4850,#6610,.T.);
#3199=EDGE_CURVE('',#4846,#4844,#6611,.T.);
#3200=EDGE_CURVE('',#4848,#4850,#6612,.T.);
#3201=EDGE_CURVE('',#4851,#4876,#6613,.T.);
#3202=EDGE_CURVE('',#4855,#4852,#6614,.T.);
#3203=EDGE_CURVE('',#4856,#4855,#6615,.T.);
#3204=EDGE_CURVE('',#4857,#4856,#6616,.T.);
#3205=EDGE_CURVE('',#4858,#4857,#6617,.T.);
#3206=EDGE_CURVE('',#4859,#4858,#6618,.T.);
#3207=EDGE_CURVE('',#4860,#4859,#6619,.T.);
#3208=EDGE_CURVE('',#4861,#4860,#6620,.T.);
#3209=EDGE_CURVE('',#4862,#4861,#6621,.T.);
#3210=EDGE_CURVE('',#4863,#4862,#6622,.T.);
#3211=EDGE_CURVE('',#4864,#4863,#6623,.T.);
#3212=EDGE_CURVE('',#4865,#4864,#6624,.T.);
#3213=EDGE_CURVE('',#4853,#4865,#6625,.T.);
#3214=EDGE_CURVE('',#4866,#4854,#6626,.T.);
#3215=EDGE_CURVE('',#4867,#4866,#6627,.T.);
#3216=EDGE_CURVE('',#4868,#4867,#6628,.T.);
#3217=EDGE_CURVE('',#4869,#4868,#6629,.T.);
#3218=EDGE_CURVE('',#4870,#4869,#6630,.T.);
#3219=EDGE_CURVE('',#4871,#4870,#6631,.T.);
#3220=EDGE_CURVE('',#4872,#4871,#6632,.T.);
#3221=EDGE_CURVE('',#4873,#4872,#6633,.T.);
#3222=EDGE_CURVE('',#4874,#4873,#6634,.T.);
#3223=EDGE_CURVE('',#4875,#4874,#6635,.T.);
#3224=EDGE_CURVE('',#4876,#4875,#6636,.T.);
#3225=EDGE_CURVE('',#4877,#4892,#6637,.T.);
#3226=EDGE_CURVE('',#4878,#4877,#6638,.T.);
#3227=EDGE_CURVE('',#4879,#4878,#6639,.T.);
#3228=EDGE_CURVE('',#4880,#4879,#6640,.T.);
#3229=EDGE_CURVE('',#4881,#4880,#6641,.T.);
#3230=EDGE_CURVE('',#4882,#4881,#6642,.T.);
#3231=EDGE_CURVE('',#4883,#4882,#6643,.T.);
#3232=EDGE_CURVE('',#4884,#4883,#6644,.T.);
#3233=EDGE_CURVE('',#4885,#4884,#6645,.T.);
#3234=EDGE_CURVE('',#4886,#4885,#6646,.T.);
#3235=EDGE_CURVE('',#4887,#4886,#6647,.T.);
#3236=EDGE_CURVE('',#4888,#4887,#6648,.T.);
#3237=EDGE_CURVE('',#4889,#4888,#6649,.T.);
#3238=EDGE_CURVE('',#4890,#4889,#6650,.T.);
#3239=EDGE_CURVE('',#4891,#4890,#6651,.T.);
#3240=EDGE_CURVE('',#4892,#4891,#6652,.T.);
#3241=EDGE_CURVE('',#4893,#4900,#6653,.T.);
#3242=EDGE_CURVE('',#4894,#4893,#6654,.T.);
#3243=EDGE_CURVE('',#4895,#4894,#6655,.T.);
#3244=EDGE_CURVE('',#4896,#4895,#6656,.T.);
#3245=EDGE_CURVE('',#4897,#4896,#6657,.T.);
#3246=EDGE_CURVE('',#4898,#4897,#6658,.T.);
#3247=EDGE_CURVE('',#4899,#4898,#6659,.T.);
#3248=EDGE_CURVE('',#4900,#4899,#6660,.T.);
#3249=EDGE_CURVE('',#4853,#4845,#6661,.T.);
#3250=EDGE_CURVE('',#4852,#4847,#6662,.T.);
#3251=EDGE_CURVE('',#4843,#4854,#6663,.T.);
#3252=EDGE_CURVE('',#4849,#4851,#6664,.T.);
#3253=EDGE_CURVE('',#4849,#4901,#6665,.T.);
#3254=EDGE_CURVE('',#4901,#4902,#6666,.T.);
#3255=EDGE_CURVE('',#4850,#4902,#6667,.T.);
#3256=EDGE_CURVE('',#4901,#4903,#6668,.T.);
#3257=EDGE_CURVE('',#4903,#4904,#6669,.T.);
#3258=EDGE_CURVE('',#4902,#4904,#6670,.T.);
#3259=EDGE_CURVE('',#4903,#4905,#6671,.T.);
#3260=EDGE_CURVE('',#4905,#4906,#6672,.T.);
#3261=EDGE_CURVE('',#4904,#4906,#6673,.T.);
#3262=EDGE_CURVE('',#4905,#4907,#6674,.T.);
#3263=EDGE_CURVE('',#4906,#4908,#6675,.T.);
#3264=EDGE_CURVE('',#4907,#4908,#6676,.T.);
#3265=EDGE_CURVE('',#4847,#4909,#6677,.T.);
#3266=EDGE_CURVE('',#4909,#4910,#6678,.T.);
#3267=EDGE_CURVE('',#4848,#4910,#6679,.T.);
#3268=EDGE_CURVE('',#4909,#4911,#6680,.T.);
#3269=EDGE_CURVE('',#4911,#4912,#6681,.T.);
#3270=EDGE_CURVE('',#4910,#4912,#6682,.T.);
#3271=EDGE_CURVE('',#4911,#4913,#6683,.T.);
#3272=EDGE_CURVE('',#4913,#4914,#6684,.T.);
#3273=EDGE_CURVE('',#4912,#4914,#6685,.T.);
#3274=EDGE_CURVE('',#4913,#4915,#6686,.T.);
#3275=EDGE_CURVE('',#4914,#4916,#6687,.T.);
#3276=EDGE_CURVE('',#4915,#4916,#6688,.T.);
#3277=EDGE_CURVE('',#4843,#4917,#6689,.T.);
#3278=EDGE_CURVE('',#4917,#4918,#6690,.T.);
#3279=EDGE_CURVE('',#4844,#4918,#6691,.T.);
#3280=EDGE_CURVE('',#4917,#4919,#6692,.T.);
#3281=EDGE_CURVE('',#4919,#4920,#6693,.T.);
#3282=EDGE_CURVE('',#4918,#4920,#6694,.T.);
#3283=EDGE_CURVE('',#4919,#4921,#6695,.T.);
#3284=EDGE_CURVE('',#4921,#4922,#6696,.T.);
#3285=EDGE_CURVE('',#4920,#4922,#6697,.T.);
#3286=EDGE_CURVE('',#4921,#4923,#6698,.T.);
#3287=EDGE_CURVE('',#4922,#4924,#6699,.T.);
#3288=EDGE_CURVE('',#4923,#4924,#6700,.T.);
#3289=EDGE_CURVE('',#4845,#4925,#6701,.T.);
#3290=EDGE_CURVE('',#4925,#4926,#6702,.T.);
#3291=EDGE_CURVE('',#4846,#4926,#6703,.T.);
#3292=EDGE_CURVE('',#4925,#4927,#6704,.T.);
#3293=EDGE_CURVE('',#4927,#4928,#6705,.T.);
#3294=EDGE_CURVE('',#4926,#4928,#6706,.T.);
#3295=EDGE_CURVE('',#4927,#4929,#6707,.T.);
#3296=EDGE_CURVE('',#4929,#4930,#6708,.T.);
#3297=EDGE_CURVE('',#4928,#4930,#6709,.T.);
#3298=EDGE_CURVE('',#4929,#4931,#6710,.T.);
#3299=EDGE_CURVE('',#4930,#4932,#6711,.T.);
#3300=EDGE_CURVE('',#4931,#4932,#6712,.T.);
#3301=EDGE_CURVE('',#4933,#4934,#6713,.T.);
#3302=EDGE_CURVE('',#4935,#4936,#6714,.T.);
#3303=EDGE_CURVE('',#4937,#4938,#6715,.T.);
#3304=EDGE_CURVE('',#4939,#4940,#6716,.T.);
#3305=EDGE_CURVE('',#4936,#4934,#6717,.T.);
#3306=EDGE_CURVE('',#4938,#4940,#6718,.T.);
#3307=EDGE_CURVE('',#4941,#4966,#6719,.T.);
#3308=EDGE_CURVE('',#4945,#4942,#6720,.T.);
#3309=EDGE_CURVE('',#4946,#4945,#6721,.T.);
#3310=EDGE_CURVE('',#4947,#4946,#6722,.T.);
#3311=EDGE_CURVE('',#4948,#4947,#6723,.T.);
#3312=EDGE_CURVE('',#4949,#4948,#6724,.T.);
#3313=EDGE_CURVE('',#4950,#4949,#6725,.T.);
#3314=EDGE_CURVE('',#4951,#4950,#6726,.T.);
#3315=EDGE_CURVE('',#4952,#4951,#6727,.T.);
#3316=EDGE_CURVE('',#4953,#4952,#6728,.T.);
#3317=EDGE_CURVE('',#4954,#4953,#6729,.T.);
#3318=EDGE_CURVE('',#4955,#4954,#6730,.T.);
#3319=EDGE_CURVE('',#4943,#4955,#6731,.T.);
#3320=EDGE_CURVE('',#4956,#4944,#6732,.T.);
#3321=EDGE_CURVE('',#4957,#4956,#6733,.T.);
#3322=EDGE_CURVE('',#4958,#4957,#6734,.T.);
#3323=EDGE_CURVE('',#4959,#4958,#6735,.T.);
#3324=EDGE_CURVE('',#4960,#4959,#6736,.T.);
#3325=EDGE_CURVE('',#4961,#4960,#6737,.T.);
#3326=EDGE_CURVE('',#4962,#4961,#6738,.T.);
#3327=EDGE_CURVE('',#4963,#4962,#6739,.T.);
#3328=EDGE_CURVE('',#4964,#4963,#6740,.T.);
#3329=EDGE_CURVE('',#4965,#4964,#6741,.T.);
#3330=EDGE_CURVE('',#4966,#4965,#6742,.T.);
#3331=EDGE_CURVE('',#4967,#4982,#6743,.T.);
#3332=EDGE_CURVE('',#4968,#4967,#6744,.T.);
#3333=EDGE_CURVE('',#4969,#4968,#6745,.T.);
#3334=EDGE_CURVE('',#4970,#4969,#6746,.T.);
#3335=EDGE_CURVE('',#4971,#4970,#6747,.T.);
#3336=EDGE_CURVE('',#4972,#4971,#6748,.T.);
#3337=EDGE_CURVE('',#4973,#4972,#6749,.T.);
#3338=EDGE_CURVE('',#4974,#4973,#6750,.T.);
#3339=EDGE_CURVE('',#4975,#4974,#6751,.T.);
#3340=EDGE_CURVE('',#4976,#4975,#6752,.T.);
#3341=EDGE_CURVE('',#4977,#4976,#6753,.T.);
#3342=EDGE_CURVE('',#4978,#4977,#6754,.T.);
#3343=EDGE_CURVE('',#4979,#4978,#6755,.T.);
#3344=EDGE_CURVE('',#4980,#4979,#6756,.T.);
#3345=EDGE_CURVE('',#4981,#4980,#6757,.T.);
#3346=EDGE_CURVE('',#4982,#4981,#6758,.T.);
#3347=EDGE_CURVE('',#4983,#4990,#6759,.T.);
#3348=EDGE_CURVE('',#4984,#4983,#6760,.T.);
#3349=EDGE_CURVE('',#4985,#4984,#6761,.T.);
#3350=EDGE_CURVE('',#4986,#4985,#6762,.T.);
#3351=EDGE_CURVE('',#4987,#4986,#6763,.T.);
#3352=EDGE_CURVE('',#4988,#4987,#6764,.T.);
#3353=EDGE_CURVE('',#4989,#4988,#6765,.T.);
#3354=EDGE_CURVE('',#4990,#4989,#6766,.T.);
#3355=EDGE_CURVE('',#4943,#4935,#6767,.T.);
#3356=EDGE_CURVE('',#4942,#4937,#6768,.T.);
#3357=EDGE_CURVE('',#4933,#4944,#6769,.T.);
#3358=EDGE_CURVE('',#4939,#4941,#6770,.T.);
#3359=EDGE_CURVE('',#4939,#4991,#6771,.T.);
#3360=EDGE_CURVE('',#4991,#4992,#6772,.T.);
#3361=EDGE_CURVE('',#4940,#4992,#6773,.T.);
#3362=EDGE_CURVE('',#4991,#4993,#6774,.T.);
#3363=EDGE_CURVE('',#4993,#4994,#6775,.T.);
#3364=EDGE_CURVE('',#4992,#4994,#6776,.T.);
#3365=EDGE_CURVE('',#4993,#4995,#6777,.T.);
#3366=EDGE_CURVE('',#4995,#4996,#6778,.T.);
#3367=EDGE_CURVE('',#4994,#4996,#6779,.T.);
#3368=EDGE_CURVE('',#4995,#4997,#6780,.T.);
#3369=EDGE_CURVE('',#4996,#4998,#6781,.T.);
#3370=EDGE_CURVE('',#4997,#4998,#6782,.T.);
#3371=EDGE_CURVE('',#4937,#4999,#6783,.T.);
#3372=EDGE_CURVE('',#4999,#5000,#6784,.T.);
#3373=EDGE_CURVE('',#4938,#5000,#6785,.T.);
#3374=EDGE_CURVE('',#4999,#5001,#6786,.T.);
#3375=EDGE_CURVE('',#5001,#5002,#6787,.T.);
#3376=EDGE_CURVE('',#5000,#5002,#6788,.T.);
#3377=EDGE_CURVE('',#5001,#5003,#6789,.T.);
#3378=EDGE_CURVE('',#5003,#5004,#6790,.T.);
#3379=EDGE_CURVE('',#5002,#5004,#6791,.T.);
#3380=EDGE_CURVE('',#5003,#5005,#6792,.T.);
#3381=EDGE_CURVE('',#5004,#5006,#6793,.T.);
#3382=EDGE_CURVE('',#5005,#5006,#6794,.T.);
#3383=EDGE_CURVE('',#4933,#5007,#6795,.T.);
#3384=EDGE_CURVE('',#5007,#5008,#6796,.T.);
#3385=EDGE_CURVE('',#4934,#5008,#6797,.T.);
#3386=EDGE_CURVE('',#5007,#5009,#6798,.T.);
#3387=EDGE_CURVE('',#5009,#5010,#6799,.T.);
#3388=EDGE_CURVE('',#5008,#5010,#6800,.T.);
#3389=EDGE_CURVE('',#5009,#5011,#6801,.T.);
#3390=EDGE_CURVE('',#5011,#5012,#6802,.T.);
#3391=EDGE_CURVE('',#5010,#5012,#6803,.T.);
#3392=EDGE_CURVE('',#5011,#5013,#6804,.T.);
#3393=EDGE_CURVE('',#5012,#5014,#6805,.T.);
#3394=EDGE_CURVE('',#5013,#5014,#6806,.T.);
#3395=EDGE_CURVE('',#4935,#5015,#6807,.T.);
#3396=EDGE_CURVE('',#5015,#5016,#6808,.T.);
#3397=EDGE_CURVE('',#4936,#5016,#6809,.T.);
#3398=EDGE_CURVE('',#5015,#5017,#6810,.T.);
#3399=EDGE_CURVE('',#5017,#5018,#6811,.T.);
#3400=EDGE_CURVE('',#5016,#5018,#6812,.T.);
#3401=EDGE_CURVE('',#5017,#5019,#6813,.T.);
#3402=EDGE_CURVE('',#5019,#5020,#6814,.T.);
#3403=EDGE_CURVE('',#5018,#5020,#6815,.T.);
#3404=EDGE_CURVE('',#5019,#5021,#6816,.T.);
#3405=EDGE_CURVE('',#5020,#5022,#6817,.T.);
#3406=EDGE_CURVE('',#5021,#5022,#6818,.T.);
#3407=EDGE_CURVE('',#5023,#5024,#6819,.T.);
#3408=EDGE_CURVE('',#5025,#5026,#6820,.T.);
#3409=EDGE_CURVE('',#5027,#5028,#6821,.T.);
#3410=EDGE_CURVE('',#5029,#5030,#6822,.T.);
#3411=EDGE_CURVE('',#5026,#5024,#6823,.T.);
#3412=EDGE_CURVE('',#5028,#5030,#6824,.T.);
#3413=EDGE_CURVE('',#5031,#5056,#6825,.T.);
#3414=EDGE_CURVE('',#5035,#5032,#6826,.T.);
#3415=EDGE_CURVE('',#5036,#5035,#6827,.T.);
#3416=EDGE_CURVE('',#5037,#5036,#6828,.T.);
#3417=EDGE_CURVE('',#5038,#5037,#6829,.T.);
#3418=EDGE_CURVE('',#5039,#5038,#6830,.T.);
#3419=EDGE_CURVE('',#5040,#5039,#6831,.T.);
#3420=EDGE_CURVE('',#5041,#5040,#6832,.T.);
#3421=EDGE_CURVE('',#5042,#5041,#6833,.T.);
#3422=EDGE_CURVE('',#5043,#5042,#6834,.T.);
#3423=EDGE_CURVE('',#5044,#5043,#6835,.T.);
#3424=EDGE_CURVE('',#5045,#5044,#6836,.T.);
#3425=EDGE_CURVE('',#5033,#5045,#6837,.T.);
#3426=EDGE_CURVE('',#5046,#5034,#6838,.T.);
#3427=EDGE_CURVE('',#5047,#5046,#6839,.T.);
#3428=EDGE_CURVE('',#5048,#5047,#6840,.T.);
#3429=EDGE_CURVE('',#5049,#5048,#6841,.T.);
#3430=EDGE_CURVE('',#5050,#5049,#6842,.T.);
#3431=EDGE_CURVE('',#5051,#5050,#6843,.T.);
#3432=EDGE_CURVE('',#5052,#5051,#6844,.T.);
#3433=EDGE_CURVE('',#5053,#5052,#6845,.T.);
#3434=EDGE_CURVE('',#5054,#5053,#6846,.T.);
#3435=EDGE_CURVE('',#5055,#5054,#6847,.T.);
#3436=EDGE_CURVE('',#5056,#5055,#6848,.T.);
#3437=EDGE_CURVE('',#5057,#5072,#6849,.T.);
#3438=EDGE_CURVE('',#5058,#5057,#6850,.T.);
#3439=EDGE_CURVE('',#5059,#5058,#6851,.T.);
#3440=EDGE_CURVE('',#5060,#5059,#6852,.T.);
#3441=EDGE_CURVE('',#5061,#5060,#6853,.T.);
#3442=EDGE_CURVE('',#5062,#5061,#6854,.T.);
#3443=EDGE_CURVE('',#5063,#5062,#6855,.T.);
#3444=EDGE_CURVE('',#5064,#5063,#6856,.T.);
#3445=EDGE_CURVE('',#5065,#5064,#6857,.T.);
#3446=EDGE_CURVE('',#5066,#5065,#6858,.T.);
#3447=EDGE_CURVE('',#5067,#5066,#6859,.T.);
#3448=EDGE_CURVE('',#5068,#5067,#6860,.T.);
#3449=EDGE_CURVE('',#5069,#5068,#6861,.T.);
#3450=EDGE_CURVE('',#5070,#5069,#6862,.T.);
#3451=EDGE_CURVE('',#5071,#5070,#6863,.T.);
#3452=EDGE_CURVE('',#5072,#5071,#6864,.T.);
#3453=EDGE_CURVE('',#5073,#5080,#6865,.T.);
#3454=EDGE_CURVE('',#5074,#5073,#6866,.T.);
#3455=EDGE_CURVE('',#5075,#5074,#6867,.T.);
#3456=EDGE_CURVE('',#5076,#5075,#6868,.T.);
#3457=EDGE_CURVE('',#5077,#5076,#6869,.T.);
#3458=EDGE_CURVE('',#5078,#5077,#6870,.T.);
#3459=EDGE_CURVE('',#5079,#5078,#6871,.T.);
#3460=EDGE_CURVE('',#5080,#5079,#6872,.T.);
#3461=EDGE_CURVE('',#5033,#5025,#6873,.T.);
#3462=EDGE_CURVE('',#5032,#5027,#6874,.T.);
#3463=EDGE_CURVE('',#5023,#5034,#6875,.T.);
#3464=EDGE_CURVE('',#5029,#5031,#6876,.T.);
#3465=EDGE_CURVE('',#5029,#5081,#6877,.T.);
#3466=EDGE_CURVE('',#5081,#5082,#6878,.T.);
#3467=EDGE_CURVE('',#5030,#5082,#6879,.T.);
#3468=EDGE_CURVE('',#5081,#5083,#6880,.T.);
#3469=EDGE_CURVE('',#5083,#5084,#6881,.T.);
#3470=EDGE_CURVE('',#5082,#5084,#6882,.T.);
#3471=EDGE_CURVE('',#5083,#5085,#6883,.T.);
#3472=EDGE_CURVE('',#5085,#5086,#6884,.T.);
#3473=EDGE_CURVE('',#5084,#5086,#6885,.T.);
#3474=EDGE_CURVE('',#5085,#5087,#6886,.T.);
#3475=EDGE_CURVE('',#5086,#5088,#6887,.T.);
#3476=EDGE_CURVE('',#5087,#5088,#6888,.T.);
#3477=EDGE_CURVE('',#5027,#5089,#6889,.T.);
#3478=EDGE_CURVE('',#5089,#5090,#6890,.T.);
#3479=EDGE_CURVE('',#5028,#5090,#6891,.T.);
#3480=EDGE_CURVE('',#5089,#5091,#6892,.T.);
#3481=EDGE_CURVE('',#5091,#5092,#6893,.T.);
#3482=EDGE_CURVE('',#5090,#5092,#6894,.T.);
#3483=EDGE_CURVE('',#5091,#5093,#6895,.T.);
#3484=EDGE_CURVE('',#5093,#5094,#6896,.T.);
#3485=EDGE_CURVE('',#5092,#5094,#6897,.T.);
#3486=EDGE_CURVE('',#5093,#5095,#6898,.T.);
#3487=EDGE_CURVE('',#5094,#5096,#6899,.T.);
#3488=EDGE_CURVE('',#5095,#5096,#6900,.T.);
#3489=EDGE_CURVE('',#5023,#5097,#6901,.T.);
#3490=EDGE_CURVE('',#5097,#5098,#6902,.T.);
#3491=EDGE_CURVE('',#5024,#5098,#6903,.T.);
#3492=EDGE_CURVE('',#5097,#5099,#6904,.T.);
#3493=EDGE_CURVE('',#5099,#5100,#6905,.T.);
#3494=EDGE_CURVE('',#5098,#5100,#6906,.T.);
#3495=EDGE_CURVE('',#5099,#5101,#6907,.T.);
#3496=EDGE_CURVE('',#5101,#5102,#6908,.T.);
#3497=EDGE_CURVE('',#5100,#5102,#6909,.T.);
#3498=EDGE_CURVE('',#5101,#5103,#6910,.T.);
#3499=EDGE_CURVE('',#5102,#5104,#6911,.T.);
#3500=EDGE_CURVE('',#5103,#5104,#6912,.T.);
#3501=EDGE_CURVE('',#5025,#5105,#6913,.T.);
#3502=EDGE_CURVE('',#5105,#5106,#6914,.T.);
#3503=EDGE_CURVE('',#5026,#5106,#6915,.T.);
#3504=EDGE_CURVE('',#5105,#5107,#6916,.T.);
#3505=EDGE_CURVE('',#5107,#5108,#6917,.T.);
#3506=EDGE_CURVE('',#5106,#5108,#6918,.T.);
#3507=EDGE_CURVE('',#5107,#5109,#6919,.T.);
#3508=EDGE_CURVE('',#5109,#5110,#6920,.T.);
#3509=EDGE_CURVE('',#5108,#5110,#6921,.T.);
#3510=EDGE_CURVE('',#5109,#5111,#6922,.T.);
#3511=EDGE_CURVE('',#5110,#5112,#6923,.T.);
#3512=EDGE_CURVE('',#5111,#5112,#6924,.T.);
#3513=EDGE_CURVE('',#5113,#5114,#6925,.T.);
#3514=EDGE_CURVE('',#5115,#5116,#6926,.T.);
#3515=EDGE_CURVE('',#5117,#5118,#6927,.T.);
#3516=EDGE_CURVE('',#5119,#5120,#6928,.T.);
#3517=EDGE_CURVE('',#5116,#5114,#6929,.T.);
#3518=EDGE_CURVE('',#5118,#5120,#6930,.T.);
#3519=EDGE_CURVE('',#5121,#5146,#6931,.T.);
#3520=EDGE_CURVE('',#5125,#5122,#6932,.T.);
#3521=EDGE_CURVE('',#5126,#5125,#6933,.T.);
#3522=EDGE_CURVE('',#5127,#5126,#6934,.T.);
#3523=EDGE_CURVE('',#5128,#5127,#6935,.T.);
#3524=EDGE_CURVE('',#5129,#5128,#6936,.T.);
#3525=EDGE_CURVE('',#5130,#5129,#6937,.T.);
#3526=EDGE_CURVE('',#5131,#5130,#6938,.T.);
#3527=EDGE_CURVE('',#5132,#5131,#6939,.T.);
#3528=EDGE_CURVE('',#5133,#5132,#6940,.T.);
#3529=EDGE_CURVE('',#5134,#5133,#6941,.T.);
#3530=EDGE_CURVE('',#5135,#5134,#6942,.T.);
#3531=EDGE_CURVE('',#5123,#5135,#6943,.T.);
#3532=EDGE_CURVE('',#5136,#5124,#6944,.T.);
#3533=EDGE_CURVE('',#5137,#5136,#6945,.T.);
#3534=EDGE_CURVE('',#5138,#5137,#6946,.T.);
#3535=EDGE_CURVE('',#5139,#5138,#6947,.T.);
#3536=EDGE_CURVE('',#5140,#5139,#6948,.T.);
#3537=EDGE_CURVE('',#5141,#5140,#6949,.T.);
#3538=EDGE_CURVE('',#5142,#5141,#6950,.T.);
#3539=EDGE_CURVE('',#5143,#5142,#6951,.T.);
#3540=EDGE_CURVE('',#5144,#5143,#6952,.T.);
#3541=EDGE_CURVE('',#5145,#5144,#6953,.T.);
#3542=EDGE_CURVE('',#5146,#5145,#6954,.T.);
#3543=EDGE_CURVE('',#5147,#5162,#6955,.T.);
#3544=EDGE_CURVE('',#5148,#5147,#6956,.T.);
#3545=EDGE_CURVE('',#5149,#5148,#6957,.T.);
#3546=EDGE_CURVE('',#5150,#5149,#6958,.T.);
#3547=EDGE_CURVE('',#5151,#5150,#6959,.T.);
#3548=EDGE_CURVE('',#5152,#5151,#6960,.T.);
#3549=EDGE_CURVE('',#5153,#5152,#6961,.T.);
#3550=EDGE_CURVE('',#5154,#5153,#6962,.T.);
#3551=EDGE_CURVE('',#5155,#5154,#6963,.T.);
#3552=EDGE_CURVE('',#5156,#5155,#6964,.T.);
#3553=EDGE_CURVE('',#5157,#5156,#6965,.T.);
#3554=EDGE_CURVE('',#5158,#5157,#6966,.T.);
#3555=EDGE_CURVE('',#5159,#5158,#6967,.T.);
#3556=EDGE_CURVE('',#5160,#5159,#6968,.T.);
#3557=EDGE_CURVE('',#5161,#5160,#6969,.T.);
#3558=EDGE_CURVE('',#5162,#5161,#6970,.T.);
#3559=EDGE_CURVE('',#5163,#5170,#6971,.T.);
#3560=EDGE_CURVE('',#5164,#5163,#6972,.T.);
#3561=EDGE_CURVE('',#5165,#5164,#6973,.T.);
#3562=EDGE_CURVE('',#5166,#5165,#6974,.T.);
#3563=EDGE_CURVE('',#5167,#5166,#6975,.T.);
#3564=EDGE_CURVE('',#5168,#5167,#6976,.T.);
#3565=EDGE_CURVE('',#5169,#5168,#6977,.T.);
#3566=EDGE_CURVE('',#5170,#5169,#6978,.T.);
#3567=EDGE_CURVE('',#5123,#5115,#6979,.T.);
#3568=EDGE_CURVE('',#5122,#5117,#6980,.T.);
#3569=EDGE_CURVE('',#5113,#5124,#6981,.T.);
#3570=EDGE_CURVE('',#5119,#5121,#6982,.T.);
#3571=EDGE_CURVE('',#5119,#5171,#6983,.T.);
#3572=EDGE_CURVE('',#5171,#5172,#6984,.T.);
#3573=EDGE_CURVE('',#5120,#5172,#6985,.T.);
#3574=EDGE_CURVE('',#5171,#5173,#6986,.T.);
#3575=EDGE_CURVE('',#5173,#5174,#6987,.T.);
#3576=EDGE_CURVE('',#5172,#5174,#6988,.T.);
#3577=EDGE_CURVE('',#5173,#5175,#6989,.T.);
#3578=EDGE_CURVE('',#5175,#5176,#6990,.T.);
#3579=EDGE_CURVE('',#5174,#5176,#6991,.T.);
#3580=EDGE_CURVE('',#5175,#5177,#6992,.T.);
#3581=EDGE_CURVE('',#5176,#5178,#6993,.T.);
#3582=EDGE_CURVE('',#5177,#5178,#6994,.T.);
#3583=EDGE_CURVE('',#5117,#5179,#6995,.T.);
#3584=EDGE_CURVE('',#5179,#5180,#6996,.T.);
#3585=EDGE_CURVE('',#5118,#5180,#6997,.T.);
#3586=EDGE_CURVE('',#5179,#5181,#6998,.T.);
#3587=EDGE_CURVE('',#5181,#5182,#6999,.T.);
#3588=EDGE_CURVE('',#5180,#5182,#7000,.T.);
#3589=EDGE_CURVE('',#5181,#5183,#7001,.T.);
#3590=EDGE_CURVE('',#5183,#5184,#7002,.T.);
#3591=EDGE_CURVE('',#5182,#5184,#7003,.T.);
#3592=EDGE_CURVE('',#5183,#5185,#7004,.T.);
#3593=EDGE_CURVE('',#5184,#5186,#7005,.T.);
#3594=EDGE_CURVE('',#5185,#5186,#7006,.T.);
#3595=EDGE_CURVE('',#5113,#5187,#7007,.T.);
#3596=EDGE_CURVE('',#5187,#5188,#7008,.T.);
#3597=EDGE_CURVE('',#5114,#5188,#7009,.T.);
#3598=EDGE_CURVE('',#5187,#5189,#7010,.T.);
#3599=EDGE_CURVE('',#5189,#5190,#7011,.T.);
#3600=EDGE_CURVE('',#5188,#5190,#7012,.T.);
#3601=EDGE_CURVE('',#5189,#5191,#7013,.T.);
#3602=EDGE_CURVE('',#5191,#5192,#7014,.T.);
#3603=EDGE_CURVE('',#5190,#5192,#7015,.T.);
#3604=EDGE_CURVE('',#5191,#5193,#7016,.T.);
#3605=EDGE_CURVE('',#5192,#5194,#7017,.T.);
#3606=EDGE_CURVE('',#5193,#5194,#7018,.T.);
#3607=EDGE_CURVE('',#5115,#5195,#7019,.T.);
#3608=EDGE_CURVE('',#5195,#5196,#7020,.T.);
#3609=EDGE_CURVE('',#5116,#5196,#7021,.T.);
#3610=EDGE_CURVE('',#5195,#5197,#7022,.T.);
#3611=EDGE_CURVE('',#5197,#5198,#7023,.T.);
#3612=EDGE_CURVE('',#5196,#5198,#7024,.T.);
#3613=EDGE_CURVE('',#5197,#5199,#7025,.T.);
#3614=EDGE_CURVE('',#5199,#5200,#7026,.T.);
#3615=EDGE_CURVE('',#5198,#5200,#7027,.T.);
#3616=EDGE_CURVE('',#5199,#5201,#7028,.T.);
#3617=EDGE_CURVE('',#5200,#5202,#7029,.T.);
#3618=EDGE_CURVE('',#5201,#5202,#7030,.T.);
#3619=EDGE_CURVE('',#5203,#5204,#7031,.T.);
#3620=EDGE_CURVE('',#5205,#5206,#7032,.T.);
#3621=EDGE_CURVE('',#5207,#5208,#7033,.T.);
#3622=EDGE_CURVE('',#5209,#5210,#7034,.T.);
#3623=EDGE_CURVE('',#5206,#5204,#7035,.T.);
#3624=EDGE_CURVE('',#5208,#5210,#7036,.T.);
#3625=EDGE_CURVE('',#5211,#5236,#7037,.T.);
#3626=EDGE_CURVE('',#5215,#5212,#7038,.T.);
#3627=EDGE_CURVE('',#5216,#5215,#7039,.T.);
#3628=EDGE_CURVE('',#5217,#5216,#7040,.T.);
#3629=EDGE_CURVE('',#5218,#5217,#7041,.T.);
#3630=EDGE_CURVE('',#5219,#5218,#7042,.T.);
#3631=EDGE_CURVE('',#5220,#5219,#7043,.T.);
#3632=EDGE_CURVE('',#5221,#5220,#7044,.T.);
#3633=EDGE_CURVE('',#5222,#5221,#7045,.T.);
#3634=EDGE_CURVE('',#5223,#5222,#7046,.T.);
#3635=EDGE_CURVE('',#5224,#5223,#7047,.T.);
#3636=EDGE_CURVE('',#5225,#5224,#7048,.T.);
#3637=EDGE_CURVE('',#5213,#5225,#7049,.T.);
#3638=EDGE_CURVE('',#5226,#5214,#7050,.T.);
#3639=EDGE_CURVE('',#5227,#5226,#7051,.T.);
#3640=EDGE_CURVE('',#5228,#5227,#7052,.T.);
#3641=EDGE_CURVE('',#5229,#5228,#7053,.T.);
#3642=EDGE_CURVE('',#5230,#5229,#7054,.T.);
#3643=EDGE_CURVE('',#5231,#5230,#7055,.T.);
#3644=EDGE_CURVE('',#5232,#5231,#7056,.T.);
#3645=EDGE_CURVE('',#5233,#5232,#7057,.T.);
#3646=EDGE_CURVE('',#5234,#5233,#7058,.T.);
#3647=EDGE_CURVE('',#5235,#5234,#7059,.T.);
#3648=EDGE_CURVE('',#5236,#5235,#7060,.T.);
#3649=EDGE_CURVE('',#5237,#5252,#7061,.T.);
#3650=EDGE_CURVE('',#5238,#5237,#7062,.T.);
#3651=EDGE_CURVE('',#5239,#5238,#7063,.T.);
#3652=EDGE_CURVE('',#5240,#5239,#7064,.T.);
#3653=EDGE_CURVE('',#5241,#5240,#7065,.T.);
#3654=EDGE_CURVE('',#5242,#5241,#7066,.T.);
#3655=EDGE_CURVE('',#5243,#5242,#7067,.T.);
#3656=EDGE_CURVE('',#5244,#5243,#7068,.T.);
#3657=EDGE_CURVE('',#5245,#5244,#7069,.T.);
#3658=EDGE_CURVE('',#5246,#5245,#7070,.T.);
#3659=EDGE_CURVE('',#5247,#5246,#7071,.T.);
#3660=EDGE_CURVE('',#5248,#5247,#7072,.T.);
#3661=EDGE_CURVE('',#5249,#5248,#7073,.T.);
#3662=EDGE_CURVE('',#5250,#5249,#7074,.T.);
#3663=EDGE_CURVE('',#5251,#5250,#7075,.T.);
#3664=EDGE_CURVE('',#5252,#5251,#7076,.T.);
#3665=EDGE_CURVE('',#5253,#5260,#7077,.T.);
#3666=EDGE_CURVE('',#5254,#5253,#7078,.T.);
#3667=EDGE_CURVE('',#5255,#5254,#7079,.T.);
#3668=EDGE_CURVE('',#5256,#5255,#7080,.T.);
#3669=EDGE_CURVE('',#5257,#5256,#7081,.T.);
#3670=EDGE_CURVE('',#5258,#5257,#7082,.T.);
#3671=EDGE_CURVE('',#5259,#5258,#7083,.T.);
#3672=EDGE_CURVE('',#5260,#5259,#7084,.T.);
#3673=EDGE_CURVE('',#5213,#5205,#7085,.T.);
#3674=EDGE_CURVE('',#5212,#5207,#7086,.T.);
#3675=EDGE_CURVE('',#5203,#5214,#7087,.T.);
#3676=EDGE_CURVE('',#5209,#5211,#7088,.T.);
#3677=EDGE_CURVE('',#5209,#5261,#7089,.T.);
#3678=EDGE_CURVE('',#5261,#5262,#7090,.T.);
#3679=EDGE_CURVE('',#5210,#5262,#7091,.T.);
#3680=EDGE_CURVE('',#5261,#5263,#7092,.T.);
#3681=EDGE_CURVE('',#5263,#5264,#7093,.T.);
#3682=EDGE_CURVE('',#5262,#5264,#7094,.T.);
#3683=EDGE_CURVE('',#5263,#5265,#7095,.T.);
#3684=EDGE_CURVE('',#5265,#5266,#7096,.T.);
#3685=EDGE_CURVE('',#5264,#5266,#7097,.T.);
#3686=EDGE_CURVE('',#5265,#5267,#7098,.T.);
#3687=EDGE_CURVE('',#5266,#5268,#7099,.T.);
#3688=EDGE_CURVE('',#5267,#5268,#7100,.T.);
#3689=EDGE_CURVE('',#5207,#5269,#7101,.T.);
#3690=EDGE_CURVE('',#5269,#5270,#7102,.T.);
#3691=EDGE_CURVE('',#5208,#5270,#7103,.T.);
#3692=EDGE_CURVE('',#5269,#5271,#7104,.T.);
#3693=EDGE_CURVE('',#5271,#5272,#7105,.T.);
#3694=EDGE_CURVE('',#5270,#5272,#7106,.T.);
#3695=EDGE_CURVE('',#5271,#5273,#7107,.T.);
#3696=EDGE_CURVE('',#5273,#5274,#7108,.T.);
#3697=EDGE_CURVE('',#5272,#5274,#7109,.T.);
#3698=EDGE_CURVE('',#5273,#5275,#7110,.T.);
#3699=EDGE_CURVE('',#5274,#5276,#7111,.T.);
#3700=EDGE_CURVE('',#5275,#5276,#7112,.T.);
#3701=EDGE_CURVE('',#5203,#5277,#7113,.T.);
#3702=EDGE_CURVE('',#5277,#5278,#7114,.T.);
#3703=EDGE_CURVE('',#5204,#5278,#7115,.T.);
#3704=EDGE_CURVE('',#5277,#5279,#7116,.T.);
#3705=EDGE_CURVE('',#5279,#5280,#7117,.T.);
#3706=EDGE_CURVE('',#5278,#5280,#7118,.T.);
#3707=EDGE_CURVE('',#5279,#5281,#7119,.T.);
#3708=EDGE_CURVE('',#5281,#5282,#7120,.T.);
#3709=EDGE_CURVE('',#5280,#5282,#7121,.T.);
#3710=EDGE_CURVE('',#5281,#5283,#7122,.T.);
#3711=EDGE_CURVE('',#5282,#5284,#7123,.T.);
#3712=EDGE_CURVE('',#5283,#5284,#7124,.T.);
#3713=EDGE_CURVE('',#5205,#5285,#7125,.T.);
#3714=EDGE_CURVE('',#5285,#5286,#7126,.T.);
#3715=EDGE_CURVE('',#5206,#5286,#7127,.T.);
#3716=EDGE_CURVE('',#5285,#5287,#7128,.T.);
#3717=EDGE_CURVE('',#5287,#5288,#7129,.T.);
#3718=EDGE_CURVE('',#5286,#5288,#7130,.T.);
#3719=EDGE_CURVE('',#5287,#5289,#7131,.T.);
#3720=EDGE_CURVE('',#5289,#5290,#7132,.T.);
#3721=EDGE_CURVE('',#5288,#5290,#7133,.T.);
#3722=EDGE_CURVE('',#5289,#5291,#7134,.T.);
#3723=EDGE_CURVE('',#5290,#5292,#7135,.T.);
#3724=EDGE_CURVE('',#5291,#5292,#7136,.T.);
#3725=EDGE_CURVE('',#5293,#5294,#7137,.T.);
#3726=EDGE_CURVE('',#5295,#5296,#7138,.T.);
#3727=EDGE_CURVE('',#5297,#5298,#7139,.T.);
#3728=EDGE_CURVE('',#5299,#5300,#7140,.T.);
#3729=EDGE_CURVE('',#5296,#5294,#7141,.T.);
#3730=EDGE_CURVE('',#5298,#5300,#7142,.T.);
#3731=EDGE_CURVE('',#5301,#5326,#7143,.T.);
#3732=EDGE_CURVE('',#5305,#5302,#7144,.T.);
#3733=EDGE_CURVE('',#5306,#5305,#7145,.T.);
#3734=EDGE_CURVE('',#5307,#5306,#7146,.T.);
#3735=EDGE_CURVE('',#5308,#5307,#7147,.T.);
#3736=EDGE_CURVE('',#5309,#5308,#7148,.T.);
#3737=EDGE_CURVE('',#5310,#5309,#7149,.T.);
#3738=EDGE_CURVE('',#5311,#5310,#7150,.T.);
#3739=EDGE_CURVE('',#5312,#5311,#7151,.T.);
#3740=EDGE_CURVE('',#5313,#5312,#7152,.T.);
#3741=EDGE_CURVE('',#5314,#5313,#7153,.T.);
#3742=EDGE_CURVE('',#5315,#5314,#7154,.T.);
#3743=EDGE_CURVE('',#5303,#5315,#7155,.T.);
#3744=EDGE_CURVE('',#5316,#5304,#7156,.T.);
#3745=EDGE_CURVE('',#5317,#5316,#7157,.T.);
#3746=EDGE_CURVE('',#5318,#5317,#7158,.T.);
#3747=EDGE_CURVE('',#5319,#5318,#7159,.T.);
#3748=EDGE_CURVE('',#5320,#5319,#7160,.T.);
#3749=EDGE_CURVE('',#5321,#5320,#7161,.T.);
#3750=EDGE_CURVE('',#5322,#5321,#7162,.T.);
#3751=EDGE_CURVE('',#5323,#5322,#7163,.T.);
#3752=EDGE_CURVE('',#5324,#5323,#7164,.T.);
#3753=EDGE_CURVE('',#5325,#5324,#7165,.T.);
#3754=EDGE_CURVE('',#5326,#5325,#7166,.T.);
#3755=EDGE_CURVE('',#5327,#5342,#7167,.T.);
#3756=EDGE_CURVE('',#5328,#5327,#7168,.T.);
#3757=EDGE_CURVE('',#5329,#5328,#7169,.T.);
#3758=EDGE_CURVE('',#5330,#5329,#7170,.T.);
#3759=EDGE_CURVE('',#5331,#5330,#7171,.T.);
#3760=EDGE_CURVE('',#5332,#5331,#7172,.T.);
#3761=EDGE_CURVE('',#5333,#5332,#7173,.T.);
#3762=EDGE_CURVE('',#5334,#5333,#7174,.T.);
#3763=EDGE_CURVE('',#5335,#5334,#7175,.T.);
#3764=EDGE_CURVE('',#5336,#5335,#7176,.T.);
#3765=EDGE_CURVE('',#5337,#5336,#7177,.T.);
#3766=EDGE_CURVE('',#5338,#5337,#7178,.T.);
#3767=EDGE_CURVE('',#5339,#5338,#7179,.T.);
#3768=EDGE_CURVE('',#5340,#5339,#7180,.T.);
#3769=EDGE_CURVE('',#5341,#5340,#7181,.T.);
#3770=EDGE_CURVE('',#5342,#5341,#7182,.T.);
#3771=EDGE_CURVE('',#5343,#5350,#7183,.T.);
#3772=EDGE_CURVE('',#5344,#5343,#7184,.T.);
#3773=EDGE_CURVE('',#5345,#5344,#7185,.T.);
#3774=EDGE_CURVE('',#5346,#5345,#7186,.T.);
#3775=EDGE_CURVE('',#5347,#5346,#7187,.T.);
#3776=EDGE_CURVE('',#5348,#5347,#7188,.T.);
#3777=EDGE_CURVE('',#5349,#5348,#7189,.T.);
#3778=EDGE_CURVE('',#5350,#5349,#7190,.T.);
#3779=EDGE_CURVE('',#5303,#5295,#7191,.T.);
#3780=EDGE_CURVE('',#5302,#5297,#7192,.T.);
#3781=EDGE_CURVE('',#5293,#5304,#7193,.T.);
#3782=EDGE_CURVE('',#5299,#5301,#7194,.T.);
#3783=EDGE_CURVE('',#5299,#5351,#7195,.T.);
#3784=EDGE_CURVE('',#5351,#5352,#7196,.T.);
#3785=EDGE_CURVE('',#5300,#5352,#7197,.T.);
#3786=EDGE_CURVE('',#5351,#5353,#7198,.T.);
#3787=EDGE_CURVE('',#5353,#5354,#7199,.T.);
#3788=EDGE_CURVE('',#5352,#5354,#7200,.T.);
#3789=EDGE_CURVE('',#5353,#5355,#7201,.T.);
#3790=EDGE_CURVE('',#5355,#5356,#7202,.T.);
#3791=EDGE_CURVE('',#5354,#5356,#7203,.T.);
#3792=EDGE_CURVE('',#5355,#5357,#7204,.T.);
#3793=EDGE_CURVE('',#5356,#5358,#7205,.T.);
#3794=EDGE_CURVE('',#5357,#5358,#7206,.T.);
#3795=EDGE_CURVE('',#5297,#5359,#7207,.T.);
#3796=EDGE_CURVE('',#5359,#5360,#7208,.T.);
#3797=EDGE_CURVE('',#5298,#5360,#7209,.T.);
#3798=EDGE_CURVE('',#5359,#5361,#7210,.T.);
#3799=EDGE_CURVE('',#5361,#5362,#7211,.T.);
#3800=EDGE_CURVE('',#5360,#5362,#7212,.T.);
#3801=EDGE_CURVE('',#5361,#5363,#7213,.T.);
#3802=EDGE_CURVE('',#5363,#5364,#7214,.T.);
#3803=EDGE_CURVE('',#5362,#5364,#7215,.T.);
#3804=EDGE_CURVE('',#5363,#5365,#7216,.T.);
#3805=EDGE_CURVE('',#5364,#5366,#7217,.T.);
#3806=EDGE_CURVE('',#5365,#5366,#7218,.T.);
#3807=EDGE_CURVE('',#5293,#5367,#7219,.T.);
#3808=EDGE_CURVE('',#5367,#5368,#7220,.T.);
#3809=EDGE_CURVE('',#5294,#5368,#7221,.T.);
#3810=EDGE_CURVE('',#5367,#5369,#7222,.T.);
#3811=EDGE_CURVE('',#5369,#5370,#7223,.T.);
#3812=EDGE_CURVE('',#5368,#5370,#7224,.T.);
#3813=EDGE_CURVE('',#5369,#5371,#7225,.T.);
#3814=EDGE_CURVE('',#5371,#5372,#7226,.T.);
#3815=EDGE_CURVE('',#5370,#5372,#7227,.T.);
#3816=EDGE_CURVE('',#5371,#5373,#7228,.T.);
#3817=EDGE_CURVE('',#5372,#5374,#7229,.T.);
#3818=EDGE_CURVE('',#5373,#5374,#7230,.T.);
#3819=EDGE_CURVE('',#5295,#5375,#7231,.T.);
#3820=EDGE_CURVE('',#5375,#5376,#7232,.T.);
#3821=EDGE_CURVE('',#5296,#5376,#7233,.T.);
#3822=EDGE_CURVE('',#5375,#5377,#7234,.T.);
#3823=EDGE_CURVE('',#5377,#5378,#7235,.T.);
#3824=EDGE_CURVE('',#5376,#5378,#7236,.T.);
#3825=EDGE_CURVE('',#5377,#5379,#7237,.T.);
#3826=EDGE_CURVE('',#5379,#5380,#7238,.T.);
#3827=EDGE_CURVE('',#5378,#5380,#7239,.T.);
#3828=EDGE_CURVE('',#5379,#5381,#7240,.T.);
#3829=EDGE_CURVE('',#5380,#5382,#7241,.T.);
#3830=EDGE_CURVE('',#5381,#5382,#7242,.T.);
#3831=EDGE_CURVE('',#5383,#5384,#7243,.T.);
#3832=EDGE_CURVE('',#5385,#5386,#7244,.T.);
#3833=EDGE_CURVE('',#5387,#5388,#7245,.T.);
#3834=EDGE_CURVE('',#5389,#5390,#7246,.T.);
#3835=EDGE_CURVE('',#5386,#5384,#7247,.T.);
#3836=EDGE_CURVE('',#5388,#5390,#7248,.T.);
#3837=EDGE_CURVE('',#5391,#5416,#7249,.T.);
#3838=EDGE_CURVE('',#5395,#5392,#7250,.T.);
#3839=EDGE_CURVE('',#5396,#5395,#7251,.T.);
#3840=EDGE_CURVE('',#5397,#5396,#7252,.T.);
#3841=EDGE_CURVE('',#5398,#5397,#7253,.T.);
#3842=EDGE_CURVE('',#5399,#5398,#7254,.T.);
#3843=EDGE_CURVE('',#5400,#5399,#7255,.T.);
#3844=EDGE_CURVE('',#5401,#5400,#7256,.T.);
#3845=EDGE_CURVE('',#5402,#5401,#7257,.T.);
#3846=EDGE_CURVE('',#5403,#5402,#7258,.T.);
#3847=EDGE_CURVE('',#5404,#5403,#7259,.T.);
#3848=EDGE_CURVE('',#5405,#5404,#7260,.T.);
#3849=EDGE_CURVE('',#5393,#5405,#7261,.T.);
#3850=EDGE_CURVE('',#5406,#5394,#7262,.T.);
#3851=EDGE_CURVE('',#5407,#5406,#7263,.T.);
#3852=EDGE_CURVE('',#5408,#5407,#7264,.T.);
#3853=EDGE_CURVE('',#5409,#5408,#7265,.T.);
#3854=EDGE_CURVE('',#5410,#5409,#7266,.T.);
#3855=EDGE_CURVE('',#5411,#5410,#7267,.T.);
#3856=EDGE_CURVE('',#5412,#5411,#7268,.T.);
#3857=EDGE_CURVE('',#5413,#5412,#7269,.T.);
#3858=EDGE_CURVE('',#5414,#5413,#7270,.T.);
#3859=EDGE_CURVE('',#5415,#5414,#7271,.T.);
#3860=EDGE_CURVE('',#5416,#5415,#7272,.T.);
#3861=EDGE_CURVE('',#5417,#5432,#7273,.T.);
#3862=EDGE_CURVE('',#5418,#5417,#7274,.T.);
#3863=EDGE_CURVE('',#5419,#5418,#7275,.T.);
#3864=EDGE_CURVE('',#5420,#5419,#7276,.T.);
#3865=EDGE_CURVE('',#5421,#5420,#7277,.T.);
#3866=EDGE_CURVE('',#5422,#5421,#7278,.T.);
#3867=EDGE_CURVE('',#5423,#5422,#7279,.T.);
#3868=EDGE_CURVE('',#5424,#5423,#7280,.T.);
#3869=EDGE_CURVE('',#5425,#5424,#7281,.T.);
#3870=EDGE_CURVE('',#5426,#5425,#7282,.T.);
#3871=EDGE_CURVE('',#5427,#5426,#7283,.T.);
#3872=EDGE_CURVE('',#5428,#5427,#7284,.T.);
#3873=EDGE_CURVE('',#5429,#5428,#7285,.T.);
#3874=EDGE_CURVE('',#5430,#5429,#7286,.T.);
#3875=EDGE_CURVE('',#5431,#5430,#7287,.T.);
#3876=EDGE_CURVE('',#5432,#5431,#7288,.T.);
#3877=EDGE_CURVE('',#5433,#5440,#7289,.T.);
#3878=EDGE_CURVE('',#5434,#5433,#7290,.T.);
#3879=EDGE_CURVE('',#5435,#5434,#7291,.T.);
#3880=EDGE_CURVE('',#5436,#5435,#7292,.T.);
#3881=EDGE_CURVE('',#5437,#5436,#7293,.T.);
#3882=EDGE_CURVE('',#5438,#5437,#7294,.T.);
#3883=EDGE_CURVE('',#5439,#5438,#7295,.T.);
#3884=EDGE_CURVE('',#5440,#5439,#7296,.T.);
#3885=EDGE_CURVE('',#5393,#5385,#7297,.T.);
#3886=EDGE_CURVE('',#5392,#5387,#7298,.T.);
#3887=EDGE_CURVE('',#5383,#5394,#7299,.T.);
#3888=EDGE_CURVE('',#5389,#5391,#7300,.T.);
#3889=EDGE_CURVE('',#5389,#5441,#7301,.T.);
#3890=EDGE_CURVE('',#5441,#5442,#7302,.T.);
#3891=EDGE_CURVE('',#5390,#5442,#7303,.T.);
#3892=EDGE_CURVE('',#5441,#5443,#7304,.T.);
#3893=EDGE_CURVE('',#5443,#5444,#7305,.T.);
#3894=EDGE_CURVE('',#5442,#5444,#7306,.T.);
#3895=EDGE_CURVE('',#5443,#5445,#7307,.T.);
#3896=EDGE_CURVE('',#5445,#5446,#7308,.T.);
#3897=EDGE_CURVE('',#5444,#5446,#7309,.T.);
#3898=EDGE_CURVE('',#5445,#5447,#7310,.T.);
#3899=EDGE_CURVE('',#5446,#5448,#7311,.T.);
#3900=EDGE_CURVE('',#5447,#5448,#7312,.T.);
#3901=EDGE_CURVE('',#5387,#5449,#7313,.T.);
#3902=EDGE_CURVE('',#5449,#5450,#7314,.T.);
#3903=EDGE_CURVE('',#5388,#5450,#7315,.T.);
#3904=EDGE_CURVE('',#5449,#5451,#7316,.T.);
#3905=EDGE_CURVE('',#5451,#5452,#7317,.T.);
#3906=EDGE_CURVE('',#5450,#5452,#7318,.T.);
#3907=EDGE_CURVE('',#5451,#5453,#7319,.T.);
#3908=EDGE_CURVE('',#5453,#5454,#7320,.T.);
#3909=EDGE_CURVE('',#5452,#5454,#7321,.T.);
#3910=EDGE_CURVE('',#5453,#5455,#7322,.T.);
#3911=EDGE_CURVE('',#5454,#5456,#7323,.T.);
#3912=EDGE_CURVE('',#5455,#5456,#7324,.T.);
#3913=EDGE_CURVE('',#5383,#5457,#7325,.T.);
#3914=EDGE_CURVE('',#5457,#5458,#7326,.T.);
#3915=EDGE_CURVE('',#5384,#5458,#7327,.T.);
#3916=EDGE_CURVE('',#5457,#5459,#7328,.T.);
#3917=EDGE_CURVE('',#5459,#5460,#7329,.T.);
#3918=EDGE_CURVE('',#5458,#5460,#7330,.T.);
#3919=EDGE_CURVE('',#5459,#5461,#7331,.T.);
#3920=EDGE_CURVE('',#5461,#5462,#7332,.T.);
#3921=EDGE_CURVE('',#5460,#5462,#7333,.T.);
#3922=EDGE_CURVE('',#5461,#5463,#7334,.T.);
#3923=EDGE_CURVE('',#5462,#5464,#7335,.T.);
#3924=EDGE_CURVE('',#5463,#5464,#7336,.T.);
#3925=EDGE_CURVE('',#5385,#5465,#7337,.T.);
#3926=EDGE_CURVE('',#5465,#5466,#7338,.T.);
#3927=EDGE_CURVE('',#5386,#5466,#7339,.T.);
#3928=EDGE_CURVE('',#5465,#5467,#7340,.T.);
#3929=EDGE_CURVE('',#5467,#5468,#7341,.T.);
#3930=EDGE_CURVE('',#5466,#5468,#7342,.T.);
#3931=EDGE_CURVE('',#5467,#5469,#7343,.T.);
#3932=EDGE_CURVE('',#5469,#5470,#7344,.T.);
#3933=EDGE_CURVE('',#5468,#5470,#7345,.T.);
#3934=EDGE_CURVE('',#5469,#5471,#7346,.T.);
#3935=EDGE_CURVE('',#5470,#5472,#7347,.T.);
#3936=EDGE_CURVE('',#5471,#5472,#7348,.T.);
#3937=EDGE_CURVE('',#5473,#5474,#7349,.T.);
#3938=EDGE_CURVE('',#5475,#5476,#7350,.T.);
#3939=EDGE_CURVE('',#5477,#5478,#7351,.T.);
#3940=EDGE_CURVE('',#5479,#5480,#7352,.T.);
#3941=EDGE_CURVE('',#5476,#5474,#7353,.T.);
#3942=EDGE_CURVE('',#5478,#5480,#7354,.T.);
#3943=EDGE_CURVE('',#5481,#5506,#7355,.T.);
#3944=EDGE_CURVE('',#5485,#5482,#7356,.T.);
#3945=EDGE_CURVE('',#5486,#5485,#7357,.T.);
#3946=EDGE_CURVE('',#5487,#5486,#7358,.T.);
#3947=EDGE_CURVE('',#5488,#5487,#7359,.T.);
#3948=EDGE_CURVE('',#5489,#5488,#7360,.T.);
#3949=EDGE_CURVE('',#5490,#5489,#7361,.T.);
#3950=EDGE_CURVE('',#5491,#5490,#7362,.T.);
#3951=EDGE_CURVE('',#5492,#5491,#7363,.T.);
#3952=EDGE_CURVE('',#5493,#5492,#7364,.T.);
#3953=EDGE_CURVE('',#5494,#5493,#7365,.T.);
#3954=EDGE_CURVE('',#5495,#5494,#7366,.T.);
#3955=EDGE_CURVE('',#5483,#5495,#7367,.T.);
#3956=EDGE_CURVE('',#5496,#5484,#7368,.T.);
#3957=EDGE_CURVE('',#5497,#5496,#7369,.T.);
#3958=EDGE_CURVE('',#5498,#5497,#7370,.T.);
#3959=EDGE_CURVE('',#5499,#5498,#7371,.T.);
#3960=EDGE_CURVE('',#5500,#5499,#7372,.T.);
#3961=EDGE_CURVE('',#5501,#5500,#7373,.T.);
#3962=EDGE_CURVE('',#5502,#5501,#7374,.T.);
#3963=EDGE_CURVE('',#5503,#5502,#7375,.T.);
#3964=EDGE_CURVE('',#5504,#5503,#7376,.T.);
#3965=EDGE_CURVE('',#5505,#5504,#7377,.T.);
#3966=EDGE_CURVE('',#5506,#5505,#7378,.T.);
#3967=EDGE_CURVE('',#5507,#5522,#7379,.T.);
#3968=EDGE_CURVE('',#5508,#5507,#7380,.T.);
#3969=EDGE_CURVE('',#5509,#5508,#7381,.T.);
#3970=EDGE_CURVE('',#5510,#5509,#7382,.T.);
#3971=EDGE_CURVE('',#5511,#5510,#7383,.T.);
#3972=EDGE_CURVE('',#5512,#5511,#7384,.T.);
#3973=EDGE_CURVE('',#5513,#5512,#7385,.T.);
#3974=EDGE_CURVE('',#5514,#5513,#7386,.T.);
#3975=EDGE_CURVE('',#5515,#5514,#7387,.T.);
#3976=EDGE_CURVE('',#5516,#5515,#7388,.T.);
#3977=EDGE_CURVE('',#5517,#5516,#7389,.T.);
#3978=EDGE_CURVE('',#5518,#5517,#7390,.T.);
#3979=EDGE_CURVE('',#5519,#5518,#7391,.T.);
#3980=EDGE_CURVE('',#5520,#5519,#7392,.T.);
#3981=EDGE_CURVE('',#5521,#5520,#7393,.T.);
#3982=EDGE_CURVE('',#5522,#5521,#7394,.T.);
#3983=EDGE_CURVE('',#5523,#5530,#7395,.T.);
#3984=EDGE_CURVE('',#5524,#5523,#7396,.T.);
#3985=EDGE_CURVE('',#5525,#5524,#7397,.T.);
#3986=EDGE_CURVE('',#5526,#5525,#7398,.T.);
#3987=EDGE_CURVE('',#5527,#5526,#7399,.T.);
#3988=EDGE_CURVE('',#5528,#5527,#7400,.T.);
#3989=EDGE_CURVE('',#5529,#5528,#7401,.T.);
#3990=EDGE_CURVE('',#5530,#5529,#7402,.T.);
#3991=EDGE_CURVE('',#5483,#5475,#7403,.T.);
#3992=EDGE_CURVE('',#5482,#5477,#7404,.T.);
#3993=EDGE_CURVE('',#5473,#5484,#7405,.T.);
#3994=EDGE_CURVE('',#5479,#5481,#7406,.T.);
#3995=EDGE_CURVE('',#5479,#5531,#7407,.T.);
#3996=EDGE_CURVE('',#5531,#5532,#7408,.T.);
#3997=EDGE_CURVE('',#5480,#5532,#7409,.T.);
#3998=EDGE_CURVE('',#5531,#5533,#7410,.T.);
#3999=EDGE_CURVE('',#5533,#5534,#7411,.T.);
#4000=EDGE_CURVE('',#5532,#5534,#7412,.T.);
#4001=EDGE_CURVE('',#5533,#5535,#7413,.T.);
#4002=EDGE_CURVE('',#5535,#5536,#7414,.T.);
#4003=EDGE_CURVE('',#5534,#5536,#7415,.T.);
#4004=EDGE_CURVE('',#5535,#5537,#7416,.T.);
#4005=EDGE_CURVE('',#5536,#5538,#7417,.T.);
#4006=EDGE_CURVE('',#5537,#5538,#7418,.T.);
#4007=EDGE_CURVE('',#5477,#5539,#7419,.T.);
#4008=EDGE_CURVE('',#5539,#5540,#7420,.T.);
#4009=EDGE_CURVE('',#5478,#5540,#7421,.T.);
#4010=EDGE_CURVE('',#5539,#5541,#7422,.T.);
#4011=EDGE_CURVE('',#5541,#5542,#7423,.T.);
#4012=EDGE_CURVE('',#5540,#5542,#7424,.T.);
#4013=EDGE_CURVE('',#5541,#5543,#7425,.T.);
#4014=EDGE_CURVE('',#5543,#5544,#7426,.T.);
#4015=EDGE_CURVE('',#5542,#5544,#7427,.T.);
#4016=EDGE_CURVE('',#5543,#5545,#7428,.T.);
#4017=EDGE_CURVE('',#5544,#5546,#7429,.T.);
#4018=EDGE_CURVE('',#5545,#5546,#7430,.T.);
#4019=EDGE_CURVE('',#5473,#5547,#7431,.T.);
#4020=EDGE_CURVE('',#5547,#5548,#7432,.T.);
#4021=EDGE_CURVE('',#5474,#5548,#7433,.T.);
#4022=EDGE_CURVE('',#5547,#5549,#7434,.T.);
#4023=EDGE_CURVE('',#5549,#5550,#7435,.T.);
#4024=EDGE_CURVE('',#5548,#5550,#7436,.T.);
#4025=EDGE_CURVE('',#5549,#5551,#7437,.T.);
#4026=EDGE_CURVE('',#5551,#5552,#7438,.T.);
#4027=EDGE_CURVE('',#5550,#5552,#7439,.T.);
#4028=EDGE_CURVE('',#5551,#5553,#7440,.T.);
#4029=EDGE_CURVE('',#5552,#5554,#7441,.T.);
#4030=EDGE_CURVE('',#5553,#5554,#7442,.T.);
#4031=EDGE_CURVE('',#5475,#5555,#7443,.T.);
#4032=EDGE_CURVE('',#5555,#5556,#7444,.T.);
#4033=EDGE_CURVE('',#5476,#5556,#7445,.T.);
#4034=EDGE_CURVE('',#5555,#5557,#7446,.T.);
#4035=EDGE_CURVE('',#5557,#5558,#7447,.T.);
#4036=EDGE_CURVE('',#5556,#5558,#7448,.T.);
#4037=EDGE_CURVE('',#5557,#5559,#7449,.T.);
#4038=EDGE_CURVE('',#5559,#5560,#7450,.T.);
#4039=EDGE_CURVE('',#5558,#5560,#7451,.T.);
#4040=EDGE_CURVE('',#5559,#5561,#7452,.T.);
#4041=EDGE_CURVE('',#5560,#5562,#7453,.T.);
#4042=EDGE_CURVE('',#5561,#5562,#7454,.T.);
#4043=EDGE_CURVE('',#5563,#5564,#7455,.T.);
#4044=EDGE_CURVE('',#5565,#5566,#7456,.T.);
#4045=EDGE_CURVE('',#5567,#5568,#7457,.T.);
#4046=EDGE_CURVE('',#5569,#5570,#7458,.T.);
#4047=EDGE_CURVE('',#5566,#5564,#7459,.T.);
#4048=EDGE_CURVE('',#5568,#5570,#7460,.T.);
#4049=EDGE_CURVE('',#5571,#5596,#7461,.T.);
#4050=EDGE_CURVE('',#5575,#5572,#7462,.T.);
#4051=EDGE_CURVE('',#5576,#5575,#7463,.T.);
#4052=EDGE_CURVE('',#5577,#5576,#7464,.T.);
#4053=EDGE_CURVE('',#5578,#5577,#7465,.T.);
#4054=EDGE_CURVE('',#5579,#5578,#7466,.T.);
#4055=EDGE_CURVE('',#5580,#5579,#7467,.T.);
#4056=EDGE_CURVE('',#5581,#5580,#7468,.T.);
#4057=EDGE_CURVE('',#5582,#5581,#7469,.T.);
#4058=EDGE_CURVE('',#5583,#5582,#7470,.T.);
#4059=EDGE_CURVE('',#5584,#5583,#7471,.T.);
#4060=EDGE_CURVE('',#5585,#5584,#7472,.T.);
#4061=EDGE_CURVE('',#5573,#5585,#7473,.T.);
#4062=EDGE_CURVE('',#5586,#5574,#7474,.T.);
#4063=EDGE_CURVE('',#5587,#5586,#7475,.T.);
#4064=EDGE_CURVE('',#5588,#5587,#7476,.T.);
#4065=EDGE_CURVE('',#5589,#5588,#7477,.T.);
#4066=EDGE_CURVE('',#5590,#5589,#7478,.T.);
#4067=EDGE_CURVE('',#5591,#5590,#7479,.T.);
#4068=EDGE_CURVE('',#5592,#5591,#7480,.T.);
#4069=EDGE_CURVE('',#5593,#5592,#7481,.T.);
#4070=EDGE_CURVE('',#5594,#5593,#7482,.T.);
#4071=EDGE_CURVE('',#5595,#5594,#7483,.T.);
#4072=EDGE_CURVE('',#5596,#5595,#7484,.T.);
#4073=EDGE_CURVE('',#5597,#5612,#7485,.T.);
#4074=EDGE_CURVE('',#5598,#5597,#7486,.T.);
#4075=EDGE_CURVE('',#5599,#5598,#7487,.T.);
#4076=EDGE_CURVE('',#5600,#5599,#7488,.T.);
#4077=EDGE_CURVE('',#5601,#5600,#7489,.T.);
#4078=EDGE_CURVE('',#5602,#5601,#7490,.T.);
#4079=EDGE_CURVE('',#5603,#5602,#7491,.T.);
#4080=EDGE_CURVE('',#5604,#5603,#7492,.T.);
#4081=EDGE_CURVE('',#5605,#5604,#7493,.T.);
#4082=EDGE_CURVE('',#5606,#5605,#7494,.T.);
#4083=EDGE_CURVE('',#5607,#5606,#7495,.T.);
#4084=EDGE_CURVE('',#5608,#5607,#7496,.T.);
#4085=EDGE_CURVE('',#5609,#5608,#7497,.T.);
#4086=EDGE_CURVE('',#5610,#5609,#7498,.T.);
#4087=EDGE_CURVE('',#5611,#5610,#7499,.T.);
#4088=EDGE_CURVE('',#5612,#5611,#7500,.T.);
#4089=EDGE_CURVE('',#5613,#5620,#7501,.T.);
#4090=EDGE_CURVE('',#5614,#5613,#7502,.T.);
#4091=EDGE_CURVE('',#5615,#5614,#7503,.T.);
#4092=EDGE_CURVE('',#5616,#5615,#7504,.T.);
#4093=EDGE_CURVE('',#5617,#5616,#7505,.T.);
#4094=EDGE_CURVE('',#5618,#5617,#7506,.T.);
#4095=EDGE_CURVE('',#5619,#5618,#7507,.T.);
#4096=EDGE_CURVE('',#5620,#5619,#7508,.T.);
#4097=EDGE_CURVE('',#5573,#5565,#7509,.T.);
#4098=EDGE_CURVE('',#5572,#5567,#7510,.T.);
#4099=EDGE_CURVE('',#5563,#5574,#7511,.T.);
#4100=EDGE_CURVE('',#5569,#5571,#7512,.T.);
#4101=EDGE_CURVE('',#5569,#5621,#7513,.T.);
#4102=EDGE_CURVE('',#5621,#5622,#7514,.T.);
#4103=EDGE_CURVE('',#5570,#5622,#7515,.T.);
#4104=EDGE_CURVE('',#5621,#5623,#7516,.T.);
#4105=EDGE_CURVE('',#5623,#5624,#7517,.T.);
#4106=EDGE_CURVE('',#5622,#5624,#7518,.T.);
#4107=EDGE_CURVE('',#5623,#5625,#7519,.T.);
#4108=EDGE_CURVE('',#5625,#5626,#7520,.T.);
#4109=EDGE_CURVE('',#5624,#5626,#7521,.T.);
#4110=EDGE_CURVE('',#5625,#5627,#7522,.T.);
#4111=EDGE_CURVE('',#5626,#5628,#7523,.T.);
#4112=EDGE_CURVE('',#5627,#5628,#7524,.T.);
#4113=EDGE_CURVE('',#5567,#5629,#7525,.T.);
#4114=EDGE_CURVE('',#5629,#5630,#7526,.T.);
#4115=EDGE_CURVE('',#5568,#5630,#7527,.T.);
#4116=EDGE_CURVE('',#5629,#5631,#7528,.T.);
#4117=EDGE_CURVE('',#5631,#5632,#7529,.T.);
#4118=EDGE_CURVE('',#5630,#5632,#7530,.T.);
#4119=EDGE_CURVE('',#5631,#5633,#7531,.T.);
#4120=EDGE_CURVE('',#5633,#5634,#7532,.T.);
#4121=EDGE_CURVE('',#5632,#5634,#7533,.T.);
#4122=EDGE_CURVE('',#5633,#5635,#7534,.T.);
#4123=EDGE_CURVE('',#5634,#5636,#7535,.T.);
#4124=EDGE_CURVE('',#5635,#5636,#7536,.T.);
#4125=EDGE_CURVE('',#5563,#5637,#7537,.T.);
#4126=EDGE_CURVE('',#5637,#5638,#7538,.T.);
#4127=EDGE_CURVE('',#5564,#5638,#7539,.T.);
#4128=EDGE_CURVE('',#5637,#5639,#7540,.T.);
#4129=EDGE_CURVE('',#5639,#5640,#7541,.T.);
#4130=EDGE_CURVE('',#5638,#5640,#7542,.T.);
#4131=EDGE_CURVE('',#5639,#5641,#7543,.T.);
#4132=EDGE_CURVE('',#5641,#5642,#7544,.T.);
#4133=EDGE_CURVE('',#5640,#5642,#7545,.T.);
#4134=EDGE_CURVE('',#5641,#5643,#7546,.T.);
#4135=EDGE_CURVE('',#5642,#5644,#7547,.T.);
#4136=EDGE_CURVE('',#5643,#5644,#7548,.T.);
#4137=EDGE_CURVE('',#5565,#5645,#7549,.T.);
#4138=EDGE_CURVE('',#5645,#5646,#7550,.T.);
#4139=EDGE_CURVE('',#5566,#5646,#7551,.T.);
#4140=EDGE_CURVE('',#5645,#5647,#7552,.T.);
#4141=EDGE_CURVE('',#5647,#5648,#7553,.T.);
#4142=EDGE_CURVE('',#5646,#5648,#7554,.T.);
#4143=EDGE_CURVE('',#5647,#5649,#7555,.T.);
#4144=EDGE_CURVE('',#5649,#5650,#7556,.T.);
#4145=EDGE_CURVE('',#5648,#5650,#7557,.T.);
#4146=EDGE_CURVE('',#5649,#5651,#7558,.T.);
#4147=EDGE_CURVE('',#5650,#5652,#7559,.T.);
#4148=EDGE_CURVE('',#5651,#5652,#7560,.T.);
#4149=EDGE_CURVE('',#5653,#5654,#7561,.T.);
#4150=EDGE_CURVE('',#5655,#5656,#7562,.T.);
#4151=EDGE_CURVE('',#5657,#5658,#7563,.T.);
#4152=EDGE_CURVE('',#5659,#5660,#7564,.T.);
#4153=EDGE_CURVE('',#5656,#5654,#7565,.T.);
#4154=EDGE_CURVE('',#5658,#5660,#7566,.T.);
#4155=EDGE_CURVE('',#5661,#5686,#7567,.T.);
#4156=EDGE_CURVE('',#5665,#5662,#7568,.T.);
#4157=EDGE_CURVE('',#5666,#5665,#7569,.T.);
#4158=EDGE_CURVE('',#5667,#5666,#7570,.T.);
#4159=EDGE_CURVE('',#5668,#5667,#7571,.T.);
#4160=EDGE_CURVE('',#5669,#5668,#7572,.T.);
#4161=EDGE_CURVE('',#5670,#5669,#7573,.T.);
#4162=EDGE_CURVE('',#5671,#5670,#7574,.T.);
#4163=EDGE_CURVE('',#5672,#5671,#7575,.T.);
#4164=EDGE_CURVE('',#5673,#5672,#7576,.T.);
#4165=EDGE_CURVE('',#5674,#5673,#7577,.T.);
#4166=EDGE_CURVE('',#5675,#5674,#7578,.T.);
#4167=EDGE_CURVE('',#5663,#5675,#7579,.T.);
#4168=EDGE_CURVE('',#5676,#5664,#7580,.T.);
#4169=EDGE_CURVE('',#5677,#5676,#7581,.T.);
#4170=EDGE_CURVE('',#5678,#5677,#7582,.T.);
#4171=EDGE_CURVE('',#5679,#5678,#7583,.T.);
#4172=EDGE_CURVE('',#5680,#5679,#7584,.T.);
#4173=EDGE_CURVE('',#5681,#5680,#7585,.T.);
#4174=EDGE_CURVE('',#5682,#5681,#7586,.T.);
#4175=EDGE_CURVE('',#5683,#5682,#7587,.T.);
#4176=EDGE_CURVE('',#5684,#5683,#7588,.T.);
#4177=EDGE_CURVE('',#5685,#5684,#7589,.T.);
#4178=EDGE_CURVE('',#5686,#5685,#7590,.T.);
#4179=EDGE_CURVE('',#5687,#5702,#7591,.T.);
#4180=EDGE_CURVE('',#5688,#5687,#7592,.T.);
#4181=EDGE_CURVE('',#5689,#5688,#7593,.T.);
#4182=EDGE_CURVE('',#5690,#5689,#7594,.T.);
#4183=EDGE_CURVE('',#5691,#5690,#7595,.T.);
#4184=EDGE_CURVE('',#5692,#5691,#7596,.T.);
#4185=EDGE_CURVE('',#5693,#5692,#7597,.T.);
#4186=EDGE_CURVE('',#5694,#5693,#7598,.T.);
#4187=EDGE_CURVE('',#5695,#5694,#7599,.T.);
#4188=EDGE_CURVE('',#5696,#5695,#7600,.T.);
#4189=EDGE_CURVE('',#5697,#5696,#7601,.T.);
#4190=EDGE_CURVE('',#5698,#5697,#7602,.T.);
#4191=EDGE_CURVE('',#5699,#5698,#7603,.T.);
#4192=EDGE_CURVE('',#5700,#5699,#7604,.T.);
#4193=EDGE_CURVE('',#5701,#5700,#7605,.T.);
#4194=EDGE_CURVE('',#5702,#5701,#7606,.T.);
#4195=EDGE_CURVE('',#5703,#5710,#7607,.T.);
#4196=EDGE_CURVE('',#5704,#5703,#7608,.T.);
#4197=EDGE_CURVE('',#5705,#5704,#7609,.T.);
#4198=EDGE_CURVE('',#5706,#5705,#7610,.T.);
#4199=EDGE_CURVE('',#5707,#5706,#7611,.T.);
#4200=EDGE_CURVE('',#5708,#5707,#7612,.T.);
#4201=EDGE_CURVE('',#5709,#5708,#7613,.T.);
#4202=EDGE_CURVE('',#5710,#5709,#7614,.T.);
#4203=EDGE_CURVE('',#5663,#5655,#7615,.T.);
#4204=EDGE_CURVE('',#5662,#5657,#7616,.T.);
#4205=EDGE_CURVE('',#5653,#5664,#7617,.T.);
#4206=EDGE_CURVE('',#5659,#5661,#7618,.T.);
#4207=EDGE_CURVE('',#5659,#5711,#7619,.T.);
#4208=EDGE_CURVE('',#5711,#5712,#7620,.T.);
#4209=EDGE_CURVE('',#5660,#5712,#7621,.T.);
#4210=EDGE_CURVE('',#5711,#5713,#7622,.T.);
#4211=EDGE_CURVE('',#5713,#5714,#7623,.T.);
#4212=EDGE_CURVE('',#5712,#5714,#7624,.T.);
#4213=EDGE_CURVE('',#5713,#5715,#7625,.T.);
#4214=EDGE_CURVE('',#5715,#5716,#7626,.T.);
#4215=EDGE_CURVE('',#5714,#5716,#7627,.T.);
#4216=EDGE_CURVE('',#5715,#5717,#7628,.T.);
#4217=EDGE_CURVE('',#5716,#5718,#7629,.T.);
#4218=EDGE_CURVE('',#5717,#5718,#7630,.T.);
#4219=EDGE_CURVE('',#5657,#5719,#7631,.T.);
#4220=EDGE_CURVE('',#5719,#5720,#7632,.T.);
#4221=EDGE_CURVE('',#5658,#5720,#7633,.T.);
#4222=EDGE_CURVE('',#5719,#5721,#7634,.T.);
#4223=EDGE_CURVE('',#5721,#5722,#7635,.T.);
#4224=EDGE_CURVE('',#5720,#5722,#7636,.T.);
#4225=EDGE_CURVE('',#5721,#5723,#7637,.T.);
#4226=EDGE_CURVE('',#5723,#5724,#7638,.T.);
#4227=EDGE_CURVE('',#5722,#5724,#7639,.T.);
#4228=EDGE_CURVE('',#5723,#5725,#7640,.T.);
#4229=EDGE_CURVE('',#5724,#5726,#7641,.T.);
#4230=EDGE_CURVE('',#5725,#5726,#7642,.T.);
#4231=EDGE_CURVE('',#5653,#5727,#7643,.T.);
#4232=EDGE_CURVE('',#5727,#5728,#7644,.T.);
#4233=EDGE_CURVE('',#5654,#5728,#7645,.T.);
#4234=EDGE_CURVE('',#5727,#5729,#7646,.T.);
#4235=EDGE_CURVE('',#5729,#5730,#7647,.T.);
#4236=EDGE_CURVE('',#5728,#5730,#7648,.T.);
#4237=EDGE_CURVE('',#5729,#5731,#7649,.T.);
#4238=EDGE_CURVE('',#5731,#5732,#7650,.T.);
#4239=EDGE_CURVE('',#5730,#5732,#7651,.T.);
#4240=EDGE_CURVE('',#5731,#5733,#7652,.T.);
#4241=EDGE_CURVE('',#5732,#5734,#7653,.T.);
#4242=EDGE_CURVE('',#5733,#5734,#7654,.T.);
#4243=EDGE_CURVE('',#5655,#5735,#7655,.T.);
#4244=EDGE_CURVE('',#5735,#5736,#7656,.T.);
#4245=EDGE_CURVE('',#5656,#5736,#7657,.T.);
#4246=EDGE_CURVE('',#5735,#5737,#7658,.T.);
#4247=EDGE_CURVE('',#5737,#5738,#7659,.T.);
#4248=EDGE_CURVE('',#5736,#5738,#7660,.T.);
#4249=EDGE_CURVE('',#5737,#5739,#7661,.T.);
#4250=EDGE_CURVE('',#5739,#5740,#7662,.T.);
#4251=EDGE_CURVE('',#5738,#5740,#7663,.T.);
#4252=EDGE_CURVE('',#5739,#5741,#7664,.T.);
#4253=EDGE_CURVE('',#5740,#5742,#7665,.T.);
#4254=EDGE_CURVE('',#5741,#5742,#7666,.T.);
#4255=EDGE_CURVE('',#5743,#5744,#7667,.T.);
#4256=EDGE_CURVE('',#5745,#5746,#7668,.T.);
#4257=EDGE_CURVE('',#5747,#5748,#7669,.T.);
#4258=EDGE_CURVE('',#5749,#5750,#7670,.T.);
#4259=EDGE_CURVE('',#5746,#5744,#7671,.T.);
#4260=EDGE_CURVE('',#5748,#5750,#7672,.T.);
#4261=EDGE_CURVE('',#5751,#5776,#7673,.T.);
#4262=EDGE_CURVE('',#5755,#5752,#7674,.T.);
#4263=EDGE_CURVE('',#5756,#5755,#7675,.T.);
#4264=EDGE_CURVE('',#5757,#5756,#7676,.T.);
#4265=EDGE_CURVE('',#5758,#5757,#7677,.T.);
#4266=EDGE_CURVE('',#5759,#5758,#7678,.T.);
#4267=EDGE_CURVE('',#5760,#5759,#7679,.T.);
#4268=EDGE_CURVE('',#5761,#5760,#7680,.T.);
#4269=EDGE_CURVE('',#5762,#5761,#7681,.T.);
#4270=EDGE_CURVE('',#5763,#5762,#7682,.T.);
#4271=EDGE_CURVE('',#5764,#5763,#7683,.T.);
#4272=EDGE_CURVE('',#5765,#5764,#7684,.T.);
#4273=EDGE_CURVE('',#5753,#5765,#7685,.T.);
#4274=EDGE_CURVE('',#5766,#5754,#7686,.T.);
#4275=EDGE_CURVE('',#5767,#5766,#7687,.T.);
#4276=EDGE_CURVE('',#5768,#5767,#7688,.T.);
#4277=EDGE_CURVE('',#5769,#5768,#7689,.T.);
#4278=EDGE_CURVE('',#5770,#5769,#7690,.T.);
#4279=EDGE_CURVE('',#5771,#5770,#7691,.T.);
#4280=EDGE_CURVE('',#5772,#5771,#7692,.T.);
#4281=EDGE_CURVE('',#5773,#5772,#7693,.T.);
#4282=EDGE_CURVE('',#5774,#5773,#7694,.T.);
#4283=EDGE_CURVE('',#5775,#5774,#7695,.T.);
#4284=EDGE_CURVE('',#5776,#5775,#7696,.T.);
#4285=EDGE_CURVE('',#5777,#5792,#7697,.T.);
#4286=EDGE_CURVE('',#5778,#5777,#7698,.T.);
#4287=EDGE_CURVE('',#5779,#5778,#7699,.T.);
#4288=EDGE_CURVE('',#5780,#5779,#7700,.T.);
#4289=EDGE_CURVE('',#5781,#5780,#7701,.T.);
#4290=EDGE_CURVE('',#5782,#5781,#7702,.T.);
#4291=EDGE_CURVE('',#5783,#5782,#7703,.T.);
#4292=EDGE_CURVE('',#5784,#5783,#7704,.T.);
#4293=EDGE_CURVE('',#5785,#5784,#7705,.T.);
#4294=EDGE_CURVE('',#5786,#5785,#7706,.T.);
#4295=EDGE_CURVE('',#5787,#5786,#7707,.T.);
#4296=EDGE_CURVE('',#5788,#5787,#7708,.T.);
#4297=EDGE_CURVE('',#5789,#5788,#7709,.T.);
#4298=EDGE_CURVE('',#5790,#5789,#7710,.T.);
#4299=EDGE_CURVE('',#5791,#5790,#7711,.T.);
#4300=EDGE_CURVE('',#5792,#5791,#7712,.T.);
#4301=EDGE_CURVE('',#5793,#5800,#7713,.T.);
#4302=EDGE_CURVE('',#5794,#5793,#7714,.T.);
#4303=EDGE_CURVE('',#5795,#5794,#7715,.T.);
#4304=EDGE_CURVE('',#5796,#5795,#7716,.T.);
#4305=EDGE_CURVE('',#5797,#5796,#7717,.T.);
#4306=EDGE_CURVE('',#5798,#5797,#7718,.T.);
#4307=EDGE_CURVE('',#5799,#5798,#7719,.T.);
#4308=EDGE_CURVE('',#5800,#5799,#7720,.T.);
#4309=EDGE_CURVE('',#5753,#5745,#7721,.T.);
#4310=EDGE_CURVE('',#5752,#5747,#7722,.T.);
#4311=EDGE_CURVE('',#5743,#5754,#7723,.T.);
#4312=EDGE_CURVE('',#5749,#5751,#7724,.T.);
#4313=EDGE_CURVE('',#5749,#5801,#7725,.T.);
#4314=EDGE_CURVE('',#5801,#5802,#7726,.T.);
#4315=EDGE_CURVE('',#5750,#5802,#7727,.T.);
#4316=EDGE_CURVE('',#5801,#5803,#7728,.T.);
#4317=EDGE_CURVE('',#5803,#5804,#7729,.T.);
#4318=EDGE_CURVE('',#5802,#5804,#7730,.T.);
#4319=EDGE_CURVE('',#5803,#5805,#7731,.T.);
#4320=EDGE_CURVE('',#5805,#5806,#7732,.T.);
#4321=EDGE_CURVE('',#5804,#5806,#7733,.T.);
#4322=EDGE_CURVE('',#5805,#5807,#7734,.T.);
#4323=EDGE_CURVE('',#5806,#5808,#7735,.T.);
#4324=EDGE_CURVE('',#5807,#5808,#7736,.T.);
#4325=EDGE_CURVE('',#5747,#5809,#7737,.T.);
#4326=EDGE_CURVE('',#5809,#5810,#7738,.T.);
#4327=EDGE_CURVE('',#5748,#5810,#7739,.T.);
#4328=EDGE_CURVE('',#5809,#5811,#7740,.T.);
#4329=EDGE_CURVE('',#5811,#5812,#7741,.T.);
#4330=EDGE_CURVE('',#5810,#5812,#7742,.T.);
#4331=EDGE_CURVE('',#5811,#5813,#7743,.T.);
#4332=EDGE_CURVE('',#5813,#5814,#7744,.T.);
#4333=EDGE_CURVE('',#5812,#5814,#7745,.T.);
#4334=EDGE_CURVE('',#5813,#5815,#7746,.T.);
#4335=EDGE_CURVE('',#5814,#5816,#7747,.T.);
#4336=EDGE_CURVE('',#5815,#5816,#7748,.T.);
#4337=EDGE_CURVE('',#5743,#5817,#7749,.T.);
#4338=EDGE_CURVE('',#5817,#5818,#7750,.T.);
#4339=EDGE_CURVE('',#5744,#5818,#7751,.T.);
#4340=EDGE_CURVE('',#5817,#5819,#7752,.T.);
#4341=EDGE_CURVE('',#5819,#5820,#7753,.T.);
#4342=EDGE_CURVE('',#5818,#5820,#7754,.T.);
#4343=EDGE_CURVE('',#5819,#5821,#7755,.T.);
#4344=EDGE_CURVE('',#5821,#5822,#7756,.T.);
#4345=EDGE_CURVE('',#5820,#5822,#7757,.T.);
#4346=EDGE_CURVE('',#5821,#5823,#7758,.T.);
#4347=EDGE_CURVE('',#5822,#5824,#7759,.T.);
#4348=EDGE_CURVE('',#5823,#5824,#7760,.T.);
#4349=EDGE_CURVE('',#5745,#5825,#7761,.T.);
#4350=EDGE_CURVE('',#5825,#5826,#7762,.T.);
#4351=EDGE_CURVE('',#5746,#5826,#7763,.T.);
#4352=EDGE_CURVE('',#5825,#5827,#7764,.T.);
#4353=EDGE_CURVE('',#5827,#5828,#7765,.T.);
#4354=EDGE_CURVE('',#5826,#5828,#7766,.T.);
#4355=EDGE_CURVE('',#5827,#5829,#7767,.T.);
#4356=EDGE_CURVE('',#5829,#5830,#7768,.T.);
#4357=EDGE_CURVE('',#5828,#5830,#7769,.T.);
#4358=EDGE_CURVE('',#5829,#5831,#7770,.T.);
#4359=EDGE_CURVE('',#5830,#5832,#7771,.T.);
#4360=EDGE_CURVE('',#5831,#5832,#7772,.T.);
#4361=EDGE_CURVE('',#5833,#5834,#7773,.T.);
#4362=EDGE_CURVE('',#5835,#5836,#7774,.T.);
#4363=EDGE_CURVE('',#5837,#5838,#7775,.T.);
#4364=EDGE_CURVE('',#5839,#5840,#7776,.T.);
#4365=EDGE_CURVE('',#5836,#5834,#7777,.T.);
#4366=EDGE_CURVE('',#5838,#5840,#7778,.T.);
#4367=EDGE_CURVE('',#5841,#5866,#7779,.T.);
#4368=EDGE_CURVE('',#5845,#5842,#7780,.T.);
#4369=EDGE_CURVE('',#5846,#5845,#7781,.T.);
#4370=EDGE_CURVE('',#5847,#5846,#7782,.T.);
#4371=EDGE_CURVE('',#5848,#5847,#7783,.T.);
#4372=EDGE_CURVE('',#5849,#5848,#7784,.T.);
#4373=EDGE_CURVE('',#5850,#5849,#7785,.T.);
#4374=EDGE_CURVE('',#5851,#5850,#7786,.T.);
#4375=EDGE_CURVE('',#5852,#5851,#7787,.T.);
#4376=EDGE_CURVE('',#5853,#5852,#7788,.T.);
#4377=EDGE_CURVE('',#5854,#5853,#7789,.T.);
#4378=EDGE_CURVE('',#5855,#5854,#7790,.T.);
#4379=EDGE_CURVE('',#5843,#5855,#7791,.T.);
#4380=EDGE_CURVE('',#5856,#5844,#7792,.T.);
#4381=EDGE_CURVE('',#5857,#5856,#7793,.T.);
#4382=EDGE_CURVE('',#5858,#5857,#7794,.T.);
#4383=EDGE_CURVE('',#5859,#5858,#7795,.T.);
#4384=EDGE_CURVE('',#5860,#5859,#7796,.T.);
#4385=EDGE_CURVE('',#5861,#5860,#7797,.T.);
#4386=EDGE_CURVE('',#5862,#5861,#7798,.T.);
#4387=EDGE_CURVE('',#5863,#5862,#7799,.T.);
#4388=EDGE_CURVE('',#5864,#5863,#7800,.T.);
#4389=EDGE_CURVE('',#5865,#5864,#7801,.T.);
#4390=EDGE_CURVE('',#5866,#5865,#7802,.T.);
#4391=EDGE_CURVE('',#5867,#5882,#7803,.T.);
#4392=EDGE_CURVE('',#5868,#5867,#7804,.T.);
#4393=EDGE_CURVE('',#5869,#5868,#7805,.T.);
#4394=EDGE_CURVE('',#5870,#5869,#7806,.T.);
#4395=EDGE_CURVE('',#5871,#5870,#7807,.T.);
#4396=EDGE_CURVE('',#5872,#5871,#7808,.T.);
#4397=EDGE_CURVE('',#5873,#5872,#7809,.T.);
#4398=EDGE_CURVE('',#5874,#5873,#7810,.T.);
#4399=EDGE_CURVE('',#5875,#5874,#7811,.T.);
#4400=EDGE_CURVE('',#5876,#5875,#7812,.T.);
#4401=EDGE_CURVE('',#5877,#5876,#7813,.T.);
#4402=EDGE_CURVE('',#5878,#5877,#7814,.T.);
#4403=EDGE_CURVE('',#5879,#5878,#7815,.T.);
#4404=EDGE_CURVE('',#5880,#5879,#7816,.T.);
#4405=EDGE_CURVE('',#5881,#5880,#7817,.T.);
#4406=EDGE_CURVE('',#5882,#5881,#7818,.T.);
#4407=EDGE_CURVE('',#5883,#5890,#7819,.T.);
#4408=EDGE_CURVE('',#5884,#5883,#7820,.T.);
#4409=EDGE_CURVE('',#5885,#5884,#7821,.T.);
#4410=EDGE_CURVE('',#5886,#5885,#7822,.T.);
#4411=EDGE_CURVE('',#5887,#5886,#7823,.T.);
#4412=EDGE_CURVE('',#5888,#5887,#7824,.T.);
#4413=EDGE_CURVE('',#5889,#5888,#7825,.T.);
#4414=EDGE_CURVE('',#5890,#5889,#7826,.T.);
#4415=EDGE_CURVE('',#5843,#5835,#7827,.T.);
#4416=EDGE_CURVE('',#5842,#5837,#7828,.T.);
#4417=EDGE_CURVE('',#5833,#5844,#7829,.T.);
#4418=EDGE_CURVE('',#5839,#5841,#7830,.T.);
#4419=EDGE_CURVE('',#5839,#5891,#7831,.T.);
#4420=EDGE_CURVE('',#5891,#5892,#7832,.T.);
#4421=EDGE_CURVE('',#5840,#5892,#7833,.T.);
#4422=EDGE_CURVE('',#5891,#5893,#7834,.T.);
#4423=EDGE_CURVE('',#5893,#5894,#7835,.T.);
#4424=EDGE_CURVE('',#5892,#5894,#7836,.T.);
#4425=EDGE_CURVE('',#5893,#5895,#7837,.T.);
#4426=EDGE_CURVE('',#5895,#5896,#7838,.T.);
#4427=EDGE_CURVE('',#5894,#5896,#7839,.T.);
#4428=EDGE_CURVE('',#5895,#5897,#7840,.T.);
#4429=EDGE_CURVE('',#5896,#5898,#7841,.T.);
#4430=EDGE_CURVE('',#5897,#5898,#7842,.T.);
#4431=EDGE_CURVE('',#5837,#5899,#7843,.T.);
#4432=EDGE_CURVE('',#5899,#5900,#7844,.T.);
#4433=EDGE_CURVE('',#5838,#5900,#7845,.T.);
#4434=EDGE_CURVE('',#5899,#5901,#7846,.T.);
#4435=EDGE_CURVE('',#5901,#5902,#7847,.T.);
#4436=EDGE_CURVE('',#5900,#5902,#7848,.T.);
#4437=EDGE_CURVE('',#5901,#5903,#7849,.T.);
#4438=EDGE_CURVE('',#5903,#5904,#7850,.T.);
#4439=EDGE_CURVE('',#5902,#5904,#7851,.T.);
#4440=EDGE_CURVE('',#5903,#5905,#7852,.T.);
#4441=EDGE_CURVE('',#5904,#5906,#7853,.T.);
#4442=EDGE_CURVE('',#5905,#5906,#7854,.T.);
#4443=EDGE_CURVE('',#5833,#5907,#7855,.T.);
#4444=EDGE_CURVE('',#5907,#5908,#7856,.T.);
#4445=EDGE_CURVE('',#5834,#5908,#7857,.T.);
#4446=EDGE_CURVE('',#5907,#5909,#7858,.T.);
#4447=EDGE_CURVE('',#5909,#5910,#7859,.T.);
#4448=EDGE_CURVE('',#5908,#5910,#7860,.T.);
#4449=EDGE_CURVE('',#5909,#5911,#7861,.T.);
#4450=EDGE_CURVE('',#5911,#5912,#7862,.T.);
#4451=EDGE_CURVE('',#5910,#5912,#7863,.T.);
#4452=EDGE_CURVE('',#5911,#5913,#7864,.T.);
#4453=EDGE_CURVE('',#5912,#5914,#7865,.T.);
#4454=EDGE_CURVE('',#5913,#5914,#7866,.T.);
#4455=EDGE_CURVE('',#5835,#5915,#7867,.T.);
#4456=EDGE_CURVE('',#5915,#5916,#7868,.T.);
#4457=EDGE_CURVE('',#5836,#5916,#7869,.T.);
#4458=EDGE_CURVE('',#5915,#5917,#7870,.T.);
#4459=EDGE_CURVE('',#5917,#5918,#7871,.T.);
#4460=EDGE_CURVE('',#5916,#5918,#7872,.T.);
#4461=EDGE_CURVE('',#5917,#5919,#7873,.T.);
#4462=EDGE_CURVE('',#5919,#5920,#7874,.T.);
#4463=EDGE_CURVE('',#5918,#5920,#7875,.T.);
#4464=EDGE_CURVE('',#5919,#5921,#7876,.T.);
#4465=EDGE_CURVE('',#5920,#5922,#7877,.T.);
#4466=EDGE_CURVE('',#5921,#5922,#7878,.T.);
#4467=EDGE_CURVE('',#5923,#5924,#7879,.T.);
#4468=EDGE_CURVE('',#5925,#5926,#7880,.T.);
#4469=EDGE_CURVE('',#5927,#5928,#7881,.T.);
#4470=EDGE_CURVE('',#5929,#5930,#7882,.T.);
#4471=EDGE_CURVE('',#5926,#5924,#7883,.T.);
#4472=EDGE_CURVE('',#5928,#5930,#7884,.T.);
#4473=EDGE_CURVE('',#5931,#5956,#7885,.T.);
#4474=EDGE_CURVE('',#5935,#5932,#7886,.T.);
#4475=EDGE_CURVE('',#5936,#5935,#7887,.T.);
#4476=EDGE_CURVE('',#5937,#5936,#7888,.T.);
#4477=EDGE_CURVE('',#5938,#5937,#7889,.T.);
#4478=EDGE_CURVE('',#5939,#5938,#7890,.T.);
#4479=EDGE_CURVE('',#5940,#5939,#7891,.T.);
#4480=EDGE_CURVE('',#5941,#5940,#7892,.T.);
#4481=EDGE_CURVE('',#5942,#5941,#7893,.T.);
#4482=EDGE_CURVE('',#5943,#5942,#7894,.T.);
#4483=EDGE_CURVE('',#5944,#5943,#7895,.T.);
#4484=EDGE_CURVE('',#5945,#5944,#7896,.T.);
#4485=EDGE_CURVE('',#5933,#5945,#7897,.T.);
#4486=EDGE_CURVE('',#5946,#5934,#7898,.T.);
#4487=EDGE_CURVE('',#5947,#5946,#7899,.T.);
#4488=EDGE_CURVE('',#5948,#5947,#7900,.T.);
#4489=EDGE_CURVE('',#5949,#5948,#7901,.T.);
#4490=EDGE_CURVE('',#5950,#5949,#7902,.T.);
#4491=EDGE_CURVE('',#5951,#5950,#7903,.T.);
#4492=EDGE_CURVE('',#5952,#5951,#7904,.T.);
#4493=EDGE_CURVE('',#5953,#5952,#7905,.T.);
#4494=EDGE_CURVE('',#5954,#5953,#7906,.T.);
#4495=EDGE_CURVE('',#5955,#5954,#7907,.T.);
#4496=EDGE_CURVE('',#5956,#5955,#7908,.T.);
#4497=EDGE_CURVE('',#5957,#5972,#7909,.T.);
#4498=EDGE_CURVE('',#5958,#5957,#7910,.T.);
#4499=EDGE_CURVE('',#5959,#5958,#7911,.T.);
#4500=EDGE_CURVE('',#5960,#5959,#7912,.T.);
#4501=EDGE_CURVE('',#5961,#5960,#7913,.T.);
#4502=EDGE_CURVE('',#5962,#5961,#7914,.T.);
#4503=EDGE_CURVE('',#5963,#5962,#7915,.T.);
#4504=EDGE_CURVE('',#5964,#5963,#7916,.T.);
#4505=EDGE_CURVE('',#5965,#5964,#7917,.T.);
#4506=EDGE_CURVE('',#5966,#5965,#7918,.T.);
#4507=EDGE_CURVE('',#5967,#5966,#7919,.T.);
#4508=EDGE_CURVE('',#5968,#5967,#7920,.T.);
#4509=EDGE_CURVE('',#5969,#5968,#7921,.T.);
#4510=EDGE_CURVE('',#5970,#5969,#7922,.T.);
#4511=EDGE_CURVE('',#5971,#5970,#7923,.T.);
#4512=EDGE_CURVE('',#5972,#5971,#7924,.T.);
#4513=EDGE_CURVE('',#5973,#5980,#7925,.T.);
#4514=EDGE_CURVE('',#5974,#5973,#7926,.T.);
#4515=EDGE_CURVE('',#5975,#5974,#7927,.T.);
#4516=EDGE_CURVE('',#5976,#5975,#7928,.T.);
#4517=EDGE_CURVE('',#5977,#5976,#7929,.T.);
#4518=EDGE_CURVE('',#5978,#5977,#7930,.T.);
#4519=EDGE_CURVE('',#5979,#5978,#7931,.T.);
#4520=EDGE_CURVE('',#5980,#5979,#7932,.T.);
#4521=EDGE_CURVE('',#5933,#5925,#7933,.T.);
#4522=EDGE_CURVE('',#5932,#5927,#7934,.T.);
#4523=EDGE_CURVE('',#5923,#5934,#7935,.T.);
#4524=EDGE_CURVE('',#5929,#5931,#7936,.T.);
#4525=EDGE_CURVE('',#5929,#5981,#7937,.T.);
#4526=EDGE_CURVE('',#5981,#5982,#7938,.T.);
#4527=EDGE_CURVE('',#5930,#5982,#7939,.T.);
#4528=EDGE_CURVE('',#5981,#5983,#7940,.T.);
#4529=EDGE_CURVE('',#5983,#5984,#7941,.T.);
#4530=EDGE_CURVE('',#5982,#5984,#7942,.T.);
#4531=EDGE_CURVE('',#5983,#5985,#7943,.T.);
#4532=EDGE_CURVE('',#5985,#5986,#7944,.T.);
#4533=EDGE_CURVE('',#5984,#5986,#7945,.T.);
#4534=EDGE_CURVE('',#5985,#5987,#7946,.T.);
#4535=EDGE_CURVE('',#5986,#5988,#7947,.T.);
#4536=EDGE_CURVE('',#5987,#5988,#7948,.T.);
#4537=EDGE_CURVE('',#5927,#5989,#7949,.T.);
#4538=EDGE_CURVE('',#5989,#5990,#7950,.T.);
#4539=EDGE_CURVE('',#5928,#5990,#7951,.T.);
#4540=EDGE_CURVE('',#5989,#5991,#7952,.T.);
#4541=EDGE_CURVE('',#5991,#5992,#7953,.T.);
#4542=EDGE_CURVE('',#5990,#5992,#7954,.T.);
#4543=EDGE_CURVE('',#5991,#5993,#7955,.T.);
#4544=EDGE_CURVE('',#5993,#5994,#7956,.T.);
#4545=EDGE_CURVE('',#5992,#5994,#7957,.T.);
#4546=EDGE_CURVE('',#5993,#5995,#7958,.T.);
#4547=EDGE_CURVE('',#5994,#5996,#7959,.T.);
#4548=EDGE_CURVE('',#5995,#5996,#7960,.T.);
#4549=EDGE_CURVE('',#5923,#5997,#7961,.T.);
#4550=EDGE_CURVE('',#5997,#5998,#7962,.T.);
#4551=EDGE_CURVE('',#5924,#5998,#7963,.T.);
#4552=EDGE_CURVE('',#5997,#5999,#7964,.T.);
#4553=EDGE_CURVE('',#5999,#6000,#7965,.T.);
#4554=EDGE_CURVE('',#5998,#6000,#7966,.T.);
#4555=EDGE_CURVE('',#5999,#6001,#7967,.T.);
#4556=EDGE_CURVE('',#6001,#6002,#7968,.T.);
#4557=EDGE_CURVE('',#6000,#6002,#7969,.T.);
#4558=EDGE_CURVE('',#6001,#6003,#7970,.T.);
#4559=EDGE_CURVE('',#6002,#6004,#7971,.T.);
#4560=EDGE_CURVE('',#6003,#6004,#7972,.T.);
#4561=EDGE_CURVE('',#5925,#6005,#7973,.T.);
#4562=EDGE_CURVE('',#6005,#6006,#7974,.T.);
#4563=EDGE_CURVE('',#5926,#6006,#7975,.T.);
#4564=EDGE_CURVE('',#6005,#6007,#7976,.T.);
#4565=EDGE_CURVE('',#6007,#6008,#7977,.T.);
#4566=EDGE_CURVE('',#6006,#6008,#7978,.T.);
#4567=EDGE_CURVE('',#6007,#6009,#7979,.T.);
#4568=EDGE_CURVE('',#6009,#6010,#7980,.T.);
#4569=EDGE_CURVE('',#6008,#6010,#7981,.T.);
#4570=EDGE_CURVE('',#6009,#6011,#7982,.T.);
#4571=EDGE_CURVE('',#6010,#6012,#7983,.T.);
#4572=EDGE_CURVE('',#6011,#6012,#7984,.T.);
#4573=VERTEX_POINT('',#8647);
#4574=VERTEX_POINT('',#8648);
#4575=VERTEX_POINT('',#8649);
#4576=VERTEX_POINT('',#8650);
#4577=VERTEX_POINT('',#8651);
#4578=VERTEX_POINT('',#8652);
#4579=VERTEX_POINT('',#8653);
#4580=VERTEX_POINT('',#8654);
#4581=VERTEX_POINT('',#8655);
#4582=VERTEX_POINT('',#8656);
#4583=VERTEX_POINT('',#8657);
#4584=VERTEX_POINT('',#8658);
#4585=VERTEX_POINT('',#8659);
#4586=VERTEX_POINT('',#8660);
#4587=VERTEX_POINT('',#8661);
#4588=VERTEX_POINT('',#8662);
#4589=VERTEX_POINT('',#8663);
#4590=VERTEX_POINT('',#8664);
#4591=VERTEX_POINT('',#8665);
#4592=VERTEX_POINT('',#8666);
#4593=VERTEX_POINT('',#8667);
#4594=VERTEX_POINT('',#8668);
#4595=VERTEX_POINT('',#8669);
#4596=VERTEX_POINT('',#8670);
#4597=VERTEX_POINT('',#8671);
#4598=VERTEX_POINT('',#8672);
#4599=VERTEX_POINT('',#8673);
#4600=VERTEX_POINT('',#8674);
#4601=VERTEX_POINT('',#8675);
#4602=VERTEX_POINT('',#8676);
#4603=VERTEX_POINT('',#8677);
#4604=VERTEX_POINT('',#8678);
#4605=VERTEX_POINT('',#8679);
#4606=VERTEX_POINT('',#8680);
#4607=VERTEX_POINT('',#8681);
#4608=VERTEX_POINT('',#8682);
#4609=VERTEX_POINT('',#8683);
#4610=VERTEX_POINT('',#8684);
#4611=VERTEX_POINT('',#8685);
#4612=VERTEX_POINT('',#8686);
#4613=VERTEX_POINT('',#8687);
#4614=VERTEX_POINT('',#8688);
#4615=VERTEX_POINT('',#8689);
#4616=VERTEX_POINT('',#8690);
#4617=VERTEX_POINT('',#8691);
#4618=VERTEX_POINT('',#8692);
#4619=VERTEX_POINT('',#8693);
#4620=VERTEX_POINT('',#8694);
#4621=VERTEX_POINT('',#8695);
#4622=VERTEX_POINT('',#8696);
#4623=VERTEX_POINT('',#8697);
#4624=VERTEX_POINT('',#8698);
#4625=VERTEX_POINT('',#8699);
#4626=VERTEX_POINT('',#8700);
#4627=VERTEX_POINT('',#8701);
#4628=VERTEX_POINT('',#8702);
#4629=VERTEX_POINT('',#8703);
#4630=VERTEX_POINT('',#8704);
#4631=VERTEX_POINT('',#8705);
#4632=VERTEX_POINT('',#8706);
#4633=VERTEX_POINT('',#8707);
#4634=VERTEX_POINT('',#8708);
#4635=VERTEX_POINT('',#8709);
#4636=VERTEX_POINT('',#8710);
#4637=VERTEX_POINT('',#8711);
#4638=VERTEX_POINT('',#8712);
#4639=VERTEX_POINT('',#8713);
#4640=VERTEX_POINT('',#8714);
#4641=VERTEX_POINT('',#8715);
#4642=VERTEX_POINT('',#8716);
#4643=VERTEX_POINT('',#8717);
#4644=VERTEX_POINT('',#8718);
#4645=VERTEX_POINT('',#8719);
#4646=VERTEX_POINT('',#8720);
#4647=VERTEX_POINT('',#8721);
#4648=VERTEX_POINT('',#8722);
#4649=VERTEX_POINT('',#8723);
#4650=VERTEX_POINT('',#8724);
#4651=VERTEX_POINT('',#8725);
#4652=VERTEX_POINT('',#8726);
#4653=VERTEX_POINT('',#8727);
#4654=VERTEX_POINT('',#8728);
#4655=VERTEX_POINT('',#8729);
#4656=VERTEX_POINT('',#8730);
#4657=VERTEX_POINT('',#8731);
#4658=VERTEX_POINT('',#8732);
#4659=VERTEX_POINT('',#8733);
#4660=VERTEX_POINT('',#8734);
#4661=VERTEX_POINT('',#8735);
#4662=VERTEX_POINT('',#8736);
#4663=VERTEX_POINT('',#8966);
#4664=VERTEX_POINT('',#8967);
#4665=VERTEX_POINT('',#8968);
#4666=VERTEX_POINT('',#8969);
#4667=VERTEX_POINT('',#8970);
#4668=VERTEX_POINT('',#8971);
#4669=VERTEX_POINT('',#8972);
#4670=VERTEX_POINT('',#8973);
#4671=VERTEX_POINT('',#8974);
#4672=VERTEX_POINT('',#8975);
#4673=VERTEX_POINT('',#8976);
#4674=VERTEX_POINT('',#8977);
#4675=VERTEX_POINT('',#8978);
#4676=VERTEX_POINT('',#8979);
#4677=VERTEX_POINT('',#8980);
#4678=VERTEX_POINT('',#8981);
#4679=VERTEX_POINT('',#8982);
#4680=VERTEX_POINT('',#8983);
#4681=VERTEX_POINT('',#8984);
#4682=VERTEX_POINT('',#8985);
#4683=VERTEX_POINT('',#8986);
#4684=VERTEX_POINT('',#8987);
#4685=VERTEX_POINT('',#8988);
#4686=VERTEX_POINT('',#8989);
#4687=VERTEX_POINT('',#8990);
#4688=VERTEX_POINT('',#8991);
#4689=VERTEX_POINT('',#8992);
#4690=VERTEX_POINT('',#8993);
#4691=VERTEX_POINT('',#8994);
#4692=VERTEX_POINT('',#8995);
#4693=VERTEX_POINT('',#8996);
#4694=VERTEX_POINT('',#8997);
#4695=VERTEX_POINT('',#8998);
#4696=VERTEX_POINT('',#8999);
#4697=VERTEX_POINT('',#9000);
#4698=VERTEX_POINT('',#9001);
#4699=VERTEX_POINT('',#9002);
#4700=VERTEX_POINT('',#9003);
#4701=VERTEX_POINT('',#9004);
#4702=VERTEX_POINT('',#9005);
#4703=VERTEX_POINT('',#9006);
#4704=VERTEX_POINT('',#9007);
#4705=VERTEX_POINT('',#9008);
#4706=VERTEX_POINT('',#9009);
#4707=VERTEX_POINT('',#9010);
#4708=VERTEX_POINT('',#9011);
#4709=VERTEX_POINT('',#9012);
#4710=VERTEX_POINT('',#9013);
#4711=VERTEX_POINT('',#9014);
#4712=VERTEX_POINT('',#9015);
#4713=VERTEX_POINT('',#9016);
#4714=VERTEX_POINT('',#9017);
#4715=VERTEX_POINT('',#9018);
#4716=VERTEX_POINT('',#9019);
#4717=VERTEX_POINT('',#9020);
#4718=VERTEX_POINT('',#9021);
#4719=VERTEX_POINT('',#9022);
#4720=VERTEX_POINT('',#9023);
#4721=VERTEX_POINT('',#9024);
#4722=VERTEX_POINT('',#9025);
#4723=VERTEX_POINT('',#9026);
#4724=VERTEX_POINT('',#9027);
#4725=VERTEX_POINT('',#9028);
#4726=VERTEX_POINT('',#9029);
#4727=VERTEX_POINT('',#9030);
#4728=VERTEX_POINT('',#9031);
#4729=VERTEX_POINT('',#9032);
#4730=VERTEX_POINT('',#9033);
#4731=VERTEX_POINT('',#9034);
#4732=VERTEX_POINT('',#9035);
#4733=VERTEX_POINT('',#9036);
#4734=VERTEX_POINT('',#9037);
#4735=VERTEX_POINT('',#9038);
#4736=VERTEX_POINT('',#9039);
#4737=VERTEX_POINT('',#9040);
#4738=VERTEX_POINT('',#9041);
#4739=VERTEX_POINT('',#9042);
#4740=VERTEX_POINT('',#9043);
#4741=VERTEX_POINT('',#9044);
#4742=VERTEX_POINT('',#9045);
#4743=VERTEX_POINT('',#9046);
#4744=VERTEX_POINT('',#9047);
#4745=VERTEX_POINT('',#9048);
#4746=VERTEX_POINT('',#9049);
#4747=VERTEX_POINT('',#9050);
#4748=VERTEX_POINT('',#9051);
#4749=VERTEX_POINT('',#9052);
#4750=VERTEX_POINT('',#9053);
#4751=VERTEX_POINT('',#9054);
#4752=VERTEX_POINT('',#9055);
#4753=VERTEX_POINT('',#9285);
#4754=VERTEX_POINT('',#9286);
#4755=VERTEX_POINT('',#9287);
#4756=VERTEX_POINT('',#9288);
#4757=VERTEX_POINT('',#9289);
#4758=VERTEX_POINT('',#9290);
#4759=VERTEX_POINT('',#9291);
#4760=VERTEX_POINT('',#9292);
#4761=VERTEX_POINT('',#9293);
#4762=VERTEX_POINT('',#9294);
#4763=VERTEX_POINT('',#9295);
#4764=VERTEX_POINT('',#9296);
#4765=VERTEX_POINT('',#9297);
#4766=VERTEX_POINT('',#9298);
#4767=VERTEX_POINT('',#9299);
#4768=VERTEX_POINT('',#9300);
#4769=VERTEX_POINT('',#9301);
#4770=VERTEX_POINT('',#9302);
#4771=VERTEX_POINT('',#9303);
#4772=VERTEX_POINT('',#9304);
#4773=VERTEX_POINT('',#9305);
#4774=VERTEX_POINT('',#9306);
#4775=VERTEX_POINT('',#9307);
#4776=VERTEX_POINT('',#9308);
#4777=VERTEX_POINT('',#9309);
#4778=VERTEX_POINT('',#9310);
#4779=VERTEX_POINT('',#9311);
#4780=VERTEX_POINT('',#9312);
#4781=VERTEX_POINT('',#9313);
#4782=VERTEX_POINT('',#9314);
#4783=VERTEX_POINT('',#9315);
#4784=VERTEX_POINT('',#9316);
#4785=VERTEX_POINT('',#9317);
#4786=VERTEX_POINT('',#9318);
#4787=VERTEX_POINT('',#9319);
#4788=VERTEX_POINT('',#9320);
#4789=VERTEX_POINT('',#9321);
#4790=VERTEX_POINT('',#9322);
#4791=VERTEX_POINT('',#9323);
#4792=VERTEX_POINT('',#9324);
#4793=VERTEX_POINT('',#9325);
#4794=VERTEX_POINT('',#9326);
#4795=VERTEX_POINT('',#9327);
#4796=VERTEX_POINT('',#9328);
#4797=VERTEX_POINT('',#9329);
#4798=VERTEX_POINT('',#9330);
#4799=VERTEX_POINT('',#9331);
#4800=VERTEX_POINT('',#9332);
#4801=VERTEX_POINT('',#9333);
#4802=VERTEX_POINT('',#9334);
#4803=VERTEX_POINT('',#9335);
#4804=VERTEX_POINT('',#9336);
#4805=VERTEX_POINT('',#9337);
#4806=VERTEX_POINT('',#9338);
#4807=VERTEX_POINT('',#9339);
#4808=VERTEX_POINT('',#9340);
#4809=VERTEX_POINT('',#9341);
#4810=VERTEX_POINT('',#9342);
#4811=VERTEX_POINT('',#9343);
#4812=VERTEX_POINT('',#9344);
#4813=VERTEX_POINT('',#9345);
#4814=VERTEX_POINT('',#9346);
#4815=VERTEX_POINT('',#9347);
#4816=VERTEX_POINT('',#9348);
#4817=VERTEX_POINT('',#9349);
#4818=VERTEX_POINT('',#9350);
#4819=VERTEX_POINT('',#9351);
#4820=VERTEX_POINT('',#9352);
#4821=VERTEX_POINT('',#9353);
#4822=VERTEX_POINT('',#9354);
#4823=VERTEX_POINT('',#9355);
#4824=VERTEX_POINT('',#9356);
#4825=VERTEX_POINT('',#9357);
#4826=VERTEX_POINT('',#9358);
#4827=VERTEX_POINT('',#9359);
#4828=VERTEX_POINT('',#9360);
#4829=VERTEX_POINT('',#9361);
#4830=VERTEX_POINT('',#9362);
#4831=VERTEX_POINT('',#9363);
#4832=VERTEX_POINT('',#9364);
#4833=VERTEX_POINT('',#9365);
#4834=VERTEX_POINT('',#9366);
#4835=VERTEX_POINT('',#9367);
#4836=VERTEX_POINT('',#9368);
#4837=VERTEX_POINT('',#9369);
#4838=VERTEX_POINT('',#9370);
#4839=VERTEX_POINT('',#9371);
#4840=VERTEX_POINT('',#9372);
#4841=VERTEX_POINT('',#9373);
#4842=VERTEX_POINT('',#9374);
#4843=VERTEX_POINT('',#9604);
#4844=VERTEX_POINT('',#9605);
#4845=VERTEX_POINT('',#9606);
#4846=VERTEX_POINT('',#9607);
#4847=VERTEX_POINT('',#9608);
#4848=VERTEX_POINT('',#9609);
#4849=VERTEX_POINT('',#9610);
#4850=VERTEX_POINT('',#9611);
#4851=VERTEX_POINT('',#9612);
#4852=VERTEX_POINT('',#9613);
#4853=VERTEX_POINT('',#9614);
#4854=VERTEX_POINT('',#9615);
#4855=VERTEX_POINT('',#9616);
#4856=VERTEX_POINT('',#9617);
#4857=VERTEX_POINT('',#9618);
#4858=VERTEX_POINT('',#9619);
#4859=VERTEX_POINT('',#9620);
#4860=VERTEX_POINT('',#9621);
#4861=VERTEX_POINT('',#9622);
#4862=VERTEX_POINT('',#9623);
#4863=VERTEX_POINT('',#9624);
#4864=VERTEX_POINT('',#9625);
#4865=VERTEX_POINT('',#9626);
#4866=VERTEX_POINT('',#9627);
#4867=VERTEX_POINT('',#9628);
#4868=VERTEX_POINT('',#9629);
#4869=VERTEX_POINT('',#9630);
#4870=VERTEX_POINT('',#9631);
#4871=VERTEX_POINT('',#9632);
#4872=VERTEX_POINT('',#9633);
#4873=VERTEX_POINT('',#9634);
#4874=VERTEX_POINT('',#9635);
#4875=VERTEX_POINT('',#9636);
#4876=VERTEX_POINT('',#9637);
#4877=VERTEX_POINT('',#9638);
#4878=VERTEX_POINT('',#9639);
#4879=VERTEX_POINT('',#9640);
#4880=VERTEX_POINT('',#9641);
#4881=VERTEX_POINT('',#9642);
#4882=VERTEX_POINT('',#9643);
#4883=VERTEX_POINT('',#9644);
#4884=VERTEX_POINT('',#9645);
#4885=VERTEX_POINT('',#9646);
#4886=VERTEX_POINT('',#9647);
#4887=VERTEX_POINT('',#9648);
#4888=VERTEX_POINT('',#9649);
#4889=VERTEX_POINT('',#9650);
#4890=VERTEX_POINT('',#9651);
#4891=VERTEX_POINT('',#9652);
#4892=VERTEX_POINT('',#9653);
#4893=VERTEX_POINT('',#9654);
#4894=VERTEX_POINT('',#9655);
#4895=VERTEX_POINT('',#9656);
#4896=VERTEX_POINT('',#9657);
#4897=VERTEX_POINT('',#9658);
#4898=VERTEX_POINT('',#9659);
#4899=VERTEX_POINT('',#9660);
#4900=VERTEX_POINT('',#9661);
#4901=VERTEX_POINT('',#9662);
#4902=VERTEX_POINT('',#9663);
#4903=VERTEX_POINT('',#9664);
#4904=VERTEX_POINT('',#9665);
#4905=VERTEX_POINT('',#9666);
#4906=VERTEX_POINT('',#9667);
#4907=VERTEX_POINT('',#9668);
#4908=VERTEX_POINT('',#9669);
#4909=VERTEX_POINT('',#9670);
#4910=VERTEX_POINT('',#9671);
#4911=VERTEX_POINT('',#9672);
#4912=VERTEX_POINT('',#9673);
#4913=VERTEX_POINT('',#9674);
#4914=VERTEX_POINT('',#9675);
#4915=VERTEX_POINT('',#9676);
#4916=VERTEX_POINT('',#9677);
#4917=VERTEX_POINT('',#9678);
#4918=VERTEX_POINT('',#9679);
#4919=VERTEX_POINT('',#9680);
#4920=VERTEX_POINT('',#9681);
#4921=VERTEX_POINT('',#9682);
#4922=VERTEX_POINT('',#9683);
#4923=VERTEX_POINT('',#9684);
#4924=VERTEX_POINT('',#9685);
#4925=VERTEX_POINT('',#9686);
#4926=VERTEX_POINT('',#9687);
#4927=VERTEX_POINT('',#9688);
#4928=VERTEX_POINT('',#9689);
#4929=VERTEX_POINT('',#9690);
#4930=VERTEX_POINT('',#9691);
#4931=VERTEX_POINT('',#9692);
#4932=VERTEX_POINT('',#9693);
#4933=VERTEX_POINT('',#9923);
#4934=VERTEX_POINT('',#9924);
#4935=VERTEX_POINT('',#9925);
#4936=VERTEX_POINT('',#9926);
#4937=VERTEX_POINT('',#9927);
#4938=VERTEX_POINT('',#9928);
#4939=VERTEX_POINT('',#9929);
#4940=VERTEX_POINT('',#9930);
#4941=VERTEX_POINT('',#9931);
#4942=VERTEX_POINT('',#9932);
#4943=VERTEX_POINT('',#9933);
#4944=VERTEX_POINT('',#9934);
#4945=VERTEX_POINT('',#9935);
#4946=VERTEX_POINT('',#9936);
#4947=VERTEX_POINT('',#9937);
#4948=VERTEX_POINT('',#9938);
#4949=VERTEX_POINT('',#9939);
#4950=VERTEX_POINT('',#9940);
#4951=VERTEX_POINT('',#9941);
#4952=VERTEX_POINT('',#9942);
#4953=VERTEX_POINT('',#9943);
#4954=VERTEX_POINT('',#9944);
#4955=VERTEX_POINT('',#9945);
#4956=VERTEX_POINT('',#9946);
#4957=VERTEX_POINT('',#9947);
#4958=VERTEX_POINT('',#9948);
#4959=VERTEX_POINT('',#9949);
#4960=VERTEX_POINT('',#9950);
#4961=VERTEX_POINT('',#9951);
#4962=VERTEX_POINT('',#9952);
#4963=VERTEX_POINT('',#9953);
#4964=VERTEX_POINT('',#9954);
#4965=VERTEX_POINT('',#9955);
#4966=VERTEX_POINT('',#9956);
#4967=VERTEX_POINT('',#9957);
#4968=VERTEX_POINT('',#9958);
#4969=VERTEX_POINT('',#9959);
#4970=VERTEX_POINT('',#9960);
#4971=VERTEX_POINT('',#9961);
#4972=VERTEX_POINT('',#9962);
#4973=VERTEX_POINT('',#9963);
#4974=VERTEX_POINT('',#9964);
#4975=VERTEX_POINT('',#9965);
#4976=VERTEX_POINT('',#9966);
#4977=VERTEX_POINT('',#9967);
#4978=VERTEX_POINT('',#9968);
#4979=VERTEX_POINT('',#9969);
#4980=VERTEX_POINT('',#9970);
#4981=VERTEX_POINT('',#9971);
#4982=VERTEX_POINT('',#9972);
#4983=VERTEX_POINT('',#9973);
#4984=VERTEX_POINT('',#9974);
#4985=VERTEX_POINT('',#9975);
#4986=VERTEX_POINT('',#9976);
#4987=VERTEX_POINT('',#9977);
#4988=VERTEX_POINT('',#9978);
#4989=VERTEX_POINT('',#9979);
#4990=VERTEX_POINT('',#9980);
#4991=VERTEX_POINT('',#9981);
#4992=VERTEX_POINT('',#9982);
#4993=VERTEX_POINT('',#9983);
#4994=VERTEX_POINT('',#9984);
#4995=VERTEX_POINT('',#9985);
#4996=VERTEX_POINT('',#9986);
#4997=VERTEX_POINT('',#9987);
#4998=VERTEX_POINT('',#9988);
#4999=VERTEX_POINT('',#9989);
#5000=VERTEX_POINT('',#9990);
#5001=VERTEX_POINT('',#9991);
#5002=VERTEX_POINT('',#9992);
#5003=VERTEX_POINT('',#9993);
#5004=VERTEX_POINT('',#9994);
#5005=VERTEX_POINT('',#9995);
#5006=VERTEX_POINT('',#9996);
#5007=VERTEX_POINT('',#9997);
#5008=VERTEX_POINT('',#9998);
#5009=VERTEX_POINT('',#9999);
#5010=VERTEX_POINT('',#10000);
#5011=VERTEX_POINT('',#10001);
#5012=VERTEX_POINT('',#10002);
#5013=VERTEX_POINT('',#10003);
#5014=VERTEX_POINT('',#10004);
#5015=VERTEX_POINT('',#10005);
#5016=VERTEX_POINT('',#10006);
#5017=VERTEX_POINT('',#10007);
#5018=VERTEX_POINT('',#10008);
#5019=VERTEX_POINT('',#10009);
#5020=VERTEX_POINT('',#10010);
#5021=VERTEX_POINT('',#10011);
#5022=VERTEX_POINT('',#10012);
#5023=VERTEX_POINT('',#10242);
#5024=VERTEX_POINT('',#10243);
#5025=VERTEX_POINT('',#10244);
#5026=VERTEX_POINT('',#10245);
#5027=VERTEX_POINT('',#10246);
#5028=VERTEX_POINT('',#10247);
#5029=VERTEX_POINT('',#10248);
#5030=VERTEX_POINT('',#10249);
#5031=VERTEX_POINT('',#10250);
#5032=VERTEX_POINT('',#10251);
#5033=VERTEX_POINT('',#10252);
#5034=VERTEX_POINT('',#10253);
#5035=VERTEX_POINT('',#10254);
#5036=VERTEX_POINT('',#10255);
#5037=VERTEX_POINT('',#10256);
#5038=VERTEX_POINT('',#10257);
#5039=VERTEX_POINT('',#10258);
#5040=VERTEX_POINT('',#10259);
#5041=VERTEX_POINT('',#10260);
#5042=VERTEX_POINT('',#10261);
#5043=VERTEX_POINT('',#10262);
#5044=VERTEX_POINT('',#10263);
#5045=VERTEX_POINT('',#10264);
#5046=VERTEX_POINT('',#10265);
#5047=VERTEX_POINT('',#10266);
#5048=VERTEX_POINT('',#10267);
#5049=VERTEX_POINT('',#10268);
#5050=VERTEX_POINT('',#10269);
#5051=VERTEX_POINT('',#10270);
#5052=VERTEX_POINT('',#10271);
#5053=VERTEX_POINT('',#10272);
#5054=VERTEX_POINT('',#10273);
#5055=VERTEX_POINT('',#10274);
#5056=VERTEX_POINT('',#10275);
#5057=VERTEX_POINT('',#10276);
#5058=VERTEX_POINT('',#10277);
#5059=VERTEX_POINT('',#10278);
#5060=VERTEX_POINT('',#10279);
#5061=VERTEX_POINT('',#10280);
#5062=VERTEX_POINT('',#10281);
#5063=VERTEX_POINT('',#10282);
#5064=VERTEX_POINT('',#10283);
#5065=VERTEX_POINT('',#10284);
#5066=VERTEX_POINT('',#10285);
#5067=VERTEX_POINT('',#10286);
#5068=VERTEX_POINT('',#10287);
#5069=VERTEX_POINT('',#10288);
#5070=VERTEX_POINT('',#10289);
#5071=VERTEX_POINT('',#10290);
#5072=VERTEX_POINT('',#10291);
#5073=VERTEX_POINT('',#10292);
#5074=VERTEX_POINT('',#10293);
#5075=VERTEX_POINT('',#10294);
#5076=VERTEX_POINT('',#10295);
#5077=VERTEX_POINT('',#10296);
#5078=VERTEX_POINT('',#10297);
#5079=VERTEX_POINT('',#10298);
#5080=VERTEX_POINT('',#10299);
#5081=VERTEX_POINT('',#10300);
#5082=VERTEX_POINT('',#10301);
#5083=VERTEX_POINT('',#10302);
#5084=VERTEX_POINT('',#10303);
#5085=VERTEX_POINT('',#10304);
#5086=VERTEX_POINT('',#10305);
#5087=VERTEX_POINT('',#10306);
#5088=VERTEX_POINT('',#10307);
#5089=VERTEX_POINT('',#10308);
#5090=VERTEX_POINT('',#10309);
#5091=VERTEX_POINT('',#10310);
#5092=VERTEX_POINT('',#10311);
#5093=VERTEX_POINT('',#10312);
#5094=VERTEX_POINT('',#10313);
#5095=VERTEX_POINT('',#10314);
#5096=VERTEX_POINT('',#10315);
#5097=VERTEX_POINT('',#10316);
#5098=VERTEX_POINT('',#10317);
#5099=VERTEX_POINT('',#10318);
#5100=VERTEX_POINT('',#10319);
#5101=VERTEX_POINT('',#10320);
#5102=VERTEX_POINT('',#10321);
#5103=VERTEX_POINT('',#10322);
#5104=VERTEX_POINT('',#10323);
#5105=VERTEX_POINT('',#10324);
#5106=VERTEX_POINT('',#10325);
#5107=VERTEX_POINT('',#10326);
#5108=VERTEX_POINT('',#10327);
#5109=VERTEX_POINT('',#10328);
#5110=VERTEX_POINT('',#10329);
#5111=VERTEX_POINT('',#10330);
#5112=VERTEX_POINT('',#10331);
#5113=VERTEX_POINT('',#10561);
#5114=VERTEX_POINT('',#10562);
#5115=VERTEX_POINT('',#10563);
#5116=VERTEX_POINT('',#10564);
#5117=VERTEX_POINT('',#10565);
#5118=VERTEX_POINT('',#10566);
#5119=VERTEX_POINT('',#10567);
#5120=VERTEX_POINT('',#10568);
#5121=VERTEX_POINT('',#10569);
#5122=VERTEX_POINT('',#10570);
#5123=VERTEX_POINT('',#10571);
#5124=VERTEX_POINT('',#10572);
#5125=VERTEX_POINT('',#10573);
#5126=VERTEX_POINT('',#10574);
#5127=VERTEX_POINT('',#10575);
#5128=VERTEX_POINT('',#10576);
#5129=VERTEX_POINT('',#10577);
#5130=VERTEX_POINT('',#10578);
#5131=VERTEX_POINT('',#10579);
#5132=VERTEX_POINT('',#10580);
#5133=VERTEX_POINT('',#10581);
#5134=VERTEX_POINT('',#10582);
#5135=VERTEX_POINT('',#10583);
#5136=VERTEX_POINT('',#10584);
#5137=VERTEX_POINT('',#10585);
#5138=VERTEX_POINT('',#10586);
#5139=VERTEX_POINT('',#10587);
#5140=VERTEX_POINT('',#10588);
#5141=VERTEX_POINT('',#10589);
#5142=VERTEX_POINT('',#10590);
#5143=VERTEX_POINT('',#10591);
#5144=VERTEX_POINT('',#10592);
#5145=VERTEX_POINT('',#10593);
#5146=VERTEX_POINT('',#10594);
#5147=VERTEX_POINT('',#10595);
#5148=VERTEX_POINT('',#10596);
#5149=VERTEX_POINT('',#10597);
#5150=VERTEX_POINT('',#10598);
#5151=VERTEX_POINT('',#10599);
#5152=VERTEX_POINT('',#10600);
#5153=VERTEX_POINT('',#10601);
#5154=VERTEX_POINT('',#10602);
#5155=VERTEX_POINT('',#10603);
#5156=VERTEX_POINT('',#10604);
#5157=VERTEX_POINT('',#10605);
#5158=VERTEX_POINT('',#10606);
#5159=VERTEX_POINT('',#10607);
#5160=VERTEX_POINT('',#10608);
#5161=VERTEX_POINT('',#10609);
#5162=VERTEX_POINT('',#10610);
#5163=VERTEX_POINT('',#10611);
#5164=VERTEX_POINT('',#10612);
#5165=VERTEX_POINT('',#10613);
#5166=VERTEX_POINT('',#10614);
#5167=VERTEX_POINT('',#10615);
#5168=VERTEX_POINT('',#10616);
#5169=VERTEX_POINT('',#10617);
#5170=VERTEX_POINT('',#10618);
#5171=VERTEX_POINT('',#10619);
#5172=VERTEX_POINT('',#10620);
#5173=VERTEX_POINT('',#10621);
#5174=VERTEX_POINT('',#10622);
#5175=VERTEX_POINT('',#10623);
#5176=VERTEX_POINT('',#10624);
#5177=VERTEX_POINT('',#10625);
#5178=VERTEX_POINT('',#10626);
#5179=VERTEX_POINT('',#10627);
#5180=VERTEX_POINT('',#10628);
#5181=VERTEX_POINT('',#10629);
#5182=VERTEX_POINT('',#10630);
#5183=VERTEX_POINT('',#10631);
#5184=VERTEX_POINT('',#10632);
#5185=VERTEX_POINT('',#10633);
#5186=VERTEX_POINT('',#10634);
#5187=VERTEX_POINT('',#10635);
#5188=VERTEX_POINT('',#10636);
#5189=VERTEX_POINT('',#10637);
#5190=VERTEX_POINT('',#10638);
#5191=VERTEX_POINT('',#10639);
#5192=VERTEX_POINT('',#10640);
#5193=VERTEX_POINT('',#10641);
#5194=VERTEX_POINT('',#10642);
#5195=VERTEX_POINT('',#10643);
#5196=VERTEX_POINT('',#10644);
#5197=VERTEX_POINT('',#10645);
#5198=VERTEX_POINT('',#10646);
#5199=VERTEX_POINT('',#10647);
#5200=VERTEX_POINT('',#10648);
#5201=VERTEX_POINT('',#10649);
#5202=VERTEX_POINT('',#10650);
#5203=VERTEX_POINT('',#10880);
#5204=VERTEX_POINT('',#10881);
#5205=VERTEX_POINT('',#10882);
#5206=VERTEX_POINT('',#10883);
#5207=VERTEX_POINT('',#10884);
#5208=VERTEX_POINT('',#10885);
#5209=VERTEX_POINT('',#10886);
#5210=VERTEX_POINT('',#10887);
#5211=VERTEX_POINT('',#10888);
#5212=VERTEX_POINT('',#10889);
#5213=VERTEX_POINT('',#10890);
#5214=VERTEX_POINT('',#10891);
#5215=VERTEX_POINT('',#10892);
#5216=VERTEX_POINT('',#10893);
#5217=VERTEX_POINT('',#10894);
#5218=VERTEX_POINT('',#10895);
#5219=VERTEX_POINT('',#10896);
#5220=VERTEX_POINT('',#10897);
#5221=VERTEX_POINT('',#10898);
#5222=VERTEX_POINT('',#10899);
#5223=VERTEX_POINT('',#10900);
#5224=VERTEX_POINT('',#10901);
#5225=VERTEX_POINT('',#10902);
#5226=VERTEX_POINT('',#10903);
#5227=VERTEX_POINT('',#10904);
#5228=VERTEX_POINT('',#10905);
#5229=VERTEX_POINT('',#10906);
#5230=VERTEX_POINT('',#10907);
#5231=VERTEX_POINT('',#10908);
#5232=VERTEX_POINT('',#10909);
#5233=VERTEX_POINT('',#10910);
#5234=VERTEX_POINT('',#10911);
#5235=VERTEX_POINT('',#10912);
#5236=VERTEX_POINT('',#10913);
#5237=VERTEX_POINT('',#10914);
#5238=VERTEX_POINT('',#10915);
#5239=VERTEX_POINT('',#10916);
#5240=VERTEX_POINT('',#10917);
#5241=VERTEX_POINT('',#10918);
#5242=VERTEX_POINT('',#10919);
#5243=VERTEX_POINT('',#10920);
#5244=VERTEX_POINT('',#10921);
#5245=VERTEX_POINT('',#10922);
#5246=VERTEX_POINT('',#10923);
#5247=VERTEX_POINT('',#10924);
#5248=VERTEX_POINT('',#10925);
#5249=VERTEX_POINT('',#10926);
#5250=VERTEX_POINT('',#10927);
#5251=VERTEX_POINT('',#10928);
#5252=VERTEX_POINT('',#10929);
#5253=VERTEX_POINT('',#10930);
#5254=VERTEX_POINT('',#10931);
#5255=VERTEX_POINT('',#10932);
#5256=VERTEX_POINT('',#10933);
#5257=VERTEX_POINT('',#10934);
#5258=VERTEX_POINT('',#10935);
#5259=VERTEX_POINT('',#10936);
#5260=VERTEX_POINT('',#10937);
#5261=VERTEX_POINT('',#10938);
#5262=VERTEX_POINT('',#10939);
#5263=VERTEX_POINT('',#10940);
#5264=VERTEX_POINT('',#10941);
#5265=VERTEX_POINT('',#10942);
#5266=VERTEX_POINT('',#10943);
#5267=VERTEX_POINT('',#10944);
#5268=VERTEX_POINT('',#10945);
#5269=VERTEX_POINT('',#10946);
#5270=VERTEX_POINT('',#10947);
#5271=VERTEX_POINT('',#10948);
#5272=VERTEX_POINT('',#10949);
#5273=VERTEX_POINT('',#10950);
#5274=VERTEX_POINT('',#10951);
#5275=VERTEX_POINT('',#10952);
#5276=VERTEX_POINT('',#10953);
#5277=VERTEX_POINT('',#10954);
#5278=VERTEX_POINT('',#10955);
#5279=VERTEX_POINT('',#10956);
#5280=VERTEX_POINT('',#10957);
#5281=VERTEX_POINT('',#10958);
#5282=VERTEX_POINT('',#10959);
#5283=VERTEX_POINT('',#10960);
#5284=VERTEX_POINT('',#10961);
#5285=VERTEX_POINT('',#10962);
#5286=VERTEX_POINT('',#10963);
#5287=VERTEX_POINT('',#10964);
#5288=VERTEX_POINT('',#10965);
#5289=VERTEX_POINT('',#10966);
#5290=VERTEX_POINT('',#10967);
#5291=VERTEX_POINT('',#10968);
#5292=VERTEX_POINT('',#10969);
#5293=VERTEX_POINT('',#11199);
#5294=VERTEX_POINT('',#11200);
#5295=VERTEX_POINT('',#11201);
#5296=VERTEX_POINT('',#11202);
#5297=VERTEX_POINT('',#11203);
#5298=VERTEX_POINT('',#11204);
#5299=VERTEX_POINT('',#11205);
#5300=VERTEX_POINT('',#11206);
#5301=VERTEX_POINT('',#11207);
#5302=VERTEX_POINT('',#11208);
#5303=VERTEX_POINT('',#11209);
#5304=VERTEX_POINT('',#11210);
#5305=VERTEX_POINT('',#11211);
#5306=VERTEX_POINT('',#11212);
#5307=VERTEX_POINT('',#11213);
#5308=VERTEX_POINT('',#11214);
#5309=VERTEX_POINT('',#11215);
#5310=VERTEX_POINT('',#11216);
#5311=VERTEX_POINT('',#11217);
#5312=VERTEX_POINT('',#11218);
#5313=VERTEX_POINT('',#11219);
#5314=VERTEX_POINT('',#11220);
#5315=VERTEX_POINT('',#11221);
#5316=VERTEX_POINT('',#11222);
#5317=VERTEX_POINT('',#11223);
#5318=VERTEX_POINT('',#11224);
#5319=VERTEX_POINT('',#11225);
#5320=VERTEX_POINT('',#11226);
#5321=VERTEX_POINT('',#11227);
#5322=VERTEX_POINT('',#11228);
#5323=VERTEX_POINT('',#11229);
#5324=VERTEX_POINT('',#11230);
#5325=VERTEX_POINT('',#11231);
#5326=VERTEX_POINT('',#11232);
#5327=VERTEX_POINT('',#11233);
#5328=VERTEX_POINT('',#11234);
#5329=VERTEX_POINT('',#11235);
#5330=VERTEX_POINT('',#11236);
#5331=VERTEX_POINT('',#11237);
#5332=VERTEX_POINT('',#11238);
#5333=VERTEX_POINT('',#11239);
#5334=VERTEX_POINT('',#11240);
#5335=VERTEX_POINT('',#11241);
#5336=VERTEX_POINT('',#11242);
#5337=VERTEX_POINT('',#11243);
#5338=VERTEX_POINT('',#11244);
#5339=VERTEX_POINT('',#11245);
#5340=VERTEX_POINT('',#11246);
#5341=VERTEX_POINT('',#11247);
#5342=VERTEX_POINT('',#11248);
#5343=VERTEX_POINT('',#11249);
#5344=VERTEX_POINT('',#11250);
#5345=VERTEX_POINT('',#11251);
#5346=VERTEX_POINT('',#11252);
#5347=VERTEX_POINT('',#11253);
#5348=VERTEX_POINT('',#11254);
#5349=VERTEX_POINT('',#11255);
#5350=VERTEX_POINT('',#11256);
#5351=VERTEX_POINT('',#11257);
#5352=VERTEX_POINT('',#11258);
#5353=VERTEX_POINT('',#11259);
#5354=VERTEX_POINT('',#11260);
#5355=VERTEX_POINT('',#11261);
#5356=VERTEX_POINT('',#11262);
#5357=VERTEX_POINT('',#11263);
#5358=VERTEX_POINT('',#11264);
#5359=VERTEX_POINT('',#11265);
#5360=VERTEX_POINT('',#11266);
#5361=VERTEX_POINT('',#11267);
#5362=VERTEX_POINT('',#11268);
#5363=VERTEX_POINT('',#11269);
#5364=VERTEX_POINT('',#11270);
#5365=VERTEX_POINT('',#11271);
#5366=VERTEX_POINT('',#11272);
#5367=VERTEX_POINT('',#11273);
#5368=VERTEX_POINT('',#11274);
#5369=VERTEX_POINT('',#11275);
#5370=VERTEX_POINT('',#11276);
#5371=VERTEX_POINT('',#11277);
#5372=VERTEX_POINT('',#11278);
#5373=VERTEX_POINT('',#11279);
#5374=VERTEX_POINT('',#11280);
#5375=VERTEX_POINT('',#11281);
#5376=VERTEX_POINT('',#11282);
#5377=VERTEX_POINT('',#11283);
#5378=VERTEX_POINT('',#11284);
#5379=VERTEX_POINT('',#11285);
#5380=VERTEX_POINT('',#11286);
#5381=VERTEX_POINT('',#11287);
#5382=VERTEX_POINT('',#11288);
#5383=VERTEX_POINT('',#11518);
#5384=VERTEX_POINT('',#11519);
#5385=VERTEX_POINT('',#11520);
#5386=VERTEX_POINT('',#11521);
#5387=VERTEX_POINT('',#11522);
#5388=VERTEX_POINT('',#11523);
#5389=VERTEX_POINT('',#11524);
#5390=VERTEX_POINT('',#11525);
#5391=VERTEX_POINT('',#11526);
#5392=VERTEX_POINT('',#11527);
#5393=VERTEX_POINT('',#11528);
#5394=VERTEX_POINT('',#11529);
#5395=VERTEX_POINT('',#11530);
#5396=VERTEX_POINT('',#11531);
#5397=VERTEX_POINT('',#11532);
#5398=VERTEX_POINT('',#11533);
#5399=VERTEX_POINT('',#11534);
#5400=VERTEX_POINT('',#11535);
#5401=VERTEX_POINT('',#11536);
#5402=VERTEX_POINT('',#11537);
#5403=VERTEX_POINT('',#11538);
#5404=VERTEX_POINT('',#11539);
#5405=VERTEX_POINT('',#11540);
#5406=VERTEX_POINT('',#11541);
#5407=VERTEX_POINT('',#11542);
#5408=VERTEX_POINT('',#11543);
#5409=VERTEX_POINT('',#11544);
#5410=VERTEX_POINT('',#11545);
#5411=VERTEX_POINT('',#11546);
#5412=VERTEX_POINT('',#11547);
#5413=VERTEX_POINT('',#11548);
#5414=VERTEX_POINT('',#11549);
#5415=VERTEX_POINT('',#11550);
#5416=VERTEX_POINT('',#11551);
#5417=VERTEX_POINT('',#11552);
#5418=VERTEX_POINT('',#11553);
#5419=VERTEX_POINT('',#11554);
#5420=VERTEX_POINT('',#11555);
#5421=VERTEX_POINT('',#11556);
#5422=VERTEX_POINT('',#11557);
#5423=VERTEX_POINT('',#11558);
#5424=VERTEX_POINT('',#11559);
#5425=VERTEX_POINT('',#11560);
#5426=VERTEX_POINT('',#11561);
#5427=VERTEX_POINT('',#11562);
#5428=VERTEX_POINT('',#11563);
#5429=VERTEX_POINT('',#11564);
#5430=VERTEX_POINT('',#11565);
#5431=VERTEX_POINT('',#11566);
#5432=VERTEX_POINT('',#11567);
#5433=VERTEX_POINT('',#11568);
#5434=VERTEX_POINT('',#11569);
#5435=VERTEX_POINT('',#11570);
#5436=VERTEX_POINT('',#11571);
#5437=VERTEX_POINT('',#11572);
#5438=VERTEX_POINT('',#11573);
#5439=VERTEX_POINT('',#11574);
#5440=VERTEX_POINT('',#11575);
#5441=VERTEX_POINT('',#11576);
#5442=VERTEX_POINT('',#11577);
#5443=VERTEX_POINT('',#11578);
#5444=VERTEX_POINT('',#11579);
#5445=VERTEX_POINT('',#11580);
#5446=VERTEX_POINT('',#11581);
#5447=VERTEX_POINT('',#11582);
#5448=VERTEX_POINT('',#11583);
#5449=VERTEX_POINT('',#11584);
#5450=VERTEX_POINT('',#11585);
#5451=VERTEX_POINT('',#11586);
#5452=VERTEX_POINT('',#11587);
#5453=VERTEX_POINT('',#11588);
#5454=VERTEX_POINT('',#11589);
#5455=VERTEX_POINT('',#11590);
#5456=VERTEX_POINT('',#11591);
#5457=VERTEX_POINT('',#11592);
#5458=VERTEX_POINT('',#11593);
#5459=VERTEX_POINT('',#11594);
#5460=VERTEX_POINT('',#11595);
#5461=VERTEX_POINT('',#11596);
#5462=VERTEX_POINT('',#11597);
#5463=VERTEX_POINT('',#11598);
#5464=VERTEX_POINT('',#11599);
#5465=VERTEX_POINT('',#11600);
#5466=VERTEX_POINT('',#11601);
#5467=VERTEX_POINT('',#11602);
#5468=VERTEX_POINT('',#11603);
#5469=VERTEX_POINT('',#11604);
#5470=VERTEX_POINT('',#11605);
#5471=VERTEX_POINT('',#11606);
#5472=VERTEX_POINT('',#11607);
#5473=VERTEX_POINT('',#11837);
#5474=VERTEX_POINT('',#11838);
#5475=VERTEX_POINT('',#11839);
#5476=VERTEX_POINT('',#11840);
#5477=VERTEX_POINT('',#11841);
#5478=VERTEX_POINT('',#11842);
#5479=VERTEX_POINT('',#11843);
#5480=VERTEX_POINT('',#11844);
#5481=VERTEX_POINT('',#11845);
#5482=VERTEX_POINT('',#11846);
#5483=VERTEX_POINT('',#11847);
#5484=VERTEX_POINT('',#11848);
#5485=VERTEX_POINT('',#11849);
#5486=VERTEX_POINT('',#11850);
#5487=VERTEX_POINT('',#11851);
#5488=VERTEX_POINT('',#11852);
#5489=VERTEX_POINT('',#11853);
#5490=VERTEX_POINT('',#11854);
#5491=VERTEX_POINT('',#11855);
#5492=VERTEX_POINT('',#11856);
#5493=VERTEX_POINT('',#11857);
#5494=VERTEX_POINT('',#11858);
#5495=VERTEX_POINT('',#11859);
#5496=VERTEX_POINT('',#11860);
#5497=VERTEX_POINT('',#11861);
#5498=VERTEX_POINT('',#11862);
#5499=VERTEX_POINT('',#11863);
#5500=VERTEX_POINT('',#11864);
#5501=VERTEX_POINT('',#11865);
#5502=VERTEX_POINT('',#11866);
#5503=VERTEX_POINT('',#11867);
#5504=VERTEX_POINT('',#11868);
#5505=VERTEX_POINT('',#11869);
#5506=VERTEX_POINT('',#11870);
#5507=VERTEX_POINT('',#11871);
#5508=VERTEX_POINT('',#11872);
#5509=VERTEX_POINT('',#11873);
#5510=VERTEX_POINT('',#11874);
#5511=VERTEX_POINT('',#11875);
#5512=VERTEX_POINT('',#11876);
#5513=VERTEX_POINT('',#11877);
#5514=VERTEX_POINT('',#11878);
#5515=VERTEX_POINT('',#11879);
#5516=VERTEX_POINT('',#11880);
#5517=VERTEX_POINT('',#11881);
#5518=VERTEX_POINT('',#11882);
#5519=VERTEX_POINT('',#11883);
#5520=VERTEX_POINT('',#11884);
#5521=VERTEX_POINT('',#11885);
#5522=VERTEX_POINT('',#11886);
#5523=VERTEX_POINT('',#11887);
#5524=VERTEX_POINT('',#11888);
#5525=VERTEX_POINT('',#11889);
#5526=VERTEX_POINT('',#11890);
#5527=VERTEX_POINT('',#11891);
#5528=VERTEX_POINT('',#11892);
#5529=VERTEX_POINT('',#11893);
#5530=VERTEX_POINT('',#11894);
#5531=VERTEX_POINT('',#11895);
#5532=VERTEX_POINT('',#11896);
#5533=VERTEX_POINT('',#11897);
#5534=VERTEX_POINT('',#11898);
#5535=VERTEX_POINT('',#11899);
#5536=VERTEX_POINT('',#11900);
#5537=VERTEX_POINT('',#11901);
#5538=VERTEX_POINT('',#11902);
#5539=VERTEX_POINT('',#11903);
#5540=VERTEX_POINT('',#11904);
#5541=VERTEX_POINT('',#11905);
#5542=VERTEX_POINT('',#11906);
#5543=VERTEX_POINT('',#11907);
#5544=VERTEX_POINT('',#11908);
#5545=VERTEX_POINT('',#11909);
#5546=VERTEX_POINT('',#11910);
#5547=VERTEX_POINT('',#11911);
#5548=VERTEX_POINT('',#11912);
#5549=VERTEX_POINT('',#11913);
#5550=VERTEX_POINT('',#11914);
#5551=VERTEX_POINT('',#11915);
#5552=VERTEX_POINT('',#11916);
#5553=VERTEX_POINT('',#11917);
#5554=VERTEX_POINT('',#11918);
#5555=VERTEX_POINT('',#11919);
#5556=VERTEX_POINT('',#11920);
#5557=VERTEX_POINT('',#11921);
#5558=VERTEX_POINT('',#11922);
#5559=VERTEX_POINT('',#11923);
#5560=VERTEX_POINT('',#11924);
#5561=VERTEX_POINT('',#11925);
#5562=VERTEX_POINT('',#11926);
#5563=VERTEX_POINT('',#12156);
#5564=VERTEX_POINT('',#12157);
#5565=VERTEX_POINT('',#12158);
#5566=VERTEX_POINT('',#12159);
#5567=VERTEX_POINT('',#12160);
#5568=VERTEX_POINT('',#12161);
#5569=VERTEX_POINT('',#12162);
#5570=VERTEX_POINT('',#12163);
#5571=VERTEX_POINT('',#12164);
#5572=VERTEX_POINT('',#12165);
#5573=VERTEX_POINT('',#12166);
#5574=VERTEX_POINT('',#12167);
#5575=VERTEX_POINT('',#12168);
#5576=VERTEX_POINT('',#12169);
#5577=VERTEX_POINT('',#12170);
#5578=VERTEX_POINT('',#12171);
#5579=VERTEX_POINT('',#12172);
#5580=VERTEX_POINT('',#12173);
#5581=VERTEX_POINT('',#12174);
#5582=VERTEX_POINT('',#12175);
#5583=VERTEX_POINT('',#12176);
#5584=VERTEX_POINT('',#12177);
#5585=VERTEX_POINT('',#12178);
#5586=VERTEX_POINT('',#12179);
#5587=VERTEX_POINT('',#12180);
#5588=VERTEX_POINT('',#12181);
#5589=VERTEX_POINT('',#12182);
#5590=VERTEX_POINT('',#12183);
#5591=VERTEX_POINT('',#12184);
#5592=VERTEX_POINT('',#12185);
#5593=VERTEX_POINT('',#12186);
#5594=VERTEX_POINT('',#12187);
#5595=VERTEX_POINT('',#12188);
#5596=VERTEX_POINT('',#12189);
#5597=VERTEX_POINT('',#12190);
#5598=VERTEX_POINT('',#12191);
#5599=VERTEX_POINT('',#12192);
#5600=VERTEX_POINT('',#12193);
#5601=VERTEX_POINT('',#12194);
#5602=VERTEX_POINT('',#12195);
#5603=VERTEX_POINT('',#12196);
#5604=VERTEX_POINT('',#12197);
#5605=VERTEX_POINT('',#12198);
#5606=VERTEX_POINT('',#12199);
#5607=VERTEX_POINT('',#12200);
#5608=VERTEX_POINT('',#12201);
#5609=VERTEX_POINT('',#12202);
#5610=VERTEX_POINT('',#12203);
#5611=VERTEX_POINT('',#12204);
#5612=VERTEX_POINT('',#12205);
#5613=VERTEX_POINT('',#12206);
#5614=VERTEX_POINT('',#12207);
#5615=VERTEX_POINT('',#12208);
#5616=VERTEX_POINT('',#12209);
#5617=VERTEX_POINT('',#12210);
#5618=VERTEX_POINT('',#12211);
#5619=VERTEX_POINT('',#12212);
#5620=VERTEX_POINT('',#12213);
#5621=VERTEX_POINT('',#12214);
#5622=VERTEX_POINT('',#12215);
#5623=VERTEX_POINT('',#12216);
#5624=VERTEX_POINT('',#12217);
#5625=VERTEX_POINT('',#12218);
#5626=VERTEX_POINT('',#12219);
#5627=VERTEX_POINT('',#12220);
#5628=VERTEX_POINT('',#12221);
#5629=VERTEX_POINT('',#12222);
#5630=VERTEX_POINT('',#12223);
#5631=VERTEX_POINT('',#12224);
#5632=VERTEX_POINT('',#12225);
#5633=VERTEX_POINT('',#12226);
#5634=VERTEX_POINT('',#12227);
#5635=VERTEX_POINT('',#12228);
#5636=VERTEX_POINT('',#12229);
#5637=VERTEX_POINT('',#12230);
#5638=VERTEX_POINT('',#12231);
#5639=VERTEX_POINT('',#12232);
#5640=VERTEX_POINT('',#12233);
#5641=VERTEX_POINT('',#12234);
#5642=VERTEX_POINT('',#12235);
#5643=VERTEX_POINT('',#12236);
#5644=VERTEX_POINT('',#12237);
#5645=VERTEX_POINT('',#12238);
#5646=VERTEX_POINT('',#12239);
#5647=VERTEX_POINT('',#12240);
#5648=VERTEX_POINT('',#12241);
#5649=VERTEX_POINT('',#12242);
#5650=VERTEX_POINT('',#12243);
#5651=VERTEX_POINT('',#12244);
#5652=VERTEX_POINT('',#12245);
#5653=VERTEX_POINT('',#12475);
#5654=VERTEX_POINT('',#12476);
#5655=VERTEX_POINT('',#12477);
#5656=VERTEX_POINT('',#12478);
#5657=VERTEX_POINT('',#12479);
#5658=VERTEX_POINT('',#12480);
#5659=VERTEX_POINT('',#12481);
#5660=VERTEX_POINT('',#12482);
#5661=VERTEX_POINT('',#12483);
#5662=VERTEX_POINT('',#12484);
#5663=VERTEX_POINT('',#12485);
#5664=VERTEX_POINT('',#12486);
#5665=VERTEX_POINT('',#12487);
#5666=VERTEX_POINT('',#12488);
#5667=VERTEX_POINT('',#12489);
#5668=VERTEX_POINT('',#12490);
#5669=VERTEX_POINT('',#12491);
#5670=VERTEX_POINT('',#12492);
#5671=VERTEX_POINT('',#12493);
#5672=VERTEX_POINT('',#12494);
#5673=VERTEX_POINT('',#12495);
#5674=VERTEX_POINT('',#12496);
#5675=VERTEX_POINT('',#12497);
#5676=VERTEX_POINT('',#12498);
#5677=VERTEX_POINT('',#12499);
#5678=VERTEX_POINT('',#12500);
#5679=VERTEX_POINT('',#12501);
#5680=VERTEX_POINT('',#12502);
#5681=VERTEX_POINT('',#12503);
#5682=VERTEX_POINT('',#12504);
#5683=VERTEX_POINT('',#12505);
#5684=VERTEX_POINT('',#12506);
#5685=VERTEX_POINT('',#12507);
#5686=VERTEX_POINT('',#12508);
#5687=VERTEX_POINT('',#12509);
#5688=VERTEX_POINT('',#12510);
#5689=VERTEX_POINT('',#12511);
#5690=VERTEX_POINT('',#12512);
#5691=VERTEX_POINT('',#12513);
#5692=VERTEX_POINT('',#12514);
#5693=VERTEX_POINT('',#12515);
#5694=VERTEX_POINT('',#12516);
#5695=VERTEX_POINT('',#12517);
#5696=VERTEX_POINT('',#12518);
#5697=VERTEX_POINT('',#12519);
#5698=VERTEX_POINT('',#12520);
#5699=VERTEX_POINT('',#12521);
#5700=VERTEX_POINT('',#12522);
#5701=VERTEX_POINT('',#12523);
#5702=VERTEX_POINT('',#12524);
#5703=VERTEX_POINT('',#12525);
#5704=VERTEX_POINT('',#12526);
#5705=VERTEX_POINT('',#12527);
#5706=VERTEX_POINT('',#12528);
#5707=VERTEX_POINT('',#12529);
#5708=VERTEX_POINT('',#12530);
#5709=VERTEX_POINT('',#12531);
#5710=VERTEX_POINT('',#12532);
#5711=VERTEX_POINT('',#12533);
#5712=VERTEX_POINT('',#12534);
#5713=VERTEX_POINT('',#12535);
#5714=VERTEX_POINT('',#12536);
#5715=VERTEX_POINT('',#12537);
#5716=VERTEX_POINT('',#12538);
#5717=VERTEX_POINT('',#12539);
#5718=VERTEX_POINT('',#12540);
#5719=VERTEX_POINT('',#12541);
#5720=VERTEX_POINT('',#12542);
#5721=VERTEX_POINT('',#12543);
#5722=VERTEX_POINT('',#12544);
#5723=VERTEX_POINT('',#12545);
#5724=VERTEX_POINT('',#12546);
#5725=VERTEX_POINT('',#12547);
#5726=VERTEX_POINT('',#12548);
#5727=VERTEX_POINT('',#12549);
#5728=VERTEX_POINT('',#12550);
#5729=VERTEX_POINT('',#12551);
#5730=VERTEX_POINT('',#12552);
#5731=VERTEX_POINT('',#12553);
#5732=VERTEX_POINT('',#12554);
#5733=VERTEX_POINT('',#12555);
#5734=VERTEX_POINT('',#12556);
#5735=VERTEX_POINT('',#12557);
#5736=VERTEX_POINT('',#12558);
#5737=VERTEX_POINT('',#12559);
#5738=VERTEX_POINT('',#12560);
#5739=VERTEX_POINT('',#12561);
#5740=VERTEX_POINT('',#12562);
#5741=VERTEX_POINT('',#12563);
#5742=VERTEX_POINT('',#12564);
#5743=VERTEX_POINT('',#12794);
#5744=VERTEX_POINT('',#12795);
#5745=VERTEX_POINT('',#12796);
#5746=VERTEX_POINT('',#12797);
#5747=VERTEX_POINT('',#12798);
#5748=VERTEX_POINT('',#12799);
#5749=VERTEX_POINT('',#12800);
#5750=VERTEX_POINT('',#12801);
#5751=VERTEX_POINT('',#12802);
#5752=VERTEX_POINT('',#12803);
#5753=VERTEX_POINT('',#12804);
#5754=VERTEX_POINT('',#12805);
#5755=VERTEX_POINT('',#12806);
#5756=VERTEX_POINT('',#12807);
#5757=VERTEX_POINT('',#12808);
#5758=VERTEX_POINT('',#12809);
#5759=VERTEX_POINT('',#12810);
#5760=VERTEX_POINT('',#12811);
#5761=VERTEX_POINT('',#12812);
#5762=VERTEX_POINT('',#12813);
#5763=VERTEX_POINT('',#12814);
#5764=VERTEX_POINT('',#12815);
#5765=VERTEX_POINT('',#12816);
#5766=VERTEX_POINT('',#12817);
#5767=VERTEX_POINT('',#12818);
#5768=VERTEX_POINT('',#12819);
#5769=VERTEX_POINT('',#12820);
#5770=VERTEX_POINT('',#12821);
#5771=VERTEX_POINT('',#12822);
#5772=VERTEX_POINT('',#12823);
#5773=VERTEX_POINT('',#12824);
#5774=VERTEX_POINT('',#12825);
#5775=VERTEX_POINT('',#12826);
#5776=VERTEX_POINT('',#12827);
#5777=VERTEX_POINT('',#12828);
#5778=VERTEX_POINT('',#12829);
#5779=VERTEX_POINT('',#12830);
#5780=VERTEX_POINT('',#12831);
#5781=VERTEX_POINT('',#12832);
#5782=VERTEX_POINT('',#12833);
#5783=VERTEX_POINT('',#12834);
#5784=VERTEX_POINT('',#12835);
#5785=VERTEX_POINT('',#12836);
#5786=VERTEX_POINT('',#12837);
#5787=VERTEX_POINT('',#12838);
#5788=VERTEX_POINT('',#12839);
#5789=VERTEX_POINT('',#12840);
#5790=VERTEX_POINT('',#12841);
#5791=VERTEX_POINT('',#12842);
#5792=VERTEX_POINT('',#12843);
#5793=VERTEX_POINT('',#12844);
#5794=VERTEX_POINT('',#12845);
#5795=VERTEX_POINT('',#12846);
#5796=VERTEX_POINT('',#12847);
#5797=VERTEX_POINT('',#12848);
#5798=VERTEX_POINT('',#12849);
#5799=VERTEX_POINT('',#12850);
#5800=VERTEX_POINT('',#12851);
#5801=VERTEX_POINT('',#12852);
#5802=VERTEX_POINT('',#12853);
#5803=VERTEX_POINT('',#12854);
#5804=VERTEX_POINT('',#12855);
#5805=VERTEX_POINT('',#12856);
#5806=VERTEX_POINT('',#12857);
#5807=VERTEX_POINT('',#12858);
#5808=VERTEX_POINT('',#12859);
#5809=VERTEX_POINT('',#12860);
#5810=VERTEX_POINT('',#12861);
#5811=VERTEX_POINT('',#12862);
#5812=VERTEX_POINT('',#12863);
#5813=VERTEX_POINT('',#12864);
#5814=VERTEX_POINT('',#12865);
#5815=VERTEX_POINT('',#12866);
#5816=VERTEX_POINT('',#12867);
#5817=VERTEX_POINT('',#12868);
#5818=VERTEX_POINT('',#12869);
#5819=VERTEX_POINT('',#12870);
#5820=VERTEX_POINT('',#12871);
#5821=VERTEX_POINT('',#12872);
#5822=VERTEX_POINT('',#12873);
#5823=VERTEX_POINT('',#12874);
#5824=VERTEX_POINT('',#12875);
#5825=VERTEX_POINT('',#12876);
#5826=VERTEX_POINT('',#12877);
#5827=VERTEX_POINT('',#12878);
#5828=VERTEX_POINT('',#12879);
#5829=VERTEX_POINT('',#12880);
#5830=VERTEX_POINT('',#12881);
#5831=VERTEX_POINT('',#12882);
#5832=VERTEX_POINT('',#12883);
#5833=VERTEX_POINT('',#13113);
#5834=VERTEX_POINT('',#13114);
#5835=VERTEX_POINT('',#13115);
#5836=VERTEX_POINT('',#13116);
#5837=VERTEX_POINT('',#13117);
#5838=VERTEX_POINT('',#13118);
#5839=VERTEX_POINT('',#13119);
#5840=VERTEX_POINT('',#13120);
#5841=VERTEX_POINT('',#13121);
#5842=VERTEX_POINT('',#13122);
#5843=VERTEX_POINT('',#13123);
#5844=VERTEX_POINT('',#13124);
#5845=VERTEX_POINT('',#13125);
#5846=VERTEX_POINT('',#13126);
#5847=VERTEX_POINT('',#13127);
#5848=VERTEX_POINT('',#13128);
#5849=VERTEX_POINT('',#13129);
#5850=VERTEX_POINT('',#13130);
#5851=VERTEX_POINT('',#13131);
#5852=VERTEX_POINT('',#13132);
#5853=VERTEX_POINT('',#13133);
#5854=VERTEX_POINT('',#13134);
#5855=VERTEX_POINT('',#13135);
#5856=VERTEX_POINT('',#13136);
#5857=VERTEX_POINT('',#13137);
#5858=VERTEX_POINT('',#13138);
#5859=VERTEX_POINT('',#13139);
#5860=VERTEX_POINT('',#13140);
#5861=VERTEX_POINT('',#13141);
#5862=VERTEX_POINT('',#13142);
#5863=VERTEX_POINT('',#13143);
#5864=VERTEX_POINT('',#13144);
#5865=VERTEX_POINT('',#13145);
#5866=VERTEX_POINT('',#13146);
#5867=VERTEX_POINT('',#13147);
#5868=VERTEX_POINT('',#13148);
#5869=VERTEX_POINT('',#13149);
#5870=VERTEX_POINT('',#13150);
#5871=VERTEX_POINT('',#13151);
#5872=VERTEX_POINT('',#13152);
#5873=VERTEX_POINT('',#13153);
#5874=VERTEX_POINT('',#13154);
#5875=VERTEX_POINT('',#13155);
#5876=VERTEX_POINT('',#13156);
#5877=VERTEX_POINT('',#13157);
#5878=VERTEX_POINT('',#13158);
#5879=VERTEX_POINT('',#13159);
#5880=VERTEX_POINT('',#13160);
#5881=VERTEX_POINT('',#13161);
#5882=VERTEX_POINT('',#13162);
#5883=VERTEX_POINT('',#13163);
#5884=VERTEX_POINT('',#13164);
#5885=VERTEX_POINT('',#13165);
#5886=VERTEX_POINT('',#13166);
#5887=VERTEX_POINT('',#13167);
#5888=VERTEX_POINT('',#13168);
#5889=VERTEX_POINT('',#13169);
#5890=VERTEX_POINT('',#13170);
#5891=VERTEX_POINT('',#13171);
#5892=VERTEX_POINT('',#13172);
#5893=VERTEX_POINT('',#13173);
#5894=VERTEX_POINT('',#13174);
#5895=VERTEX_POINT('',#13175);
#5896=VERTEX_POINT('',#13176);
#5897=VERTEX_POINT('',#13177);
#5898=VERTEX_POINT('',#13178);
#5899=VERTEX_POINT('',#13179);
#5900=VERTEX_POINT('',#13180);
#5901=VERTEX_POINT('',#13181);
#5902=VERTEX_POINT('',#13182);
#5903=VERTEX_POINT('',#13183);
#5904=VERTEX_POINT('',#13184);
#5905=VERTEX_POINT('',#13185);
#5906=VERTEX_POINT('',#13186);
#5907=VERTEX_POINT('',#13187);
#5908=VERTEX_POINT('',#13188);
#5909=VERTEX_POINT('',#13189);
#5910=VERTEX_POINT('',#13190);
#5911=VERTEX_POINT('',#13191);
#5912=VERTEX_POINT('',#13192);
#5913=VERTEX_POINT('',#13193);
#5914=VERTEX_POINT('',#13194);
#5915=VERTEX_POINT('',#13195);
#5916=VERTEX_POINT('',#13196);
#5917=VERTEX_POINT('',#13197);
#5918=VERTEX_POINT('',#13198);
#5919=VERTEX_POINT('',#13199);
#5920=VERTEX_POINT('',#13200);
#5921=VERTEX_POINT('',#13201);
#5922=VERTEX_POINT('',#13202);
#5923=VERTEX_POINT('',#13432);
#5924=VERTEX_POINT('',#13433);
#5925=VERTEX_POINT('',#13434);
#5926=VERTEX_POINT('',#13435);
#5927=VERTEX_POINT('',#13436);
#5928=VERTEX_POINT('',#13437);
#5929=VERTEX_POINT('',#13438);
#5930=VERTEX_POINT('',#13439);
#5931=VERTEX_POINT('',#13440);
#5932=VERTEX_POINT('',#13441);
#5933=VERTEX_POINT('',#13442);
#5934=VERTEX_POINT('',#13443);
#5935=VERTEX_POINT('',#13444);
#5936=VERTEX_POINT('',#13445);
#5937=VERTEX_POINT('',#13446);
#5938=VERTEX_POINT('',#13447);
#5939=VERTEX_POINT('',#13448);
#5940=VERTEX_POINT('',#13449);
#5941=VERTEX_POINT('',#13450);
#5942=VERTEX_POINT('',#13451);
#5943=VERTEX_POINT('',#13452);
#5944=VERTEX_POINT('',#13453);
#5945=VERTEX_POINT('',#13454);
#5946=VERTEX_POINT('',#13455);
#5947=VERTEX_POINT('',#13456);
#5948=VERTEX_POINT('',#13457);
#5949=VERTEX_POINT('',#13458);
#5950=VERTEX_POINT('',#13459);
#5951=VERTEX_POINT('',#13460);
#5952=VERTEX_POINT('',#13461);
#5953=VERTEX_POINT('',#13462);
#5954=VERTEX_POINT('',#13463);
#5955=VERTEX_POINT('',#13464);
#5956=VERTEX_POINT('',#13465);
#5957=VERTEX_POINT('',#13466);
#5958=VERTEX_POINT('',#13467);
#5959=VERTEX_POINT('',#13468);
#5960=VERTEX_POINT('',#13469);
#5961=VERTEX_POINT('',#13470);
#5962=VERTEX_POINT('',#13471);
#5963=VERTEX_POINT('',#13472);
#5964=VERTEX_POINT('',#13473);
#5965=VERTEX_POINT('',#13474);
#5966=VERTEX_POINT('',#13475);
#5967=VERTEX_POINT('',#13476);
#5968=VERTEX_POINT('',#13477);
#5969=VERTEX_POINT('',#13478);
#5970=VERTEX_POINT('',#13479);
#5971=VERTEX_POINT('',#13480);
#5972=VERTEX_POINT('',#13481);
#5973=VERTEX_POINT('',#13482);
#5974=VERTEX_POINT('',#13483);
#5975=VERTEX_POINT('',#13484);
#5976=VERTEX_POINT('',#13485);
#5977=VERTEX_POINT('',#13486);
#5978=VERTEX_POINT('',#13487);
#5979=VERTEX_POINT('',#13488);
#5980=VERTEX_POINT('',#13489);
#5981=VERTEX_POINT('',#13490);
#5982=VERTEX_POINT('',#13491);
#5983=VERTEX_POINT('',#13492);
#5984=VERTEX_POINT('',#13493);
#5985=VERTEX_POINT('',#13494);
#5986=VERTEX_POINT('',#13495);
#5987=VERTEX_POINT('',#13496);
#5988=VERTEX_POINT('',#13497);
#5989=VERTEX_POINT('',#13498);
#5990=VERTEX_POINT('',#13499);
#5991=VERTEX_POINT('',#13500);
#5992=VERTEX_POINT('',#13501);
#5993=VERTEX_POINT('',#13502);
#5994=VERTEX_POINT('',#13503);
#5995=VERTEX_POINT('',#13504);
#5996=VERTEX_POINT('',#13505);
#5997=VERTEX_POINT('',#13506);
#5998=VERTEX_POINT('',#13507);
#5999=VERTEX_POINT('',#13508);
#6000=VERTEX_POINT('',#13509);
#6001=VERTEX_POINT('',#13510);
#6002=VERTEX_POINT('',#13511);
#6003=VERTEX_POINT('',#13512);
#6004=VERTEX_POINT('',#13513);
#6005=VERTEX_POINT('',#13514);
#6006=VERTEX_POINT('',#13515);
#6007=VERTEX_POINT('',#13516);
#6008=VERTEX_POINT('',#13517);
#6009=VERTEX_POINT('',#13518);
#6010=VERTEX_POINT('',#13519);
#6011=VERTEX_POINT('',#13520);
#6012=VERTEX_POINT('',#13521);
#6013=PLANE('',#8073);
#6014=PLANE('',#8074);
#6015=PLANE('',#8075);
#6016=PLANE('',#8076);
#6017=PLANE('',#8077);
#6018=PLANE('',#8078);
#6019=PLANE('',#8079);
#6020=PLANE('',#8080);
#6021=PLANE('',#8081);
#6022=PLANE('',#8082);
#6023=PLANE('',#8083);
#6024=PLANE('',#8084);
#6025=PLANE('',#8085);
#6026=PLANE('',#8086);
#6027=PLANE('',#8087);
#6028=PLANE('',#8088);
#6029=PLANE('',#8089);
#6030=PLANE('',#8090);
#6031=PLANE('',#8091);
#6032=PLANE('',#8092);
#6033=PLANE('',#8093);
#6034=PLANE('',#8094);
#6035=PLANE('',#8095);
#6036=PLANE('',#8096);
#6037=PLANE('',#8097);
#6038=PLANE('',#8098);
#6039=PLANE('',#8099);
#6040=PLANE('',#8100);
#6041=PLANE('',#8101);
#6042=PLANE('',#8102);
#6043=PLANE('',#8103);
#6044=PLANE('',#8104);
#6045=PLANE('',#8105);
#6046=PLANE('',#8106);
#6047=PLANE('',#8107);
#6048=PLANE('',#8108);
#6049=PLANE('',#8109);
#6050=PLANE('',#8110);
#6051=PLANE('',#8111);
#6052=PLANE('',#8112);
#6053=PLANE('',#8113);
#6054=PLANE('',#8114);
#6055=PLANE('',#8115);
#6056=PLANE('',#8116);
#6057=PLANE('',#8117);
#6058=PLANE('',#8118);
#6059=PLANE('',#8119);
#6060=PLANE('',#8120);
#6061=PLANE('',#8121);
#6062=PLANE('',#8122);
#6063=PLANE('',#8123);
#6064=PLANE('',#8124);
#6065=PLANE('',#8125);
#6066=PLANE('',#8126);
#6067=PLANE('',#8127);
#6068=PLANE('',#8128);
#6069=PLANE('',#8129);
#6070=PLANE('',#8130);
#6071=PLANE('',#8131);
#6072=PLANE('',#8132);
#6073=PLANE('',#8133);
#6074=PLANE('',#8134);
#6075=PLANE('',#8135);
#6076=PLANE('',#8136);
#6077=PLANE('',#8137);
#6078=PLANE('',#8138);
#6079=PLANE('',#8139);
#6080=PLANE('',#8140);
#6081=PLANE('',#8141);
#6082=PLANE('',#8142);
#6083=PLANE('',#8143);
#6084=PLANE('',#8144);
#6085=PLANE('',#8145);
#6086=PLANE('',#8146);
#6087=PLANE('',#8147);
#6088=PLANE('',#8148);
#6089=PLANE('',#8149);
#6090=PLANE('',#8150);
#6091=PLANE('',#8151);
#6092=PLANE('',#8152);
#6093=PLANE('',#8153);
#6094=PLANE('',#8154);
#6095=PLANE('',#8155);
#6096=PLANE('',#8156);
#6097=PLANE('',#8157);
#6098=PLANE('',#8158);
#6099=PLANE('',#8159);
#6100=PLANE('',#8160);
#6101=PLANE('',#8161);
#6102=PLANE('',#8162);
#6103=PLANE('',#8163);
#6104=PLANE('',#8164);
#6105=PLANE('',#8165);
#6106=PLANE('',#8166);
#6107=PLANE('',#8167);
#6108=PLANE('',#8168);
#6109=PLANE('',#8169);
#6110=PLANE('',#8170);
#6111=PLANE('',#8171);
#6112=PLANE('',#8172);
#6113=PLANE('',#8173);
#6114=PLANE('',#8174);
#6115=PLANE('',#8175);
#6116=PLANE('',#8176);
#6117=PLANE('',#8177);
#6118=PLANE('',#8178);
#6119=PLANE('',#8179);
#6120=PLANE('',#8180);
#6121=PLANE('',#8181);
#6122=PLANE('',#8182);
#6123=PLANE('',#8183);
#6124=PLANE('',#8184);
#6125=PLANE('',#8185);
#6126=PLANE('',#8186);
#6127=PLANE('',#8187);
#6128=PLANE('',#8188);
#6129=PLANE('',#8189);
#6130=PLANE('',#8190);
#6131=PLANE('',#8191);
#6132=PLANE('',#8192);
#6133=PLANE('',#8193);
#6134=PLANE('',#8194);
#6135=PLANE('',#8195);
#6136=PLANE('',#8196);
#6137=PLANE('',#8197);
#6138=PLANE('',#8198);
#6139=PLANE('',#8199);
#6140=PLANE('',#8200);
#6141=PLANE('',#8201);
#6142=PLANE('',#8202);
#6143=PLANE('',#8203);
#6144=PLANE('',#8204);
#6145=PLANE('',#8205);
#6146=PLANE('',#8206);
#6147=PLANE('',#8207);
#6148=PLANE('',#8208);
#6149=PLANE('',#8209);
#6150=PLANE('',#8210);
#6151=PLANE('',#8211);
#6152=PLANE('',#8212);
#6153=PLANE('',#8213);
#6154=PLANE('',#8214);
#6155=PLANE('',#8215);
#6156=PLANE('',#8216);
#6157=PLANE('',#8217);
#6158=PLANE('',#8218);
#6159=PLANE('',#8219);
#6160=PLANE('',#8220);
#6161=PLANE('',#8221);
#6162=PLANE('',#8222);
#6163=PLANE('',#8223);
#6164=PLANE('',#8224);
#6165=PLANE('',#8225);
#6166=PLANE('',#8226);
#6167=PLANE('',#8227);
#6168=PLANE('',#8228);
#6169=PLANE('',#8229);
#6170=PLANE('',#8230);
#6171=PLANE('',#8231);
#6172=PLANE('',#8232);
#6173=PLANE('',#8233);
#6174=PLANE('',#8234);
#6175=PLANE('',#8235);
#6176=PLANE('',#8236);
#6177=PLANE('',#8237);
#6178=PLANE('',#8238);
#6179=PLANE('',#8239);
#6180=PLANE('',#8240);
#6181=PLANE('',#8241);
#6182=PLANE('',#8242);
#6183=PLANE('',#8243);
#6184=PLANE('',#8244);
#6185=PLANE('',#8245);
#6186=PLANE('',#8246);
#6187=PLANE('',#8247);
#6188=PLANE('',#8248);
#6189=PLANE('',#8249);
#6190=PLANE('',#8250);
#6191=PLANE('',#8251);
#6192=PLANE('',#8252);
#6193=PLANE('',#8253);
#6194=PLANE('',#8254);
#6195=PLANE('',#8255);
#6196=PLANE('',#8256);
#6197=PLANE('',#8257);
#6198=PLANE('',#8258);
#6199=PLANE('',#8259);
#6200=PLANE('',#8260);
#6201=PLANE('',#8261);
#6202=PLANE('',#8262);
#6203=PLANE('',#8263);
#6204=PLANE('',#8264);
#6205=PLANE('',#8265);
#6206=PLANE('',#8266);
#6207=PLANE('',#8267);
#6208=PLANE('',#8268);
#6209=PLANE('',#8269);
#6210=PLANE('',#8270);
#6211=PLANE('',#8271);
#6212=PLANE('',#8272);
#6213=PLANE('',#8273);
#6214=PLANE('',#8274);
#6215=PLANE('',#8275);
#6216=PLANE('',#8276);
#6217=PLANE('',#8277);
#6218=PLANE('',#8278);
#6219=PLANE('',#8279);
#6220=PLANE('',#8280);
#6221=PLANE('',#8281);
#6222=PLANE('',#8282);
#6223=PLANE('',#8283);
#6224=PLANE('',#8284);
#6225=PLANE('',#8285);
#6226=PLANE('',#8286);
#6227=PLANE('',#8287);
#6228=PLANE('',#8288);
#6229=PLANE('',#8289);
#6230=PLANE('',#8290);
#6231=PLANE('',#8291);
#6232=PLANE('',#8292);
#6233=PLANE('',#8293);
#6234=PLANE('',#8294);
#6235=PLANE('',#8295);
#6236=PLANE('',#8296);
#6237=PLANE('',#8297);
#6238=PLANE('',#8298);
#6239=PLANE('',#8299);
#6240=PLANE('',#8300);
#6241=PLANE('',#8301);
#6242=PLANE('',#8302);
#6243=PLANE('',#8303);
#6244=PLANE('',#8304);
#6245=PLANE('',#8305);
#6246=PLANE('',#8306);
#6247=PLANE('',#8307);
#6248=PLANE('',#8308);
#6249=PLANE('',#8309);
#6250=PLANE('',#8310);
#6251=PLANE('',#8311);
#6252=PLANE('',#8312);
#6253=PLANE('',#8313);
#6254=PLANE('',#8314);
#6255=PLANE('',#8315);
#6256=PLANE('',#8316);
#6257=PLANE('',#8317);
#6258=PLANE('',#8318);
#6259=PLANE('',#8319);
#6260=PLANE('',#8320);
#6261=PLANE('',#8321);
#6262=PLANE('',#8322);
#6263=PLANE('',#8323);
#6264=PLANE('',#8324);
#6265=PLANE('',#8325);
#6266=PLANE('',#8326);
#6267=PLANE('',#8327);
#6268=PLANE('',#8328);
#6269=PLANE('',#8329);
#6270=PLANE('',#8330);
#6271=PLANE('',#8331);
#6272=PLANE('',#8332);
#6273=PLANE('',#8333);
#6274=PLANE('',#8334);
#6275=PLANE('',#8335);
#6276=PLANE('',#8336);
#6277=PLANE('',#8337);
#6278=PLANE('',#8338);
#6279=PLANE('',#8339);
#6280=PLANE('',#8340);
#6281=PLANE('',#8341);
#6282=PLANE('',#8342);
#6283=PLANE('',#8343);
#6284=PLANE('',#8344);
#6285=GEOMETRIC_CURVE_SET('curve_set_0',(#6287,#6288));
#6286=GEOMETRICALLY_BOUNDED_WIREFRAME_SHAPE_REPRESENTATION(
'wireframe_rep_0',(#6285,#8345),#8070);
#6287=B_SPLINE_CURVE_WITH_KNOTS('',1,(#8626,#8627),.UNSPECIFIED.,.F.,.F.,
(2,2),(0.,8.65537546656573),.UNSPECIFIED.);
#6288=B_SPLINE_CURVE_WITH_KNOTS('',1,(#8628,#8629),.UNSPECIFIED.,.F.,.F.,
(2,2),(0.,8.65537546656573),.UNSPECIFIED.);
#6289=B_SPLINE_CURVE_WITH_KNOTS('',1,(#8737,#8738),.UNSPECIFIED.,.F.,.F.,
(2,2),(0.,18.),.UNSPECIFIED.);
#6290=B_SPLINE_CURVE_WITH_KNOTS('',1,(#8739,#8740),.UNSPECIFIED.,.F.,.F.,
(2,2),(0.,18.),.UNSPECIFIED.);
#6291=B_SPLINE_CURVE_WITH_KNOTS('',1,(#8741,#8742),.UNSPECIFIED.,.F.,.F.,
(2,2),(0.,18.),.UNSPECIFIED.);
#6292=B_SPLINE_CURVE_WITH_KNOTS('',1,(#8743,#8744),.UNSPECIFIED.,.F.,.F.,
(2,2),(0.,18.),.UNSPECIFIED.);
#6293=B_SPLINE_CURVE_WITH_KNOTS('',1,(#8745,#8746),.UNSPECIFIED.,.F.,.F.,
(2,2),(-878.383135079766,-873.138690635322),.UNSPECIFIED.);
#6294=B_SPLINE_CURVE_WITH_KNOTS('',1,(#8747,#8748),.UNSPECIFIED.,.F.,.F.,
(2,2),(-878.383135079766,-873.138690635322),.UNSPECIFIED.);
#6295=B_SPLINE_CURVE_WITH_KNOTS('',1,(#8749,#8750),.UNSPECIFIED.,.F.,.F.,
(2,2),(0.,15.9036140003335),.UNSPECIFIED.);
#6296=B_SPLINE_CURVE_WITH_KNOTS('',1,(#8751,#8752),.UNSPECIFIED.,.F.,.F.,
(2,2),(440.015214617665,455.918828617999),.UNSPECIFIED.);
#6297=B_SPLINE_CURVE_WITH_KNOTS('',1,(#8753,#8754),.UNSPECIFIED.,.F.,.F.,
(2,2),(357.515214617848,440.015214617665),.UNSPECIFIED.);
#6298=B_SPLINE_CURVE_WITH_KNOTS('',1,(#8755,#8756),.UNSPECIFIED.,.F.,.F.,
(2,2),(353.015214617848,357.515214617848),.UNSPECIFIED.);
#6299=B_SPLINE_CURVE_WITH_KNOTS('',1,(#8757,#8758),.UNSPECIFIED.,.F.,.F.,
(2,2),(351.015214617848,353.015214617848),.UNSPECIFIED.);
#6300=B_SPLINE_CURVE_WITH_KNOTS('',1,(#8759,#8760),.UNSPECIFIED.,.F.,.F.,
(2,2),(348.515214617848,351.015214617848),.UNSPECIFIED.);
#6301=B_SPLINE_CURVE_WITH_KNOTS('',1,(#8761,#8762),.UNSPECIFIED.,.F.,.F.,
(2,2),(347.515214617848,348.515214617848),.UNSPECIFIED.);
#6302=B_SPLINE_CURVE_WITH_KNOTS('',1,(#8763,#8764),.UNSPECIFIED.,.F.,.F.,
(2,2),(345.515214617848,347.515214617848),.UNSPECIFIED.);
#6303=B_SPLINE_CURVE_WITH_KNOTS('',1,(#8765,#8766),.UNSPECIFIED.,.F.,.F.,
(2,2),(339.250232574777,345.515214617848),.UNSPECIFIED.);
#6304=B_SPLINE_CURVE_WITH_KNOTS('',1,(#8767,#8768),.UNSPECIFIED.,.F.,.F.,
(2,2),(336.250232574657,339.250232574777),.UNSPECIFIED.);
#6305=B_SPLINE_CURVE_WITH_KNOTS('',1,(#8769,#8770),.UNSPECIFIED.,.F.,.F.,
(2,2),(329.985250531587,336.250232574657),.UNSPECIFIED.);
#6306=B_SPLINE_CURVE_WITH_KNOTS('',1,(#8771,#8772),.UNSPECIFIED.,.F.,.F.,
(2,2),(246.485250531587,329.985250531587),.UNSPECIFIED.);
#6307=B_SPLINE_CURVE_WITH_KNOTS('',1,(#8773,#8774),.UNSPECIFIED.,.F.,.F.,
(2,2),(230.581636531253,246.485250531587),.UNSPECIFIED.);
#6308=B_SPLINE_CURVE_WITH_KNOTS('',1,(#8775,#8776),.UNSPECIFIED.,.F.,.F.,
(2,2),(209.433578086475,225.337192086809),.UNSPECIFIED.);
#6309=B_SPLINE_CURVE_WITH_KNOTS('',1,(#8777,#8778),.UNSPECIFIED.,.F.,.F.,
(2,2),(125.933578086475,209.433578086475),.UNSPECIFIED.);
#6310=B_SPLINE_CURVE_WITH_KNOTS('',1,(#8779,#8780),.UNSPECIFIED.,.F.,.F.,
(2,2),(119.668596043404,125.933578086475),.UNSPECIFIED.);
#6311=B_SPLINE_CURVE_WITH_KNOTS('',1,(#8781,#8782),.UNSPECIFIED.,.F.,.F.,
(2,2),(116.668596043404,119.668596043404),.UNSPECIFIED.);
#6312=B_SPLINE_CURVE_WITH_KNOTS('',1,(#8783,#8784),.UNSPECIFIED.,.F.,.F.,
(2,2),(110.403614000333,116.668596043404),.UNSPECIFIED.);
#6313=B_SPLINE_CURVE_WITH_KNOTS('',1,(#8785,#8786),.UNSPECIFIED.,.F.,.F.,
(2,2),(108.403614000333,110.403614000333),.UNSPECIFIED.);
#6314=B_SPLINE_CURVE_WITH_KNOTS('',1,(#8787,#8788),.UNSPECIFIED.,.F.,.F.,
(2,2),(107.403614000333,108.403614000333),.UNSPECIFIED.);
#6315=B_SPLINE_CURVE_WITH_KNOTS('',1,(#8789,#8790),.UNSPECIFIED.,.F.,.F.,
(2,2),(104.903614000333,107.403614000333),.UNSPECIFIED.);
#6316=B_SPLINE_CURVE_WITH_KNOTS('',1,(#8791,#8792),.UNSPECIFIED.,.F.,.F.,
(2,2),(102.903614000333,104.903614000333),.UNSPECIFIED.);
#6317=B_SPLINE_CURVE_WITH_KNOTS('',1,(#8793,#8794),.UNSPECIFIED.,.F.,.F.,
(2,2),(98.4036140003335,102.903614000333),.UNSPECIFIED.);
#6318=B_SPLINE_CURVE_WITH_KNOTS('',1,(#8795,#8796),.UNSPECIFIED.,.F.,.F.,
(2,2),(15.9036140003335,98.4036140003335),.UNSPECIFIED.);
#6319=B_SPLINE_CURVE_WITH_KNOTS('',1,(#8797,#8798),.UNSPECIFIED.,.F.,.F.,
(2,2),(0.,0.499999999999943),.UNSPECIFIED.);
#6320=B_SPLINE_CURVE_WITH_KNOTS('',1,(#8799,#8800),.UNSPECIFIED.,.F.,.F.,
(2,2),(191.506418078556,193.506418078556),.UNSPECIFIED.);
#6321=B_SPLINE_CURVE_WITH_KNOTS('',1,(#8801,#8802),.UNSPECIFIED.,.F.,.F.,
(2,2),(191.006418078556,191.506418078556),.UNSPECIFIED.);
#6322=B_SPLINE_CURVE_WITH_KNOTS('',1,(#8803,#8804),.UNSPECIFIED.,.F.,.F.,
(2,2),(184.741436035485,191.006418078556),.UNSPECIFIED.);
#6323=B_SPLINE_CURVE_WITH_KNOTS('',1,(#8805,#8806),.UNSPECIFIED.,.F.,.F.,
(2,2),(181.741436035485,184.741436035485),.UNSPECIFIED.);
#6324=B_SPLINE_CURVE_WITH_KNOTS('',1,(#8807,#8808),.UNSPECIFIED.,.F.,.F.,
(2,2),(175.476453992414,181.741436035485),.UNSPECIFIED.);
#6325=B_SPLINE_CURVE_WITH_KNOTS('',1,(#8809,#8810),.UNSPECIFIED.,.F.,.F.,
(2,2),(102.644403184846,175.476453992414),.UNSPECIFIED.);
#6326=B_SPLINE_CURVE_WITH_KNOTS('',1,(#8811,#8812),.UNSPECIFIED.,.F.,.F.,
(2,2),(99.5637208159657,102.644403184846),.UNSPECIFIED.);
#6327=B_SPLINE_CURVE_WITH_KNOTS('',1,(#8813,#8814),.UNSPECIFIED.,.F.,.F.,
(2,2),(97.0233796315234,99.5637208159657),.UNSPECIFIED.);
#6328=B_SPLINE_CURVE_WITH_KNOTS('',1,(#8815,#8816),.UNSPECIFIED.,.F.,.F.,
(2,2),(94.4830384470811,97.0233796315234),.UNSPECIFIED.);
#6329=B_SPLINE_CURVE_WITH_KNOTS('',1,(#8817,#8818),.UNSPECIFIED.,.F.,.F.,
(2,2),(91.9426972626388,94.4830384470811),.UNSPECIFIED.);
#6330=B_SPLINE_CURVE_WITH_KNOTS('',1,(#8819,#8820),.UNSPECIFIED.,.F.,.F.,
(2,2),(88.8620148937729,91.9426972626388),.UNSPECIFIED.);
#6331=B_SPLINE_CURVE_WITH_KNOTS('',1,(#8821,#8822),.UNSPECIFIED.,.F.,.F.,
(2,2),(16.0299640862159,88.8620148937729),.UNSPECIFIED.);
#6332=B_SPLINE_CURVE_WITH_KNOTS('',1,(#8823,#8824),.UNSPECIFIED.,.F.,.F.,
(2,2),(9.76498204314507,16.0299640862159),.UNSPECIFIED.);
#6333=B_SPLINE_CURVE_WITH_KNOTS('',1,(#8825,#8826),.UNSPECIFIED.,.F.,.F.,
(2,2),(6.76498204307081,9.76498204314507),.UNSPECIFIED.);
#6334=B_SPLINE_CURVE_WITH_KNOTS('',1,(#8827,#8828),.UNSPECIFIED.,.F.,.F.,
(2,2),(0.499999999999943,6.76498204307081),.UNSPECIFIED.);
#6335=B_SPLINE_CURVE_WITH_KNOTS('',1,(#8829,#8830),.UNSPECIFIED.,.F.,.F.,
(2,2),(0.,2.54034118444231),.UNSPECIFIED.);
#6336=B_SPLINE_CURVE_WITH_KNOTS('',1,(#8831,#8832),.UNSPECIFIED.,.F.,.F.,
(2,2),(155.906148721768,158.44648990621),.UNSPECIFIED.);
#6337=B_SPLINE_CURVE_WITH_KNOTS('',1,(#8833,#8834),.UNSPECIFIED.,.F.,.F.,
(2,2),(153.365807537325,155.906148721768),.UNSPECIFIED.);
#6338=B_SPLINE_CURVE_WITH_KNOTS('',1,(#8835,#8836),.UNSPECIFIED.,.F.,.F.,
(2,2),(150.285125168445,153.365807537325),.UNSPECIFIED.);
#6339=B_SPLINE_CURVE_WITH_KNOTS('',1,(#8837,#8838),.UNSPECIFIED.,.F.,.F.,
(2,2),(78.9530743608767,150.285125168445),.UNSPECIFIED.);
#6340=B_SPLINE_CURVE_WITH_KNOTS('',1,(#8839,#8840),.UNSPECIFIED.,.F.,.F.,
(2,2),(76.9530743608767,78.9530743608767),.UNSPECIFIED.);
#6341=B_SPLINE_CURVE_WITH_KNOTS('',1,(#8841,#8842),.UNSPECIFIED.,.F.,.F.,
(2,2),(5.62102355330828,76.9530743608767),.UNSPECIFIED.);
#6342=B_SPLINE_CURVE_WITH_KNOTS('',1,(#8843,#8844),.UNSPECIFIED.,.F.,.F.,
(2,2),(2.54034118444231,5.62102355330828),.UNSPECIFIED.);
#6343=B_SPLINE_CURVE_WITH_KNOTS('',1,(#8845,#8846),.UNSPECIFIED.,.F.,.F.,
(2,2),(0.,3.40000000000002),.UNSPECIFIED.);
#6344=B_SPLINE_CURVE_WITH_KNOTS('',1,(#8847,#8848),.UNSPECIFIED.,.F.,.F.,
(2,2),(-3.40000000000001,0.),.UNSPECIFIED.);
#6345=B_SPLINE_CURVE_WITH_KNOTS('',1,(#8849,#8850),.UNSPECIFIED.,.F.,.F.,
(2,2),(-3.39999999999999,1.77635683940025E-14),.UNSPECIFIED.);
#6346=B_SPLINE_CURVE_WITH_KNOTS('',1,(#8851,#8852),.UNSPECIFIED.,.F.,.F.,
(2,2),(-3.4,3.5527136788005E-15),.UNSPECIFIED.);
#6347=B_SPLINE_CURVE_WITH_KNOTS('',1,(#8853,#8854),.UNSPECIFIED.,.F.,.F.,
(2,2),(0.,6.67802058269567),.UNSPECIFIED.);
#6348=B_SPLINE_CURVE_WITH_KNOTS('',1,(#8855,#8856),.UNSPECIFIED.,.F.,.F.,
(2,2),(0.,18.),.UNSPECIFIED.);
#6349=B_SPLINE_CURVE_WITH_KNOTS('',1,(#8857,#8858),.UNSPECIFIED.,.F.,.F.,
(2,2),(0.,6.67802058269567),.UNSPECIFIED.);
#6350=B_SPLINE_CURVE_WITH_KNOTS('',1,(#8859,#8860),.UNSPECIFIED.,.F.,.F.,
(2,2),(6.67802058269567,13.3555496939216),.UNSPECIFIED.);
#6351=B_SPLINE_CURVE_WITH_KNOTS('',1,(#8861,#8862),.UNSPECIFIED.,.F.,.F.,
(2,2),(0.,18.),.UNSPECIFIED.);
#6352=B_SPLINE_CURVE_WITH_KNOTS('',1,(#8863,#8864),.UNSPECIFIED.,.F.,.F.,
(2,2),(6.67802058269567,13.3555496939216),.UNSPECIFIED.);
#6353=B_SPLINE_CURVE_WITH_KNOTS('',1,(#8865,#8866),.UNSPECIFIED.,.F.,.F.,
(2,2),(13.3555496939216,20.0330788051476),.UNSPECIFIED.);
#6354=B_SPLINE_CURVE_WITH_KNOTS('',1,(#8867,#8868),.UNSPECIFIED.,.F.,.F.,
(2,2),(0.,18.),.UNSPECIFIED.);
#6355=B_SPLINE_CURVE_WITH_KNOTS('',1,(#8869,#8870),.UNSPECIFIED.,.F.,.F.,
(2,2),(13.3555496939216,20.0330788051476),.UNSPECIFIED.);
#6356=B_SPLINE_CURVE_WITH_KNOTS('',1,(#8871,#8872),.UNSPECIFIED.,.F.,.F.,
(2,2),(0.,8.65537546656573),.UNSPECIFIED.);
#6357=B_SPLINE_CURVE_WITH_KNOTS('',1,(#8873,#8874),.UNSPECIFIED.,.F.,.F.,
(2,2),(0.,8.65537546656573),.UNSPECIFIED.);
#6358=B_SPLINE_CURVE_WITH_KNOTS('',1,(#8875,#8876),.UNSPECIFIED.,.F.,.F.,
(2,2),(5.5,12.5),.UNSPECIFIED.);
#6359=B_SPLINE_CURVE_WITH_KNOTS('',1,(#8877,#8878),.UNSPECIFIED.,.F.,.F.,
(2,2),(0.,6.67802058269567),.UNSPECIFIED.);
#6360=B_SPLINE_CURVE_WITH_KNOTS('',1,(#8879,#8880),.UNSPECIFIED.,.F.,.F.,
(2,2),(0.,18.),.UNSPECIFIED.);
#6361=B_SPLINE_CURVE_WITH_KNOTS('',1,(#8881,#8882),.UNSPECIFIED.,.F.,.F.,
(2,2),(0.,6.67802058269567),.UNSPECIFIED.);
#6362=B_SPLINE_CURVE_WITH_KNOTS('',1,(#8883,#8884),.UNSPECIFIED.,.F.,.F.,
(2,2),(6.67802058269567,13.3555496939216),.UNSPECIFIED.);
#6363=B_SPLINE_CURVE_WITH_KNOTS('',1,(#8885,#8886),.UNSPECIFIED.,.F.,.F.,
(2,2),(0.,18.),.UNSPECIFIED.);
#6364=B_SPLINE_CURVE_WITH_KNOTS('',1,(#8887,#8888),.UNSPECIFIED.,.F.,.F.,
(2,2),(6.67802058269567,13.3555496939216),.UNSPECIFIED.);
#6365=B_SPLINE_CURVE_WITH_KNOTS('',1,(#8889,#8890),.UNSPECIFIED.,.F.,.F.,
(2,2),(13.3555496939216,20.0330788051476),.UNSPECIFIED.);
#6366=B_SPLINE_CURVE_WITH_KNOTS('',1,(#8891,#8892),.UNSPECIFIED.,.F.,.F.,
(2,2),(0.,18.),.UNSPECIFIED.);
#6367=B_SPLINE_CURVE_WITH_KNOTS('',1,(#8893,#8894),.UNSPECIFIED.,.F.,.F.,
(2,2),(13.3555496939216,20.0330788051476),.UNSPECIFIED.);
#6368=B_SPLINE_CURVE_WITH_KNOTS('',1,(#8895,#8896),.UNSPECIFIED.,.F.,.F.,
(2,2),(0.,8.65537546656573),.UNSPECIFIED.);
#6369=B_SPLINE_CURVE_WITH_KNOTS('',1,(#8897,#8898),.UNSPECIFIED.,.F.,.F.,
(2,2),(0.,8.65537546656573),.UNSPECIFIED.);
#6370=B_SPLINE_CURVE_WITH_KNOTS('',1,(#8899,#8900),.UNSPECIFIED.,.F.,.F.,
(2,2),(5.5,12.5),.UNSPECIFIED.);
#6371=B_SPLINE_CURVE_WITH_KNOTS('',1,(#8901,#8902),.UNSPECIFIED.,.F.,.F.,
(2,2),(0.,6.67802058269567),.UNSPECIFIED.);
#6372=B_SPLINE_CURVE_WITH_KNOTS('',1,(#8903,#8904),.UNSPECIFIED.,.F.,.F.,
(2,2),(0.,18.),.UNSPECIFIED.);
#6373=B_SPLINE_CURVE_WITH_KNOTS('',1,(#8905,#8906),.UNSPECIFIED.,.F.,.F.,
(2,2),(0.,6.67802058269567),.UNSPECIFIED.);
#6374=B_SPLINE_CURVE_WITH_KNOTS('',1,(#8907,#8908),.UNSPECIFIED.,.F.,.F.,
(2,2),(6.67802058269567,13.3555496939216),.UNSPECIFIED.);
#6375=B_SPLINE_CURVE_WITH_KNOTS('',1,(#8909,#8910),.UNSPECIFIED.,.F.,.F.,
(2,2),(0.,18.),.UNSPECIFIED.);
#6376=B_SPLINE_CURVE_WITH_KNOTS('',1,(#8911,#8912),.UNSPECIFIED.,.F.,.F.,
(2,2),(6.67802058269567,13.3555496939216),.UNSPECIFIED.);
#6377=B_SPLINE_CURVE_WITH_KNOTS('',1,(#8913,#8914),.UNSPECIFIED.,.F.,.F.,
(2,2),(13.3555496939216,20.0330788051476),.UNSPECIFIED.);
#6378=B_SPLINE_CURVE_WITH_KNOTS('',1,(#8915,#8916),.UNSPECIFIED.,.F.,.F.,
(2,2),(0.,18.),.UNSPECIFIED.);
#6379=B_SPLINE_CURVE_WITH_KNOTS('',1,(#8917,#8918),.UNSPECIFIED.,.F.,.F.,
(2,2),(13.3555496939216,20.0330788051476),.UNSPECIFIED.);
#6380=B_SPLINE_CURVE_WITH_KNOTS('',1,(#8919,#8920),.UNSPECIFIED.,.F.,.F.,
(2,2),(0.,8.65537546656573),.UNSPECIFIED.);
#6381=B_SPLINE_CURVE_WITH_KNOTS('',1,(#8921,#8922),.UNSPECIFIED.,.F.,.F.,
(2,2),(0.,8.65537546656573),.UNSPECIFIED.);
#6382=B_SPLINE_CURVE_WITH_KNOTS('',1,(#8923,#8924),.UNSPECIFIED.,.F.,.F.,
(2,2),(5.5,12.5),.UNSPECIFIED.);
#6383=B_SPLINE_CURVE_WITH_KNOTS('',1,(#8925,#8926),.UNSPECIFIED.,.F.,.F.,
(2,2),(0.,6.67802058269567),.UNSPECIFIED.);
#6384=B_SPLINE_CURVE_WITH_KNOTS('',1,(#8927,#8928),.UNSPECIFIED.,.F.,.F.,
(2,2),(0.,18.),.UNSPECIFIED.);
#6385=B_SPLINE_CURVE_WITH_KNOTS('',1,(#8929,#8930),.UNSPECIFIED.,.F.,.F.,
(2,2),(0.,6.67802058269567),.UNSPECIFIED.);
#6386=B_SPLINE_CURVE_WITH_KNOTS('',1,(#8931,#8932),.UNSPECIFIED.,.F.,.F.,
(2,2),(6.67802058269567,13.3555496939216),.UNSPECIFIED.);
#6387=B_SPLINE_CURVE_WITH_KNOTS('',1,(#8933,#8934),.UNSPECIFIED.,.F.,.F.,
(2,2),(0.,18.),.UNSPECIFIED.);
#6388=B_SPLINE_CURVE_WITH_KNOTS('',1,(#8935,#8936),.UNSPECIFIED.,.F.,.F.,
(2,2),(6.67802058269567,13.3555496939216),.UNSPECIFIED.);
#6389=B_SPLINE_CURVE_WITH_KNOTS('',1,(#8937,#8938),.UNSPECIFIED.,.F.,.F.,
(2,2),(13.3555496939216,20.0330788051476),.UNSPECIFIED.);
#6390=B_SPLINE_CURVE_WITH_KNOTS('',1,(#8939,#8940),.UNSPECIFIED.,.F.,.F.,
(2,2),(0.,18.),.UNSPECIFIED.);
#6391=B_SPLINE_CURVE_WITH_KNOTS('',1,(#8941,#8942),.UNSPECIFIED.,.F.,.F.,
(2,2),(13.3555496939216,20.0330788051476),.UNSPECIFIED.);
#6392=B_SPLINE_CURVE_WITH_KNOTS('',1,(#8943,#8944),.UNSPECIFIED.,.F.,.F.,
(2,2),(0.,8.65537546656573),.UNSPECIFIED.);
#6393=B_SPLINE_CURVE_WITH_KNOTS('',1,(#8945,#8946),.UNSPECIFIED.,.F.,.F.,
(2,2),(0.,8.65537546656573),.UNSPECIFIED.);
#6394=B_SPLINE_CURVE_WITH_KNOTS('',1,(#8947,#8948),.UNSPECIFIED.,.F.,.F.,
(2,2),(5.5,12.5),.UNSPECIFIED.);
#6395=B_SPLINE_CURVE_WITH_KNOTS('',1,(#9056,#9057),.UNSPECIFIED.,.F.,.F.,
(2,2),(0.,18.),.UNSPECIFIED.);
#6396=B_SPLINE_CURVE_WITH_KNOTS('',1,(#9058,#9059),.UNSPECIFIED.,.F.,.F.,
(2,2),(0.,18.),.UNSPECIFIED.);
#6397=B_SPLINE_CURVE_WITH_KNOTS('',1,(#9060,#9061),.UNSPECIFIED.,.F.,.F.,
(2,2),(0.,18.),.UNSPECIFIED.);
#6398=B_SPLINE_CURVE_WITH_KNOTS('',1,(#9062,#9063),.UNSPECIFIED.,.F.,.F.,
(2,2),(0.,18.),.UNSPECIFIED.);
#6399=B_SPLINE_CURVE_WITH_KNOTS('',1,(#9064,#9065),.UNSPECIFIED.,.F.,.F.,
(2,2),(-878.383135079766,-873.138690635322),.UNSPECIFIED.);
#6400=B_SPLINE_CURVE_WITH_KNOTS('',1,(#9066,#9067),.UNSPECIFIED.,.F.,.F.,
(2,2),(-878.383135079766,-873.138690635322),.UNSPECIFIED.);
#6401=B_SPLINE_CURVE_WITH_KNOTS('',1,(#9068,#9069),.UNSPECIFIED.,.F.,.F.,
(2,2),(0.,15.9036140003335),.UNSPECIFIED.);
#6402=B_SPLINE_CURVE_WITH_KNOTS('',1,(#9070,#9071),.UNSPECIFIED.,.F.,.F.,
(2,2),(440.015214617665,455.918828617999),.UNSPECIFIED.);
#6403=B_SPLINE_CURVE_WITH_KNOTS('',1,(#9072,#9073),.UNSPECIFIED.,.F.,.F.,
(2,2),(357.515214617848,440.015214617665),.UNSPECIFIED.);
#6404=B_SPLINE_CURVE_WITH_KNOTS('',1,(#9074,#9075),.UNSPECIFIED.,.F.,.F.,
(2,2),(353.015214617848,357.515214617848),.UNSPECIFIED.);
#6405=B_SPLINE_CURVE_WITH_KNOTS('',1,(#9076,#9077),.UNSPECIFIED.,.F.,.F.,
(2,2),(351.015214617848,353.015214617848),.UNSPECIFIED.);
#6406=B_SPLINE_CURVE_WITH_KNOTS('',1,(#9078,#9079),.UNSPECIFIED.,.F.,.F.,
(2,2),(348.515214617848,351.015214617848),.UNSPECIFIED.);
#6407=B_SPLINE_CURVE_WITH_KNOTS('',1,(#9080,#9081),.UNSPECIFIED.,.F.,.F.,
(2,2),(347.515214617848,348.515214617848),.UNSPECIFIED.);
#6408=B_SPLINE_CURVE_WITH_KNOTS('',1,(#9082,#9083),.UNSPECIFIED.,.F.,.F.,
(2,2),(345.515214617848,347.515214617848),.UNSPECIFIED.);
#6409=B_SPLINE_CURVE_WITH_KNOTS('',1,(#9084,#9085),.UNSPECIFIED.,.F.,.F.,
(2,2),(339.250232574777,345.515214617848),.UNSPECIFIED.);
#6410=B_SPLINE_CURVE_WITH_KNOTS('',1,(#9086,#9087),.UNSPECIFIED.,.F.,.F.,
(2,2),(336.250232574657,339.250232574777),.UNSPECIFIED.);
#6411=B_SPLINE_CURVE_WITH_KNOTS('',1,(#9088,#9089),.UNSPECIFIED.,.F.,.F.,
(2,2),(329.985250531587,336.250232574657),.UNSPECIFIED.);
#6412=B_SPLINE_CURVE_WITH_KNOTS('',1,(#9090,#9091),.UNSPECIFIED.,.F.,.F.,
(2,2),(246.485250531587,329.985250531587),.UNSPECIFIED.);
#6413=B_SPLINE_CURVE_WITH_KNOTS('',1,(#9092,#9093),.UNSPECIFIED.,.F.,.F.,
(2,2),(230.581636531253,246.485250531587),.UNSPECIFIED.);
#6414=B_SPLINE_CURVE_WITH_KNOTS('',1,(#9094,#9095),.UNSPECIFIED.,.F.,.F.,
(2,2),(209.433578086475,225.337192086809),.UNSPECIFIED.);
#6415=B_SPLINE_CURVE_WITH_KNOTS('',1,(#9096,#9097),.UNSPECIFIED.,.F.,.F.,
(2,2),(125.933578086475,209.433578086475),.UNSPECIFIED.);
#6416=B_SPLINE_CURVE_WITH_KNOTS('',1,(#9098,#9099),.UNSPECIFIED.,.F.,.F.,
(2,2),(119.668596043404,125.933578086475),.UNSPECIFIED.);
#6417=B_SPLINE_CURVE_WITH_KNOTS('',1,(#9100,#9101),.UNSPECIFIED.,.F.,.F.,
(2,2),(116.668596043404,119.668596043404),.UNSPECIFIED.);
#6418=B_SPLINE_CURVE_WITH_KNOTS('',1,(#9102,#9103),.UNSPECIFIED.,.F.,.F.,
(2,2),(110.403614000333,116.668596043404),.UNSPECIFIED.);
#6419=B_SPLINE_CURVE_WITH_KNOTS('',1,(#9104,#9105),.UNSPECIFIED.,.F.,.F.,
(2,2),(108.403614000333,110.403614000333),.UNSPECIFIED.);
#6420=B_SPLINE_CURVE_WITH_KNOTS('',1,(#9106,#9107),.UNSPECIFIED.,.F.,.F.,
(2,2),(107.403614000333,108.403614000333),.UNSPECIFIED.);
#6421=B_SPLINE_CURVE_WITH_KNOTS('',1,(#9108,#9109),.UNSPECIFIED.,.F.,.F.,
(2,2),(104.903614000333,107.403614000333),.UNSPECIFIED.);
#6422=B_SPLINE_CURVE_WITH_KNOTS('',1,(#9110,#9111),.UNSPECIFIED.,.F.,.F.,
(2,2),(102.903614000333,104.903614000333),.UNSPECIFIED.);
#6423=B_SPLINE_CURVE_WITH_KNOTS('',1,(#9112,#9113),.UNSPECIFIED.,.F.,.F.,
(2,2),(98.4036140003335,102.903614000333),.UNSPECIFIED.);
#6424=B_SPLINE_CURVE_WITH_KNOTS('',1,(#9114,#9115),.UNSPECIFIED.,.F.,.F.,
(2,2),(15.9036140003335,98.4036140003335),.UNSPECIFIED.);
#6425=B_SPLINE_CURVE_WITH_KNOTS('',1,(#9116,#9117),.UNSPECIFIED.,.F.,.F.,
(2,2),(0.,0.499999999999943),.UNSPECIFIED.);
#6426=B_SPLINE_CURVE_WITH_KNOTS('',1,(#9118,#9119),.UNSPECIFIED.,.F.,.F.,
(2,2),(191.506418078556,193.506418078556),.UNSPECIFIED.);
#6427=B_SPLINE_CURVE_WITH_KNOTS('',1,(#9120,#9121),.UNSPECIFIED.,.F.,.F.,
(2,2),(191.006418078556,191.506418078556),.UNSPECIFIED.);
#6428=B_SPLINE_CURVE_WITH_KNOTS('',1,(#9122,#9123),.UNSPECIFIED.,.F.,.F.,
(2,2),(184.741436035485,191.006418078556),.UNSPECIFIED.);
#6429=B_SPLINE_CURVE_WITH_KNOTS('',1,(#9124,#9125),.UNSPECIFIED.,.F.,.F.,
(2,2),(181.741436035485,184.741436035485),.UNSPECIFIED.);
#6430=B_SPLINE_CURVE_WITH_KNOTS('',1,(#9126,#9127),.UNSPECIFIED.,.F.,.F.,
(2,2),(175.476453992414,181.741436035485),.UNSPECIFIED.);
#6431=B_SPLINE_CURVE_WITH_KNOTS('',1,(#9128,#9129),.UNSPECIFIED.,.F.,.F.,
(2,2),(102.644403184846,175.476453992414),.UNSPECIFIED.);
#6432=B_SPLINE_CURVE_WITH_KNOTS('',1,(#9130,#9131),.UNSPECIFIED.,.F.,.F.,
(2,2),(99.5637208159657,102.644403184846),.UNSPECIFIED.);
#6433=B_SPLINE_CURVE_WITH_KNOTS('',1,(#9132,#9133),.UNSPECIFIED.,.F.,.F.,
(2,2),(97.0233796315234,99.5637208159657),.UNSPECIFIED.);
#6434=B_SPLINE_CURVE_WITH_KNOTS('',1,(#9134,#9135),.UNSPECIFIED.,.F.,.F.,
(2,2),(94.4830384470811,97.0233796315234),.UNSPECIFIED.);
#6435=B_SPLINE_CURVE_WITH_KNOTS('',1,(#9136,#9137),.UNSPECIFIED.,.F.,.F.,
(2,2),(91.9426972626388,94.4830384470811),.UNSPECIFIED.);
#6436=B_SPLINE_CURVE_WITH_KNOTS('',1,(#9138,#9139),.UNSPECIFIED.,.F.,.F.,
(2,2),(88.8620148937729,91.9426972626388),.UNSPECIFIED.);
#6437=B_SPLINE_CURVE_WITH_KNOTS('',1,(#9140,#9141),.UNSPECIFIED.,.F.,.F.,
(2,2),(16.0299640862159,88.8620148937729),.UNSPECIFIED.);
#6438=B_SPLINE_CURVE_WITH_KNOTS('',1,(#9142,#9143),.UNSPECIFIED.,.F.,.F.,
(2,2),(9.76498204314507,16.0299640862159),.UNSPECIFIED.);
#6439=B_SPLINE_CURVE_WITH_KNOTS('',1,(#9144,#9145),.UNSPECIFIED.,.F.,.F.,
(2,2),(6.76498204307081,9.76498204314507),.UNSPECIFIED.);
#6440=B_SPLINE_CURVE_WITH_KNOTS('',1,(#9146,#9147),.UNSPECIFIED.,.F.,.F.,
(2,2),(0.499999999999943,6.76498204307081),.UNSPECIFIED.);
#6441=B_SPLINE_CURVE_WITH_KNOTS('',1,(#9148,#9149),.UNSPECIFIED.,.F.,.F.,
(2,2),(0.,2.54034118444231),.UNSPECIFIED.);
#6442=B_SPLINE_CURVE_WITH_KNOTS('',1,(#9150,#9151),.UNSPECIFIED.,.F.,.F.,
(2,2),(155.906148721768,158.44648990621),.UNSPECIFIED.);
#6443=B_SPLINE_CURVE_WITH_KNOTS('',1,(#9152,#9153),.UNSPECIFIED.,.F.,.F.,
(2,2),(153.365807537325,155.906148721768),.UNSPECIFIED.);
#6444=B_SPLINE_CURVE_WITH_KNOTS('',1,(#9154,#9155),.UNSPECIFIED.,.F.,.F.,
(2,2),(150.285125168445,153.365807537325),.UNSPECIFIED.);
#6445=B_SPLINE_CURVE_WITH_KNOTS('',1,(#9156,#9157),.UNSPECIFIED.,.F.,.F.,
(2,2),(78.9530743608767,150.285125168445),.UNSPECIFIED.);
#6446=B_SPLINE_CURVE_WITH_KNOTS('',1,(#9158,#9159),.UNSPECIFIED.,.F.,.F.,
(2,2),(76.9530743608767,78.9530743608767),.UNSPECIFIED.);
#6447=B_SPLINE_CURVE_WITH_KNOTS('',1,(#9160,#9161),.UNSPECIFIED.,.F.,.F.,
(2,2),(5.62102355330828,76.9530743608767),.UNSPECIFIED.);
#6448=B_SPLINE_CURVE_WITH_KNOTS('',1,(#9162,#9163),.UNSPECIFIED.,.F.,.F.,
(2,2),(2.54034118444231,5.62102355330828),.UNSPECIFIED.);
#6449=B_SPLINE_CURVE_WITH_KNOTS('',1,(#9164,#9165),.UNSPECIFIED.,.F.,.F.,
(2,2),(0.,3.40000000000002),.UNSPECIFIED.);
#6450=B_SPLINE_CURVE_WITH_KNOTS('',1,(#9166,#9167),.UNSPECIFIED.,.F.,.F.,
(2,2),(-3.40000000000001,0.),.UNSPECIFIED.);
#6451=B_SPLINE_CURVE_WITH_KNOTS('',1,(#9168,#9169),.UNSPECIFIED.,.F.,.F.,
(2,2),(-3.39999999999999,1.77635683940025E-14),.UNSPECIFIED.);
#6452=B_SPLINE_CURVE_WITH_KNOTS('',1,(#9170,#9171),.UNSPECIFIED.,.F.,.F.,
(2,2),(-3.4,3.5527136788005E-15),.UNSPECIFIED.);
#6453=B_SPLINE_CURVE_WITH_KNOTS('',1,(#9172,#9173),.UNSPECIFIED.,.F.,.F.,
(2,2),(0.,6.67802058269567),.UNSPECIFIED.);
#6454=B_SPLINE_CURVE_WITH_KNOTS('',1,(#9174,#9175),.UNSPECIFIED.,.F.,.F.,
(2,2),(0.,18.),.UNSPECIFIED.);
#6455=B_SPLINE_CURVE_WITH_KNOTS('',1,(#9176,#9177),.UNSPECIFIED.,.F.,.F.,
(2,2),(0.,6.67802058269567),.UNSPECIFIED.);
#6456=B_SPLINE_CURVE_WITH_KNOTS('',1,(#9178,#9179),.UNSPECIFIED.,.F.,.F.,
(2,2),(6.67802058269567,13.3555496939216),.UNSPECIFIED.);
#6457=B_SPLINE_CURVE_WITH_KNOTS('',1,(#9180,#9181),.UNSPECIFIED.,.F.,.F.,
(2,2),(0.,18.),.UNSPECIFIED.);
#6458=B_SPLINE_CURVE_WITH_KNOTS('',1,(#9182,#9183),.UNSPECIFIED.,.F.,.F.,
(2,2),(6.67802058269567,13.3555496939216),.UNSPECIFIED.);
#6459=B_SPLINE_CURVE_WITH_KNOTS('',1,(#9184,#9185),.UNSPECIFIED.,.F.,.F.,
(2,2),(13.3555496939216,20.0330788051476),.UNSPECIFIED.);
#6460=B_SPLINE_CURVE_WITH_KNOTS('',1,(#9186,#9187),.UNSPECIFIED.,.F.,.F.,
(2,2),(0.,18.),.UNSPECIFIED.);
#6461=B_SPLINE_CURVE_WITH_KNOTS('',1,(#9188,#9189),.UNSPECIFIED.,.F.,.F.,
(2,2),(13.3555496939216,20.0330788051476),.UNSPECIFIED.);
#6462=B_SPLINE_CURVE_WITH_KNOTS('',1,(#9190,#9191),.UNSPECIFIED.,.F.,.F.,
(2,2),(0.,8.65537546656573),.UNSPECIFIED.);
#6463=B_SPLINE_CURVE_WITH_KNOTS('',1,(#9192,#9193),.UNSPECIFIED.,.F.,.F.,
(2,2),(0.,8.65537546656573),.UNSPECIFIED.);
#6464=B_SPLINE_CURVE_WITH_KNOTS('',1,(#9194,#9195),.UNSPECIFIED.,.F.,.F.,
(2,2),(5.5,12.5),.UNSPECIFIED.);
#6465=B_SPLINE_CURVE_WITH_KNOTS('',1,(#9196,#9197),.UNSPECIFIED.,.F.,.F.,
(2,2),(0.,6.67802058269567),.UNSPECIFIED.);
#6466=B_SPLINE_CURVE_WITH_KNOTS('',1,(#9198,#9199),.UNSPECIFIED.,.F.,.F.,
(2,2),(0.,18.),.UNSPECIFIED.);
#6467=B_SPLINE_CURVE_WITH_KNOTS('',1,(#9200,#9201),.UNSPECIFIED.,.F.,.F.,
(2,2),(0.,6.67802058269567),.UNSPECIFIED.);
#6468=B_SPLINE_CURVE_WITH_KNOTS('',1,(#9202,#9203),.UNSPECIFIED.,.F.,.F.,
(2,2),(6.67802058269567,13.3555496939216),.UNSPECIFIED.);
#6469=B_SPLINE_CURVE_WITH_KNOTS('',1,(#9204,#9205),.UNSPECIFIED.,.F.,.F.,
(2,2),(0.,18.),.UNSPECIFIED.);
#6470=B_SPLINE_CURVE_WITH_KNOTS('',1,(#9206,#9207),.UNSPECIFIED.,.F.,.F.,
(2,2),(6.67802058269567,13.3555496939216),.UNSPECIFIED.);
#6471=B_SPLINE_CURVE_WITH_KNOTS('',1,(#9208,#9209),.UNSPECIFIED.,.F.,.F.,
(2,2),(13.3555496939216,20.0330788051476),.UNSPECIFIED.);
#6472=B_SPLINE_CURVE_WITH_KNOTS('',1,(#9210,#9211),.UNSPECIFIED.,.F.,.F.,
(2,2),(0.,18.),.UNSPECIFIED.);
#6473=B_SPLINE_CURVE_WITH_KNOTS('',1,(#9212,#9213),.UNSPECIFIED.,.F.,.F.,
(2,2),(13.3555496939216,20.0330788051476),.UNSPECIFIED.);
#6474=B_SPLINE_CURVE_WITH_KNOTS('',1,(#9214,#9215),.UNSPECIFIED.,.F.,.F.,
(2,2),(0.,8.65537546656573),.UNSPECIFIED.);
#6475=B_SPLINE_CURVE_WITH_KNOTS('',1,(#9216,#9217),.UNSPECIFIED.,.F.,.F.,
(2,2),(0.,8.65537546656573),.UNSPECIFIED.);
#6476=B_SPLINE_CURVE_WITH_KNOTS('',1,(#9218,#9219),.UNSPECIFIED.,.F.,.F.,
(2,2),(5.5,12.5),.UNSPECIFIED.);
#6477=B_SPLINE_CURVE_WITH_KNOTS('',1,(#9220,#9221),.UNSPECIFIED.,.F.,.F.,
(2,2),(0.,6.67802058269567),.UNSPECIFIED.);
#6478=B_SPLINE_CURVE_WITH_KNOTS('',1,(#9222,#9223),.UNSPECIFIED.,.F.,.F.,
(2,2),(0.,18.),.UNSPECIFIED.);
#6479=B_SPLINE_CURVE_WITH_KNOTS('',1,(#9224,#9225),.UNSPECIFIED.,.F.,.F.,
(2,2),(0.,6.67802058269567),.UNSPECIFIED.);
#6480=B_SPLINE_CURVE_WITH_KNOTS('',1,(#9226,#9227),.UNSPECIFIED.,.F.,.F.,
(2,2),(6.67802058269567,13.3555496939216),.UNSPECIFIED.);
#6481=B_SPLINE_CURVE_WITH_KNOTS('',1,(#9228,#9229),.UNSPECIFIED.,.F.,.F.,
(2,2),(0.,18.),.UNSPECIFIED.);
#6482=B_SPLINE_CURVE_WITH_KNOTS('',1,(#9230,#9231),.UNSPECIFIED.,.F.,.F.,
(2,2),(6.67802058269567,13.3555496939216),.UNSPECIFIED.);
#6483=B_SPLINE_CURVE_WITH_KNOTS('',1,(#9232,#9233),.UNSPECIFIED.,.F.,.F.,
(2,2),(13.3555496939216,20.0330788051476),.UNSPECIFIED.);
#6484=B_SPLINE_CURVE_WITH_KNOTS('',1,(#9234,#9235),.UNSPECIFIED.,.F.,.F.,
(2,2),(0.,18.),.UNSPECIFIED.);
#6485=B_SPLINE_CURVE_WITH_KNOTS('',1,(#9236,#9237),.UNSPECIFIED.,.F.,.F.,
(2,2),(13.3555496939216,20.0330788051476),.UNSPECIFIED.);
#6486=B_SPLINE_CURVE_WITH_KNOTS('',1,(#9238,#9239),.UNSPECIFIED.,.F.,.F.,
(2,2),(0.,8.65537546656573),.UNSPECIFIED.);
#6487=B_SPLINE_CURVE_WITH_KNOTS('',1,(#9240,#9241),.UNSPECIFIED.,.F.,.F.,
(2,2),(0.,8.65537546656573),.UNSPECIFIED.);
#6488=B_SPLINE_CURVE_WITH_KNOTS('',1,(#9242,#9243),.UNSPECIFIED.,.F.,.F.,
(2,2),(5.5,12.5),.UNSPECIFIED.);
#6489=B_SPLINE_CURVE_WITH_KNOTS('',1,(#9244,#9245),.UNSPECIFIED.,.F.,.F.,
(2,2),(0.,6.67802058269567),.UNSPECIFIED.);
#6490=B_SPLINE_CURVE_WITH_KNOTS('',1,(#9246,#9247),.UNSPECIFIED.,.F.,.F.,
(2,2),(0.,18.),.UNSPECIFIED.);
#6491=B_SPLINE_CURVE_WITH_KNOTS('',1,(#9248,#9249),.UNSPECIFIED.,.F.,.F.,
(2,2),(0.,6.67802058269567),.UNSPECIFIED.);
#6492=B_SPLINE_CURVE_WITH_KNOTS('',1,(#9250,#9251),.UNSPECIFIED.,.F.,.F.,
(2,2),(6.67802058269567,13.3555496939216),.UNSPECIFIED.);
#6493=B_SPLINE_CURVE_WITH_KNOTS('',1,(#9252,#9253),.UNSPECIFIED.,.F.,.F.,
(2,2),(0.,18.),.UNSPECIFIED.);
#6494=B_SPLINE_CURVE_WITH_KNOTS('',1,(#9254,#9255),.UNSPECIFIED.,.F.,.F.,
(2,2),(6.67802058269567,13.3555496939216),.UNSPECIFIED.);
#6495=B_SPLINE_CURVE_WITH_KNOTS('',1,(#9256,#9257),.UNSPECIFIED.,.F.,.F.,
(2,2),(13.3555496939216,20.0330788051476),.UNSPECIFIED.);
#6496=B_SPLINE_CURVE_WITH_KNOTS('',1,(#9258,#9259),.UNSPECIFIED.,.F.,.F.,
(2,2),(0.,18.),.UNSPECIFIED.);
#6497=B_SPLINE_CURVE_WITH_KNOTS('',1,(#9260,#9261),.UNSPECIFIED.,.F.,.F.,
(2,2),(13.3555496939216,20.0330788051476),.UNSPECIFIED.);
#6498=B_SPLINE_CURVE_WITH_KNOTS('',1,(#9262,#9263),.UNSPECIFIED.,.F.,.F.,
(2,2),(0.,8.65537546656573),.UNSPECIFIED.);
#6499=B_SPLINE_CURVE_WITH_KNOTS('',1,(#9264,#9265),.UNSPECIFIED.,.F.,.F.,
(2,2),(0.,8.65537546656573),.UNSPECIFIED.);
#6500=B_SPLINE_CURVE_WITH_KNOTS('',1,(#9266,#9267),.UNSPECIFIED.,.F.,.F.,
(2,2),(5.5,12.5),.UNSPECIFIED.);
#6501=B_SPLINE_CURVE_WITH_KNOTS('',1,(#9375,#9376),.UNSPECIFIED.,.F.,.F.,
(2,2),(0.,18.),.UNSPECIFIED.);
#6502=B_SPLINE_CURVE_WITH_KNOTS('',1,(#9377,#9378),.UNSPECIFIED.,.F.,.F.,
(2,2),(0.,18.),.UNSPECIFIED.);
#6503=B_SPLINE_CURVE_WITH_KNOTS('',1,(#9379,#9380),.UNSPECIFIED.,.F.,.F.,
(2,2),(0.,18.),.UNSPECIFIED.);
#6504=B_SPLINE_CURVE_WITH_KNOTS('',1,(#9381,#9382),.UNSPECIFIED.,.F.,.F.,
(2,2),(0.,18.),.UNSPECIFIED.);
#6505=B_SPLINE_CURVE_WITH_KNOTS('',1,(#9383,#9384),.UNSPECIFIED.,.F.,.F.,
(2,2),(-878.383135079766,-873.138690635322),.UNSPECIFIED.);
#6506=B_SPLINE_CURVE_WITH_KNOTS('',1,(#9385,#9386),.UNSPECIFIED.,.F.,.F.,
(2,2),(-878.383135079766,-873.138690635322),.UNSPECIFIED.);
#6507=B_SPLINE_CURVE_WITH_KNOTS('',1,(#9387,#9388),.UNSPECIFIED.,.F.,.F.,
(2,2),(0.,15.9036140003335),.UNSPECIFIED.);
#6508=B_SPLINE_CURVE_WITH_KNOTS('',1,(#9389,#9390),.UNSPECIFIED.,.F.,.F.,
(2,2),(440.015214617665,455.918828617999),.UNSPECIFIED.);
#6509=B_SPLINE_CURVE_WITH_KNOTS('',1,(#9391,#9392),.UNSPECIFIED.,.F.,.F.,
(2,2),(357.515214617848,440.015214617665),.UNSPECIFIED.);
#6510=B_SPLINE_CURVE_WITH_KNOTS('',1,(#9393,#9394),.UNSPECIFIED.,.F.,.F.,
(2,2),(353.015214617848,357.515214617848),.UNSPECIFIED.);
#6511=B_SPLINE_CURVE_WITH_KNOTS('',1,(#9395,#9396),.UNSPECIFIED.,.F.,.F.,
(2,2),(351.015214617848,353.015214617848),.UNSPECIFIED.);
#6512=B_SPLINE_CURVE_WITH_KNOTS('',1,(#9397,#9398),.UNSPECIFIED.,.F.,.F.,
(2,2),(348.515214617848,351.015214617848),.UNSPECIFIED.);
#6513=B_SPLINE_CURVE_WITH_KNOTS('',1,(#9399,#9400),.UNSPECIFIED.,.F.,.F.,
(2,2),(347.515214617848,348.515214617848),.UNSPECIFIED.);
#6514=B_SPLINE_CURVE_WITH_KNOTS('',1,(#9401,#9402),.UNSPECIFIED.,.F.,.F.,
(2,2),(345.515214617848,347.515214617848),.UNSPECIFIED.);
#6515=B_SPLINE_CURVE_WITH_KNOTS('',1,(#9403,#9404),.UNSPECIFIED.,.F.,.F.,
(2,2),(339.250232574777,345.515214617848),.UNSPECIFIED.);
#6516=B_SPLINE_CURVE_WITH_KNOTS('',1,(#9405,#9406),.UNSPECIFIED.,.F.,.F.,
(2,2),(336.250232574657,339.250232574777),.UNSPECIFIED.);
#6517=B_SPLINE_CURVE_WITH_KNOTS('',1,(#9407,#9408),.UNSPECIFIED.,.F.,.F.,
(2,2),(329.985250531587,336.250232574657),.UNSPECIFIED.);
#6518=B_SPLINE_CURVE_WITH_KNOTS('',1,(#9409,#9410),.UNSPECIFIED.,.F.,.F.,
(2,2),(246.485250531587,329.985250531587),.UNSPECIFIED.);
#6519=B_SPLINE_CURVE_WITH_KNOTS('',1,(#9411,#9412),.UNSPECIFIED.,.F.,.F.,
(2,2),(230.581636531253,246.485250531587),.UNSPECIFIED.);
#6520=B_SPLINE_CURVE_WITH_KNOTS('',1,(#9413,#9414),.UNSPECIFIED.,.F.,.F.,
(2,2),(209.433578086475,225.337192086809),.UNSPECIFIED.);
#6521=B_SPLINE_CURVE_WITH_KNOTS('',1,(#9415,#9416),.UNSPECIFIED.,.F.,.F.,
(2,2),(125.933578086475,209.433578086475),.UNSPECIFIED.);
#6522=B_SPLINE_CURVE_WITH_KNOTS('',1,(#9417,#9418),.UNSPECIFIED.,.F.,.F.,
(2,2),(119.668596043404,125.933578086475),.UNSPECIFIED.);
#6523=B_SPLINE_CURVE_WITH_KNOTS('',1,(#9419,#9420),.UNSPECIFIED.,.F.,.F.,
(2,2),(116.668596043404,119.668596043404),.UNSPECIFIED.);
#6524=B_SPLINE_CURVE_WITH_KNOTS('',1,(#9421,#9422),.UNSPECIFIED.,.F.,.F.,
(2,2),(110.403614000333,116.668596043404),.UNSPECIFIED.);
#6525=B_SPLINE_CURVE_WITH_KNOTS('',1,(#9423,#9424),.UNSPECIFIED.,.F.,.F.,
(2,2),(108.403614000333,110.403614000333),.UNSPECIFIED.);
#6526=B_SPLINE_CURVE_WITH_KNOTS('',1,(#9425,#9426),.UNSPECIFIED.,.F.,.F.,
(2,2),(107.403614000333,108.403614000333),.UNSPECIFIED.);
#6527=B_SPLINE_CURVE_WITH_KNOTS('',1,(#9427,#9428),.UNSPECIFIED.,.F.,.F.,
(2,2),(104.903614000333,107.403614000333),.UNSPECIFIED.);
#6528=B_SPLINE_CURVE_WITH_KNOTS('',1,(#9429,#9430),.UNSPECIFIED.,.F.,.F.,
(2,2),(102.903614000333,104.903614000333),.UNSPECIFIED.);
#6529=B_SPLINE_CURVE_WITH_KNOTS('',1,(#9431,#9432),.UNSPECIFIED.,.F.,.F.,
(2,2),(98.4036140003335,102.903614000333),.UNSPECIFIED.);
#6530=B_SPLINE_CURVE_WITH_KNOTS('',1,(#9433,#9434),.UNSPECIFIED.,.F.,.F.,
(2,2),(15.9036140003335,98.4036140003335),.UNSPECIFIED.);
#6531=B_SPLINE_CURVE_WITH_KNOTS('',1,(#9435,#9436),.UNSPECIFIED.,.F.,.F.,
(2,2),(0.,0.499999999999943),.UNSPECIFIED.);
#6532=B_SPLINE_CURVE_WITH_KNOTS('',1,(#9437,#9438),.UNSPECIFIED.,.F.,.F.,
(2,2),(191.506418078556,193.506418078556),.UNSPECIFIED.);
#6533=B_SPLINE_CURVE_WITH_KNOTS('',1,(#9439,#9440),.UNSPECIFIED.,.F.,.F.,
(2,2),(191.006418078556,191.506418078556),.UNSPECIFIED.);
#6534=B_SPLINE_CURVE_WITH_KNOTS('',1,(#9441,#9442),.UNSPECIFIED.,.F.,.F.,
(2,2),(184.741436035485,191.006418078556),.UNSPECIFIED.);
#6535=B_SPLINE_CURVE_WITH_KNOTS('',1,(#9443,#9444),.UNSPECIFIED.,.F.,.F.,
(2,2),(181.741436035485,184.741436035485),.UNSPECIFIED.);
#6536=B_SPLINE_CURVE_WITH_KNOTS('',1,(#9445,#9446),.UNSPECIFIED.,.F.,.F.,
(2,2),(175.476453992414,181.741436035485),.UNSPECIFIED.);
#6537=B_SPLINE_CURVE_WITH_KNOTS('',1,(#9447,#9448),.UNSPECIFIED.,.F.,.F.,
(2,2),(102.644403184846,175.476453992414),.UNSPECIFIED.);
#6538=B_SPLINE_CURVE_WITH_KNOTS('',1,(#9449,#9450),.UNSPECIFIED.,.F.,.F.,
(2,2),(99.5637208159657,102.644403184846),.UNSPECIFIED.);
#6539=B_SPLINE_CURVE_WITH_KNOTS('',1,(#9451,#9452),.UNSPECIFIED.,.F.,.F.,
(2,2),(97.0233796315234,99.5637208159657),.UNSPECIFIED.);
#6540=B_SPLINE_CURVE_WITH_KNOTS('',1,(#9453,#9454),.UNSPECIFIED.,.F.,.F.,
(2,2),(94.4830384470811,97.0233796315234),.UNSPECIFIED.);
#6541=B_SPLINE_CURVE_WITH_KNOTS('',1,(#9455,#9456),.UNSPECIFIED.,.F.,.F.,
(2,2),(91.9426972626388,94.4830384470811),.UNSPECIFIED.);
#6542=B_SPLINE_CURVE_WITH_KNOTS('',1,(#9457,#9458),.UNSPECIFIED.,.F.,.F.,
(2,2),(88.8620148937729,91.9426972626388),.UNSPECIFIED.);
#6543=B_SPLINE_CURVE_WITH_KNOTS('',1,(#9459,#9460),.UNSPECIFIED.,.F.,.F.,
(2,2),(16.0299640862159,88.8620148937729),.UNSPECIFIED.);
#6544=B_SPLINE_CURVE_WITH_KNOTS('',1,(#9461,#9462),.UNSPECIFIED.,.F.,.F.,
(2,2),(9.76498204314507,16.0299640862159),.UNSPECIFIED.);
#6545=B_SPLINE_CURVE_WITH_KNOTS('',1,(#9463,#9464),.UNSPECIFIED.,.F.,.F.,
(2,2),(6.76498204307081,9.76498204314507),.UNSPECIFIED.);
#6546=B_SPLINE_CURVE_WITH_KNOTS('',1,(#9465,#9466),.UNSPECIFIED.,.F.,.F.,
(2,2),(0.499999999999943,6.76498204307081),.UNSPECIFIED.);
#6547=B_SPLINE_CURVE_WITH_KNOTS('',1,(#9467,#9468),.UNSPECIFIED.,.F.,.F.,
(2,2),(0.,2.54034118444231),.UNSPECIFIED.);
#6548=B_SPLINE_CURVE_WITH_KNOTS('',1,(#9469,#9470),.UNSPECIFIED.,.F.,.F.,
(2,2),(155.906148721768,158.44648990621),.UNSPECIFIED.);
#6549=B_SPLINE_CURVE_WITH_KNOTS('',1,(#9471,#9472),.UNSPECIFIED.,.F.,.F.,
(2,2),(153.365807537325,155.906148721768),.UNSPECIFIED.);
#6550=B_SPLINE_CURVE_WITH_KNOTS('',1,(#9473,#9474),.UNSPECIFIED.,.F.,.F.,
(2,2),(150.285125168445,153.365807537325),.UNSPECIFIED.);
#6551=B_SPLINE_CURVE_WITH_KNOTS('',1,(#9475,#9476),.UNSPECIFIED.,.F.,.F.,
(2,2),(78.9530743608767,150.285125168445),.UNSPECIFIED.);
#6552=B_SPLINE_CURVE_WITH_KNOTS('',1,(#9477,#9478),.UNSPECIFIED.,.F.,.F.,
(2,2),(76.9530743608767,78.9530743608767),.UNSPECIFIED.);
#6553=B_SPLINE_CURVE_WITH_KNOTS('',1,(#9479,#9480),.UNSPECIFIED.,.F.,.F.,
(2,2),(5.62102355330828,76.9530743608767),.UNSPECIFIED.);
#6554=B_SPLINE_CURVE_WITH_KNOTS('',1,(#9481,#9482),.UNSPECIFIED.,.F.,.F.,
(2,2),(2.54034118444231,5.62102355330828),.UNSPECIFIED.);
#6555=B_SPLINE_CURVE_WITH_KNOTS('',1,(#9483,#9484),.UNSPECIFIED.,.F.,.F.,
(2,2),(0.,3.40000000000002),.UNSPECIFIED.);
#6556=B_SPLINE_CURVE_WITH_KNOTS('',1,(#9485,#9486),.UNSPECIFIED.,.F.,.F.,
(2,2),(-3.40000000000001,0.),.UNSPECIFIED.);
#6557=B_SPLINE_CURVE_WITH_KNOTS('',1,(#9487,#9488),.UNSPECIFIED.,.F.,.F.,
(2,2),(-3.39999999999999,1.77635683940025E-14),.UNSPECIFIED.);
#6558=B_SPLINE_CURVE_WITH_KNOTS('',1,(#9489,#9490),.UNSPECIFIED.,.F.,.F.,
(2,2),(-3.4,3.5527136788005E-15),.UNSPECIFIED.);
#6559=B_SPLINE_CURVE_WITH_KNOTS('',1,(#9491,#9492),.UNSPECIFIED.,.F.,.F.,
(2,2),(0.,6.67802058269567),.UNSPECIFIED.);
#6560=B_SPLINE_CURVE_WITH_KNOTS('',1,(#9493,#9494),.UNSPECIFIED.,.F.,.F.,
(2,2),(0.,18.),.UNSPECIFIED.);
#6561=B_SPLINE_CURVE_WITH_KNOTS('',1,(#9495,#9496),.UNSPECIFIED.,.F.,.F.,
(2,2),(0.,6.67802058269567),.UNSPECIFIED.);
#6562=B_SPLINE_CURVE_WITH_KNOTS('',1,(#9497,#9498),.UNSPECIFIED.,.F.,.F.,
(2,2),(6.67802058269567,13.3555496939216),.UNSPECIFIED.);
#6563=B_SPLINE_CURVE_WITH_KNOTS('',1,(#9499,#9500),.UNSPECIFIED.,.F.,.F.,
(2,2),(0.,18.),.UNSPECIFIED.);
#6564=B_SPLINE_CURVE_WITH_KNOTS('',1,(#9501,#9502),.UNSPECIFIED.,.F.,.F.,
(2,2),(6.67802058269567,13.3555496939216),.UNSPECIFIED.);
#6565=B_SPLINE_CURVE_WITH_KNOTS('',1,(#9503,#9504),.UNSPECIFIED.,.F.,.F.,
(2,2),(13.3555496939216,20.0330788051476),.UNSPECIFIED.);
#6566=B_SPLINE_CURVE_WITH_KNOTS('',1,(#9505,#9506),.UNSPECIFIED.,.F.,.F.,
(2,2),(0.,18.),.UNSPECIFIED.);
#6567=B_SPLINE_CURVE_WITH_KNOTS('',1,(#9507,#9508),.UNSPECIFIED.,.F.,.F.,
(2,2),(13.3555496939216,20.0330788051476),.UNSPECIFIED.);
#6568=B_SPLINE_CURVE_WITH_KNOTS('',1,(#9509,#9510),.UNSPECIFIED.,.F.,.F.,
(2,2),(0.,8.65537546656573),.UNSPECIFIED.);
#6569=B_SPLINE_CURVE_WITH_KNOTS('',1,(#9511,#9512),.UNSPECIFIED.,.F.,.F.,
(2,2),(0.,8.65537546656573),.UNSPECIFIED.);
#6570=B_SPLINE_CURVE_WITH_KNOTS('',1,(#9513,#9514),.UNSPECIFIED.,.F.,.F.,
(2,2),(5.5,12.5),.UNSPECIFIED.);
#6571=B_SPLINE_CURVE_WITH_KNOTS('',1,(#9515,#9516),.UNSPECIFIED.,.F.,.F.,
(2,2),(0.,6.67802058269567),.UNSPECIFIED.);
#6572=B_SPLINE_CURVE_WITH_KNOTS('',1,(#9517,#9518),.UNSPECIFIED.,.F.,.F.,
(2,2),(0.,18.),.UNSPECIFIED.);
#6573=B_SPLINE_CURVE_WITH_KNOTS('',1,(#9519,#9520),.UNSPECIFIED.,.F.,.F.,
(2,2),(0.,6.67802058269567),.UNSPECIFIED.);
#6574=B_SPLINE_CURVE_WITH_KNOTS('',1,(#9521,#9522),.UNSPECIFIED.,.F.,.F.,
(2,2),(6.67802058269567,13.3555496939216),.UNSPECIFIED.);
#6575=B_SPLINE_CURVE_WITH_KNOTS('',1,(#9523,#9524),.UNSPECIFIED.,.F.,.F.,
(2,2),(0.,18.),.UNSPECIFIED.);
#6576=B_SPLINE_CURVE_WITH_KNOTS('',1,(#9525,#9526),.UNSPECIFIED.,.F.,.F.,
(2,2),(6.67802058269567,13.3555496939216),.UNSPECIFIED.);
#6577=B_SPLINE_CURVE_WITH_KNOTS('',1,(#9527,#9528),.UNSPECIFIED.,.F.,.F.,
(2,2),(13.3555496939216,20.0330788051476),.UNSPECIFIED.);
#6578=B_SPLINE_CURVE_WITH_KNOTS('',1,(#9529,#9530),.UNSPECIFIED.,.F.,.F.,
(2,2),(0.,18.),.UNSPECIFIED.);
#6579=B_SPLINE_CURVE_WITH_KNOTS('',1,(#9531,#9532),.UNSPECIFIED.,.F.,.F.,
(2,2),(13.3555496939216,20.0330788051476),.UNSPECIFIED.);
#6580=B_SPLINE_CURVE_WITH_KNOTS('',1,(#9533,#9534),.UNSPECIFIED.,.F.,.F.,
(2,2),(0.,8.65537546656573),.UNSPECIFIED.);
#6581=B_SPLINE_CURVE_WITH_KNOTS('',1,(#9535,#9536),.UNSPECIFIED.,.F.,.F.,
(2,2),(0.,8.65537546656573),.UNSPECIFIED.);
#6582=B_SPLINE_CURVE_WITH_KNOTS('',1,(#9537,#9538),.UNSPECIFIED.,.F.,.F.,
(2,2),(5.5,12.5),.UNSPECIFIED.);
#6583=B_SPLINE_CURVE_WITH_KNOTS('',1,(#9539,#9540),.UNSPECIFIED.,.F.,.F.,
(2,2),(0.,6.67802058269567),.UNSPECIFIED.);
#6584=B_SPLINE_CURVE_WITH_KNOTS('',1,(#9541,#9542),.UNSPECIFIED.,.F.,.F.,
(2,2),(0.,18.),.UNSPECIFIED.);
#6585=B_SPLINE_CURVE_WITH_KNOTS('',1,(#9543,#9544),.UNSPECIFIED.,.F.,.F.,
(2,2),(0.,6.67802058269567),.UNSPECIFIED.);
#6586=B_SPLINE_CURVE_WITH_KNOTS('',1,(#9545,#9546),.UNSPECIFIED.,.F.,.F.,
(2,2),(6.67802058269567,13.3555496939216),.UNSPECIFIED.);
#6587=B_SPLINE_CURVE_WITH_KNOTS('',1,(#9547,#9548),.UNSPECIFIED.,.F.,.F.,
(2,2),(0.,18.),.UNSPECIFIED.);
#6588=B_SPLINE_CURVE_WITH_KNOTS('',1,(#9549,#9550),.UNSPECIFIED.,.F.,.F.,
(2,2),(6.67802058269567,13.3555496939216),.UNSPECIFIED.);
#6589=B_SPLINE_CURVE_WITH_KNOTS('',1,(#9551,#9552),.UNSPECIFIED.,.F.,.F.,
(2,2),(13.3555496939216,20.0330788051476),.UNSPECIFIED.);
#6590=B_SPLINE_CURVE_WITH_KNOTS('',1,(#9553,#9554),.UNSPECIFIED.,.F.,.F.,
(2,2),(0.,18.),.UNSPECIFIED.);
#6591=B_SPLINE_CURVE_WITH_KNOTS('',1,(#9555,#9556),.UNSPECIFIED.,.F.,.F.,
(2,2),(13.3555496939216,20.0330788051476),.UNSPECIFIED.);
#6592=B_SPLINE_CURVE_WITH_KNOTS('',1,(#9557,#9558),.UNSPECIFIED.,.F.,.F.,
(2,2),(0.,8.65537546656573),.UNSPECIFIED.);
#6593=B_SPLINE_CURVE_WITH_KNOTS('',1,(#9559,#9560),.UNSPECIFIED.,.F.,.F.,
(2,2),(0.,8.65537546656573),.UNSPECIFIED.);
#6594=B_SPLINE_CURVE_WITH_KNOTS('',1,(#9561,#9562),.UNSPECIFIED.,.F.,.F.,
(2,2),(5.5,12.5),.UNSPECIFIED.);
#6595=B_SPLINE_CURVE_WITH_KNOTS('',1,(#9563,#9564),.UNSPECIFIED.,.F.,.F.,
(2,2),(0.,6.67802058269567),.UNSPECIFIED.);
#6596=B_SPLINE_CURVE_WITH_KNOTS('',1,(#9565,#9566),.UNSPECIFIED.,.F.,.F.,
(2,2),(0.,18.),.UNSPECIFIED.);
#6597=B_SPLINE_CURVE_WITH_KNOTS('',1,(#9567,#9568),.UNSPECIFIED.,.F.,.F.,
(2,2),(0.,6.67802058269567),.UNSPECIFIED.);
#6598=B_SPLINE_CURVE_WITH_KNOTS('',1,(#9569,#9570),.UNSPECIFIED.,.F.,.F.,
(2,2),(6.67802058269567,13.3555496939216),.UNSPECIFIED.);
#6599=B_SPLINE_CURVE_WITH_KNOTS('',1,(#9571,#9572),.UNSPECIFIED.,.F.,.F.,
(2,2),(0.,18.),.UNSPECIFIED.);
#6600=B_SPLINE_CURVE_WITH_KNOTS('',1,(#9573,#9574),.UNSPECIFIED.,.F.,.F.,
(2,2),(6.67802058269567,13.3555496939216),.UNSPECIFIED.);
#6601=B_SPLINE_CURVE_WITH_KNOTS('',1,(#9575,#9576),.UNSPECIFIED.,.F.,.F.,
(2,2),(13.3555496939216,20.0330788051476),.UNSPECIFIED.);
#6602=B_SPLINE_CURVE_WITH_KNOTS('',1,(#9577,#9578),.UNSPECIFIED.,.F.,.F.,
(2,2),(0.,18.),.UNSPECIFIED.);
#6603=B_SPLINE_CURVE_WITH_KNOTS('',1,(#9579,#9580),.UNSPECIFIED.,.F.,.F.,
(2,2),(13.3555496939216,20.0330788051476),.UNSPECIFIED.);
#6604=B_SPLINE_CURVE_WITH_KNOTS('',1,(#9581,#9582),.UNSPECIFIED.,.F.,.F.,
(2,2),(0.,8.65537546656573),.UNSPECIFIED.);
#6605=B_SPLINE_CURVE_WITH_KNOTS('',1,(#9583,#9584),.UNSPECIFIED.,.F.,.F.,
(2,2),(0.,8.65537546656573),.UNSPECIFIED.);
#6606=B_SPLINE_CURVE_WITH_KNOTS('',1,(#9585,#9586),.UNSPECIFIED.,.F.,.F.,
(2,2),(5.5,12.5),.UNSPECIFIED.);
#6607=B_SPLINE_CURVE_WITH_KNOTS('',1,(#9694,#9695),.UNSPECIFIED.,.F.,.F.,
(2,2),(0.,18.),.UNSPECIFIED.);
#6608=B_SPLINE_CURVE_WITH_KNOTS('',1,(#9696,#9697),.UNSPECIFIED.,.F.,.F.,
(2,2),(0.,18.),.UNSPECIFIED.);
#6609=B_SPLINE_CURVE_WITH_KNOTS('',1,(#9698,#9699),.UNSPECIFIED.,.F.,.F.,
(2,2),(0.,18.),.UNSPECIFIED.);
#6610=B_SPLINE_CURVE_WITH_KNOTS('',1,(#9700,#9701),.UNSPECIFIED.,.F.,.F.,
(2,2),(0.,18.),.UNSPECIFIED.);
#6611=B_SPLINE_CURVE_WITH_KNOTS('',1,(#9702,#9703),.UNSPECIFIED.,.F.,.F.,
(2,2),(-878.383135079766,-873.138690635322),.UNSPECIFIED.);
#6612=B_SPLINE_CURVE_WITH_KNOTS('',1,(#9704,#9705),.UNSPECIFIED.,.F.,.F.,
(2,2),(-878.383135079766,-873.138690635322),.UNSPECIFIED.);
#6613=B_SPLINE_CURVE_WITH_KNOTS('',1,(#9706,#9707),.UNSPECIFIED.,.F.,.F.,
(2,2),(0.,15.9036140003335),.UNSPECIFIED.);
#6614=B_SPLINE_CURVE_WITH_KNOTS('',1,(#9708,#9709),.UNSPECIFIED.,.F.,.F.,
(2,2),(440.015214617665,455.918828617999),.UNSPECIFIED.);
#6615=B_SPLINE_CURVE_WITH_KNOTS('',1,(#9710,#9711),.UNSPECIFIED.,.F.,.F.,
(2,2),(357.515214617848,440.015214617665),.UNSPECIFIED.);
#6616=B_SPLINE_CURVE_WITH_KNOTS('',1,(#9712,#9713),.UNSPECIFIED.,.F.,.F.,
(2,2),(353.015214617848,357.515214617848),.UNSPECIFIED.);
#6617=B_SPLINE_CURVE_WITH_KNOTS('',1,(#9714,#9715),.UNSPECIFIED.,.F.,.F.,
(2,2),(351.015214617848,353.015214617848),.UNSPECIFIED.);
#6618=B_SPLINE_CURVE_WITH_KNOTS('',1,(#9716,#9717),.UNSPECIFIED.,.F.,.F.,
(2,2),(348.515214617848,351.015214617848),.UNSPECIFIED.);
#6619=B_SPLINE_CURVE_WITH_KNOTS('',1,(#9718,#9719),.UNSPECIFIED.,.F.,.F.,
(2,2),(347.515214617848,348.515214617848),.UNSPECIFIED.);
#6620=B_SPLINE_CURVE_WITH_KNOTS('',1,(#9720,#9721),.UNSPECIFIED.,.F.,.F.,
(2,2),(345.515214617848,347.515214617848),.UNSPECIFIED.);
#6621=B_SPLINE_CURVE_WITH_KNOTS('',1,(#9722,#9723),.UNSPECIFIED.,.F.,.F.,
(2,2),(339.250232574777,345.515214617848),.UNSPECIFIED.);
#6622=B_SPLINE_CURVE_WITH_KNOTS('',1,(#9724,#9725),.UNSPECIFIED.,.F.,.F.,
(2,2),(336.250232574657,339.250232574777),.UNSPECIFIED.);
#6623=B_SPLINE_CURVE_WITH_KNOTS('',1,(#9726,#9727),.UNSPECIFIED.,.F.,.F.,
(2,2),(329.985250531587,336.250232574657),.UNSPECIFIED.);
#6624=B_SPLINE_CURVE_WITH_KNOTS('',1,(#9728,#9729),.UNSPECIFIED.,.F.,.F.,
(2,2),(246.485250531587,329.985250531587),.UNSPECIFIED.);
#6625=B_SPLINE_CURVE_WITH_KNOTS('',1,(#9730,#9731),.UNSPECIFIED.,.F.,.F.,
(2,2),(230.581636531253,246.485250531587),.UNSPECIFIED.);
#6626=B_SPLINE_CURVE_WITH_KNOTS('',1,(#9732,#9733),.UNSPECIFIED.,.F.,.F.,
(2,2),(209.433578086475,225.337192086809),.UNSPECIFIED.);
#6627=B_SPLINE_CURVE_WITH_KNOTS('',1,(#9734,#9735),.UNSPECIFIED.,.F.,.F.,
(2,2),(125.933578086475,209.433578086475),.UNSPECIFIED.);
#6628=B_SPLINE_CURVE_WITH_KNOTS('',1,(#9736,#9737),.UNSPECIFIED.,.F.,.F.,
(2,2),(119.668596043404,125.933578086475),.UNSPECIFIED.);
#6629=B_SPLINE_CURVE_WITH_KNOTS('',1,(#9738,#9739),.UNSPECIFIED.,.F.,.F.,
(2,2),(116.668596043404,119.668596043404),.UNSPECIFIED.);
#6630=B_SPLINE_CURVE_WITH_KNOTS('',1,(#9740,#9741),.UNSPECIFIED.,.F.,.F.,
(2,2),(110.403614000333,116.668596043404),.UNSPECIFIED.);
#6631=B_SPLINE_CURVE_WITH_KNOTS('',1,(#9742,#9743),.UNSPECIFIED.,.F.,.F.,
(2,2),(108.403614000333,110.403614000333),.UNSPECIFIED.);
#6632=B_SPLINE_CURVE_WITH_KNOTS('',1,(#9744,#9745),.UNSPECIFIED.,.F.,.F.,
(2,2),(107.403614000333,108.403614000333),.UNSPECIFIED.);
#6633=B_SPLINE_CURVE_WITH_KNOTS('',1,(#9746,#9747),.UNSPECIFIED.,.F.,.F.,
(2,2),(104.903614000333,107.403614000333),.UNSPECIFIED.);
#6634=B_SPLINE_CURVE_WITH_KNOTS('',1,(#9748,#9749),.UNSPECIFIED.,.F.,.F.,
(2,2),(102.903614000333,104.903614000333),.UNSPECIFIED.);
#6635=B_SPLINE_CURVE_WITH_KNOTS('',1,(#9750,#9751),.UNSPECIFIED.,.F.,.F.,
(2,2),(98.4036140003335,102.903614000333),.UNSPECIFIED.);
#6636=B_SPLINE_CURVE_WITH_KNOTS('',1,(#9752,#9753),.UNSPECIFIED.,.F.,.F.,
(2,2),(15.9036140003335,98.4036140003335),.UNSPECIFIED.);
#6637=B_SPLINE_CURVE_WITH_KNOTS('',1,(#9754,#9755),.UNSPECIFIED.,.F.,.F.,
(2,2),(0.,0.499999999999943),.UNSPECIFIED.);
#6638=B_SPLINE_CURVE_WITH_KNOTS('',1,(#9756,#9757),.UNSPECIFIED.,.F.,.F.,
(2,2),(191.506418078556,193.506418078556),.UNSPECIFIED.);
#6639=B_SPLINE_CURVE_WITH_KNOTS('',1,(#9758,#9759),.UNSPECIFIED.,.F.,.F.,
(2,2),(191.006418078556,191.506418078556),.UNSPECIFIED.);
#6640=B_SPLINE_CURVE_WITH_KNOTS('',1,(#9760,#9761),.UNSPECIFIED.,.F.,.F.,
(2,2),(184.741436035485,191.006418078556),.UNSPECIFIED.);
#6641=B_SPLINE_CURVE_WITH_KNOTS('',1,(#9762,#9763),.UNSPECIFIED.,.F.,.F.,
(2,2),(181.741436035485,184.741436035485),.UNSPECIFIED.);
#6642=B_SPLINE_CURVE_WITH_KNOTS('',1,(#9764,#9765),.UNSPECIFIED.,.F.,.F.,
(2,2),(175.476453992414,181.741436035485),.UNSPECIFIED.);
#6643=B_SPLINE_CURVE_WITH_KNOTS('',1,(#9766,#9767),.UNSPECIFIED.,.F.,.F.,
(2,2),(102.644403184846,175.476453992414),.UNSPECIFIED.);
#6644=B_SPLINE_CURVE_WITH_KNOTS('',1,(#9768,#9769),.UNSPECIFIED.,.F.,.F.,
(2,2),(99.5637208159657,102.644403184846),.UNSPECIFIED.);
#6645=B_SPLINE_CURVE_WITH_KNOTS('',1,(#9770,#9771),.UNSPECIFIED.,.F.,.F.,
(2,2),(97.0233796315234,99.5637208159657),.UNSPECIFIED.);
#6646=B_SPLINE_CURVE_WITH_KNOTS('',1,(#9772,#9773),.UNSPECIFIED.,.F.,.F.,
(2,2),(94.4830384470811,97.0233796315234),.UNSPECIFIED.);
#6647=B_SPLINE_CURVE_WITH_KNOTS('',1,(#9774,#9775),.UNSPECIFIED.,.F.,.F.,
(2,2),(91.9426972626388,94.4830384470811),.UNSPECIFIED.);
#6648=B_SPLINE_CURVE_WITH_KNOTS('',1,(#9776,#9777),.UNSPECIFIED.,.F.,.F.,
(2,2),(88.8620148937729,91.9426972626388),.UNSPECIFIED.);
#6649=B_SPLINE_CURVE_WITH_KNOTS('',1,(#9778,#9779),.UNSPECIFIED.,.F.,.F.,
(2,2),(16.0299640862159,88.8620148937729),.UNSPECIFIED.);
#6650=B_SPLINE_CURVE_WITH_KNOTS('',1,(#9780,#9781),.UNSPECIFIED.,.F.,.F.,
(2,2),(9.76498204314507,16.0299640862159),.UNSPECIFIED.);
#6651=B_SPLINE_CURVE_WITH_KNOTS('',1,(#9782,#9783),.UNSPECIFIED.,.F.,.F.,
(2,2),(6.76498204307081,9.76498204314507),.UNSPECIFIED.);
#6652=B_SPLINE_CURVE_WITH_KNOTS('',1,(#9784,#9785),.UNSPECIFIED.,.F.,.F.,
(2,2),(0.499999999999943,6.76498204307081),.UNSPECIFIED.);
#6653=B_SPLINE_CURVE_WITH_KNOTS('',1,(#9786,#9787),.UNSPECIFIED.,.F.,.F.,
(2,2),(0.,2.54034118444231),.UNSPECIFIED.);
#6654=B_SPLINE_CURVE_WITH_KNOTS('',1,(#9788,#9789),.UNSPECIFIED.,.F.,.F.,
(2,2),(155.906148721768,158.44648990621),.UNSPECIFIED.);
#6655=B_SPLINE_CURVE_WITH_KNOTS('',1,(#9790,#9791),.UNSPECIFIED.,.F.,.F.,
(2,2),(153.365807537325,155.906148721768),.UNSPECIFIED.);
#6656=B_SPLINE_CURVE_WITH_KNOTS('',1,(#9792,#9793),.UNSPECIFIED.,.F.,.F.,
(2,2),(150.285125168445,153.365807537325),.UNSPECIFIED.);
#6657=B_SPLINE_CURVE_WITH_KNOTS('',1,(#9794,#9795),.UNSPECIFIED.,.F.,.F.,
(2,2),(78.9530743608767,150.285125168445),.UNSPECIFIED.);
#6658=B_SPLINE_CURVE_WITH_KNOTS('',1,(#9796,#9797),.UNSPECIFIED.,.F.,.F.,
(2,2),(76.9530743608767,78.9530743608767),.UNSPECIFIED.);
#6659=B_SPLINE_CURVE_WITH_KNOTS('',1,(#9798,#9799),.UNSPECIFIED.,.F.,.F.,
(2,2),(5.62102355330828,76.9530743608767),.UNSPECIFIED.);
#6660=B_SPLINE_CURVE_WITH_KNOTS('',1,(#9800,#9801),.UNSPECIFIED.,.F.,.F.,
(2,2),(2.54034118444231,5.62102355330828),.UNSPECIFIED.);
#6661=B_SPLINE_CURVE_WITH_KNOTS('',1,(#9802,#9803),.UNSPECIFIED.,.F.,.F.,
(2,2),(0.,3.40000000000002),.UNSPECIFIED.);
#6662=B_SPLINE_CURVE_WITH_KNOTS('',1,(#9804,#9805),.UNSPECIFIED.,.F.,.F.,
(2,2),(-3.40000000000001,0.),.UNSPECIFIED.);
#6663=B_SPLINE_CURVE_WITH_KNOTS('',1,(#9806,#9807),.UNSPECIFIED.,.F.,.F.,
(2,2),(-3.39999999999999,1.77635683940025E-14),.UNSPECIFIED.);
#6664=B_SPLINE_CURVE_WITH_KNOTS('',1,(#9808,#9809),.UNSPECIFIED.,.F.,.F.,
(2,2),(-3.4,3.5527136788005E-15),.UNSPECIFIED.);
#6665=B_SPLINE_CURVE_WITH_KNOTS('',1,(#9810,#9811),.UNSPECIFIED.,.F.,.F.,
(2,2),(0.,6.67802058269567),.UNSPECIFIED.);
#6666=B_SPLINE_CURVE_WITH_KNOTS('',1,(#9812,#9813),.UNSPECIFIED.,.F.,.F.,
(2,2),(0.,18.),.UNSPECIFIED.);
#6667=B_SPLINE_CURVE_WITH_KNOTS('',1,(#9814,#9815),.UNSPECIFIED.,.F.,.F.,
(2,2),(0.,6.67802058269567),.UNSPECIFIED.);
#6668=B_SPLINE_CURVE_WITH_KNOTS('',1,(#9816,#9817),.UNSPECIFIED.,.F.,.F.,
(2,2),(6.67802058269567,13.3555496939216),.UNSPECIFIED.);
#6669=B_SPLINE_CURVE_WITH_KNOTS('',1,(#9818,#9819),.UNSPECIFIED.,.F.,.F.,
(2,2),(0.,18.),.UNSPECIFIED.);
#6670=B_SPLINE_CURVE_WITH_KNOTS('',1,(#9820,#9821),.UNSPECIFIED.,.F.,.F.,
(2,2),(6.67802058269567,13.3555496939216),.UNSPECIFIED.);
#6671=B_SPLINE_CURVE_WITH_KNOTS('',1,(#9822,#9823),.UNSPECIFIED.,.F.,.F.,
(2,2),(13.3555496939216,20.0330788051476),.UNSPECIFIED.);
#6672=B_SPLINE_CURVE_WITH_KNOTS('',1,(#9824,#9825),.UNSPECIFIED.,.F.,.F.,
(2,2),(0.,18.),.UNSPECIFIED.);
#6673=B_SPLINE_CURVE_WITH_KNOTS('',1,(#9826,#9827),.UNSPECIFIED.,.F.,.F.,
(2,2),(13.3555496939216,20.0330788051476),.UNSPECIFIED.);
#6674=B_SPLINE_CURVE_WITH_KNOTS('',1,(#9828,#9829),.UNSPECIFIED.,.F.,.F.,
(2,2),(0.,8.65537546656573),.UNSPECIFIED.);
#6675=B_SPLINE_CURVE_WITH_KNOTS('',1,(#9830,#9831),.UNSPECIFIED.,.F.,.F.,
(2,2),(0.,8.65537546656573),.UNSPECIFIED.);
#6676=B_SPLINE_CURVE_WITH_KNOTS('',1,(#9832,#9833),.UNSPECIFIED.,.F.,.F.,
(2,2),(5.5,12.5),.UNSPECIFIED.);
#6677=B_SPLINE_CURVE_WITH_KNOTS('',1,(#9834,#9835),.UNSPECIFIED.,.F.,.F.,
(2,2),(0.,6.67802058269567),.UNSPECIFIED.);
#6678=B_SPLINE_CURVE_WITH_KNOTS('',1,(#9836,#9837),.UNSPECIFIED.,.F.,.F.,
(2,2),(0.,18.),.UNSPECIFIED.);
#6679=B_SPLINE_CURVE_WITH_KNOTS('',1,(#9838,#9839),.UNSPECIFIED.,.F.,.F.,
(2,2),(0.,6.67802058269567),.UNSPECIFIED.);
#6680=B_SPLINE_CURVE_WITH_KNOTS('',1,(#9840,#9841),.UNSPECIFIED.,.F.,.F.,
(2,2),(6.67802058269567,13.3555496939216),.UNSPECIFIED.);
#6681=B_SPLINE_CURVE_WITH_KNOTS('',1,(#9842,#9843),.UNSPECIFIED.,.F.,.F.,
(2,2),(0.,18.),.UNSPECIFIED.);
#6682=B_SPLINE_CURVE_WITH_KNOTS('',1,(#9844,#9845),.UNSPECIFIED.,.F.,.F.,
(2,2),(6.67802058269567,13.3555496939216),.UNSPECIFIED.);
#6683=B_SPLINE_CURVE_WITH_KNOTS('',1,(#9846,#9847),.UNSPECIFIED.,.F.,.F.,
(2,2),(13.3555496939216,20.0330788051476),.UNSPECIFIED.);
#6684=B_SPLINE_CURVE_WITH_KNOTS('',1,(#9848,#9849),.UNSPECIFIED.,.F.,.F.,
(2,2),(0.,18.),.UNSPECIFIED.);
#6685=B_SPLINE_CURVE_WITH_KNOTS('',1,(#9850,#9851),.UNSPECIFIED.,.F.,.F.,
(2,2),(13.3555496939216,20.0330788051476),.UNSPECIFIED.);
#6686=B_SPLINE_CURVE_WITH_KNOTS('',1,(#9852,#9853),.UNSPECIFIED.,.F.,.F.,
(2,2),(0.,8.65537546656573),.UNSPECIFIED.);
#6687=B_SPLINE_CURVE_WITH_KNOTS('',1,(#9854,#9855),.UNSPECIFIED.,.F.,.F.,
(2,2),(0.,8.65537546656573),.UNSPECIFIED.);
#6688=B_SPLINE_CURVE_WITH_KNOTS('',1,(#9856,#9857),.UNSPECIFIED.,.F.,.F.,
(2,2),(5.5,12.5),.UNSPECIFIED.);
#6689=B_SPLINE_CURVE_WITH_KNOTS('',1,(#9858,#9859),.UNSPECIFIED.,.F.,.F.,
(2,2),(0.,6.67802058269567),.UNSPECIFIED.);
#6690=B_SPLINE_CURVE_WITH_KNOTS('',1,(#9860,#9861),.UNSPECIFIED.,.F.,.F.,
(2,2),(0.,18.),.UNSPECIFIED.);
#6691=B_SPLINE_CURVE_WITH_KNOTS('',1,(#9862,#9863),.UNSPECIFIED.,.F.,.F.,
(2,2),(0.,6.67802058269567),.UNSPECIFIED.);
#6692=B_SPLINE_CURVE_WITH_KNOTS('',1,(#9864,#9865),.UNSPECIFIED.,.F.,.F.,
(2,2),(6.67802058269567,13.3555496939216),.UNSPECIFIED.);
#6693=B_SPLINE_CURVE_WITH_KNOTS('',1,(#9866,#9867),.UNSPECIFIED.,.F.,.F.,
(2,2),(0.,18.),.UNSPECIFIED.);
#6694=B_SPLINE_CURVE_WITH_KNOTS('',1,(#9868,#9869),.UNSPECIFIED.,.F.,.F.,
(2,2),(6.67802058269567,13.3555496939216),.UNSPECIFIED.);
#6695=B_SPLINE_CURVE_WITH_KNOTS('',1,(#9870,#9871),.UNSPECIFIED.,.F.,.F.,
(2,2),(13.3555496939216,20.0330788051476),.UNSPECIFIED.);
#6696=B_SPLINE_CURVE_WITH_KNOTS('',1,(#9872,#9873),.UNSPECIFIED.,.F.,.F.,
(2,2),(0.,18.),.UNSPECIFIED.);
#6697=B_SPLINE_CURVE_WITH_KNOTS('',1,(#9874,#9875),.UNSPECIFIED.,.F.,.F.,
(2,2),(13.3555496939216,20.0330788051476),.UNSPECIFIED.);
#6698=B_SPLINE_CURVE_WITH_KNOTS('',1,(#9876,#9877),.UNSPECIFIED.,.F.,.F.,
(2,2),(0.,8.65537546656573),.UNSPECIFIED.);
#6699=B_SPLINE_CURVE_WITH_KNOTS('',1,(#9878,#9879),.UNSPECIFIED.,.F.,.F.,
(2,2),(0.,8.65537546656573),.UNSPECIFIED.);
#6700=B_SPLINE_CURVE_WITH_KNOTS('',1,(#9880,#9881),.UNSPECIFIED.,.F.,.F.,
(2,2),(5.5,12.5),.UNSPECIFIED.);
#6701=B_SPLINE_CURVE_WITH_KNOTS('',1,(#9882,#9883),.UNSPECIFIED.,.F.,.F.,
(2,2),(0.,6.67802058269567),.UNSPECIFIED.);
#6702=B_SPLINE_CURVE_WITH_KNOTS('',1,(#9884,#9885),.UNSPECIFIED.,.F.,.F.,
(2,2),(0.,18.),.UNSPECIFIED.);
#6703=B_SPLINE_CURVE_WITH_KNOTS('',1,(#9886,#9887),.UNSPECIFIED.,.F.,.F.,
(2,2),(0.,6.67802058269567),.UNSPECIFIED.);
#6704=B_SPLINE_CURVE_WITH_KNOTS('',1,(#9888,#9889),.UNSPECIFIED.,.F.,.F.,
(2,2),(6.67802058269567,13.3555496939216),.UNSPECIFIED.);
#6705=B_SPLINE_CURVE_WITH_KNOTS('',1,(#9890,#9891),.UNSPECIFIED.,.F.,.F.,
(2,2),(0.,18.),.UNSPECIFIED.);
#6706=B_SPLINE_CURVE_WITH_KNOTS('',1,(#9892,#9893),.UNSPECIFIED.,.F.,.F.,
(2,2),(6.67802058269567,13.3555496939216),.UNSPECIFIED.);
#6707=B_SPLINE_CURVE_WITH_KNOTS('',1,(#9894,#9895),.UNSPECIFIED.,.F.,.F.,
(2,2),(13.3555496939216,20.0330788051476),.UNSPECIFIED.);
#6708=B_SPLINE_CURVE_WITH_KNOTS('',1,(#9896,#9897),.UNSPECIFIED.,.F.,.F.,
(2,2),(0.,18.),.UNSPECIFIED.);
#6709=B_SPLINE_CURVE_WITH_KNOTS('',1,(#9898,#9899),.UNSPECIFIED.,.F.,.F.,
(2,2),(13.3555496939216,20.0330788051476),.UNSPECIFIED.);
#6710=B_SPLINE_CURVE_WITH_KNOTS('',1,(#9900,#9901),.UNSPECIFIED.,.F.,.F.,
(2,2),(0.,8.65537546656573),.UNSPECIFIED.);
#6711=B_SPLINE_CURVE_WITH_KNOTS('',1,(#9902,#9903),.UNSPECIFIED.,.F.,.F.,
(2,2),(0.,8.65537546656573),.UNSPECIFIED.);
#6712=B_SPLINE_CURVE_WITH_KNOTS('',1,(#9904,#9905),.UNSPECIFIED.,.F.,.F.,
(2,2),(5.5,12.5),.UNSPECIFIED.);
#6713=B_SPLINE_CURVE_WITH_KNOTS('',1,(#10013,#10014),.UNSPECIFIED.,.F.,
 .F.,(2,2),(0.,18.),.UNSPECIFIED.);
#6714=B_SPLINE_CURVE_WITH_KNOTS('',1,(#10015,#10016),.UNSPECIFIED.,.F.,
 .F.,(2,2),(0.,18.),.UNSPECIFIED.);
#6715=B_SPLINE_CURVE_WITH_KNOTS('',1,(#10017,#10018),.UNSPECIFIED.,.F.,
 .F.,(2,2),(0.,18.),.UNSPECIFIED.);
#6716=B_SPLINE_CURVE_WITH_KNOTS('',1,(#10019,#10020),.UNSPECIFIED.,.F.,
 .F.,(2,2),(0.,18.),.UNSPECIFIED.);
#6717=B_SPLINE_CURVE_WITH_KNOTS('',1,(#10021,#10022),.UNSPECIFIED.,.F.,
 .F.,(2,2),(-878.383135079766,-873.138690635322),.UNSPECIFIED.);
#6718=B_SPLINE_CURVE_WITH_KNOTS('',1,(#10023,#10024),.UNSPECIFIED.,.F.,
 .F.,(2,2),(-878.383135079766,-873.138690635322),.UNSPECIFIED.);
#6719=B_SPLINE_CURVE_WITH_KNOTS('',1,(#10025,#10026),.UNSPECIFIED.,.F.,
 .F.,(2,2),(0.,15.9036140003335),.UNSPECIFIED.);
#6720=B_SPLINE_CURVE_WITH_KNOTS('',1,(#10027,#10028),.UNSPECIFIED.,.F.,
 .F.,(2,2),(440.015214617665,455.918828617999),.UNSPECIFIED.);
#6721=B_SPLINE_CURVE_WITH_KNOTS('',1,(#10029,#10030),.UNSPECIFIED.,.F.,
 .F.,(2,2),(357.515214617848,440.015214617665),.UNSPECIFIED.);
#6722=B_SPLINE_CURVE_WITH_KNOTS('',1,(#10031,#10032),.UNSPECIFIED.,.F.,
 .F.,(2,2),(353.015214617848,357.515214617848),.UNSPECIFIED.);
#6723=B_SPLINE_CURVE_WITH_KNOTS('',1,(#10033,#10034),.UNSPECIFIED.,.F.,
 .F.,(2,2),(351.015214617848,353.015214617848),.UNSPECIFIED.);
#6724=B_SPLINE_CURVE_WITH_KNOTS('',1,(#10035,#10036),.UNSPECIFIED.,.F.,
 .F.,(2,2),(348.515214617848,351.015214617848),.UNSPECIFIED.);
#6725=B_SPLINE_CURVE_WITH_KNOTS('',1,(#10037,#10038),.UNSPECIFIED.,.F.,
 .F.,(2,2),(347.515214617848,348.515214617848),.UNSPECIFIED.);
#6726=B_SPLINE_CURVE_WITH_KNOTS('',1,(#10039,#10040),.UNSPECIFIED.,.F.,
 .F.,(2,2),(345.515214617848,347.515214617848),.UNSPECIFIED.);
#6727=B_SPLINE_CURVE_WITH_KNOTS('',1,(#10041,#10042),.UNSPECIFIED.,.F.,
 .F.,(2,2),(339.250232574777,345.515214617848),.UNSPECIFIED.);
#6728=B_SPLINE_CURVE_WITH_KNOTS('',1,(#10043,#10044),.UNSPECIFIED.,.F.,
 .F.,(2,2),(336.250232574657,339.250232574777),.UNSPECIFIED.);
#6729=B_SPLINE_CURVE_WITH_KNOTS('',1,(#10045,#10046),.UNSPECIFIED.,.F.,
 .F.,(2,2),(329.985250531587,336.250232574657),.UNSPECIFIED.);
#6730=B_SPLINE_CURVE_WITH_KNOTS('',1,(#10047,#10048),.UNSPECIFIED.,.F.,
 .F.,(2,2),(246.485250531587,329.985250531587),.UNSPECIFIED.);
#6731=B_SPLINE_CURVE_WITH_KNOTS('',1,(#10049,#10050),.UNSPECIFIED.,.F.,
 .F.,(2,2),(230.581636531253,246.485250531587),.UNSPECIFIED.);
#6732=B_SPLINE_CURVE_WITH_KNOTS('',1,(#10051,#10052),.UNSPECIFIED.,.F.,
 .F.,(2,2),(209.433578086475,225.337192086809),.UNSPECIFIED.);
#6733=B_SPLINE_CURVE_WITH_KNOTS('',1,(#10053,#10054),.UNSPECIFIED.,.F.,
 .F.,(2,2),(125.933578086475,209.433578086475),.UNSPECIFIED.);
#6734=B_SPLINE_CURVE_WITH_KNOTS('',1,(#10055,#10056),.UNSPECIFIED.,.F.,
 .F.,(2,2),(119.668596043404,125.933578086475),.UNSPECIFIED.);
#6735=B_SPLINE_CURVE_WITH_KNOTS('',1,(#10057,#10058),.UNSPECIFIED.,.F.,
 .F.,(2,2),(116.668596043404,119.668596043404),.UNSPECIFIED.);
#6736=B_SPLINE_CURVE_WITH_KNOTS('',1,(#10059,#10060),.UNSPECIFIED.,.F.,
 .F.,(2,2),(110.403614000333,116.668596043404),.UNSPECIFIED.);
#6737=B_SPLINE_CURVE_WITH_KNOTS('',1,(#10061,#10062),.UNSPECIFIED.,.F.,
 .F.,(2,2),(108.403614000333,110.403614000333),.UNSPECIFIED.);
#6738=B_SPLINE_CURVE_WITH_KNOTS('',1,(#10063,#10064),.UNSPECIFIED.,.F.,
 .F.,(2,2),(107.403614000333,108.403614000333),.UNSPECIFIED.);
#6739=B_SPLINE_CURVE_WITH_KNOTS('',1,(#10065,#10066),.UNSPECIFIED.,.F.,
 .F.,(2,2),(104.903614000333,107.403614000333),.UNSPECIFIED.);
#6740=B_SPLINE_CURVE_WITH_KNOTS('',1,(#10067,#10068),.UNSPECIFIED.,.F.,
 .F.,(2,2),(102.903614000333,104.903614000333),.UNSPECIFIED.);
#6741=B_SPLINE_CURVE_WITH_KNOTS('',1,(#10069,#10070),.UNSPECIFIED.,.F.,
 .F.,(2,2),(98.4036140003335,102.903614000333),.UNSPECIFIED.);
#6742=B_SPLINE_CURVE_WITH_KNOTS('',1,(#10071,#10072),.UNSPECIFIED.,.F.,
 .F.,(2,2),(15.9036140003335,98.4036140003335),.UNSPECIFIED.);
#6743=B_SPLINE_CURVE_WITH_KNOTS('',1,(#10073,#10074),.UNSPECIFIED.,.F.,
 .F.,(2,2),(0.,0.499999999999943),.UNSPECIFIED.);
#6744=B_SPLINE_CURVE_WITH_KNOTS('',1,(#10075,#10076),.UNSPECIFIED.,.F.,
 .F.,(2,2),(191.506418078556,193.506418078556),.UNSPECIFIED.);
#6745=B_SPLINE_CURVE_WITH_KNOTS('',1,(#10077,#10078),.UNSPECIFIED.,.F.,
 .F.,(2,2),(191.006418078556,191.506418078556),.UNSPECIFIED.);
#6746=B_SPLINE_CURVE_WITH_KNOTS('',1,(#10079,#10080),.UNSPECIFIED.,.F.,
 .F.,(2,2),(184.741436035485,191.006418078556),.UNSPECIFIED.);
#6747=B_SPLINE_CURVE_WITH_KNOTS('',1,(#10081,#10082),.UNSPECIFIED.,.F.,
 .F.,(2,2),(181.741436035485,184.741436035485),.UNSPECIFIED.);
#6748=B_SPLINE_CURVE_WITH_KNOTS('',1,(#10083,#10084),.UNSPECIFIED.,.F.,
 .F.,(2,2),(175.476453992414,181.741436035485),.UNSPECIFIED.);
#6749=B_SPLINE_CURVE_WITH_KNOTS('',1,(#10085,#10086),.UNSPECIFIED.,.F.,
 .F.,(2,2),(102.644403184846,175.476453992414),.UNSPECIFIED.);
#6750=B_SPLINE_CURVE_WITH_KNOTS('',1,(#10087,#10088),.UNSPECIFIED.,.F.,
 .F.,(2,2),(99.5637208159657,102.644403184846),.UNSPECIFIED.);
#6751=B_SPLINE_CURVE_WITH_KNOTS('',1,(#10089,#10090),.UNSPECIFIED.,.F.,
 .F.,(2,2),(97.0233796315234,99.5637208159657),.UNSPECIFIED.);
#6752=B_SPLINE_CURVE_WITH_KNOTS('',1,(#10091,#10092),.UNSPECIFIED.,.F.,
 .F.,(2,2),(94.4830384470811,97.0233796315234),.UNSPECIFIED.);
#6753=B_SPLINE_CURVE_WITH_KNOTS('',1,(#10093,#10094),.UNSPECIFIED.,.F.,
 .F.,(2,2),(91.9426972626388,94.4830384470811),.UNSPECIFIED.);
#6754=B_SPLINE_CURVE_WITH_KNOTS('',1,(#10095,#10096),.UNSPECIFIED.,.F.,
 .F.,(2,2),(88.8620148937729,91.9426972626388),.UNSPECIFIED.);
#6755=B_SPLINE_CURVE_WITH_KNOTS('',1,(#10097,#10098),.UNSPECIFIED.,.F.,
 .F.,(2,2),(16.0299640862159,88.8620148937729),.UNSPECIFIED.);
#6756=B_SPLINE_CURVE_WITH_KNOTS('',1,(#10099,#10100),.UNSPECIFIED.,.F.,
 .F.,(2,2),(9.76498204314507,16.0299640862159),.UNSPECIFIED.);
#6757=B_SPLINE_CURVE_WITH_KNOTS('',1,(#10101,#10102),.UNSPECIFIED.,.F.,
 .F.,(2,2),(6.76498204307081,9.76498204314507),.UNSPECIFIED.);
#6758=B_SPLINE_CURVE_WITH_KNOTS('',1,(#10103,#10104),.UNSPECIFIED.,.F.,
 .F.,(2,2),(0.499999999999943,6.76498204307081),.UNSPECIFIED.);
#6759=B_SPLINE_CURVE_WITH_KNOTS('',1,(#10105,#10106),.UNSPECIFIED.,.F.,
 .F.,(2,2),(0.,2.54034118444231),.UNSPECIFIED.);
#6760=B_SPLINE_CURVE_WITH_KNOTS('',1,(#10107,#10108),.UNSPECIFIED.,.F.,
 .F.,(2,2),(155.906148721768,158.44648990621),.UNSPECIFIED.);
#6761=B_SPLINE_CURVE_WITH_KNOTS('',1,(#10109,#10110),.UNSPECIFIED.,.F.,
 .F.,(2,2),(153.365807537325,155.906148721768),.UNSPECIFIED.);
#6762=B_SPLINE_CURVE_WITH_KNOTS('',1,(#10111,#10112),.UNSPECIFIED.,.F.,
 .F.,(2,2),(150.285125168445,153.365807537325),.UNSPECIFIED.);
#6763=B_SPLINE_CURVE_WITH_KNOTS('',1,(#10113,#10114),.UNSPECIFIED.,.F.,
 .F.,(2,2),(78.9530743608767,150.285125168445),.UNSPECIFIED.);
#6764=B_SPLINE_CURVE_WITH_KNOTS('',1,(#10115,#10116),.UNSPECIFIED.,.F.,
 .F.,(2,2),(76.9530743608767,78.9530743608767),.UNSPECIFIED.);
#6765=B_SPLINE_CURVE_WITH_KNOTS('',1,(#10117,#10118),.UNSPECIFIED.,.F.,
 .F.,(2,2),(5.62102355330828,76.9530743608767),.UNSPECIFIED.);
#6766=B_SPLINE_CURVE_WITH_KNOTS('',1,(#10119,#10120),.UNSPECIFIED.,.F.,
 .F.,(2,2),(2.54034118444231,5.62102355330828),.UNSPECIFIED.);
#6767=B_SPLINE_CURVE_WITH_KNOTS('',1,(#10121,#10122),.UNSPECIFIED.,.F.,
 .F.,(2,2),(0.,3.40000000000002),.UNSPECIFIED.);
#6768=B_SPLINE_CURVE_WITH_KNOTS('',1,(#10123,#10124),.UNSPECIFIED.,.F.,
 .F.,(2,2),(-3.40000000000001,0.),.UNSPECIFIED.);
#6769=B_SPLINE_CURVE_WITH_KNOTS('',1,(#10125,#10126),.UNSPECIFIED.,.F.,
 .F.,(2,2),(-3.39999999999999,1.77635683940025E-14),.UNSPECIFIED.);
#6770=B_SPLINE_CURVE_WITH_KNOTS('',1,(#10127,#10128),.UNSPECIFIED.,.F.,
 .F.,(2,2),(-3.4,3.5527136788005E-15),.UNSPECIFIED.);
#6771=B_SPLINE_CURVE_WITH_KNOTS('',1,(#10129,#10130),.UNSPECIFIED.,.F.,
 .F.,(2,2),(0.,6.67802058269567),.UNSPECIFIED.);
#6772=B_SPLINE_CURVE_WITH_KNOTS('',1,(#10131,#10132),.UNSPECIFIED.,.F.,
 .F.,(2,2),(0.,18.),.UNSPECIFIED.);
#6773=B_SPLINE_CURVE_WITH_KNOTS('',1,(#10133,#10134),.UNSPECIFIED.,.F.,
 .F.,(2,2),(0.,6.67802058269567),.UNSPECIFIED.);
#6774=B_SPLINE_CURVE_WITH_KNOTS('',1,(#10135,#10136),.UNSPECIFIED.,.F.,
 .F.,(2,2),(6.67802058269567,13.3555496939216),.UNSPECIFIED.);
#6775=B_SPLINE_CURVE_WITH_KNOTS('',1,(#10137,#10138),.UNSPECIFIED.,.F.,
 .F.,(2,2),(0.,18.),.UNSPECIFIED.);
#6776=B_SPLINE_CURVE_WITH_KNOTS('',1,(#10139,#10140),.UNSPECIFIED.,.F.,
 .F.,(2,2),(6.67802058269567,13.3555496939216),.UNSPECIFIED.);
#6777=B_SPLINE_CURVE_WITH_KNOTS('',1,(#10141,#10142),.UNSPECIFIED.,.F.,
 .F.,(2,2),(13.3555496939216,20.0330788051476),.UNSPECIFIED.);
#6778=B_SPLINE_CURVE_WITH_KNOTS('',1,(#10143,#10144),.UNSPECIFIED.,.F.,
 .F.,(2,2),(0.,18.),.UNSPECIFIED.);
#6779=B_SPLINE_CURVE_WITH_KNOTS('',1,(#10145,#10146),.UNSPECIFIED.,.F.,
 .F.,(2,2),(13.3555496939216,20.0330788051476),.UNSPECIFIED.);
#6780=B_SPLINE_CURVE_WITH_KNOTS('',1,(#10147,#10148),.UNSPECIFIED.,.F.,
 .F.,(2,2),(0.,8.65537546656573),.UNSPECIFIED.);
#6781=B_SPLINE_CURVE_WITH_KNOTS('',1,(#10149,#10150),.UNSPECIFIED.,.F.,
 .F.,(2,2),(0.,8.65537546656573),.UNSPECIFIED.);
#6782=B_SPLINE_CURVE_WITH_KNOTS('',1,(#10151,#10152),.UNSPECIFIED.,.F.,
 .F.,(2,2),(5.5,12.5),.UNSPECIFIED.);
#6783=B_SPLINE_CURVE_WITH_KNOTS('',1,(#10153,#10154),.UNSPECIFIED.,.F.,
 .F.,(2,2),(0.,6.67802058269567),.UNSPECIFIED.);
#6784=B_SPLINE_CURVE_WITH_KNOTS('',1,(#10155,#10156),.UNSPECIFIED.,.F.,
 .F.,(2,2),(0.,18.),.UNSPECIFIED.);
#6785=B_SPLINE_CURVE_WITH_KNOTS('',1,(#10157,#10158),.UNSPECIFIED.,.F.,
 .F.,(2,2),(0.,6.67802058269567),.UNSPECIFIED.);
#6786=B_SPLINE_CURVE_WITH_KNOTS('',1,(#10159,#10160),.UNSPECIFIED.,.F.,
 .F.,(2,2),(6.67802058269567,13.3555496939216),.UNSPECIFIED.);
#6787=B_SPLINE_CURVE_WITH_KNOTS('',1,(#10161,#10162),.UNSPECIFIED.,.F.,
 .F.,(2,2),(0.,18.),.UNSPECIFIED.);
#6788=B_SPLINE_CURVE_WITH_KNOTS('',1,(#10163,#10164),.UNSPECIFIED.,.F.,
 .F.,(2,2),(6.67802058269567,13.3555496939216),.UNSPECIFIED.);
#6789=B_SPLINE_CURVE_WITH_KNOTS('',1,(#10165,#10166),.UNSPECIFIED.,.F.,
 .F.,(2,2),(13.3555496939216,20.0330788051476),.UNSPECIFIED.);
#6790=B_SPLINE_CURVE_WITH_KNOTS('',1,(#10167,#10168),.UNSPECIFIED.,.F.,
 .F.,(2,2),(0.,18.),.UNSPECIFIED.);
#6791=B_SPLINE_CURVE_WITH_KNOTS('',1,(#10169,#10170),.UNSPECIFIED.,.F.,
 .F.,(2,2),(13.3555496939216,20.0330788051476),.UNSPECIFIED.);
#6792=B_SPLINE_CURVE_WITH_KNOTS('',1,(#10171,#10172),.UNSPECIFIED.,.F.,
 .F.,(2,2),(0.,8.65537546656573),.UNSPECIFIED.);
#6793=B_SPLINE_CURVE_WITH_KNOTS('',1,(#10173,#10174),.UNSPECIFIED.,.F.,
 .F.,(2,2),(0.,8.65537546656573),.UNSPECIFIED.);
#6794=B_SPLINE_CURVE_WITH_KNOTS('',1,(#10175,#10176),.UNSPECIFIED.,.F.,
 .F.,(2,2),(5.5,12.5),.UNSPECIFIED.);
#6795=B_SPLINE_CURVE_WITH_KNOTS('',1,(#10177,#10178),.UNSPECIFIED.,.F.,
 .F.,(2,2),(0.,6.67802058269567),.UNSPECIFIED.);
#6796=B_SPLINE_CURVE_WITH_KNOTS('',1,(#10179,#10180),.UNSPECIFIED.,.F.,
 .F.,(2,2),(0.,18.),.UNSPECIFIED.);
#6797=B_SPLINE_CURVE_WITH_KNOTS('',1,(#10181,#10182),.UNSPECIFIED.,.F.,
 .F.,(2,2),(0.,6.67802058269567),.UNSPECIFIED.);
#6798=B_SPLINE_CURVE_WITH_KNOTS('',1,(#10183,#10184),.UNSPECIFIED.,.F.,
 .F.,(2,2),(6.67802058269567,13.3555496939216),.UNSPECIFIED.);
#6799=B_SPLINE_CURVE_WITH_KNOTS('',1,(#10185,#10186),.UNSPECIFIED.,.F.,
 .F.,(2,2),(0.,18.),.UNSPECIFIED.);
#6800=B_SPLINE_CURVE_WITH_KNOTS('',1,(#10187,#10188),.UNSPECIFIED.,.F.,
 .F.,(2,2),(6.67802058269567,13.3555496939216),.UNSPECIFIED.);
#6801=B_SPLINE_CURVE_WITH_KNOTS('',1,(#10189,#10190),.UNSPECIFIED.,.F.,
 .F.,(2,2),(13.3555496939216,20.0330788051476),.UNSPECIFIED.);
#6802=B_SPLINE_CURVE_WITH_KNOTS('',1,(#10191,#10192),.UNSPECIFIED.,.F.,
 .F.,(2,2),(0.,18.),.UNSPECIFIED.);
#6803=B_SPLINE_CURVE_WITH_KNOTS('',1,(#10193,#10194),.UNSPECIFIED.,.F.,
 .F.,(2,2),(13.3555496939216,20.0330788051476),.UNSPECIFIED.);
#6804=B_SPLINE_CURVE_WITH_KNOTS('',1,(#10195,#10196),.UNSPECIFIED.,.F.,
 .F.,(2,2),(0.,8.65537546656573),.UNSPECIFIED.);
#6805=B_SPLINE_CURVE_WITH_KNOTS('',1,(#10197,#10198),.UNSPECIFIED.,.F.,
 .F.,(2,2),(0.,8.65537546656573),.UNSPECIFIED.);
#6806=B_SPLINE_CURVE_WITH_KNOTS('',1,(#10199,#10200),.UNSPECIFIED.,.F.,
 .F.,(2,2),(5.5,12.5),.UNSPECIFIED.);
#6807=B_SPLINE_CURVE_WITH_KNOTS('',1,(#10201,#10202),.UNSPECIFIED.,.F.,
 .F.,(2,2),(0.,6.67802058269567),.UNSPECIFIED.);
#6808=B_SPLINE_CURVE_WITH_KNOTS('',1,(#10203,#10204),.UNSPECIFIED.,.F.,
 .F.,(2,2),(0.,18.),.UNSPECIFIED.);
#6809=B_SPLINE_CURVE_WITH_KNOTS('',1,(#10205,#10206),.UNSPECIFIED.,.F.,
 .F.,(2,2),(0.,6.67802058269567),.UNSPECIFIED.);
#6810=B_SPLINE_CURVE_WITH_KNOTS('',1,(#10207,#10208),.UNSPECIFIED.,.F.,
 .F.,(2,2),(6.67802058269567,13.3555496939216),.UNSPECIFIED.);
#6811=B_SPLINE_CURVE_WITH_KNOTS('',1,(#10209,#10210),.UNSPECIFIED.,.F.,
 .F.,(2,2),(0.,18.),.UNSPECIFIED.);
#6812=B_SPLINE_CURVE_WITH_KNOTS('',1,(#10211,#10212),.UNSPECIFIED.,.F.,
 .F.,(2,2),(6.67802058269567,13.3555496939216),.UNSPECIFIED.);
#6813=B_SPLINE_CURVE_WITH_KNOTS('',1,(#10213,#10214),.UNSPECIFIED.,.F.,
 .F.,(2,2),(13.3555496939216,20.0330788051476),.UNSPECIFIED.);
#6814=B_SPLINE_CURVE_WITH_KNOTS('',1,(#10215,#10216),.UNSPECIFIED.,.F.,
 .F.,(2,2),(0.,18.),.UNSPECIFIED.);
#6815=B_SPLINE_CURVE_WITH_KNOTS('',1,(#10217,#10218),.UNSPECIFIED.,.F.,
 .F.,(2,2),(13.3555496939216,20.0330788051476),.UNSPECIFIED.);
#6816=B_SPLINE_CURVE_WITH_KNOTS('',1,(#10219,#10220),.UNSPECIFIED.,.F.,
 .F.,(2,2),(0.,8.65537546656573),.UNSPECIFIED.);
#6817=B_SPLINE_CURVE_WITH_KNOTS('',1,(#10221,#10222),.UNSPECIFIED.,.F.,
 .F.,(2,2),(0.,8.65537546656573),.UNSPECIFIED.);
#6818=B_SPLINE_CURVE_WITH_KNOTS('',1,(#10223,#10224),.UNSPECIFIED.,.F.,
 .F.,(2,2),(5.5,12.5),.UNSPECIFIED.);
#6819=B_SPLINE_CURVE_WITH_KNOTS('',1,(#10332,#10333),.UNSPECIFIED.,.F.,
 .F.,(2,2),(0.,18.),.UNSPECIFIED.);
#6820=B_SPLINE_CURVE_WITH_KNOTS('',1,(#10334,#10335),.UNSPECIFIED.,.F.,
 .F.,(2,2),(0.,18.),.UNSPECIFIED.);
#6821=B_SPLINE_CURVE_WITH_KNOTS('',1,(#10336,#10337),.UNSPECIFIED.,.F.,
 .F.,(2,2),(0.,18.),.UNSPECIFIED.);
#6822=B_SPLINE_CURVE_WITH_KNOTS('',1,(#10338,#10339),.UNSPECIFIED.,.F.,
 .F.,(2,2),(0.,18.),.UNSPECIFIED.);
#6823=B_SPLINE_CURVE_WITH_KNOTS('',1,(#10340,#10341),.UNSPECIFIED.,.F.,
 .F.,(2,2),(-878.383135079766,-873.138690635322),.UNSPECIFIED.);
#6824=B_SPLINE_CURVE_WITH_KNOTS('',1,(#10342,#10343),.UNSPECIFIED.,.F.,
 .F.,(2,2),(-878.383135079766,-873.138690635322),.UNSPECIFIED.);
#6825=B_SPLINE_CURVE_WITH_KNOTS('',1,(#10344,#10345),.UNSPECIFIED.,.F.,
 .F.,(2,2),(0.,15.9036140003335),.UNSPECIFIED.);
#6826=B_SPLINE_CURVE_WITH_KNOTS('',1,(#10346,#10347),.UNSPECIFIED.,.F.,
 .F.,(2,2),(440.015214617665,455.918828617999),.UNSPECIFIED.);
#6827=B_SPLINE_CURVE_WITH_KNOTS('',1,(#10348,#10349),.UNSPECIFIED.,.F.,
 .F.,(2,2),(357.515214617848,440.015214617665),.UNSPECIFIED.);
#6828=B_SPLINE_CURVE_WITH_KNOTS('',1,(#10350,#10351),.UNSPECIFIED.,.F.,
 .F.,(2,2),(353.015214617848,357.515214617848),.UNSPECIFIED.);
#6829=B_SPLINE_CURVE_WITH_KNOTS('',1,(#10352,#10353),.UNSPECIFIED.,.F.,
 .F.,(2,2),(351.015214617848,353.015214617848),.UNSPECIFIED.);
#6830=B_SPLINE_CURVE_WITH_KNOTS('',1,(#10354,#10355),.UNSPECIFIED.,.F.,
 .F.,(2,2),(348.515214617848,351.015214617848),.UNSPECIFIED.);
#6831=B_SPLINE_CURVE_WITH_KNOTS('',1,(#10356,#10357),.UNSPECIFIED.,.F.,
 .F.,(2,2),(347.515214617848,348.515214617848),.UNSPECIFIED.);
#6832=B_SPLINE_CURVE_WITH_KNOTS('',1,(#10358,#10359),.UNSPECIFIED.,.F.,
 .F.,(2,2),(345.515214617848,347.515214617848),.UNSPECIFIED.);
#6833=B_SPLINE_CURVE_WITH_KNOTS('',1,(#10360,#10361),.UNSPECIFIED.,.F.,
 .F.,(2,2),(339.250232574777,345.515214617848),.UNSPECIFIED.);
#6834=B_SPLINE_CURVE_WITH_KNOTS('',1,(#10362,#10363),.UNSPECIFIED.,.F.,
 .F.,(2,2),(336.250232574657,339.250232574777),.UNSPECIFIED.);
#6835=B_SPLINE_CURVE_WITH_KNOTS('',1,(#10364,#10365),.UNSPECIFIED.,.F.,
 .F.,(2,2),(329.985250531587,336.250232574657),.UNSPECIFIED.);
#6836=B_SPLINE_CURVE_WITH_KNOTS('',1,(#10366,#10367),.UNSPECIFIED.,.F.,
 .F.,(2,2),(246.485250531587,329.985250531587),.UNSPECIFIED.);
#6837=B_SPLINE_CURVE_WITH_KNOTS('',1,(#10368,#10369),.UNSPECIFIED.,.F.,
 .F.,(2,2),(230.581636531253,246.485250531587),.UNSPECIFIED.);
#6838=B_SPLINE_CURVE_WITH_KNOTS('',1,(#10370,#10371),.UNSPECIFIED.,.F.,
 .F.,(2,2),(209.433578086475,225.337192086809),.UNSPECIFIED.);
#6839=B_SPLINE_CURVE_WITH_KNOTS('',1,(#10372,#10373),.UNSPECIFIED.,.F.,
 .F.,(2,2),(125.933578086475,209.433578086475),.UNSPECIFIED.);
#6840=B_SPLINE_CURVE_WITH_KNOTS('',1,(#10374,#10375),.UNSPECIFIED.,.F.,
 .F.,(2,2),(119.668596043404,125.933578086475),.UNSPECIFIED.);
#6841=B_SPLINE_CURVE_WITH_KNOTS('',1,(#10376,#10377),.UNSPECIFIED.,.F.,
 .F.,(2,2),(116.668596043404,119.668596043404),.UNSPECIFIED.);
#6842=B_SPLINE_CURVE_WITH_KNOTS('',1,(#10378,#10379),.UNSPECIFIED.,.F.,
 .F.,(2,2),(110.403614000333,116.668596043404),.UNSPECIFIED.);
#6843=B_SPLINE_CURVE_WITH_KNOTS('',1,(#10380,#10381),.UNSPECIFIED.,.F.,
 .F.,(2,2),(108.403614000333,110.403614000333),.UNSPECIFIED.);
#6844=B_SPLINE_CURVE_WITH_KNOTS('',1,(#10382,#10383),.UNSPECIFIED.,.F.,
 .F.,(2,2),(107.403614000333,108.403614000333),.UNSPECIFIED.);
#6845=B_SPLINE_CURVE_WITH_KNOTS('',1,(#10384,#10385),.UNSPECIFIED.,.F.,
 .F.,(2,2),(104.903614000333,107.403614000333),.UNSPECIFIED.);
#6846=B_SPLINE_CURVE_WITH_KNOTS('',1,(#10386,#10387),.UNSPECIFIED.,.F.,
 .F.,(2,2),(102.903614000333,104.903614000333),.UNSPECIFIED.);
#6847=B_SPLINE_CURVE_WITH_KNOTS('',1,(#10388,#10389),.UNSPECIFIED.,.F.,
 .F.,(2,2),(98.4036140003335,102.903614000333),.UNSPECIFIED.);
#6848=B_SPLINE_CURVE_WITH_KNOTS('',1,(#10390,#10391),.UNSPECIFIED.,.F.,
 .F.,(2,2),(15.9036140003335,98.4036140003335),.UNSPECIFIED.);
#6849=B_SPLINE_CURVE_WITH_KNOTS('',1,(#10392,#10393),.UNSPECIFIED.,.F.,
 .F.,(2,2),(0.,0.499999999999943),.UNSPECIFIED.);
#6850=B_SPLINE_CURVE_WITH_KNOTS('',1,(#10394,#10395),.UNSPECIFIED.,.F.,
 .F.,(2,2),(191.506418078556,193.506418078556),.UNSPECIFIED.);
#6851=B_SPLINE_CURVE_WITH_KNOTS('',1,(#10396,#10397),.UNSPECIFIED.,.F.,
 .F.,(2,2),(191.006418078556,191.506418078556),.UNSPECIFIED.);
#6852=B_SPLINE_CURVE_WITH_KNOTS('',1,(#10398,#10399),.UNSPECIFIED.,.F.,
 .F.,(2,2),(184.741436035485,191.006418078556),.UNSPECIFIED.);
#6853=B_SPLINE_CURVE_WITH_KNOTS('',1,(#10400,#10401),.UNSPECIFIED.,.F.,
 .F.,(2,2),(181.741436035485,184.741436035485),.UNSPECIFIED.);
#6854=B_SPLINE_CURVE_WITH_KNOTS('',1,(#10402,#10403),.UNSPECIFIED.,.F.,
 .F.,(2,2),(175.476453992414,181.741436035485),.UNSPECIFIED.);
#6855=B_SPLINE_CURVE_WITH_KNOTS('',1,(#10404,#10405),.UNSPECIFIED.,.F.,
 .F.,(2,2),(102.644403184846,175.476453992414),.UNSPECIFIED.);
#6856=B_SPLINE_CURVE_WITH_KNOTS('',1,(#10406,#10407),.UNSPECIFIED.,.F.,
 .F.,(2,2),(99.5637208159657,102.644403184846),.UNSPECIFIED.);
#6857=B_SPLINE_CURVE_WITH_KNOTS('',1,(#10408,#10409),.UNSPECIFIED.,.F.,
 .F.,(2,2),(97.0233796315234,99.5637208159657),.UNSPECIFIED.);
#6858=B_SPLINE_CURVE_WITH_KNOTS('',1,(#10410,#10411),.UNSPECIFIED.,.F.,
 .F.,(2,2),(94.4830384470811,97.0233796315234),.UNSPECIFIED.);
#6859=B_SPLINE_CURVE_WITH_KNOTS('',1,(#10412,#10413),.UNSPECIFIED.,.F.,
 .F.,(2,2),(91.9426972626388,94.4830384470811),.UNSPECIFIED.);
#6860=B_SPLINE_CURVE_WITH_KNOTS('',1,(#10414,#10415),.UNSPECIFIED.,.F.,
 .F.,(2,2),(88.8620148937729,91.9426972626388),.UNSPECIFIED.);
#6861=B_SPLINE_CURVE_WITH_KNOTS('',1,(#10416,#10417),.UNSPECIFIED.,.F.,
 .F.,(2,2),(16.0299640862159,88.8620148937729),.UNSPECIFIED.);
#6862=B_SPLINE_CURVE_WITH_KNOTS('',1,(#10418,#10419),.UNSPECIFIED.,.F.,
 .F.,(2,2),(9.76498204314507,16.0299640862159),.UNSPECIFIED.);
#6863=B_SPLINE_CURVE_WITH_KNOTS('',1,(#10420,#10421),.UNSPECIFIED.,.F.,
 .F.,(2,2),(6.76498204307081,9.76498204314507),.UNSPECIFIED.);
#6864=B_SPLINE_CURVE_WITH_KNOTS('',1,(#10422,#10423),.UNSPECIFIED.,.F.,
 .F.,(2,2),(0.499999999999943,6.76498204307081),.UNSPECIFIED.);
#6865=B_SPLINE_CURVE_WITH_KNOTS('',1,(#10424,#10425),.UNSPECIFIED.,.F.,
 .F.,(2,2),(0.,2.54034118444231),.UNSPECIFIED.);
#6866=B_SPLINE_CURVE_WITH_KNOTS('',1,(#10426,#10427),.UNSPECIFIED.,.F.,
 .F.,(2,2),(155.906148721768,158.44648990621),.UNSPECIFIED.);
#6867=B_SPLINE_CURVE_WITH_KNOTS('',1,(#10428,#10429),.UNSPECIFIED.,.F.,
 .F.,(2,2),(153.365807537325,155.906148721768),.UNSPECIFIED.);
#6868=B_SPLINE_CURVE_WITH_KNOTS('',1,(#10430,#10431),.UNSPECIFIED.,.F.,
 .F.,(2,2),(150.285125168445,153.365807537325),.UNSPECIFIED.);
#6869=B_SPLINE_CURVE_WITH_KNOTS('',1,(#10432,#10433),.UNSPECIFIED.,.F.,
 .F.,(2,2),(78.9530743608767,150.285125168445),.UNSPECIFIED.);
#6870=B_SPLINE_CURVE_WITH_KNOTS('',1,(#10434,#10435),.UNSPECIFIED.,.F.,
 .F.,(2,2),(76.9530743608767,78.9530743608767),.UNSPECIFIED.);
#6871=B_SPLINE_CURVE_WITH_KNOTS('',1,(#10436,#10437),.UNSPECIFIED.,.F.,
 .F.,(2,2),(5.62102355330828,76.9530743608767),.UNSPECIFIED.);
#6872=B_SPLINE_CURVE_WITH_KNOTS('',1,(#10438,#10439),.UNSPECIFIED.,.F.,
 .F.,(2,2),(2.54034118444231,5.62102355330828),.UNSPECIFIED.);
#6873=B_SPLINE_CURVE_WITH_KNOTS('',1,(#10440,#10441),.UNSPECIFIED.,.F.,
 .F.,(2,2),(0.,3.40000000000002),.UNSPECIFIED.);
#6874=B_SPLINE_CURVE_WITH_KNOTS('',1,(#10442,#10443),.UNSPECIFIED.,.F.,
 .F.,(2,2),(-3.40000000000001,0.),.UNSPECIFIED.);
#6875=B_SPLINE_CURVE_WITH_KNOTS('',1,(#10444,#10445),.UNSPECIFIED.,.F.,
 .F.,(2,2),(-3.39999999999999,1.77635683940025E-14),.UNSPECIFIED.);
#6876=B_SPLINE_CURVE_WITH_KNOTS('',1,(#10446,#10447),.UNSPECIFIED.,.F.,
 .F.,(2,2),(-3.4,3.5527136788005E-15),.UNSPECIFIED.);
#6877=B_SPLINE_CURVE_WITH_KNOTS('',1,(#10448,#10449),.UNSPECIFIED.,.F.,
 .F.,(2,2),(0.,6.67802058269567),.UNSPECIFIED.);
#6878=B_SPLINE_CURVE_WITH_KNOTS('',1,(#10450,#10451),.UNSPECIFIED.,.F.,
 .F.,(2,2),(0.,18.),.UNSPECIFIED.);
#6879=B_SPLINE_CURVE_WITH_KNOTS('',1,(#10452,#10453),.UNSPECIFIED.,.F.,
 .F.,(2,2),(0.,6.67802058269567),.UNSPECIFIED.);
#6880=B_SPLINE_CURVE_WITH_KNOTS('',1,(#10454,#10455),.UNSPECIFIED.,.F.,
 .F.,(2,2),(6.67802058269567,13.3555496939216),.UNSPECIFIED.);
#6881=B_SPLINE_CURVE_WITH_KNOTS('',1,(#10456,#10457),.UNSPECIFIED.,.F.,
 .F.,(2,2),(0.,18.),.UNSPECIFIED.);
#6882=B_SPLINE_CURVE_WITH_KNOTS('',1,(#10458,#10459),.UNSPECIFIED.,.F.,
 .F.,(2,2),(6.67802058269567,13.3555496939216),.UNSPECIFIED.);
#6883=B_SPLINE_CURVE_WITH_KNOTS('',1,(#10460,#10461),.UNSPECIFIED.,.F.,
 .F.,(2,2),(13.3555496939216,20.0330788051476),.UNSPECIFIED.);
#6884=B_SPLINE_CURVE_WITH_KNOTS('',1,(#10462,#10463),.UNSPECIFIED.,.F.,
 .F.,(2,2),(0.,18.),.UNSPECIFIED.);
#6885=B_SPLINE_CURVE_WITH_KNOTS('',1,(#10464,#10465),.UNSPECIFIED.,.F.,
 .F.,(2,2),(13.3555496939216,20.0330788051476),.UNSPECIFIED.);
#6886=B_SPLINE_CURVE_WITH_KNOTS('',1,(#10466,#10467),.UNSPECIFIED.,.F.,
 .F.,(2,2),(0.,8.65537546656573),.UNSPECIFIED.);
#6887=B_SPLINE_CURVE_WITH_KNOTS('',1,(#10468,#10469),.UNSPECIFIED.,.F.,
 .F.,(2,2),(0.,8.65537546656573),.UNSPECIFIED.);
#6888=B_SPLINE_CURVE_WITH_KNOTS('',1,(#10470,#10471),.UNSPECIFIED.,.F.,
 .F.,(2,2),(5.5,12.5),.UNSPECIFIED.);
#6889=B_SPLINE_CURVE_WITH_KNOTS('',1,(#10472,#10473),.UNSPECIFIED.,.F.,
 .F.,(2,2),(0.,6.67802058269567),.UNSPECIFIED.);
#6890=B_SPLINE_CURVE_WITH_KNOTS('',1,(#10474,#10475),.UNSPECIFIED.,.F.,
 .F.,(2,2),(0.,18.),.UNSPECIFIED.);
#6891=B_SPLINE_CURVE_WITH_KNOTS('',1,(#10476,#10477),.UNSPECIFIED.,.F.,
 .F.,(2,2),(0.,6.67802058269567),.UNSPECIFIED.);
#6892=B_SPLINE_CURVE_WITH_KNOTS('',1,(#10478,#10479),.UNSPECIFIED.,.F.,
 .F.,(2,2),(6.67802058269567,13.3555496939216),.UNSPECIFIED.);
#6893=B_SPLINE_CURVE_WITH_KNOTS('',1,(#10480,#10481),.UNSPECIFIED.,.F.,
 .F.,(2,2),(0.,18.),.UNSPECIFIED.);
#6894=B_SPLINE_CURVE_WITH_KNOTS('',1,(#10482,#10483),.UNSPECIFIED.,.F.,
 .F.,(2,2),(6.67802058269567,13.3555496939216),.UNSPECIFIED.);
#6895=B_SPLINE_CURVE_WITH_KNOTS('',1,(#10484,#10485),.UNSPECIFIED.,.F.,
 .F.,(2,2),(13.3555496939216,20.0330788051476),.UNSPECIFIED.);
#6896=B_SPLINE_CURVE_WITH_KNOTS('',1,(#10486,#10487),.UNSPECIFIED.,.F.,
 .F.,(2,2),(0.,18.),.UNSPECIFIED.);
#6897=B_SPLINE_CURVE_WITH_KNOTS('',1,(#10488,#10489),.UNSPECIFIED.,.F.,
 .F.,(2,2),(13.3555496939216,20.0330788051476),.UNSPECIFIED.);
#6898=B_SPLINE_CURVE_WITH_KNOTS('',1,(#10490,#10491),.UNSPECIFIED.,.F.,
 .F.,(2,2),(0.,8.65537546656573),.UNSPECIFIED.);
#6899=B_SPLINE_CURVE_WITH_KNOTS('',1,(#10492,#10493),.UNSPECIFIED.,.F.,
 .F.,(2,2),(0.,8.65537546656573),.UNSPECIFIED.);
#6900=B_SPLINE_CURVE_WITH_KNOTS('',1,(#10494,#10495),.UNSPECIFIED.,.F.,
 .F.,(2,2),(5.5,12.5),.UNSPECIFIED.);
#6901=B_SPLINE_CURVE_WITH_KNOTS('',1,(#10496,#10497),.UNSPECIFIED.,.F.,
 .F.,(2,2),(0.,6.67802058269567),.UNSPECIFIED.);
#6902=B_SPLINE_CURVE_WITH_KNOTS('',1,(#10498,#10499),.UNSPECIFIED.,.F.,
 .F.,(2,2),(0.,18.),.UNSPECIFIED.);
#6903=B_SPLINE_CURVE_WITH_KNOTS('',1,(#10500,#10501),.UNSPECIFIED.,.F.,
 .F.,(2,2),(0.,6.67802058269567),.UNSPECIFIED.);
#6904=B_SPLINE_CURVE_WITH_KNOTS('',1,(#10502,#10503),.UNSPECIFIED.,.F.,
 .F.,(2,2),(6.67802058269567,13.3555496939216),.UNSPECIFIED.);
#6905=B_SPLINE_CURVE_WITH_KNOTS('',1,(#10504,#10505),.UNSPECIFIED.,.F.,
 .F.,(2,2),(0.,18.),.UNSPECIFIED.);
#6906=B_SPLINE_CURVE_WITH_KNOTS('',1,(#10506,#10507),.UNSPECIFIED.,.F.,
 .F.,(2,2),(6.67802058269567,13.3555496939216),.UNSPECIFIED.);
#6907=B_SPLINE_CURVE_WITH_KNOTS('',1,(#10508,#10509),.UNSPECIFIED.,.F.,
 .F.,(2,2),(13.3555496939216,20.0330788051476),.UNSPECIFIED.);
#6908=B_SPLINE_CURVE_WITH_KNOTS('',1,(#10510,#10511),.UNSPECIFIED.,.F.,
 .F.,(2,2),(0.,18.),.UNSPECIFIED.);
#6909=B_SPLINE_CURVE_WITH_KNOTS('',1,(#10512,#10513),.UNSPECIFIED.,.F.,
 .F.,(2,2),(13.3555496939216,20.0330788051476),.UNSPECIFIED.);
#6910=B_SPLINE_CURVE_WITH_KNOTS('',1,(#10514,#10515),.UNSPECIFIED.,.F.,
 .F.,(2,2),(0.,8.65537546656573),.UNSPECIFIED.);
#6911=B_SPLINE_CURVE_WITH_KNOTS('',1,(#10516,#10517),.UNSPECIFIED.,.F.,
 .F.,(2,2),(0.,8.65537546656573),.UNSPECIFIED.);
#6912=B_SPLINE_CURVE_WITH_KNOTS('',1,(#10518,#10519),.UNSPECIFIED.,.F.,
 .F.,(2,2),(5.5,12.5),.UNSPECIFIED.);
#6913=B_SPLINE_CURVE_WITH_KNOTS('',1,(#10520,#10521),.UNSPECIFIED.,.F.,
 .F.,(2,2),(0.,6.67802058269567),.UNSPECIFIED.);
#6914=B_SPLINE_CURVE_WITH_KNOTS('',1,(#10522,#10523),.UNSPECIFIED.,.F.,
 .F.,(2,2),(0.,18.),.UNSPECIFIED.);
#6915=B_SPLINE_CURVE_WITH_KNOTS('',1,(#10524,#10525),.UNSPECIFIED.,.F.,
 .F.,(2,2),(0.,6.67802058269567),.UNSPECIFIED.);
#6916=B_SPLINE_CURVE_WITH_KNOTS('',1,(#10526,#10527),.UNSPECIFIED.,.F.,
 .F.,(2,2),(6.67802058269567,13.3555496939216),.UNSPECIFIED.);
#6917=B_SPLINE_CURVE_WITH_KNOTS('',1,(#10528,#10529),.UNSPECIFIED.,.F.,
 .F.,(2,2),(0.,18.),.UNSPECIFIED.);
#6918=B_SPLINE_CURVE_WITH_KNOTS('',1,(#10530,#10531),.UNSPECIFIED.,.F.,
 .F.,(2,2),(6.67802058269567,13.3555496939216),.UNSPECIFIED.);
#6919=B_SPLINE_CURVE_WITH_KNOTS('',1,(#10532,#10533),.UNSPECIFIED.,.F.,
 .F.,(2,2),(13.3555496939216,20.0330788051476),.UNSPECIFIED.);
#6920=B_SPLINE_CURVE_WITH_KNOTS('',1,(#10534,#10535),.UNSPECIFIED.,.F.,
 .F.,(2,2),(0.,18.),.UNSPECIFIED.);
#6921=B_SPLINE_CURVE_WITH_KNOTS('',1,(#10536,#10537),.UNSPECIFIED.,.F.,
 .F.,(2,2),(13.3555496939216,20.0330788051476),.UNSPECIFIED.);
#6922=B_SPLINE_CURVE_WITH_KNOTS('',1,(#10538,#10539),.UNSPECIFIED.,.F.,
 .F.,(2,2),(0.,8.65537546656573),.UNSPECIFIED.);
#6923=B_SPLINE_CURVE_WITH_KNOTS('',1,(#10540,#10541),.UNSPECIFIED.,.F.,
 .F.,(2,2),(0.,8.65537546656573),.UNSPECIFIED.);
#6924=B_SPLINE_CURVE_WITH_KNOTS('',1,(#10542,#10543),.UNSPECIFIED.,.F.,
 .F.,(2,2),(5.5,12.5),.UNSPECIFIED.);
#6925=B_SPLINE_CURVE_WITH_KNOTS('',1,(#10651,#10652),.UNSPECIFIED.,.F.,
 .F.,(2,2),(0.,18.),.UNSPECIFIED.);
#6926=B_SPLINE_CURVE_WITH_KNOTS('',1,(#10653,#10654),.UNSPECIFIED.,.F.,
 .F.,(2,2),(0.,18.),.UNSPECIFIED.);
#6927=B_SPLINE_CURVE_WITH_KNOTS('',1,(#10655,#10656),.UNSPECIFIED.,.F.,
 .F.,(2,2),(0.,18.),.UNSPECIFIED.);
#6928=B_SPLINE_CURVE_WITH_KNOTS('',1,(#10657,#10658),.UNSPECIFIED.,.F.,
 .F.,(2,2),(0.,18.),.UNSPECIFIED.);
#6929=B_SPLINE_CURVE_WITH_KNOTS('',1,(#10659,#10660),.UNSPECIFIED.,.F.,
 .F.,(2,2),(-878.383135079766,-873.138690635322),.UNSPECIFIED.);
#6930=B_SPLINE_CURVE_WITH_KNOTS('',1,(#10661,#10662),.UNSPECIFIED.,.F.,
 .F.,(2,2),(-878.383135079766,-873.138690635322),.UNSPECIFIED.);
#6931=B_SPLINE_CURVE_WITH_KNOTS('',1,(#10663,#10664),.UNSPECIFIED.,.F.,
 .F.,(2,2),(0.,15.9036140003335),.UNSPECIFIED.);
#6932=B_SPLINE_CURVE_WITH_KNOTS('',1,(#10665,#10666),.UNSPECIFIED.,.F.,
 .F.,(2,2),(440.015214617665,455.918828617999),.UNSPECIFIED.);
#6933=B_SPLINE_CURVE_WITH_KNOTS('',1,(#10667,#10668),.UNSPECIFIED.,.F.,
 .F.,(2,2),(357.515214617848,440.015214617665),.UNSPECIFIED.);
#6934=B_SPLINE_CURVE_WITH_KNOTS('',1,(#10669,#10670),.UNSPECIFIED.,.F.,
 .F.,(2,2),(353.015214617848,357.515214617848),.UNSPECIFIED.);
#6935=B_SPLINE_CURVE_WITH_KNOTS('',1,(#10671,#10672),.UNSPECIFIED.,.F.,
 .F.,(2,2),(351.015214617848,353.015214617848),.UNSPECIFIED.);
#6936=B_SPLINE_CURVE_WITH_KNOTS('',1,(#10673,#10674),.UNSPECIFIED.,.F.,
 .F.,(2,2),(348.515214617848,351.015214617848),.UNSPECIFIED.);
#6937=B_SPLINE_CURVE_WITH_KNOTS('',1,(#10675,#10676),.UNSPECIFIED.,.F.,
 .F.,(2,2),(347.515214617848,348.515214617848),.UNSPECIFIED.);
#6938=B_SPLINE_CURVE_WITH_KNOTS('',1,(#10677,#10678),.UNSPECIFIED.,.F.,
 .F.,(2,2),(345.515214617848,347.515214617848),.UNSPECIFIED.);
#6939=B_SPLINE_CURVE_WITH_KNOTS('',1,(#10679,#10680),.UNSPECIFIED.,.F.,
 .F.,(2,2),(339.250232574777,345.515214617848),.UNSPECIFIED.);
#6940=B_SPLINE_CURVE_WITH_KNOTS('',1,(#10681,#10682),.UNSPECIFIED.,.F.,
 .F.,(2,2),(336.250232574657,339.250232574777),.UNSPECIFIED.);
#6941=B_SPLINE_CURVE_WITH_KNOTS('',1,(#10683,#10684),.UNSPECIFIED.,.F.,
 .F.,(2,2),(329.985250531587,336.250232574657),.UNSPECIFIED.);
#6942=B_SPLINE_CURVE_WITH_KNOTS('',1,(#10685,#10686),.UNSPECIFIED.,.F.,
 .F.,(2,2),(246.485250531587,329.985250531587),.UNSPECIFIED.);
#6943=B_SPLINE_CURVE_WITH_KNOTS('',1,(#10687,#10688),.UNSPECIFIED.,.F.,
 .F.,(2,2),(230.581636531253,246.485250531587),.UNSPECIFIED.);
#6944=B_SPLINE_CURVE_WITH_KNOTS('',1,(#10689,#10690),.UNSPECIFIED.,.F.,
 .F.,(2,2),(209.433578086475,225.337192086809),.UNSPECIFIED.);
#6945=B_SPLINE_CURVE_WITH_KNOTS('',1,(#10691,#10692),.UNSPECIFIED.,.F.,
 .F.,(2,2),(125.933578086475,209.433578086475),.UNSPECIFIED.);
#6946=B_SPLINE_CURVE_WITH_KNOTS('',1,(#10693,#10694),.UNSPECIFIED.,.F.,
 .F.,(2,2),(119.668596043404,125.933578086475),.UNSPECIFIED.);
#6947=B_SPLINE_CURVE_WITH_KNOTS('',1,(#10695,#10696),.UNSPECIFIED.,.F.,
 .F.,(2,2),(116.668596043404,119.668596043404),.UNSPECIFIED.);
#6948=B_SPLINE_CURVE_WITH_KNOTS('',1,(#10697,#10698),.UNSPECIFIED.,.F.,
 .F.,(2,2),(110.403614000333,116.668596043404),.UNSPECIFIED.);
#6949=B_SPLINE_CURVE_WITH_KNOTS('',1,(#10699,#10700),.UNSPECIFIED.,.F.,
 .F.,(2,2),(108.403614000333,110.403614000333),.UNSPECIFIED.);
#6950=B_SPLINE_CURVE_WITH_KNOTS('',1,(#10701,#10702),.UNSPECIFIED.,.F.,
 .F.,(2,2),(107.403614000333,108.403614000333),.UNSPECIFIED.);
#6951=B_SPLINE_CURVE_WITH_KNOTS('',1,(#10703,#10704),.UNSPECIFIED.,.F.,
 .F.,(2,2),(104.903614000333,107.403614000333),.UNSPECIFIED.);
#6952=B_SPLINE_CURVE_WITH_KNOTS('',1,(#10705,#10706),.UNSPECIFIED.,.F.,
 .F.,(2,2),(102.903614000333,104.903614000333),.UNSPECIFIED.);
#6953=B_SPLINE_CURVE_WITH_KNOTS('',1,(#10707,#10708),.UNSPECIFIED.,.F.,
 .F.,(2,2),(98.4036140003335,102.903614000333),.UNSPECIFIED.);
#6954=B_SPLINE_CURVE_WITH_KNOTS('',1,(#10709,#10710),.UNSPECIFIED.,.F.,
 .F.,(2,2),(15.9036140003335,98.4036140003335),.UNSPECIFIED.);
#6955=B_SPLINE_CURVE_WITH_KNOTS('',1,(#10711,#10712),.UNSPECIFIED.,.F.,
 .F.,(2,2),(0.,0.499999999999943),.UNSPECIFIED.);
#6956=B_SPLINE_CURVE_WITH_KNOTS('',1,(#10713,#10714),.UNSPECIFIED.,.F.,
 .F.,(2,2),(191.506418078556,193.506418078556),.UNSPECIFIED.);
#6957=B_SPLINE_CURVE_WITH_KNOTS('',1,(#10715,#10716),.UNSPECIFIED.,.F.,
 .F.,(2,2),(191.006418078556,191.506418078556),.UNSPECIFIED.);
#6958=B_SPLINE_CURVE_WITH_KNOTS('',1,(#10717,#10718),.UNSPECIFIED.,.F.,
 .F.,(2,2),(184.741436035485,191.006418078556),.UNSPECIFIED.);
#6959=B_SPLINE_CURVE_WITH_KNOTS('',1,(#10719,#10720),.UNSPECIFIED.,.F.,
 .F.,(2,2),(181.741436035485,184.741436035485),.UNSPECIFIED.);
#6960=B_SPLINE_CURVE_WITH_KNOTS('',1,(#10721,#10722),.UNSPECIFIED.,.F.,
 .F.,(2,2),(175.476453992414,181.741436035485),.UNSPECIFIED.);
#6961=B_SPLINE_CURVE_WITH_KNOTS('',1,(#10723,#10724),.UNSPECIFIED.,.F.,
 .F.,(2,2),(102.644403184846,175.476453992414),.UNSPECIFIED.);
#6962=B_SPLINE_CURVE_WITH_KNOTS('',1,(#10725,#10726),.UNSPECIFIED.,.F.,
 .F.,(2,2),(99.5637208159657,102.644403184846),.UNSPECIFIED.);
#6963=B_SPLINE_CURVE_WITH_KNOTS('',1,(#10727,#10728),.UNSPECIFIED.,.F.,
 .F.,(2,2),(97.0233796315234,99.5637208159657),.UNSPECIFIED.);
#6964=B_SPLINE_CURVE_WITH_KNOTS('',1,(#10729,#10730),.UNSPECIFIED.,.F.,
 .F.,(2,2),(94.4830384470811,97.0233796315234),.UNSPECIFIED.);
#6965=B_SPLINE_CURVE_WITH_KNOTS('',1,(#10731,#10732),.UNSPECIFIED.,.F.,
 .F.,(2,2),(91.9426972626388,94.4830384470811),.UNSPECIFIED.);
#6966=B_SPLINE_CURVE_WITH_KNOTS('',1,(#10733,#10734),.UNSPECIFIED.,.F.,
 .F.,(2,2),(88.8620148937729,91.9426972626388),.UNSPECIFIED.);
#6967=B_SPLINE_CURVE_WITH_KNOTS('',1,(#10735,#10736),.UNSPECIFIED.,.F.,
 .F.,(2,2),(16.0299640862159,88.8620148937729),.UNSPECIFIED.);
#6968=B_SPLINE_CURVE_WITH_KNOTS('',1,(#10737,#10738),.UNSPECIFIED.,.F.,
 .F.,(2,2),(9.76498204314507,16.0299640862159),.UNSPECIFIED.);
#6969=B_SPLINE_CURVE_WITH_KNOTS('',1,(#10739,#10740),.UNSPECIFIED.,.F.,
 .F.,(2,2),(6.76498204307081,9.76498204314507),.UNSPECIFIED.);
#6970=B_SPLINE_CURVE_WITH_KNOTS('',1,(#10741,#10742),.UNSPECIFIED.,.F.,
 .F.,(2,2),(0.499999999999943,6.76498204307081),.UNSPECIFIED.);
#6971=B_SPLINE_CURVE_WITH_KNOTS('',1,(#10743,#10744),.UNSPECIFIED.,.F.,
 .F.,(2,2),(0.,2.54034118444231),.UNSPECIFIED.);
#6972=B_SPLINE_CURVE_WITH_KNOTS('',1,(#10745,#10746),.UNSPECIFIED.,.F.,
 .F.,(2,2),(155.906148721768,158.44648990621),.UNSPECIFIED.);
#6973=B_SPLINE_CURVE_WITH_KNOTS('',1,(#10747,#10748),.UNSPECIFIED.,.F.,
 .F.,(2,2),(153.365807537325,155.906148721768),.UNSPECIFIED.);
#6974=B_SPLINE_CURVE_WITH_KNOTS('',1,(#10749,#10750),.UNSPECIFIED.,.F.,
 .F.,(2,2),(150.285125168445,153.365807537325),.UNSPECIFIED.);
#6975=B_SPLINE_CURVE_WITH_KNOTS('',1,(#10751,#10752),.UNSPECIFIED.,.F.,
 .F.,(2,2),(78.9530743608767,150.285125168445),.UNSPECIFIED.);
#6976=B_SPLINE_CURVE_WITH_KNOTS('',1,(#10753,#10754),.UNSPECIFIED.,.F.,
 .F.,(2,2),(76.9530743608767,78.9530743608767),.UNSPECIFIED.);
#6977=B_SPLINE_CURVE_WITH_KNOTS('',1,(#10755,#10756),.UNSPECIFIED.,.F.,
 .F.,(2,2),(5.62102355330828,76.9530743608767),.UNSPECIFIED.);
#6978=B_SPLINE_CURVE_WITH_KNOTS('',1,(#10757,#10758),.UNSPECIFIED.,.F.,
 .F.,(2,2),(2.54034118444231,5.62102355330828),.UNSPECIFIED.);
#6979=B_SPLINE_CURVE_WITH_KNOTS('',1,(#10759,#10760),.UNSPECIFIED.,.F.,
 .F.,(2,2),(0.,3.40000000000002),.UNSPECIFIED.);
#6980=B_SPLINE_CURVE_WITH_KNOTS('',1,(#10761,#10762),.UNSPECIFIED.,.F.,
 .F.,(2,2),(-3.40000000000001,0.),.UNSPECIFIED.);
#6981=B_SPLINE_CURVE_WITH_KNOTS('',1,(#10763,#10764),.UNSPECIFIED.,.F.,
 .F.,(2,2),(-3.39999999999999,1.77635683940025E-14),.UNSPECIFIED.);
#6982=B_SPLINE_CURVE_WITH_KNOTS('',1,(#10765,#10766),.UNSPECIFIED.,.F.,
 .F.,(2,2),(-3.4,3.5527136788005E-15),.UNSPECIFIED.);
#6983=B_SPLINE_CURVE_WITH_KNOTS('',1,(#10767,#10768),.UNSPECIFIED.,.F.,
 .F.,(2,2),(0.,6.67802058269567),.UNSPECIFIED.);
#6984=B_SPLINE_CURVE_WITH_KNOTS('',1,(#10769,#10770),.UNSPECIFIED.,.F.,
 .F.,(2,2),(0.,18.),.UNSPECIFIED.);
#6985=B_SPLINE_CURVE_WITH_KNOTS('',1,(#10771,#10772),.UNSPECIFIED.,.F.,
 .F.,(2,2),(0.,6.67802058269567),.UNSPECIFIED.);
#6986=B_SPLINE_CURVE_WITH_KNOTS('',1,(#10773,#10774),.UNSPECIFIED.,.F.,
 .F.,(2,2),(6.67802058269567,13.3555496939216),.UNSPECIFIED.);
#6987=B_SPLINE_CURVE_WITH_KNOTS('',1,(#10775,#10776),.UNSPECIFIED.,.F.,
 .F.,(2,2),(0.,18.),.UNSPECIFIED.);
#6988=B_SPLINE_CURVE_WITH_KNOTS('',1,(#10777,#10778),.UNSPECIFIED.,.F.,
 .F.,(2,2),(6.67802058269567,13.3555496939216),.UNSPECIFIED.);
#6989=B_SPLINE_CURVE_WITH_KNOTS('',1,(#10779,#10780),.UNSPECIFIED.,.F.,
 .F.,(2,2),(13.3555496939216,20.0330788051476),.UNSPECIFIED.);
#6990=B_SPLINE_CURVE_WITH_KNOTS('',1,(#10781,#10782),.UNSPECIFIED.,.F.,
 .F.,(2,2),(0.,18.),.UNSPECIFIED.);
#6991=B_SPLINE_CURVE_WITH_KNOTS('',1,(#10783,#10784),.UNSPECIFIED.,.F.,
 .F.,(2,2),(13.3555496939216,20.0330788051476),.UNSPECIFIED.);
#6992=B_SPLINE_CURVE_WITH_KNOTS('',1,(#10785,#10786),.UNSPECIFIED.,.F.,
 .F.,(2,2),(0.,8.65537546656573),.UNSPECIFIED.);
#6993=B_SPLINE_CURVE_WITH_KNOTS('',1,(#10787,#10788),.UNSPECIFIED.,.F.,
 .F.,(2,2),(0.,8.65537546656573),.UNSPECIFIED.);
#6994=B_SPLINE_CURVE_WITH_KNOTS('',1,(#10789,#10790),.UNSPECIFIED.,.F.,
 .F.,(2,2),(5.5,12.5),.UNSPECIFIED.);
#6995=B_SPLINE_CURVE_WITH_KNOTS('',1,(#10791,#10792),.UNSPECIFIED.,.F.,
 .F.,(2,2),(0.,6.67802058269567),.UNSPECIFIED.);
#6996=B_SPLINE_CURVE_WITH_KNOTS('',1,(#10793,#10794),.UNSPECIFIED.,.F.,
 .F.,(2,2),(0.,18.),.UNSPECIFIED.);
#6997=B_SPLINE_CURVE_WITH_KNOTS('',1,(#10795,#10796),.UNSPECIFIED.,.F.,
 .F.,(2,2),(0.,6.67802058269567),.UNSPECIFIED.);
#6998=B_SPLINE_CURVE_WITH_KNOTS('',1,(#10797,#10798),.UNSPECIFIED.,.F.,
 .F.,(2,2),(6.67802058269567,13.3555496939216),.UNSPECIFIED.);
#6999=B_SPLINE_CURVE_WITH_KNOTS('',1,(#10799,#10800),.UNSPECIFIED.,.F.,
 .F.,(2,2),(0.,18.),.UNSPECIFIED.);
#7000=B_SPLINE_CURVE_WITH_KNOTS('',1,(#10801,#10802),.UNSPECIFIED.,.F.,
 .F.,(2,2),(6.67802058269567,13.3555496939216),.UNSPECIFIED.);
#7001=B_SPLINE_CURVE_WITH_KNOTS('',1,(#10803,#10804),.UNSPECIFIED.,.F.,
 .F.,(2,2),(13.3555496939216,20.0330788051476),.UNSPECIFIED.);
#7002=B_SPLINE_CURVE_WITH_KNOTS('',1,(#10805,#10806),.UNSPECIFIED.,.F.,
 .F.,(2,2),(0.,18.),.UNSPECIFIED.);
#7003=B_SPLINE_CURVE_WITH_KNOTS('',1,(#10807,#10808),.UNSPECIFIED.,.F.,
 .F.,(2,2),(13.3555496939216,20.0330788051476),.UNSPECIFIED.);
#7004=B_SPLINE_CURVE_WITH_KNOTS('',1,(#10809,#10810),.UNSPECIFIED.,.F.,
 .F.,(2,2),(0.,8.65537546656573),.UNSPECIFIED.);
#7005=B_SPLINE_CURVE_WITH_KNOTS('',1,(#10811,#10812),.UNSPECIFIED.,.F.,
 .F.,(2,2),(0.,8.65537546656573),.UNSPECIFIED.);
#7006=B_SPLINE_CURVE_WITH_KNOTS('',1,(#10813,#10814),.UNSPECIFIED.,.F.,
 .F.,(2,2),(5.5,12.5),.UNSPECIFIED.);
#7007=B_SPLINE_CURVE_WITH_KNOTS('',1,(#10815,#10816),.UNSPECIFIED.,.F.,
 .F.,(2,2),(0.,6.67802058269567),.UNSPECIFIED.);
#7008=B_SPLINE_CURVE_WITH_KNOTS('',1,(#10817,#10818),.UNSPECIFIED.,.F.,
 .F.,(2,2),(0.,18.),.UNSPECIFIED.);
#7009=B_SPLINE_CURVE_WITH_KNOTS('',1,(#10819,#10820),.UNSPECIFIED.,.F.,
 .F.,(2,2),(0.,6.67802058269567),.UNSPECIFIED.);
#7010=B_SPLINE_CURVE_WITH_KNOTS('',1,(#10821,#10822),.UNSPECIFIED.,.F.,
 .F.,(2,2),(6.67802058269567,13.3555496939216),.UNSPECIFIED.);
#7011=B_SPLINE_CURVE_WITH_KNOTS('',1,(#10823,#10824),.UNSPECIFIED.,.F.,
 .F.,(2,2),(0.,18.),.UNSPECIFIED.);
#7012=B_SPLINE_CURVE_WITH_KNOTS('',1,(#10825,#10826),.UNSPECIFIED.,.F.,
 .F.,(2,2),(6.67802058269567,13.3555496939216),.UNSPECIFIED.);
#7013=B_SPLINE_CURVE_WITH_KNOTS('',1,(#10827,#10828),.UNSPECIFIED.,.F.,
 .F.,(2,2),(13.3555496939216,20.0330788051476),.UNSPECIFIED.);
#7014=B_SPLINE_CURVE_WITH_KNOTS('',1,(#10829,#10830),.UNSPECIFIED.,.F.,
 .F.,(2,2),(0.,18.),.UNSPECIFIED.);
#7015=B_SPLINE_CURVE_WITH_KNOTS('',1,(#10831,#10832),.UNSPECIFIED.,.F.,
 .F.,(2,2),(13.3555496939216,20.0330788051476),.UNSPECIFIED.);
#7016=B_SPLINE_CURVE_WITH_KNOTS('',1,(#10833,#10834),.UNSPECIFIED.,.F.,
 .F.,(2,2),(0.,8.65537546656573),.UNSPECIFIED.);
#7017=B_SPLINE_CURVE_WITH_KNOTS('',1,(#10835,#10836),.UNSPECIFIED.,.F.,
 .F.,(2,2),(0.,8.65537546656573),.UNSPECIFIED.);
#7018=B_SPLINE_CURVE_WITH_KNOTS('',1,(#10837,#10838),.UNSPECIFIED.,.F.,
 .F.,(2,2),(5.5,12.5),.UNSPECIFIED.);
#7019=B_SPLINE_CURVE_WITH_KNOTS('',1,(#10839,#10840),.UNSPECIFIED.,.F.,
 .F.,(2,2),(0.,6.67802058269567),.UNSPECIFIED.);
#7020=B_SPLINE_CURVE_WITH_KNOTS('',1,(#10841,#10842),.UNSPECIFIED.,.F.,
 .F.,(2,2),(0.,18.),.UNSPECIFIED.);
#7021=B_SPLINE_CURVE_WITH_KNOTS('',1,(#10843,#10844),.UNSPECIFIED.,.F.,
 .F.,(2,2),(0.,6.67802058269567),.UNSPECIFIED.);
#7022=B_SPLINE_CURVE_WITH_KNOTS('',1,(#10845,#10846),.UNSPECIFIED.,.F.,
 .F.,(2,2),(6.67802058269567,13.3555496939216),.UNSPECIFIED.);
#7023=B_SPLINE_CURVE_WITH_KNOTS('',1,(#10847,#10848),.UNSPECIFIED.,.F.,
 .F.,(2,2),(0.,18.),.UNSPECIFIED.);
#7024=B_SPLINE_CURVE_WITH_KNOTS('',1,(#10849,#10850),.UNSPECIFIED.,.F.,
 .F.,(2,2),(6.67802058269567,13.3555496939216),.UNSPECIFIED.);
#7025=B_SPLINE_CURVE_WITH_KNOTS('',1,(#10851,#10852),.UNSPECIFIED.,.F.,
 .F.,(2,2),(13.3555496939216,20.0330788051476),.UNSPECIFIED.);
#7026=B_SPLINE_CURVE_WITH_KNOTS('',1,(#10853,#10854),.UNSPECIFIED.,.F.,
 .F.,(2,2),(0.,18.),.UNSPECIFIED.);
#7027=B_SPLINE_CURVE_WITH_KNOTS('',1,(#10855,#10856),.UNSPECIFIED.,.F.,
 .F.,(2,2),(13.3555496939216,20.0330788051476),.UNSPECIFIED.);
#7028=B_SPLINE_CURVE_WITH_KNOTS('',1,(#10857,#10858),.UNSPECIFIED.,.F.,
 .F.,(2,2),(0.,8.65537546656573),.UNSPECIFIED.);
#7029=B_SPLINE_CURVE_WITH_KNOTS('',1,(#10859,#10860),.UNSPECIFIED.,.F.,
 .F.,(2,2),(0.,8.65537546656573),.UNSPECIFIED.);
#7030=B_SPLINE_CURVE_WITH_KNOTS('',1,(#10861,#10862),.UNSPECIFIED.,.F.,
 .F.,(2,2),(5.5,12.5),.UNSPECIFIED.);
#7031=B_SPLINE_CURVE_WITH_KNOTS('',1,(#10970,#10971),.UNSPECIFIED.,.F.,
 .F.,(2,2),(0.,18.),.UNSPECIFIED.);
#7032=B_SPLINE_CURVE_WITH_KNOTS('',1,(#10972,#10973),.UNSPECIFIED.,.F.,
 .F.,(2,2),(0.,18.),.UNSPECIFIED.);
#7033=B_SPLINE_CURVE_WITH_KNOTS('',1,(#10974,#10975),.UNSPECIFIED.,.F.,
 .F.,(2,2),(0.,18.),.UNSPECIFIED.);
#7034=B_SPLINE_CURVE_WITH_KNOTS('',1,(#10976,#10977),.UNSPECIFIED.,.F.,
 .F.,(2,2),(0.,18.),.UNSPECIFIED.);
#7035=B_SPLINE_CURVE_WITH_KNOTS('',1,(#10978,#10979),.UNSPECIFIED.,.F.,
 .F.,(2,2),(-878.383135079766,-873.138690635322),.UNSPECIFIED.);
#7036=B_SPLINE_CURVE_WITH_KNOTS('',1,(#10980,#10981),.UNSPECIFIED.,.F.,
 .F.,(2,2),(-878.383135079766,-873.138690635322),.UNSPECIFIED.);
#7037=B_SPLINE_CURVE_WITH_KNOTS('',1,(#10982,#10983),.UNSPECIFIED.,.F.,
 .F.,(2,2),(0.,15.9036140003335),.UNSPECIFIED.);
#7038=B_SPLINE_CURVE_WITH_KNOTS('',1,(#10984,#10985),.UNSPECIFIED.,.F.,
 .F.,(2,2),(440.015214617665,455.918828617999),.UNSPECIFIED.);
#7039=B_SPLINE_CURVE_WITH_KNOTS('',1,(#10986,#10987),.UNSPECIFIED.,.F.,
 .F.,(2,2),(357.515214617848,440.015214617665),.UNSPECIFIED.);
#7040=B_SPLINE_CURVE_WITH_KNOTS('',1,(#10988,#10989),.UNSPECIFIED.,.F.,
 .F.,(2,2),(353.015214617848,357.515214617848),.UNSPECIFIED.);
#7041=B_SPLINE_CURVE_WITH_KNOTS('',1,(#10990,#10991),.UNSPECIFIED.,.F.,
 .F.,(2,2),(351.015214617848,353.015214617848),.UNSPECIFIED.);
#7042=B_SPLINE_CURVE_WITH_KNOTS('',1,(#10992,#10993),.UNSPECIFIED.,.F.,
 .F.,(2,2),(348.515214617848,351.015214617848),.UNSPECIFIED.);
#7043=B_SPLINE_CURVE_WITH_KNOTS('',1,(#10994,#10995),.UNSPECIFIED.,.F.,
 .F.,(2,2),(347.515214617848,348.515214617848),.UNSPECIFIED.);
#7044=B_SPLINE_CURVE_WITH_KNOTS('',1,(#10996,#10997),.UNSPECIFIED.,.F.,
 .F.,(2,2),(345.515214617848,347.515214617848),.UNSPECIFIED.);
#7045=B_SPLINE_CURVE_WITH_KNOTS('',1,(#10998,#10999),.UNSPECIFIED.,.F.,
 .F.,(2,2),(339.250232574777,345.515214617848),.UNSPECIFIED.);
#7046=B_SPLINE_CURVE_WITH_KNOTS('',1,(#11000,#11001),.UNSPECIFIED.,.F.,
 .F.,(2,2),(336.250232574657,339.250232574777),.UNSPECIFIED.);
#7047=B_SPLINE_CURVE_WITH_KNOTS('',1,(#11002,#11003),.UNSPECIFIED.,.F.,
 .F.,(2,2),(329.985250531587,336.250232574657),.UNSPECIFIED.);
#7048=B_SPLINE_CURVE_WITH_KNOTS('',1,(#11004,#11005),.UNSPECIFIED.,.F.,
 .F.,(2,2),(246.485250531587,329.985250531587),.UNSPECIFIED.);
#7049=B_SPLINE_CURVE_WITH_KNOTS('',1,(#11006,#11007),.UNSPECIFIED.,.F.,
 .F.,(2,2),(230.581636531253,246.485250531587),.UNSPECIFIED.);
#7050=B_SPLINE_CURVE_WITH_KNOTS('',1,(#11008,#11009),.UNSPECIFIED.,.F.,
 .F.,(2,2),(209.433578086475,225.337192086809),.UNSPECIFIED.);
#7051=B_SPLINE_CURVE_WITH_KNOTS('',1,(#11010,#11011),.UNSPECIFIED.,.F.,
 .F.,(2,2),(125.933578086475,209.433578086475),.UNSPECIFIED.);
#7052=B_SPLINE_CURVE_WITH_KNOTS('',1,(#11012,#11013),.UNSPECIFIED.,.F.,
 .F.,(2,2),(119.668596043404,125.933578086475),.UNSPECIFIED.);
#7053=B_SPLINE_CURVE_WITH_KNOTS('',1,(#11014,#11015),.UNSPECIFIED.,.F.,
 .F.,(2,2),(116.668596043404,119.668596043404),.UNSPECIFIED.);
#7054=B_SPLINE_CURVE_WITH_KNOTS('',1,(#11016,#11017),.UNSPECIFIED.,.F.,
 .F.,(2,2),(110.403614000333,116.668596043404),.UNSPECIFIED.);
#7055=B_SPLINE_CURVE_WITH_KNOTS('',1,(#11018,#11019),.UNSPECIFIED.,.F.,
 .F.,(2,2),(108.403614000333,110.403614000333),.UNSPECIFIED.);
#7056=B_SPLINE_CURVE_WITH_KNOTS('',1,(#11020,#11021),.UNSPECIFIED.,.F.,
 .F.,(2,2),(107.403614000333,108.403614000333),.UNSPECIFIED.);
#7057=B_SPLINE_CURVE_WITH_KNOTS('',1,(#11022,#11023),.UNSPECIFIED.,.F.,
 .F.,(2,2),(104.903614000333,107.403614000333),.UNSPECIFIED.);
#7058=B_SPLINE_CURVE_WITH_KNOTS('',1,(#11024,#11025),.UNSPECIFIED.,.F.,
 .F.,(2,2),(102.903614000333,104.903614000333),.UNSPECIFIED.);
#7059=B_SPLINE_CURVE_WITH_KNOTS('',1,(#11026,#11027),.UNSPECIFIED.,.F.,
 .F.,(2,2),(98.4036140003335,102.903614000333),.UNSPECIFIED.);
#7060=B_SPLINE_CURVE_WITH_KNOTS('',1,(#11028,#11029),.UNSPECIFIED.,.F.,
 .F.,(2,2),(15.9036140003335,98.4036140003335),.UNSPECIFIED.);
#7061=B_SPLINE_CURVE_WITH_KNOTS('',1,(#11030,#11031),.UNSPECIFIED.,.F.,
 .F.,(2,2),(0.,0.499999999999943),.UNSPECIFIED.);
#7062=B_SPLINE_CURVE_WITH_KNOTS('',1,(#11032,#11033),.UNSPECIFIED.,.F.,
 .F.,(2,2),(191.506418078556,193.506418078556),.UNSPECIFIED.);
#7063=B_SPLINE_CURVE_WITH_KNOTS('',1,(#11034,#11035),.UNSPECIFIED.,.F.,
 .F.,(2,2),(191.006418078556,191.506418078556),.UNSPECIFIED.);
#7064=B_SPLINE_CURVE_WITH_KNOTS('',1,(#11036,#11037),.UNSPECIFIED.,.F.,
 .F.,(2,2),(184.741436035485,191.006418078556),.UNSPECIFIED.);
#7065=B_SPLINE_CURVE_WITH_KNOTS('',1,(#11038,#11039),.UNSPECIFIED.,.F.,
 .F.,(2,2),(181.741436035485,184.741436035485),.UNSPECIFIED.);
#7066=B_SPLINE_CURVE_WITH_KNOTS('',1,(#11040,#11041),.UNSPECIFIED.,.F.,
 .F.,(2,2),(175.476453992414,181.741436035485),.UNSPECIFIED.);
#7067=B_SPLINE_CURVE_WITH_KNOTS('',1,(#11042,#11043),.UNSPECIFIED.,.F.,
 .F.,(2,2),(102.644403184846,175.476453992414),.UNSPECIFIED.);
#7068=B_SPLINE_CURVE_WITH_KNOTS('',1,(#11044,#11045),.UNSPECIFIED.,.F.,
 .F.,(2,2),(99.5637208159657,102.644403184846),.UNSPECIFIED.);
#7069=B_SPLINE_CURVE_WITH_KNOTS('',1,(#11046,#11047),.UNSPECIFIED.,.F.,
 .F.,(2,2),(97.0233796315234,99.5637208159657),.UNSPECIFIED.);
#7070=B_SPLINE_CURVE_WITH_KNOTS('',1,(#11048,#11049),.UNSPECIFIED.,.F.,
 .F.,(2,2),(94.4830384470811,97.0233796315234),.UNSPECIFIED.);
#7071=B_SPLINE_CURVE_WITH_KNOTS('',1,(#11050,#11051),.UNSPECIFIED.,.F.,
 .F.,(2,2),(91.9426972626388,94.4830384470811),.UNSPECIFIED.);
#7072=B_SPLINE_CURVE_WITH_KNOTS('',1,(#11052,#11053),.UNSPECIFIED.,.F.,
 .F.,(2,2),(88.8620148937729,91.9426972626388),.UNSPECIFIED.);
#7073=B_SPLINE_CURVE_WITH_KNOTS('',1,(#11054,#11055),.UNSPECIFIED.,.F.,
 .F.,(2,2),(16.0299640862159,88.8620148937729),.UNSPECIFIED.);
#7074=B_SPLINE_CURVE_WITH_KNOTS('',1,(#11056,#11057),.UNSPECIFIED.,.F.,
 .F.,(2,2),(9.76498204314507,16.0299640862159),.UNSPECIFIED.);
#7075=B_SPLINE_CURVE_WITH_KNOTS('',1,(#11058,#11059),.UNSPECIFIED.,.F.,
 .F.,(2,2),(6.76498204307081,9.76498204314507),.UNSPECIFIED.);
#7076=B_SPLINE_CURVE_WITH_KNOTS('',1,(#11060,#11061),.UNSPECIFIED.,.F.,
 .F.,(2,2),(0.499999999999943,6.76498204307081),.UNSPECIFIED.);
#7077=B_SPLINE_CURVE_WITH_KNOTS('',1,(#11062,#11063),.UNSPECIFIED.,.F.,
 .F.,(2,2),(0.,2.54034118444231),.UNSPECIFIED.);
#7078=B_SPLINE_CURVE_WITH_KNOTS('',1,(#11064,#11065),.UNSPECIFIED.,.F.,
 .F.,(2,2),(155.906148721768,158.44648990621),.UNSPECIFIED.);
#7079=B_SPLINE_CURVE_WITH_KNOTS('',1,(#11066,#11067),.UNSPECIFIED.,.F.,
 .F.,(2,2),(153.365807537325,155.906148721768),.UNSPECIFIED.);
#7080=B_SPLINE_CURVE_WITH_KNOTS('',1,(#11068,#11069),.UNSPECIFIED.,.F.,
 .F.,(2,2),(150.285125168445,153.365807537325),.UNSPECIFIED.);
#7081=B_SPLINE_CURVE_WITH_KNOTS('',1,(#11070,#11071),.UNSPECIFIED.,.F.,
 .F.,(2,2),(78.9530743608767,150.285125168445),.UNSPECIFIED.);
#7082=B_SPLINE_CURVE_WITH_KNOTS('',1,(#11072,#11073),.UNSPECIFIED.,.F.,
 .F.,(2,2),(76.9530743608767,78.9530743608767),.UNSPECIFIED.);
#7083=B_SPLINE_CURVE_WITH_KNOTS('',1,(#11074,#11075),.UNSPECIFIED.,.F.,
 .F.,(2,2),(5.62102355330828,76.9530743608767),.UNSPECIFIED.);
#7084=B_SPLINE_CURVE_WITH_KNOTS('',1,(#11076,#11077),.UNSPECIFIED.,.F.,
 .F.,(2,2),(2.54034118444231,5.62102355330828),.UNSPECIFIED.);
#7085=B_SPLINE_CURVE_WITH_KNOTS('',1,(#11078,#11079),.UNSPECIFIED.,.F.,
 .F.,(2,2),(0.,3.40000000000002),.UNSPECIFIED.);
#7086=B_SPLINE_CURVE_WITH_KNOTS('',1,(#11080,#11081),.UNSPECIFIED.,.F.,
 .F.,(2,2),(-3.40000000000001,0.),.UNSPECIFIED.);
#7087=B_SPLINE_CURVE_WITH_KNOTS('',1,(#11082,#11083),.UNSPECIFIED.,.F.,
 .F.,(2,2),(-3.39999999999999,1.77635683940025E-14),.UNSPECIFIED.);
#7088=B_SPLINE_CURVE_WITH_KNOTS('',1,(#11084,#11085),.UNSPECIFIED.,.F.,
 .F.,(2,2),(-3.4,3.5527136788005E-15),.UNSPECIFIED.);
#7089=B_SPLINE_CURVE_WITH_KNOTS('',1,(#11086,#11087),.UNSPECIFIED.,.F.,
 .F.,(2,2),(0.,6.67802058269567),.UNSPECIFIED.);
#7090=B_SPLINE_CURVE_WITH_KNOTS('',1,(#11088,#11089),.UNSPECIFIED.,.F.,
 .F.,(2,2),(0.,18.),.UNSPECIFIED.);
#7091=B_SPLINE_CURVE_WITH_KNOTS('',1,(#11090,#11091),.UNSPECIFIED.,.F.,
 .F.,(2,2),(0.,6.67802058269567),.UNSPECIFIED.);
#7092=B_SPLINE_CURVE_WITH_KNOTS('',1,(#11092,#11093),.UNSPECIFIED.,.F.,
 .F.,(2,2),(6.67802058269567,13.3555496939216),.UNSPECIFIED.);
#7093=B_SPLINE_CURVE_WITH_KNOTS('',1,(#11094,#11095),.UNSPECIFIED.,.F.,
 .F.,(2,2),(0.,18.),.UNSPECIFIED.);
#7094=B_SPLINE_CURVE_WITH_KNOTS('',1,(#11096,#11097),.UNSPECIFIED.,.F.,
 .F.,(2,2),(6.67802058269567,13.3555496939216),.UNSPECIFIED.);
#7095=B_SPLINE_CURVE_WITH_KNOTS('',1,(#11098,#11099),.UNSPECIFIED.,.F.,
 .F.,(2,2),(13.3555496939216,20.0330788051476),.UNSPECIFIED.);
#7096=B_SPLINE_CURVE_WITH_KNOTS('',1,(#11100,#11101),.UNSPECIFIED.,.F.,
 .F.,(2,2),(0.,18.),.UNSPECIFIED.);
#7097=B_SPLINE_CURVE_WITH_KNOTS('',1,(#11102,#11103),.UNSPECIFIED.,.F.,
 .F.,(2,2),(13.3555496939216,20.0330788051476),.UNSPECIFIED.);
#7098=B_SPLINE_CURVE_WITH_KNOTS('',1,(#11104,#11105),.UNSPECIFIED.,.F.,
 .F.,(2,2),(0.,8.65537546656573),.UNSPECIFIED.);
#7099=B_SPLINE_CURVE_WITH_KNOTS('',1,(#11106,#11107),.UNSPECIFIED.,.F.,
 .F.,(2,2),(0.,8.65537546656573),.UNSPECIFIED.);
#7100=B_SPLINE_CURVE_WITH_KNOTS('',1,(#11108,#11109),.UNSPECIFIED.,.F.,
 .F.,(2,2),(5.5,12.5),.UNSPECIFIED.);
#7101=B_SPLINE_CURVE_WITH_KNOTS('',1,(#11110,#11111),.UNSPECIFIED.,.F.,
 .F.,(2,2),(0.,6.67802058269567),.UNSPECIFIED.);
#7102=B_SPLINE_CURVE_WITH_KNOTS('',1,(#11112,#11113),.UNSPECIFIED.,.F.,
 .F.,(2,2),(0.,18.),.UNSPECIFIED.);
#7103=B_SPLINE_CURVE_WITH_KNOTS('',1,(#11114,#11115),.UNSPECIFIED.,.F.,
 .F.,(2,2),(0.,6.67802058269567),.UNSPECIFIED.);
#7104=B_SPLINE_CURVE_WITH_KNOTS('',1,(#11116,#11117),.UNSPECIFIED.,.F.,
 .F.,(2,2),(6.67802058269567,13.3555496939216),.UNSPECIFIED.);
#7105=B_SPLINE_CURVE_WITH_KNOTS('',1,(#11118,#11119),.UNSPECIFIED.,.F.,
 .F.,(2,2),(0.,18.),.UNSPECIFIED.);
#7106=B_SPLINE_CURVE_WITH_KNOTS('',1,(#11120,#11121),.UNSPECIFIED.,.F.,
 .F.,(2,2),(6.67802058269567,13.3555496939216),.UNSPECIFIED.);
#7107=B_SPLINE_CURVE_WITH_KNOTS('',1,(#11122,#11123),.UNSPECIFIED.,.F.,
 .F.,(2,2),(13.3555496939216,20.0330788051476),.UNSPECIFIED.);
#7108=B_SPLINE_CURVE_WITH_KNOTS('',1,(#11124,#11125),.UNSPECIFIED.,.F.,
 .F.,(2,2),(0.,18.),.UNSPECIFIED.);
#7109=B_SPLINE_CURVE_WITH_KNOTS('',1,(#11126,#11127),.UNSPECIFIED.,.F.,
 .F.,(2,2),(13.3555496939216,20.0330788051476),.UNSPECIFIED.);
#7110=B_SPLINE_CURVE_WITH_KNOTS('',1,(#11128,#11129),.UNSPECIFIED.,.F.,
 .F.,(2,2),(0.,8.65537546656573),.UNSPECIFIED.);
#7111=B_SPLINE_CURVE_WITH_KNOTS('',1,(#11130,#11131),.UNSPECIFIED.,.F.,
 .F.,(2,2),(0.,8.65537546656573),.UNSPECIFIED.);
#7112=B_SPLINE_CURVE_WITH_KNOTS('',1,(#11132,#11133),.UNSPECIFIED.,.F.,
 .F.,(2,2),(5.5,12.5),.UNSPECIFIED.);
#7113=B_SPLINE_CURVE_WITH_KNOTS('',1,(#11134,#11135),.UNSPECIFIED.,.F.,
 .F.,(2,2),(0.,6.67802058269567),.UNSPECIFIED.);
#7114=B_SPLINE_CURVE_WITH_KNOTS('',1,(#11136,#11137),.UNSPECIFIED.,.F.,
 .F.,(2,2),(0.,18.),.UNSPECIFIED.);
#7115=B_SPLINE_CURVE_WITH_KNOTS('',1,(#11138,#11139),.UNSPECIFIED.,.F.,
 .F.,(2,2),(0.,6.67802058269567),.UNSPECIFIED.);
#7116=B_SPLINE_CURVE_WITH_KNOTS('',1,(#11140,#11141),.UNSPECIFIED.,.F.,
 .F.,(2,2),(6.67802058269567,13.3555496939216),.UNSPECIFIED.);
#7117=B_SPLINE_CURVE_WITH_KNOTS('',1,(#11142,#11143),.UNSPECIFIED.,.F.,
 .F.,(2,2),(0.,18.),.UNSPECIFIED.);
#7118=B_SPLINE_CURVE_WITH_KNOTS('',1,(#11144,#11145),.UNSPECIFIED.,.F.,
 .F.,(2,2),(6.67802058269567,13.3555496939216),.UNSPECIFIED.);
#7119=B_SPLINE_CURVE_WITH_KNOTS('',1,(#11146,#11147),.UNSPECIFIED.,.F.,
 .F.,(2,2),(13.3555496939216,20.0330788051476),.UNSPECIFIED.);
#7120=B_SPLINE_CURVE_WITH_KNOTS('',1,(#11148,#11149),.UNSPECIFIED.,.F.,
 .F.,(2,2),(0.,18.),.UNSPECIFIED.);
#7121=B_SPLINE_CURVE_WITH_KNOTS('',1,(#11150,#11151),.UNSPECIFIED.,.F.,
 .F.,(2,2),(13.3555496939216,20.0330788051476),.UNSPECIFIED.);
#7122=B_SPLINE_CURVE_WITH_KNOTS('',1,(#11152,#11153),.UNSPECIFIED.,.F.,
 .F.,(2,2),(0.,8.65537546656573),.UNSPECIFIED.);
#7123=B_SPLINE_CURVE_WITH_KNOTS('',1,(#11154,#11155),.UNSPECIFIED.,.F.,
 .F.,(2,2),(0.,8.65537546656573),.UNSPECIFIED.);
#7124=B_SPLINE_CURVE_WITH_KNOTS('',1,(#11156,#11157),.UNSPECIFIED.,.F.,
 .F.,(2,2),(5.5,12.5),.UNSPECIFIED.);
#7125=B_SPLINE_CURVE_WITH_KNOTS('',1,(#11158,#11159),.UNSPECIFIED.,.F.,
 .F.,(2,2),(0.,6.67802058269567),.UNSPECIFIED.);
#7126=B_SPLINE_CURVE_WITH_KNOTS('',1,(#11160,#11161),.UNSPECIFIED.,.F.,
 .F.,(2,2),(0.,18.),.UNSPECIFIED.);
#7127=B_SPLINE_CURVE_WITH_KNOTS('',1,(#11162,#11163),.UNSPECIFIED.,.F.,
 .F.,(2,2),(0.,6.67802058269567),.UNSPECIFIED.);
#7128=B_SPLINE_CURVE_WITH_KNOTS('',1,(#11164,#11165),.UNSPECIFIED.,.F.,
 .F.,(2,2),(6.67802058269567,13.3555496939216),.UNSPECIFIED.);
#7129=B_SPLINE_CURVE_WITH_KNOTS('',1,(#11166,#11167),.UNSPECIFIED.,.F.,
 .F.,(2,2),(0.,18.),.UNSPECIFIED.);
#7130=B_SPLINE_CURVE_WITH_KNOTS('',1,(#11168,#11169),.UNSPECIFIED.,.F.,
 .F.,(2,2),(6.67802058269567,13.3555496939216),.UNSPECIFIED.);
#7131=B_SPLINE_CURVE_WITH_KNOTS('',1,(#11170,#11171),.UNSPECIFIED.,.F.,
 .F.,(2,2),(13.3555496939216,20.0330788051476),.UNSPECIFIED.);
#7132=B_SPLINE_CURVE_WITH_KNOTS('',1,(#11172,#11173),.UNSPECIFIED.,.F.,
 .F.,(2,2),(0.,18.),.UNSPECIFIED.);
#7133=B_SPLINE_CURVE_WITH_KNOTS('',1,(#11174,#11175),.UNSPECIFIED.,.F.,
 .F.,(2,2),(13.3555496939216,20.0330788051476),.UNSPECIFIED.);
#7134=B_SPLINE_CURVE_WITH_KNOTS('',1,(#11176,#11177),.UNSPECIFIED.,.F.,
 .F.,(2,2),(0.,8.65537546656573),.UNSPECIFIED.);
#7135=B_SPLINE_CURVE_WITH_KNOTS('',1,(#11178,#11179),.UNSPECIFIED.,.F.,
 .F.,(2,2),(0.,8.65537546656573),.UNSPECIFIED.);
#7136=B_SPLINE_CURVE_WITH_KNOTS('',1,(#11180,#11181),.UNSPECIFIED.,.F.,
 .F.,(2,2),(5.5,12.5),.UNSPECIFIED.);
#7137=B_SPLINE_CURVE_WITH_KNOTS('',1,(#11289,#11290),.UNSPECIFIED.,.F.,
 .F.,(2,2),(0.,18.),.UNSPECIFIED.);
#7138=B_SPLINE_CURVE_WITH_KNOTS('',1,(#11291,#11292),.UNSPECIFIED.,.F.,
 .F.,(2,2),(0.,18.),.UNSPECIFIED.);
#7139=B_SPLINE_CURVE_WITH_KNOTS('',1,(#11293,#11294),.UNSPECIFIED.,.F.,
 .F.,(2,2),(0.,18.),.UNSPECIFIED.);
#7140=B_SPLINE_CURVE_WITH_KNOTS('',1,(#11295,#11296),.UNSPECIFIED.,.F.,
 .F.,(2,2),(0.,18.),.UNSPECIFIED.);
#7141=B_SPLINE_CURVE_WITH_KNOTS('',1,(#11297,#11298),.UNSPECIFIED.,.F.,
 .F.,(2,2),(-878.383135079766,-873.138690635322),.UNSPECIFIED.);
#7142=B_SPLINE_CURVE_WITH_KNOTS('',1,(#11299,#11300),.UNSPECIFIED.,.F.,
 .F.,(2,2),(-878.383135079766,-873.138690635322),.UNSPECIFIED.);
#7143=B_SPLINE_CURVE_WITH_KNOTS('',1,(#11301,#11302),.UNSPECIFIED.,.F.,
 .F.,(2,2),(0.,15.9036140003335),.UNSPECIFIED.);
#7144=B_SPLINE_CURVE_WITH_KNOTS('',1,(#11303,#11304),.UNSPECIFIED.,.F.,
 .F.,(2,2),(440.015214617665,455.918828617999),.UNSPECIFIED.);
#7145=B_SPLINE_CURVE_WITH_KNOTS('',1,(#11305,#11306),.UNSPECIFIED.,.F.,
 .F.,(2,2),(357.515214617848,440.015214617665),.UNSPECIFIED.);
#7146=B_SPLINE_CURVE_WITH_KNOTS('',1,(#11307,#11308),.UNSPECIFIED.,.F.,
 .F.,(2,2),(353.015214617848,357.515214617848),.UNSPECIFIED.);
#7147=B_SPLINE_CURVE_WITH_KNOTS('',1,(#11309,#11310),.UNSPECIFIED.,.F.,
 .F.,(2,2),(351.015214617848,353.015214617848),.UNSPECIFIED.);
#7148=B_SPLINE_CURVE_WITH_KNOTS('',1,(#11311,#11312),.UNSPECIFIED.,.F.,
 .F.,(2,2),(348.515214617848,351.015214617848),.UNSPECIFIED.);
#7149=B_SPLINE_CURVE_WITH_KNOTS('',1,(#11313,#11314),.UNSPECIFIED.,.F.,
 .F.,(2,2),(347.515214617848,348.515214617848),.UNSPECIFIED.);
#7150=B_SPLINE_CURVE_WITH_KNOTS('',1,(#11315,#11316),.UNSPECIFIED.,.F.,
 .F.,(2,2),(345.515214617848,347.515214617848),.UNSPECIFIED.);
#7151=B_SPLINE_CURVE_WITH_KNOTS('',1,(#11317,#11318),.UNSPECIFIED.,.F.,
 .F.,(2,2),(339.250232574777,345.515214617848),.UNSPECIFIED.);
#7152=B_SPLINE_CURVE_WITH_KNOTS('',1,(#11319,#11320),.UNSPECIFIED.,.F.,
 .F.,(2,2),(336.250232574657,339.250232574777),.UNSPECIFIED.);
#7153=B_SPLINE_CURVE_WITH_KNOTS('',1,(#11321,#11322),.UNSPECIFIED.,.F.,
 .F.,(2,2),(329.985250531587,336.250232574657),.UNSPECIFIED.);
#7154=B_SPLINE_CURVE_WITH_KNOTS('',1,(#11323,#11324),.UNSPECIFIED.,.F.,
 .F.,(2,2),(246.485250531587,329.985250531587),.UNSPECIFIED.);
#7155=B_SPLINE_CURVE_WITH_KNOTS('',1,(#11325,#11326),.UNSPECIFIED.,.F.,
 .F.,(2,2),(230.581636531253,246.485250531587),.UNSPECIFIED.);
#7156=B_SPLINE_CURVE_WITH_KNOTS('',1,(#11327,#11328),.UNSPECIFIED.,.F.,
 .F.,(2,2),(209.433578086475,225.337192086809),.UNSPECIFIED.);
#7157=B_SPLINE_CURVE_WITH_KNOTS('',1,(#11329,#11330),.UNSPECIFIED.,.F.,
 .F.,(2,2),(125.933578086475,209.433578086475),.UNSPECIFIED.);
#7158=B_SPLINE_CURVE_WITH_KNOTS('',1,(#11331,#11332),.UNSPECIFIED.,.F.,
 .F.,(2,2),(119.668596043404,125.933578086475),.UNSPECIFIED.);
#7159=B_SPLINE_CURVE_WITH_KNOTS('',1,(#11333,#11334),.UNSPECIFIED.,.F.,
 .F.,(2,2),(116.668596043404,119.668596043404),.UNSPECIFIED.);
#7160=B_SPLINE_CURVE_WITH_KNOTS('',1,(#11335,#11336),.UNSPECIFIED.,.F.,
 .F.,(2,2),(110.403614000333,116.668596043404),.UNSPECIFIED.);
#7161=B_SPLINE_CURVE_WITH_KNOTS('',1,(#11337,#11338),.UNSPECIFIED.,.F.,
 .F.,(2,2),(108.403614000333,110.403614000333),.UNSPECIFIED.);
#7162=B_SPLINE_CURVE_WITH_KNOTS('',1,(#11339,#11340),.UNSPECIFIED.,.F.,
 .F.,(2,2),(107.403614000333,108.403614000333),.UNSPECIFIED.);
#7163=B_SPLINE_CURVE_WITH_KNOTS('',1,(#11341,#11342),.UNSPECIFIED.,.F.,
 .F.,(2,2),(104.903614000333,107.403614000333),.UNSPECIFIED.);
#7164=B_SPLINE_CURVE_WITH_KNOTS('',1,(#11343,#11344),.UNSPECIFIED.,.F.,
 .F.,(2,2),(102.903614000333,104.903614000333),.UNSPECIFIED.);
#7165=B_SPLINE_CURVE_WITH_KNOTS('',1,(#11345,#11346),.UNSPECIFIED.,.F.,
 .F.,(2,2),(98.4036140003335,102.903614000333),.UNSPECIFIED.);
#7166=B_SPLINE_CURVE_WITH_KNOTS('',1,(#11347,#11348),.UNSPECIFIED.,.F.,
 .F.,(2,2),(15.9036140003335,98.4036140003335),.UNSPECIFIED.);
#7167=B_SPLINE_CURVE_WITH_KNOTS('',1,(#11349,#11350),.UNSPECIFIED.,.F.,
 .F.,(2,2),(0.,0.499999999999943),.UNSPECIFIED.);
#7168=B_SPLINE_CURVE_WITH_KNOTS('',1,(#11351,#11352),.UNSPECIFIED.,.F.,
 .F.,(2,2),(191.506418078556,193.506418078556),.UNSPECIFIED.);
#7169=B_SPLINE_CURVE_WITH_KNOTS('',1,(#11353,#11354),.UNSPECIFIED.,.F.,
 .F.,(2,2),(191.006418078556,191.506418078556),.UNSPECIFIED.);
#7170=B_SPLINE_CURVE_WITH_KNOTS('',1,(#11355,#11356),.UNSPECIFIED.,.F.,
 .F.,(2,2),(184.741436035485,191.006418078556),.UNSPECIFIED.);
#7171=B_SPLINE_CURVE_WITH_KNOTS('',1,(#11357,#11358),.UNSPECIFIED.,.F.,
 .F.,(2,2),(181.741436035485,184.741436035485),.UNSPECIFIED.);
#7172=B_SPLINE_CURVE_WITH_KNOTS('',1,(#11359,#11360),.UNSPECIFIED.,.F.,
 .F.,(2,2),(175.476453992414,181.741436035485),.UNSPECIFIED.);
#7173=B_SPLINE_CURVE_WITH_KNOTS('',1,(#11361,#11362),.UNSPECIFIED.,.F.,
 .F.,(2,2),(102.644403184846,175.476453992414),.UNSPECIFIED.);
#7174=B_SPLINE_CURVE_WITH_KNOTS('',1,(#11363,#11364),.UNSPECIFIED.,.F.,
 .F.,(2,2),(99.5637208159657,102.644403184846),.UNSPECIFIED.);
#7175=B_SPLINE_CURVE_WITH_KNOTS('',1,(#11365,#11366),.UNSPECIFIED.,.F.,
 .F.,(2,2),(97.0233796315234,99.5637208159657),.UNSPECIFIED.);
#7176=B_SPLINE_CURVE_WITH_KNOTS('',1,(#11367,#11368),.UNSPECIFIED.,.F.,
 .F.,(2,2),(94.4830384470811,97.0233796315234),.UNSPECIFIED.);
#7177=B_SPLINE_CURVE_WITH_KNOTS('',1,(#11369,#11370),.UNSPECIFIED.,.F.,
 .F.,(2,2),(91.9426972626388,94.4830384470811),.UNSPECIFIED.);
#7178=B_SPLINE_CURVE_WITH_KNOTS('',1,(#11371,#11372),.UNSPECIFIED.,.F.,
 .F.,(2,2),(88.8620148937729,91.9426972626388),.UNSPECIFIED.);
#7179=B_SPLINE_CURVE_WITH_KNOTS('',1,(#11373,#11374),.UNSPECIFIED.,.F.,
 .F.,(2,2),(16.0299640862159,88.8620148937729),.UNSPECIFIED.);
#7180=B_SPLINE_CURVE_WITH_KNOTS('',1,(#11375,#11376),.UNSPECIFIED.,.F.,
 .F.,(2,2),(9.76498204314507,16.0299640862159),.UNSPECIFIED.);
#7181=B_SPLINE_CURVE_WITH_KNOTS('',1,(#11377,#11378),.UNSPECIFIED.,.F.,
 .F.,(2,2),(6.76498204307081,9.76498204314507),.UNSPECIFIED.);
#7182=B_SPLINE_CURVE_WITH_KNOTS('',1,(#11379,#11380),.UNSPECIFIED.,.F.,
 .F.,(2,2),(0.499999999999943,6.76498204307081),.UNSPECIFIED.);
#7183=B_SPLINE_CURVE_WITH_KNOTS('',1,(#11381,#11382),.UNSPECIFIED.,.F.,
 .F.,(2,2),(0.,2.54034118444231),.UNSPECIFIED.);
#7184=B_SPLINE_CURVE_WITH_KNOTS('',1,(#11383,#11384),.UNSPECIFIED.,.F.,
 .F.,(2,2),(155.906148721768,158.44648990621),.UNSPECIFIED.);
#7185=B_SPLINE_CURVE_WITH_KNOTS('',1,(#11385,#11386),.UNSPECIFIED.,.F.,
 .F.,(2,2),(153.365807537325,155.906148721768),.UNSPECIFIED.);
#7186=B_SPLINE_CURVE_WITH_KNOTS('',1,(#11387,#11388),.UNSPECIFIED.,.F.,
 .F.,(2,2),(150.285125168445,153.365807537325),.UNSPECIFIED.);
#7187=B_SPLINE_CURVE_WITH_KNOTS('',1,(#11389,#11390),.UNSPECIFIED.,.F.,
 .F.,(2,2),(78.9530743608767,150.285125168445),.UNSPECIFIED.);
#7188=B_SPLINE_CURVE_WITH_KNOTS('',1,(#11391,#11392),.UNSPECIFIED.,.F.,
 .F.,(2,2),(76.9530743608767,78.9530743608767),.UNSPECIFIED.);
#7189=B_SPLINE_CURVE_WITH_KNOTS('',1,(#11393,#11394),.UNSPECIFIED.,.F.,
 .F.,(2,2),(5.62102355330828,76.9530743608767),.UNSPECIFIED.);
#7190=B_SPLINE_CURVE_WITH_KNOTS('',1,(#11395,#11396),.UNSPECIFIED.,.F.,
 .F.,(2,2),(2.54034118444231,5.62102355330828),.UNSPECIFIED.);
#7191=B_SPLINE_CURVE_WITH_KNOTS('',1,(#11397,#11398),.UNSPECIFIED.,.F.,
 .F.,(2,2),(0.,3.40000000000002),.UNSPECIFIED.);
#7192=B_SPLINE_CURVE_WITH_KNOTS('',1,(#11399,#11400),.UNSPECIFIED.,.F.,
 .F.,(2,2),(-3.40000000000001,0.),.UNSPECIFIED.);
#7193=B_SPLINE_CURVE_WITH_KNOTS('',1,(#11401,#11402),.UNSPECIFIED.,.F.,
 .F.,(2,2),(-3.39999999999999,1.77635683940025E-14),.UNSPECIFIED.);
#7194=B_SPLINE_CURVE_WITH_KNOTS('',1,(#11403,#11404),.UNSPECIFIED.,.F.,
 .F.,(2,2),(-3.4,3.5527136788005E-15),.UNSPECIFIED.);
#7195=B_SPLINE_CURVE_WITH_KNOTS('',1,(#11405,#11406),.UNSPECIFIED.,.F.,
 .F.,(2,2),(0.,6.67802058269567),.UNSPECIFIED.);
#7196=B_SPLINE_CURVE_WITH_KNOTS('',1,(#11407,#11408),.UNSPECIFIED.,.F.,
 .F.,(2,2),(0.,18.),.UNSPECIFIED.);
#7197=B_SPLINE_CURVE_WITH_KNOTS('',1,(#11409,#11410),.UNSPECIFIED.,.F.,
 .F.,(2,2),(0.,6.67802058269567),.UNSPECIFIED.);
#7198=B_SPLINE_CURVE_WITH_KNOTS('',1,(#11411,#11412),.UNSPECIFIED.,.F.,
 .F.,(2,2),(6.67802058269567,13.3555496939216),.UNSPECIFIED.);
#7199=B_SPLINE_CURVE_WITH_KNOTS('',1,(#11413,#11414),.UNSPECIFIED.,.F.,
 .F.,(2,2),(0.,18.),.UNSPECIFIED.);
#7200=B_SPLINE_CURVE_WITH_KNOTS('',1,(#11415,#11416),.UNSPECIFIED.,.F.,
 .F.,(2,2),(6.67802058269567,13.3555496939216),.UNSPECIFIED.);
#7201=B_SPLINE_CURVE_WITH_KNOTS('',1,(#11417,#11418),.UNSPECIFIED.,.F.,
 .F.,(2,2),(13.3555496939216,20.0330788051476),.UNSPECIFIED.);
#7202=B_SPLINE_CURVE_WITH_KNOTS('',1,(#11419,#11420),.UNSPECIFIED.,.F.,
 .F.,(2,2),(0.,18.),.UNSPECIFIED.);
#7203=B_SPLINE_CURVE_WITH_KNOTS('',1,(#11421,#11422),.UNSPECIFIED.,.F.,
 .F.,(2,2),(13.3555496939216,20.0330788051476),.UNSPECIFIED.);
#7204=B_SPLINE_CURVE_WITH_KNOTS('',1,(#11423,#11424),.UNSPECIFIED.,.F.,
 .F.,(2,2),(0.,8.65537546656573),.UNSPECIFIED.);
#7205=B_SPLINE_CURVE_WITH_KNOTS('',1,(#11425,#11426),.UNSPECIFIED.,.F.,
 .F.,(2,2),(0.,8.65537546656573),.UNSPECIFIED.);
#7206=B_SPLINE_CURVE_WITH_KNOTS('',1,(#11427,#11428),.UNSPECIFIED.,.F.,
 .F.,(2,2),(5.5,12.5),.UNSPECIFIED.);
#7207=B_SPLINE_CURVE_WITH_KNOTS('',1,(#11429,#11430),.UNSPECIFIED.,.F.,
 .F.,(2,2),(0.,6.67802058269567),.UNSPECIFIED.);
#7208=B_SPLINE_CURVE_WITH_KNOTS('',1,(#11431,#11432),.UNSPECIFIED.,.F.,
 .F.,(2,2),(0.,18.),.UNSPECIFIED.);
#7209=B_SPLINE_CURVE_WITH_KNOTS('',1,(#11433,#11434),.UNSPECIFIED.,.F.,
 .F.,(2,2),(0.,6.67802058269567),.UNSPECIFIED.);
#7210=B_SPLINE_CURVE_WITH_KNOTS('',1,(#11435,#11436),.UNSPECIFIED.,.F.,
 .F.,(2,2),(6.67802058269567,13.3555496939216),.UNSPECIFIED.);
#7211=B_SPLINE_CURVE_WITH_KNOTS('',1,(#11437,#11438),.UNSPECIFIED.,.F.,
 .F.,(2,2),(0.,18.),.UNSPECIFIED.);
#7212=B_SPLINE_CURVE_WITH_KNOTS('',1,(#11439,#11440),.UNSPECIFIED.,.F.,
 .F.,(2,2),(6.67802058269567,13.3555496939216),.UNSPECIFIED.);
#7213=B_SPLINE_CURVE_WITH_KNOTS('',1,(#11441,#11442),.UNSPECIFIED.,.F.,
 .F.,(2,2),(13.3555496939216,20.0330788051476),.UNSPECIFIED.);
#7214=B_SPLINE_CURVE_WITH_KNOTS('',1,(#11443,#11444),.UNSPECIFIED.,.F.,
 .F.,(2,2),(0.,18.),.UNSPECIFIED.);
#7215=B_SPLINE_CURVE_WITH_KNOTS('',1,(#11445,#11446),.UNSPECIFIED.,.F.,
 .F.,(2,2),(13.3555496939216,20.0330788051476),.UNSPECIFIED.);
#7216=B_SPLINE_CURVE_WITH_KNOTS('',1,(#11447,#11448),.UNSPECIFIED.,.F.,
 .F.,(2,2),(0.,8.65537546656573),.UNSPECIFIED.);
#7217=B_SPLINE_CURVE_WITH_KNOTS('',1,(#11449,#11450),.UNSPECIFIED.,.F.,
 .F.,(2,2),(0.,8.65537546656573),.UNSPECIFIED.);
#7218=B_SPLINE_CURVE_WITH_KNOTS('',1,(#11451,#11452),.UNSPECIFIED.,.F.,
 .F.,(2,2),(5.5,12.5),.UNSPECIFIED.);
#7219=B_SPLINE_CURVE_WITH_KNOTS('',1,(#11453,#11454),.UNSPECIFIED.,.F.,
 .F.,(2,2),(0.,6.67802058269567),.UNSPECIFIED.);
#7220=B_SPLINE_CURVE_WITH_KNOTS('',1,(#11455,#11456),.UNSPECIFIED.,.F.,
 .F.,(2,2),(0.,18.),.UNSPECIFIED.);
#7221=B_SPLINE_CURVE_WITH_KNOTS('',1,(#11457,#11458),.UNSPECIFIED.,.F.,
 .F.,(2,2),(0.,6.67802058269567),.UNSPECIFIED.);
#7222=B_SPLINE_CURVE_WITH_KNOTS('',1,(#11459,#11460),.UNSPECIFIED.,.F.,
 .F.,(2,2),(6.67802058269567,13.3555496939216),.UNSPECIFIED.);
#7223=B_SPLINE_CURVE_WITH_KNOTS('',1,(#11461,#11462),.UNSPECIFIED.,.F.,
 .F.,(2,2),(0.,18.),.UNSPECIFIED.);
#7224=B_SPLINE_CURVE_WITH_KNOTS('',1,(#11463,#11464),.UNSPECIFIED.,.F.,
 .F.,(2,2),(6.67802058269567,13.3555496939216),.UNSPECIFIED.);
#7225=B_SPLINE_CURVE_WITH_KNOTS('',1,(#11465,#11466),.UNSPECIFIED.,.F.,
 .F.,(2,2),(13.3555496939216,20.0330788051476),.UNSPECIFIED.);
#7226=B_SPLINE_CURVE_WITH_KNOTS('',1,(#11467,#11468),.UNSPECIFIED.,.F.,
 .F.,(2,2),(0.,18.),.UNSPECIFIED.);
#7227=B_SPLINE_CURVE_WITH_KNOTS('',1,(#11469,#11470),.UNSPECIFIED.,.F.,
 .F.,(2,2),(13.3555496939216,20.0330788051476),.UNSPECIFIED.);
#7228=B_SPLINE_CURVE_WITH_KNOTS('',1,(#11471,#11472),.UNSPECIFIED.,.F.,
 .F.,(2,2),(0.,8.65537546656573),.UNSPECIFIED.);
#7229=B_SPLINE_CURVE_WITH_KNOTS('',1,(#11473,#11474),.UNSPECIFIED.,.F.,
 .F.,(2,2),(0.,8.65537546656573),.UNSPECIFIED.);
#7230=B_SPLINE_CURVE_WITH_KNOTS('',1,(#11475,#11476),.UNSPECIFIED.,.F.,
 .F.,(2,2),(5.5,12.5),.UNSPECIFIED.);
#7231=B_SPLINE_CURVE_WITH_KNOTS('',1,(#11477,#11478),.UNSPECIFIED.,.F.,
 .F.,(2,2),(0.,6.67802058269567),.UNSPECIFIED.);
#7232=B_SPLINE_CURVE_WITH_KNOTS('',1,(#11479,#11480),.UNSPECIFIED.,.F.,
 .F.,(2,2),(0.,18.),.UNSPECIFIED.);
#7233=B_SPLINE_CURVE_WITH_KNOTS('',1,(#11481,#11482),.UNSPECIFIED.,.F.,
 .F.,(2,2),(0.,6.67802058269567),.UNSPECIFIED.);
#7234=B_SPLINE_CURVE_WITH_KNOTS('',1,(#11483,#11484),.UNSPECIFIED.,.F.,
 .F.,(2,2),(6.67802058269567,13.3555496939216),.UNSPECIFIED.);
#7235=B_SPLINE_CURVE_WITH_KNOTS('',1,(#11485,#11486),.UNSPECIFIED.,.F.,
 .F.,(2,2),(0.,18.),.UNSPECIFIED.);
#7236=B_SPLINE_CURVE_WITH_KNOTS('',1,(#11487,#11488),.UNSPECIFIED.,.F.,
 .F.,(2,2),(6.67802058269567,13.3555496939216),.UNSPECIFIED.);
#7237=B_SPLINE_CURVE_WITH_KNOTS('',1,(#11489,#11490),.UNSPECIFIED.,.F.,
 .F.,(2,2),(13.3555496939216,20.0330788051476),.UNSPECIFIED.);
#7238=B_SPLINE_CURVE_WITH_KNOTS('',1,(#11491,#11492),.UNSPECIFIED.,.F.,
 .F.,(2,2),(0.,18.),.UNSPECIFIED.);
#7239=B_SPLINE_CURVE_WITH_KNOTS('',1,(#11493,#11494),.UNSPECIFIED.,.F.,
 .F.,(2,2),(13.3555496939216,20.0330788051476),.UNSPECIFIED.);
#7240=B_SPLINE_CURVE_WITH_KNOTS('',1,(#11495,#11496),.UNSPECIFIED.,.F.,
 .F.,(2,2),(0.,8.65537546656573),.UNSPECIFIED.);
#7241=B_SPLINE_CURVE_WITH_KNOTS('',1,(#11497,#11498),.UNSPECIFIED.,.F.,
 .F.,(2,2),(0.,8.65537546656573),.UNSPECIFIED.);
#7242=B_SPLINE_CURVE_WITH_KNOTS('',1,(#11499,#11500),.UNSPECIFIED.,.F.,
 .F.,(2,2),(5.5,12.5),.UNSPECIFIED.);
#7243=B_SPLINE_CURVE_WITH_KNOTS('',1,(#11608,#11609),.UNSPECIFIED.,.F.,
 .F.,(2,2),(0.,18.),.UNSPECIFIED.);
#7244=B_SPLINE_CURVE_WITH_KNOTS('',1,(#11610,#11611),.UNSPECIFIED.,.F.,
 .F.,(2,2),(0.,18.),.UNSPECIFIED.);
#7245=B_SPLINE_CURVE_WITH_KNOTS('',1,(#11612,#11613),.UNSPECIFIED.,.F.,
 .F.,(2,2),(0.,18.),.UNSPECIFIED.);
#7246=B_SPLINE_CURVE_WITH_KNOTS('',1,(#11614,#11615),.UNSPECIFIED.,.F.,
 .F.,(2,2),(0.,18.),.UNSPECIFIED.);
#7247=B_SPLINE_CURVE_WITH_KNOTS('',1,(#11616,#11617),.UNSPECIFIED.,.F.,
 .F.,(2,2),(-878.383135079766,-873.138690635322),.UNSPECIFIED.);
#7248=B_SPLINE_CURVE_WITH_KNOTS('',1,(#11618,#11619),.UNSPECIFIED.,.F.,
 .F.,(2,2),(-878.383135079766,-873.138690635322),.UNSPECIFIED.);
#7249=B_SPLINE_CURVE_WITH_KNOTS('',1,(#11620,#11621),.UNSPECIFIED.,.F.,
 .F.,(2,2),(0.,15.9036140003335),.UNSPECIFIED.);
#7250=B_SPLINE_CURVE_WITH_KNOTS('',1,(#11622,#11623),.UNSPECIFIED.,.F.,
 .F.,(2,2),(440.015214617665,455.918828617999),.UNSPECIFIED.);
#7251=B_SPLINE_CURVE_WITH_KNOTS('',1,(#11624,#11625),.UNSPECIFIED.,.F.,
 .F.,(2,2),(357.515214617848,440.015214617665),.UNSPECIFIED.);
#7252=B_SPLINE_CURVE_WITH_KNOTS('',1,(#11626,#11627),.UNSPECIFIED.,.F.,
 .F.,(2,2),(353.015214617848,357.515214617848),.UNSPECIFIED.);
#7253=B_SPLINE_CURVE_WITH_KNOTS('',1,(#11628,#11629),.UNSPECIFIED.,.F.,
 .F.,(2,2),(351.015214617848,353.015214617848),.UNSPECIFIED.);
#7254=B_SPLINE_CURVE_WITH_KNOTS('',1,(#11630,#11631),.UNSPECIFIED.,.F.,
 .F.,(2,2),(348.515214617848,351.015214617848),.UNSPECIFIED.);
#7255=B_SPLINE_CURVE_WITH_KNOTS('',1,(#11632,#11633),.UNSPECIFIED.,.F.,
 .F.,(2,2),(347.515214617848,348.515214617848),.UNSPECIFIED.);
#7256=B_SPLINE_CURVE_WITH_KNOTS('',1,(#11634,#11635),.UNSPECIFIED.,.F.,
 .F.,(2,2),(345.515214617848,347.515214617848),.UNSPECIFIED.);
#7257=B_SPLINE_CURVE_WITH_KNOTS('',1,(#11636,#11637),.UNSPECIFIED.,.F.,
 .F.,(2,2),(339.250232574777,345.515214617848),.UNSPECIFIED.);
#7258=B_SPLINE_CURVE_WITH_KNOTS('',1,(#11638,#11639),.UNSPECIFIED.,.F.,
 .F.,(2,2),(336.250232574657,339.250232574777),.UNSPECIFIED.);
#7259=B_SPLINE_CURVE_WITH_KNOTS('',1,(#11640,#11641),.UNSPECIFIED.,.F.,
 .F.,(2,2),(329.985250531587,336.250232574657),.UNSPECIFIED.);
#7260=B_SPLINE_CURVE_WITH_KNOTS('',1,(#11642,#11643),.UNSPECIFIED.,.F.,
 .F.,(2,2),(246.485250531587,329.985250531587),.UNSPECIFIED.);
#7261=B_SPLINE_CURVE_WITH_KNOTS('',1,(#11644,#11645),.UNSPECIFIED.,.F.,
 .F.,(2,2),(230.581636531253,246.485250531587),.UNSPECIFIED.);
#7262=B_SPLINE_CURVE_WITH_KNOTS('',1,(#11646,#11647),.UNSPECIFIED.,.F.,
 .F.,(2,2),(209.433578086475,225.337192086809),.UNSPECIFIED.);
#7263=B_SPLINE_CURVE_WITH_KNOTS('',1,(#11648,#11649),.UNSPECIFIED.,.F.,
 .F.,(2,2),(125.933578086475,209.433578086475),.UNSPECIFIED.);
#7264=B_SPLINE_CURVE_WITH_KNOTS('',1,(#11650,#11651),.UNSPECIFIED.,.F.,
 .F.,(2,2),(119.668596043404,125.933578086475),.UNSPECIFIED.);
#7265=B_SPLINE_CURVE_WITH_KNOTS('',1,(#11652,#11653),.UNSPECIFIED.,.F.,
 .F.,(2,2),(116.668596043404,119.668596043404),.UNSPECIFIED.);
#7266=B_SPLINE_CURVE_WITH_KNOTS('',1,(#11654,#11655),.UNSPECIFIED.,.F.,
 .F.,(2,2),(110.403614000333,116.668596043404),.UNSPECIFIED.);
#7267=B_SPLINE_CURVE_WITH_KNOTS('',1,(#11656,#11657),.UNSPECIFIED.,.F.,
 .F.,(2,2),(108.403614000333,110.403614000333),.UNSPECIFIED.);
#7268=B_SPLINE_CURVE_WITH_KNOTS('',1,(#11658,#11659),.UNSPECIFIED.,.F.,
 .F.,(2,2),(107.403614000333,108.403614000333),.UNSPECIFIED.);
#7269=B_SPLINE_CURVE_WITH_KNOTS('',1,(#11660,#11661),.UNSPECIFIED.,.F.,
 .F.,(2,2),(104.903614000333,107.403614000333),.UNSPECIFIED.);
#7270=B_SPLINE_CURVE_WITH_KNOTS('',1,(#11662,#11663),.UNSPECIFIED.,.F.,
 .F.,(2,2),(102.903614000333,104.903614000333),.UNSPECIFIED.);
#7271=B_SPLINE_CURVE_WITH_KNOTS('',1,(#11664,#11665),.UNSPECIFIED.,.F.,
 .F.,(2,2),(98.4036140003335,102.903614000333),.UNSPECIFIED.);
#7272=B_SPLINE_CURVE_WITH_KNOTS('',1,(#11666,#11667),.UNSPECIFIED.,.F.,
 .F.,(2,2),(15.9036140003335,98.4036140003335),.UNSPECIFIED.);
#7273=B_SPLINE_CURVE_WITH_KNOTS('',1,(#11668,#11669),.UNSPECIFIED.,.F.,
 .F.,(2,2),(0.,0.499999999999943),.UNSPECIFIED.);
#7274=B_SPLINE_CURVE_WITH_KNOTS('',1,(#11670,#11671),.UNSPECIFIED.,.F.,
 .F.,(2,2),(191.506418078556,193.506418078556),.UNSPECIFIED.);
#7275=B_SPLINE_CURVE_WITH_KNOTS('',1,(#11672,#11673),.UNSPECIFIED.,.F.,
 .F.,(2,2),(191.006418078556,191.506418078556),.UNSPECIFIED.);
#7276=B_SPLINE_CURVE_WITH_KNOTS('',1,(#11674,#11675),.UNSPECIFIED.,.F.,
 .F.,(2,2),(184.741436035485,191.006418078556),.UNSPECIFIED.);
#7277=B_SPLINE_CURVE_WITH_KNOTS('',1,(#11676,#11677),.UNSPECIFIED.,.F.,
 .F.,(2,2),(181.741436035485,184.741436035485),.UNSPECIFIED.);
#7278=B_SPLINE_CURVE_WITH_KNOTS('',1,(#11678,#11679),.UNSPECIFIED.,.F.,
 .F.,(2,2),(175.476453992414,181.741436035485),.UNSPECIFIED.);
#7279=B_SPLINE_CURVE_WITH_KNOTS('',1,(#11680,#11681),.UNSPECIFIED.,.F.,
 .F.,(2,2),(102.644403184846,175.476453992414),.UNSPECIFIED.);
#7280=B_SPLINE_CURVE_WITH_KNOTS('',1,(#11682,#11683),.UNSPECIFIED.,.F.,
 .F.,(2,2),(99.5637208159657,102.644403184846),.UNSPECIFIED.);
#7281=B_SPLINE_CURVE_WITH_KNOTS('',1,(#11684,#11685),.UNSPECIFIED.,.F.,
 .F.,(2,2),(97.0233796315234,99.5637208159657),.UNSPECIFIED.);
#7282=B_SPLINE_CURVE_WITH_KNOTS('',1,(#11686,#11687),.UNSPECIFIED.,.F.,
 .F.,(2,2),(94.4830384470811,97.0233796315234),.UNSPECIFIED.);
#7283=B_SPLINE_CURVE_WITH_KNOTS('',1,(#11688,#11689),.UNSPECIFIED.,.F.,
 .F.,(2,2),(91.9426972626388,94.4830384470811),.UNSPECIFIED.);
#7284=B_SPLINE_CURVE_WITH_KNOTS('',1,(#11690,#11691),.UNSPECIFIED.,.F.,
 .F.,(2,2),(88.8620148937729,91.9426972626388),.UNSPECIFIED.);
#7285=B_SPLINE_CURVE_WITH_KNOTS('',1,(#11692,#11693),.UNSPECIFIED.,.F.,
 .F.,(2,2),(16.0299640862159,88.8620148937729),.UNSPECIFIED.);
#7286=B_SPLINE_CURVE_WITH_KNOTS('',1,(#11694,#11695),.UNSPECIFIED.,.F.,
 .F.,(2,2),(9.76498204314507,16.0299640862159),.UNSPECIFIED.);
#7287=B_SPLINE_CURVE_WITH_KNOTS('',1,(#11696,#11697),.UNSPECIFIED.,.F.,
 .F.,(2,2),(6.76498204307081,9.76498204314507),.UNSPECIFIED.);
#7288=B_SPLINE_CURVE_WITH_KNOTS('',1,(#11698,#11699),.UNSPECIFIED.,.F.,
 .F.,(2,2),(0.499999999999943,6.76498204307081),.UNSPECIFIED.);
#7289=B_SPLINE_CURVE_WITH_KNOTS('',1,(#11700,#11701),.UNSPECIFIED.,.F.,
 .F.,(2,2),(0.,2.54034118444231),.UNSPECIFIED.);
#7290=B_SPLINE_CURVE_WITH_KNOTS('',1,(#11702,#11703),.UNSPECIFIED.,.F.,
 .F.,(2,2),(155.906148721768,158.44648990621),.UNSPECIFIED.);
#7291=B_SPLINE_CURVE_WITH_KNOTS('',1,(#11704,#11705),.UNSPECIFIED.,.F.,
 .F.,(2,2),(153.365807537325,155.906148721768),.UNSPECIFIED.);
#7292=B_SPLINE_CURVE_WITH_KNOTS('',1,(#11706,#11707),.UNSPECIFIED.,.F.,
 .F.,(2,2),(150.285125168445,153.365807537325),.UNSPECIFIED.);
#7293=B_SPLINE_CURVE_WITH_KNOTS('',1,(#11708,#11709),.UNSPECIFIED.,.F.,
 .F.,(2,2),(78.9530743608767,150.285125168445),.UNSPECIFIED.);
#7294=B_SPLINE_CURVE_WITH_KNOTS('',1,(#11710,#11711),.UNSPECIFIED.,.F.,
 .F.,(2,2),(76.9530743608767,78.9530743608767),.UNSPECIFIED.);
#7295=B_SPLINE_CURVE_WITH_KNOTS('',1,(#11712,#11713),.UNSPECIFIED.,.F.,
 .F.,(2,2),(5.62102355330828,76.9530743608767),.UNSPECIFIED.);
#7296=B_SPLINE_CURVE_WITH_KNOTS('',1,(#11714,#11715),.UNSPECIFIED.,.F.,
 .F.,(2,2),(2.54034118444231,5.62102355330828),.UNSPECIFIED.);
#7297=B_SPLINE_CURVE_WITH_KNOTS('',1,(#11716,#11717),.UNSPECIFIED.,.F.,
 .F.,(2,2),(0.,3.40000000000002),.UNSPECIFIED.);
#7298=B_SPLINE_CURVE_WITH_KNOTS('',1,(#11718,#11719),.UNSPECIFIED.,.F.,
 .F.,(2,2),(-3.40000000000001,0.),.UNSPECIFIED.);
#7299=B_SPLINE_CURVE_WITH_KNOTS('',1,(#11720,#11721),.UNSPECIFIED.,.F.,
 .F.,(2,2),(-3.39999999999999,1.77635683940025E-14),.UNSPECIFIED.);
#7300=B_SPLINE_CURVE_WITH_KNOTS('',1,(#11722,#11723),.UNSPECIFIED.,.F.,
 .F.,(2,2),(-3.4,3.5527136788005E-15),.UNSPECIFIED.);
#7301=B_SPLINE_CURVE_WITH_KNOTS('',1,(#11724,#11725),.UNSPECIFIED.,.F.,
 .F.,(2,2),(0.,6.67802058269567),.UNSPECIFIED.);
#7302=B_SPLINE_CURVE_WITH_KNOTS('',1,(#11726,#11727),.UNSPECIFIED.,.F.,
 .F.,(2,2),(0.,18.),.UNSPECIFIED.);
#7303=B_SPLINE_CURVE_WITH_KNOTS('',1,(#11728,#11729),.UNSPECIFIED.,.F.,
 .F.,(2,2),(0.,6.67802058269567),.UNSPECIFIED.);
#7304=B_SPLINE_CURVE_WITH_KNOTS('',1,(#11730,#11731),.UNSPECIFIED.,.F.,
 .F.,(2,2),(6.67802058269567,13.3555496939216),.UNSPECIFIED.);
#7305=B_SPLINE_CURVE_WITH_KNOTS('',1,(#11732,#11733),.UNSPECIFIED.,.F.,
 .F.,(2,2),(0.,18.),.UNSPECIFIED.);
#7306=B_SPLINE_CURVE_WITH_KNOTS('',1,(#11734,#11735),.UNSPECIFIED.,.F.,
 .F.,(2,2),(6.67802058269567,13.3555496939216),.UNSPECIFIED.);
#7307=B_SPLINE_CURVE_WITH_KNOTS('',1,(#11736,#11737),.UNSPECIFIED.,.F.,
 .F.,(2,2),(13.3555496939216,20.0330788051476),.UNSPECIFIED.);
#7308=B_SPLINE_CURVE_WITH_KNOTS('',1,(#11738,#11739),.UNSPECIFIED.,.F.,
 .F.,(2,2),(0.,18.),.UNSPECIFIED.);
#7309=B_SPLINE_CURVE_WITH_KNOTS('',1,(#11740,#11741),.UNSPECIFIED.,.F.,
 .F.,(2,2),(13.3555496939216,20.0330788051476),.UNSPECIFIED.);
#7310=B_SPLINE_CURVE_WITH_KNOTS('',1,(#11742,#11743),.UNSPECIFIED.,.F.,
 .F.,(2,2),(0.,8.65537546656573),.UNSPECIFIED.);
#7311=B_SPLINE_CURVE_WITH_KNOTS('',1,(#11744,#11745),.UNSPECIFIED.,.F.,
 .F.,(2,2),(0.,8.65537546656573),.UNSPECIFIED.);
#7312=B_SPLINE_CURVE_WITH_KNOTS('',1,(#11746,#11747),.UNSPECIFIED.,.F.,
 .F.,(2,2),(5.5,12.5),.UNSPECIFIED.);
#7313=B_SPLINE_CURVE_WITH_KNOTS('',1,(#11748,#11749),.UNSPECIFIED.,.F.,
 .F.,(2,2),(0.,6.67802058269567),.UNSPECIFIED.);
#7314=B_SPLINE_CURVE_WITH_KNOTS('',1,(#11750,#11751),.UNSPECIFIED.,.F.,
 .F.,(2,2),(0.,18.),.UNSPECIFIED.);
#7315=B_SPLINE_CURVE_WITH_KNOTS('',1,(#11752,#11753),.UNSPECIFIED.,.F.,
 .F.,(2,2),(0.,6.67802058269567),.UNSPECIFIED.);
#7316=B_SPLINE_CURVE_WITH_KNOTS('',1,(#11754,#11755),.UNSPECIFIED.,.F.,
 .F.,(2,2),(6.67802058269567,13.3555496939216),.UNSPECIFIED.);
#7317=B_SPLINE_CURVE_WITH_KNOTS('',1,(#11756,#11757),.UNSPECIFIED.,.F.,
 .F.,(2,2),(0.,18.),.UNSPECIFIED.);
#7318=B_SPLINE_CURVE_WITH_KNOTS('',1,(#11758,#11759),.UNSPECIFIED.,.F.,
 .F.,(2,2),(6.67802058269567,13.3555496939216),.UNSPECIFIED.);
#7319=B_SPLINE_CURVE_WITH_KNOTS('',1,(#11760,#11761),.UNSPECIFIED.,.F.,
 .F.,(2,2),(13.3555496939216,20.0330788051476),.UNSPECIFIED.);
#7320=B_SPLINE_CURVE_WITH_KNOTS('',1,(#11762,#11763),.UNSPECIFIED.,.F.,
 .F.,(2,2),(0.,18.),.UNSPECIFIED.);
#7321=B_SPLINE_CURVE_WITH_KNOTS('',1,(#11764,#11765),.UNSPECIFIED.,.F.,
 .F.,(2,2),(13.3555496939216,20.0330788051476),.UNSPECIFIED.);
#7322=B_SPLINE_CURVE_WITH_KNOTS('',1,(#11766,#11767),.UNSPECIFIED.,.F.,
 .F.,(2,2),(0.,8.65537546656573),.UNSPECIFIED.);
#7323=B_SPLINE_CURVE_WITH_KNOTS('',1,(#11768,#11769),.UNSPECIFIED.,.F.,
 .F.,(2,2),(0.,8.65537546656573),.UNSPECIFIED.);
#7324=B_SPLINE_CURVE_WITH_KNOTS('',1,(#11770,#11771),.UNSPECIFIED.,.F.,
 .F.,(2,2),(5.5,12.5),.UNSPECIFIED.);
#7325=B_SPLINE_CURVE_WITH_KNOTS('',1,(#11772,#11773),.UNSPECIFIED.,.F.,
 .F.,(2,2),(0.,6.67802058269567),.UNSPECIFIED.);
#7326=B_SPLINE_CURVE_WITH_KNOTS('',1,(#11774,#11775),.UNSPECIFIED.,.F.,
 .F.,(2,2),(0.,18.),.UNSPECIFIED.);
#7327=B_SPLINE_CURVE_WITH_KNOTS('',1,(#11776,#11777),.UNSPECIFIED.,.F.,
 .F.,(2,2),(0.,6.67802058269567),.UNSPECIFIED.);
#7328=B_SPLINE_CURVE_WITH_KNOTS('',1,(#11778,#11779),.UNSPECIFIED.,.F.,
 .F.,(2,2),(6.67802058269567,13.3555496939216),.UNSPECIFIED.);
#7329=B_SPLINE_CURVE_WITH_KNOTS('',1,(#11780,#11781),.UNSPECIFIED.,.F.,
 .F.,(2,2),(0.,18.),.UNSPECIFIED.);
#7330=B_SPLINE_CURVE_WITH_KNOTS('',1,(#11782,#11783),.UNSPECIFIED.,.F.,
 .F.,(2,2),(6.67802058269567,13.3555496939216),.UNSPECIFIED.);
#7331=B_SPLINE_CURVE_WITH_KNOTS('',1,(#11784,#11785),.UNSPECIFIED.,.F.,
 .F.,(2,2),(13.3555496939216,20.0330788051476),.UNSPECIFIED.);
#7332=B_SPLINE_CURVE_WITH_KNOTS('',1,(#11786,#11787),.UNSPECIFIED.,.F.,
 .F.,(2,2),(0.,18.),.UNSPECIFIED.);
#7333=B_SPLINE_CURVE_WITH_KNOTS('',1,(#11788,#11789),.UNSPECIFIED.,.F.,
 .F.,(2,2),(13.3555496939216,20.0330788051476),.UNSPECIFIED.);
#7334=B_SPLINE_CURVE_WITH_KNOTS('',1,(#11790,#11791),.UNSPECIFIED.,.F.,
 .F.,(2,2),(0.,8.65537546656573),.UNSPECIFIED.);
#7335=B_SPLINE_CURVE_WITH_KNOTS('',1,(#11792,#11793),.UNSPECIFIED.,.F.,
 .F.,(2,2),(0.,8.65537546656573),.UNSPECIFIED.);
#7336=B_SPLINE_CURVE_WITH_KNOTS('',1,(#11794,#11795),.UNSPECIFIED.,.F.,
 .F.,(2,2),(5.5,12.5),.UNSPECIFIED.);
#7337=B_SPLINE_CURVE_WITH_KNOTS('',1,(#11796,#11797),.UNSPECIFIED.,.F.,
 .F.,(2,2),(0.,6.67802058269567),.UNSPECIFIED.);
#7338=B_SPLINE_CURVE_WITH_KNOTS('',1,(#11798,#11799),.UNSPECIFIED.,.F.,
 .F.,(2,2),(0.,18.),.UNSPECIFIED.);
#7339=B_SPLINE_CURVE_WITH_KNOTS('',1,(#11800,#11801),.UNSPECIFIED.,.F.,
 .F.,(2,2),(0.,6.67802058269567),.UNSPECIFIED.);
#7340=B_SPLINE_CURVE_WITH_KNOTS('',1,(#11802,#11803),.UNSPECIFIED.,.F.,
 .F.,(2,2),(6.67802058269567,13.3555496939216),.UNSPECIFIED.);
#7341=B_SPLINE_CURVE_WITH_KNOTS('',1,(#11804,#11805),.UNSPECIFIED.,.F.,
 .F.,(2,2),(0.,18.),.UNSPECIFIED.);
#7342=B_SPLINE_CURVE_WITH_KNOTS('',1,(#11806,#11807),.UNSPECIFIED.,.F.,
 .F.,(2,2),(6.67802058269567,13.3555496939216),.UNSPECIFIED.);
#7343=B_SPLINE_CURVE_WITH_KNOTS('',1,(#11808,#11809),.UNSPECIFIED.,.F.,
 .F.,(2,2),(13.3555496939216,20.0330788051476),.UNSPECIFIED.);
#7344=B_SPLINE_CURVE_WITH_KNOTS('',1,(#11810,#11811),.UNSPECIFIED.,.F.,
 .F.,(2,2),(0.,18.),.UNSPECIFIED.);
#7345=B_SPLINE_CURVE_WITH_KNOTS('',1,(#11812,#11813),.UNSPECIFIED.,.F.,
 .F.,(2,2),(13.3555496939216,20.0330788051476),.UNSPECIFIED.);
#7346=B_SPLINE_CURVE_WITH_KNOTS('',1,(#11814,#11815),.UNSPECIFIED.,.F.,
 .F.,(2,2),(0.,8.65537546656573),.UNSPECIFIED.);
#7347=B_SPLINE_CURVE_WITH_KNOTS('',1,(#11816,#11817),.UNSPECIFIED.,.F.,
 .F.,(2,2),(0.,8.65537546656573),.UNSPECIFIED.);
#7348=B_SPLINE_CURVE_WITH_KNOTS('',1,(#11818,#11819),.UNSPECIFIED.,.F.,
 .F.,(2,2),(5.5,12.5),.UNSPECIFIED.);
#7349=B_SPLINE_CURVE_WITH_KNOTS('',1,(#11927,#11928),.UNSPECIFIED.,.F.,
 .F.,(2,2),(0.,18.),.UNSPECIFIED.);
#7350=B_SPLINE_CURVE_WITH_KNOTS('',1,(#11929,#11930),.UNSPECIFIED.,.F.,
 .F.,(2,2),(0.,18.),.UNSPECIFIED.);
#7351=B_SPLINE_CURVE_WITH_KNOTS('',1,(#11931,#11932),.UNSPECIFIED.,.F.,
 .F.,(2,2),(0.,18.),.UNSPECIFIED.);
#7352=B_SPLINE_CURVE_WITH_KNOTS('',1,(#11933,#11934),.UNSPECIFIED.,.F.,
 .F.,(2,2),(0.,18.),.UNSPECIFIED.);
#7353=B_SPLINE_CURVE_WITH_KNOTS('',1,(#11935,#11936),.UNSPECIFIED.,.F.,
 .F.,(2,2),(-878.383135079766,-873.138690635322),.UNSPECIFIED.);
#7354=B_SPLINE_CURVE_WITH_KNOTS('',1,(#11937,#11938),.UNSPECIFIED.,.F.,
 .F.,(2,2),(-878.383135079766,-873.138690635322),.UNSPECIFIED.);
#7355=B_SPLINE_CURVE_WITH_KNOTS('',1,(#11939,#11940),.UNSPECIFIED.,.F.,
 .F.,(2,2),(0.,15.9036140003335),.UNSPECIFIED.);
#7356=B_SPLINE_CURVE_WITH_KNOTS('',1,(#11941,#11942),.UNSPECIFIED.,.F.,
 .F.,(2,2),(440.015214617665,455.918828617999),.UNSPECIFIED.);
#7357=B_SPLINE_CURVE_WITH_KNOTS('',1,(#11943,#11944),.UNSPECIFIED.,.F.,
 .F.,(2,2),(357.515214617848,440.015214617665),.UNSPECIFIED.);
#7358=B_SPLINE_CURVE_WITH_KNOTS('',1,(#11945,#11946),.UNSPECIFIED.,.F.,
 .F.,(2,2),(353.015214617848,357.515214617848),.UNSPECIFIED.);
#7359=B_SPLINE_CURVE_WITH_KNOTS('',1,(#11947,#11948),.UNSPECIFIED.,.F.,
 .F.,(2,2),(351.015214617848,353.015214617848),.UNSPECIFIED.);
#7360=B_SPLINE_CURVE_WITH_KNOTS('',1,(#11949,#11950),.UNSPECIFIED.,.F.,
 .F.,(2,2),(348.515214617848,351.015214617848),.UNSPECIFIED.);
#7361=B_SPLINE_CURVE_WITH_KNOTS('',1,(#11951,#11952),.UNSPECIFIED.,.F.,
 .F.,(2,2),(347.515214617848,348.515214617848),.UNSPECIFIED.);
#7362=B_SPLINE_CURVE_WITH_KNOTS('',1,(#11953,#11954),.UNSPECIFIED.,.F.,
 .F.,(2,2),(345.515214617848,347.515214617848),.UNSPECIFIED.);
#7363=B_SPLINE_CURVE_WITH_KNOTS('',1,(#11955,#11956),.UNSPECIFIED.,.F.,
 .F.,(2,2),(339.250232574777,345.515214617848),.UNSPECIFIED.);
#7364=B_SPLINE_CURVE_WITH_KNOTS('',1,(#11957,#11958),.UNSPECIFIED.,.F.,
 .F.,(2,2),(336.250232574657,339.250232574777),.UNSPECIFIED.);
#7365=B_SPLINE_CURVE_WITH_KNOTS('',1,(#11959,#11960),.UNSPECIFIED.,.F.,
 .F.,(2,2),(329.985250531587,336.250232574657),.UNSPECIFIED.);
#7366=B_SPLINE_CURVE_WITH_KNOTS('',1,(#11961,#11962),.UNSPECIFIED.,.F.,
 .F.,(2,2),(246.485250531587,329.985250531587),.UNSPECIFIED.);
#7367=B_SPLINE_CURVE_WITH_KNOTS('',1,(#11963,#11964),.UNSPECIFIED.,.F.,
 .F.,(2,2),(230.581636531253,246.485250531587),.UNSPECIFIED.);
#7368=B_SPLINE_CURVE_WITH_KNOTS('',1,(#11965,#11966),.UNSPECIFIED.,.F.,
 .F.,(2,2),(209.433578086475,225.337192086809),.UNSPECIFIED.);
#7369=B_SPLINE_CURVE_WITH_KNOTS('',1,(#11967,#11968),.UNSPECIFIED.,.F.,
 .F.,(2,2),(125.933578086475,209.433578086475),.UNSPECIFIED.);
#7370=B_SPLINE_CURVE_WITH_KNOTS('',1,(#11969,#11970),.UNSPECIFIED.,.F.,
 .F.,(2,2),(119.668596043404,125.933578086475),.UNSPECIFIED.);
#7371=B_SPLINE_CURVE_WITH_KNOTS('',1,(#11971,#11972),.UNSPECIFIED.,.F.,
 .F.,(2,2),(116.668596043404,119.668596043404),.UNSPECIFIED.);
#7372=B_SPLINE_CURVE_WITH_KNOTS('',1,(#11973,#11974),.UNSPECIFIED.,.F.,
 .F.,(2,2),(110.403614000333,116.668596043404),.UNSPECIFIED.);
#7373=B_SPLINE_CURVE_WITH_KNOTS('',1,(#11975,#11976),.UNSPECIFIED.,.F.,
 .F.,(2,2),(108.403614000333,110.403614000333),.UNSPECIFIED.);
#7374=B_SPLINE_CURVE_WITH_KNOTS('',1,(#11977,#11978),.UNSPECIFIED.,.F.,
 .F.,(2,2),(107.403614000333,108.403614000333),.UNSPECIFIED.);
#7375=B_SPLINE_CURVE_WITH_KNOTS('',1,(#11979,#11980),.UNSPECIFIED.,.F.,
 .F.,(2,2),(104.903614000333,107.403614000333),.UNSPECIFIED.);
#7376=B_SPLINE_CURVE_WITH_KNOTS('',1,(#11981,#11982),.UNSPECIFIED.,.F.,
 .F.,(2,2),(102.903614000333,104.903614000333),.UNSPECIFIED.);
#7377=B_SPLINE_CURVE_WITH_KNOTS('',1,(#11983,#11984),.UNSPECIFIED.,.F.,
 .F.,(2,2),(98.4036140003335,102.903614000333),.UNSPECIFIED.);
#7378=B_SPLINE_CURVE_WITH_KNOTS('',1,(#11985,#11986),.UNSPECIFIED.,.F.,
 .F.,(2,2),(15.9036140003335,98.4036140003335),.UNSPECIFIED.);
#7379=B_SPLINE_CURVE_WITH_KNOTS('',1,(#11987,#11988),.UNSPECIFIED.,.F.,
 .F.,(2,2),(0.,0.499999999999943),.UNSPECIFIED.);
#7380=B_SPLINE_CURVE_WITH_KNOTS('',1,(#11989,#11990),.UNSPECIFIED.,.F.,
 .F.,(2,2),(191.506418078556,193.506418078556),.UNSPECIFIED.);
#7381=B_SPLINE_CURVE_WITH_KNOTS('',1,(#11991,#11992),.UNSPECIFIED.,.F.,
 .F.,(2,2),(191.006418078556,191.506418078556),.UNSPECIFIED.);
#7382=B_SPLINE_CURVE_WITH_KNOTS('',1,(#11993,#11994),.UNSPECIFIED.,.F.,
 .F.,(2,2),(184.741436035485,191.006418078556),.UNSPECIFIED.);
#7383=B_SPLINE_CURVE_WITH_KNOTS('',1,(#11995,#11996),.UNSPECIFIED.,.F.,
 .F.,(2,2),(181.741436035485,184.741436035485),.UNSPECIFIED.);
#7384=B_SPLINE_CURVE_WITH_KNOTS('',1,(#11997,#11998),.UNSPECIFIED.,.F.,
 .F.,(2,2),(175.476453992414,181.741436035485),.UNSPECIFIED.);
#7385=B_SPLINE_CURVE_WITH_KNOTS('',1,(#11999,#12000),.UNSPECIFIED.,.F.,
 .F.,(2,2),(102.644403184846,175.476453992414),.UNSPECIFIED.);
#7386=B_SPLINE_CURVE_WITH_KNOTS('',1,(#12001,#12002),.UNSPECIFIED.,.F.,
 .F.,(2,2),(99.5637208159657,102.644403184846),.UNSPECIFIED.);
#7387=B_SPLINE_CURVE_WITH_KNOTS('',1,(#12003,#12004),.UNSPECIFIED.,.F.,
 .F.,(2,2),(97.0233796315234,99.5637208159657),.UNSPECIFIED.);
#7388=B_SPLINE_CURVE_WITH_KNOTS('',1,(#12005,#12006),.UNSPECIFIED.,.F.,
 .F.,(2,2),(94.4830384470811,97.0233796315234),.UNSPECIFIED.);
#7389=B_SPLINE_CURVE_WITH_KNOTS('',1,(#12007,#12008),.UNSPECIFIED.,.F.,
 .F.,(2,2),(91.9426972626388,94.4830384470811),.UNSPECIFIED.);
#7390=B_SPLINE_CURVE_WITH_KNOTS('',1,(#12009,#12010),.UNSPECIFIED.,.F.,
 .F.,(2,2),(88.8620148937729,91.9426972626388),.UNSPECIFIED.);
#7391=B_SPLINE_CURVE_WITH_KNOTS('',1,(#12011,#12012),.UNSPECIFIED.,.F.,
 .F.,(2,2),(16.0299640862159,88.8620148937729),.UNSPECIFIED.);
#7392=B_SPLINE_CURVE_WITH_KNOTS('',1,(#12013,#12014),.UNSPECIFIED.,.F.,
 .F.,(2,2),(9.76498204314507,16.0299640862159),.UNSPECIFIED.);
#7393=B_SPLINE_CURVE_WITH_KNOTS('',1,(#12015,#12016),.UNSPECIFIED.,.F.,
 .F.,(2,2),(6.76498204307081,9.76498204314507),.UNSPECIFIED.);
#7394=B_SPLINE_CURVE_WITH_KNOTS('',1,(#12017,#12018),.UNSPECIFIED.,.F.,
 .F.,(2,2),(0.499999999999943,6.76498204307081),.UNSPECIFIED.);
#7395=B_SPLINE_CURVE_WITH_KNOTS('',1,(#12019,#12020),.UNSPECIFIED.,.F.,
 .F.,(2,2),(0.,2.54034118444231),.UNSPECIFIED.);
#7396=B_SPLINE_CURVE_WITH_KNOTS('',1,(#12021,#12022),.UNSPECIFIED.,.F.,
 .F.,(2,2),(155.906148721768,158.44648990621),.UNSPECIFIED.);
#7397=B_SPLINE_CURVE_WITH_KNOTS('',1,(#12023,#12024),.UNSPECIFIED.,.F.,
 .F.,(2,2),(153.365807537325,155.906148721768),.UNSPECIFIED.);
#7398=B_SPLINE_CURVE_WITH_KNOTS('',1,(#12025,#12026),.UNSPECIFIED.,.F.,
 .F.,(2,2),(150.285125168445,153.365807537325),.UNSPECIFIED.);
#7399=B_SPLINE_CURVE_WITH_KNOTS('',1,(#12027,#12028),.UNSPECIFIED.,.F.,
 .F.,(2,2),(78.9530743608767,150.285125168445),.UNSPECIFIED.);
#7400=B_SPLINE_CURVE_WITH_KNOTS('',1,(#12029,#12030),.UNSPECIFIED.,.F.,
 .F.,(2,2),(76.9530743608767,78.9530743608767),.UNSPECIFIED.);
#7401=B_SPLINE_CURVE_WITH_KNOTS('',1,(#12031,#12032),.UNSPECIFIED.,.F.,
 .F.,(2,2),(5.62102355330828,76.9530743608767),.UNSPECIFIED.);
#7402=B_SPLINE_CURVE_WITH_KNOTS('',1,(#12033,#12034),.UNSPECIFIED.,.F.,
 .F.,(2,2),(2.54034118444231,5.62102355330828),.UNSPECIFIED.);
#7403=B_SPLINE_CURVE_WITH_KNOTS('',1,(#12035,#12036),.UNSPECIFIED.,.F.,
 .F.,(2,2),(0.,3.40000000000002),.UNSPECIFIED.);
#7404=B_SPLINE_CURVE_WITH_KNOTS('',1,(#12037,#12038),.UNSPECIFIED.,.F.,
 .F.,(2,2),(-3.40000000000001,0.),.UNSPECIFIED.);
#7405=B_SPLINE_CURVE_WITH_KNOTS('',1,(#12039,#12040),.UNSPECIFIED.,.F.,
 .F.,(2,2),(-3.39999999999999,1.77635683940025E-14),.UNSPECIFIED.);
#7406=B_SPLINE_CURVE_WITH_KNOTS('',1,(#12041,#12042),.UNSPECIFIED.,.F.,
 .F.,(2,2),(-3.4,3.5527136788005E-15),.UNSPECIFIED.);
#7407=B_SPLINE_CURVE_WITH_KNOTS('',1,(#12043,#12044),.UNSPECIFIED.,.F.,
 .F.,(2,2),(0.,6.67802058269567),.UNSPECIFIED.);
#7408=B_SPLINE_CURVE_WITH_KNOTS('',1,(#12045,#12046),.UNSPECIFIED.,.F.,
 .F.,(2,2),(0.,18.),.UNSPECIFIED.);
#7409=B_SPLINE_CURVE_WITH_KNOTS('',1,(#12047,#12048),.UNSPECIFIED.,.F.,
 .F.,(2,2),(0.,6.67802058269567),.UNSPECIFIED.);
#7410=B_SPLINE_CURVE_WITH_KNOTS('',1,(#12049,#12050),.UNSPECIFIED.,.F.,
 .F.,(2,2),(6.67802058269567,13.3555496939216),.UNSPECIFIED.);
#7411=B_SPLINE_CURVE_WITH_KNOTS('',1,(#12051,#12052),.UNSPECIFIED.,.F.,
 .F.,(2,2),(0.,18.),.UNSPECIFIED.);
#7412=B_SPLINE_CURVE_WITH_KNOTS('',1,(#12053,#12054),.UNSPECIFIED.,.F.,
 .F.,(2,2),(6.67802058269567,13.3555496939216),.UNSPECIFIED.);
#7413=B_SPLINE_CURVE_WITH_KNOTS('',1,(#12055,#12056),.UNSPECIFIED.,.F.,
 .F.,(2,2),(13.3555496939216,20.0330788051476),.UNSPECIFIED.);
#7414=B_SPLINE_CURVE_WITH_KNOTS('',1,(#12057,#12058),.UNSPECIFIED.,.F.,
 .F.,(2,2),(0.,18.),.UNSPECIFIED.);
#7415=B_SPLINE_CURVE_WITH_KNOTS('',1,(#12059,#12060),.UNSPECIFIED.,.F.,
 .F.,(2,2),(13.3555496939216,20.0330788051476),.UNSPECIFIED.);
#7416=B_SPLINE_CURVE_WITH_KNOTS('',1,(#12061,#12062),.UNSPECIFIED.,.F.,
 .F.,(2,2),(0.,8.65537546656573),.UNSPECIFIED.);
#7417=B_SPLINE_CURVE_WITH_KNOTS('',1,(#12063,#12064),.UNSPECIFIED.,.F.,
 .F.,(2,2),(0.,8.65537546656573),.UNSPECIFIED.);
#7418=B_SPLINE_CURVE_WITH_KNOTS('',1,(#12065,#12066),.UNSPECIFIED.,.F.,
 .F.,(2,2),(5.5,12.5),.UNSPECIFIED.);
#7419=B_SPLINE_CURVE_WITH_KNOTS('',1,(#12067,#12068),.UNSPECIFIED.,.F.,
 .F.,(2,2),(0.,6.67802058269567),.UNSPECIFIED.);
#7420=B_SPLINE_CURVE_WITH_KNOTS('',1,(#12069,#12070),.UNSPECIFIED.,.F.,
 .F.,(2,2),(0.,18.),.UNSPECIFIED.);
#7421=B_SPLINE_CURVE_WITH_KNOTS('',1,(#12071,#12072),.UNSPECIFIED.,.F.,
 .F.,(2,2),(0.,6.67802058269567),.UNSPECIFIED.);
#7422=B_SPLINE_CURVE_WITH_KNOTS('',1,(#12073,#12074),.UNSPECIFIED.,.F.,
 .F.,(2,2),(6.67802058269567,13.3555496939216),.UNSPECIFIED.);
#7423=B_SPLINE_CURVE_WITH_KNOTS('',1,(#12075,#12076),.UNSPECIFIED.,.F.,
 .F.,(2,2),(0.,18.),.UNSPECIFIED.);
#7424=B_SPLINE_CURVE_WITH_KNOTS('',1,(#12077,#12078),.UNSPECIFIED.,.F.,
 .F.,(2,2),(6.67802058269567,13.3555496939216),.UNSPECIFIED.);
#7425=B_SPLINE_CURVE_WITH_KNOTS('',1,(#12079,#12080),.UNSPECIFIED.,.F.,
 .F.,(2,2),(13.3555496939216,20.0330788051476),.UNSPECIFIED.);
#7426=B_SPLINE_CURVE_WITH_KNOTS('',1,(#12081,#12082),.UNSPECIFIED.,.F.,
 .F.,(2,2),(0.,18.),.UNSPECIFIED.);
#7427=B_SPLINE_CURVE_WITH_KNOTS('',1,(#12083,#12084),.UNSPECIFIED.,.F.,
 .F.,(2,2),(13.3555496939216,20.0330788051476),.UNSPECIFIED.);
#7428=B_SPLINE_CURVE_WITH_KNOTS('',1,(#12085,#12086),.UNSPECIFIED.,.F.,
 .F.,(2,2),(0.,8.65537546656573),.UNSPECIFIED.);
#7429=B_SPLINE_CURVE_WITH_KNOTS('',1,(#12087,#12088),.UNSPECIFIED.,.F.,
 .F.,(2,2),(0.,8.65537546656573),.UNSPECIFIED.);
#7430=B_SPLINE_CURVE_WITH_KNOTS('',1,(#12089,#12090),.UNSPECIFIED.,.F.,
 .F.,(2,2),(5.5,12.5),.UNSPECIFIED.);
#7431=B_SPLINE_CURVE_WITH_KNOTS('',1,(#12091,#12092),.UNSPECIFIED.,.F.,
 .F.,(2,2),(0.,6.67802058269567),.UNSPECIFIED.);
#7432=B_SPLINE_CURVE_WITH_KNOTS('',1,(#12093,#12094),.UNSPECIFIED.,.F.,
 .F.,(2,2),(0.,18.),.UNSPECIFIED.);
#7433=B_SPLINE_CURVE_WITH_KNOTS('',1,(#12095,#12096),.UNSPECIFIED.,.F.,
 .F.,(2,2),(0.,6.67802058269567),.UNSPECIFIED.);
#7434=B_SPLINE_CURVE_WITH_KNOTS('',1,(#12097,#12098),.UNSPECIFIED.,.F.,
 .F.,(2,2),(6.67802058269567,13.3555496939216),.UNSPECIFIED.);
#7435=B_SPLINE_CURVE_WITH_KNOTS('',1,(#12099,#12100),.UNSPECIFIED.,.F.,
 .F.,(2,2),(0.,18.),.UNSPECIFIED.);
#7436=B_SPLINE_CURVE_WITH_KNOTS('',1,(#12101,#12102),.UNSPECIFIED.,.F.,
 .F.,(2,2),(6.67802058269567,13.3555496939216),.UNSPECIFIED.);
#7437=B_SPLINE_CURVE_WITH_KNOTS('',1,(#12103,#12104),.UNSPECIFIED.,.F.,
 .F.,(2,2),(13.3555496939216,20.0330788051476),.UNSPECIFIED.);
#7438=B_SPLINE_CURVE_WITH_KNOTS('',1,(#12105,#12106),.UNSPECIFIED.,.F.,
 .F.,(2,2),(0.,18.),.UNSPECIFIED.);
#7439=B_SPLINE_CURVE_WITH_KNOTS('',1,(#12107,#12108),.UNSPECIFIED.,.F.,
 .F.,(2,2),(13.3555496939216,20.0330788051476),.UNSPECIFIED.);
#7440=B_SPLINE_CURVE_WITH_KNOTS('',1,(#12109,#12110),.UNSPECIFIED.,.F.,
 .F.,(2,2),(0.,8.65537546656573),.UNSPECIFIED.);
#7441=B_SPLINE_CURVE_WITH_KNOTS('',1,(#12111,#12112),.UNSPECIFIED.,.F.,
 .F.,(2,2),(0.,8.65537546656573),.UNSPECIFIED.);
#7442=B_SPLINE_CURVE_WITH_KNOTS('',1,(#12113,#12114),.UNSPECIFIED.,.F.,
 .F.,(2,2),(5.5,12.5),.UNSPECIFIED.);
#7443=B_SPLINE_CURVE_WITH_KNOTS('',1,(#12115,#12116),.UNSPECIFIED.,.F.,
 .F.,(2,2),(0.,6.67802058269567),.UNSPECIFIED.);
#7444=B_SPLINE_CURVE_WITH_KNOTS('',1,(#12117,#12118),.UNSPECIFIED.,.F.,
 .F.,(2,2),(0.,18.),.UNSPECIFIED.);
#7445=B_SPLINE_CURVE_WITH_KNOTS('',1,(#12119,#12120),.UNSPECIFIED.,.F.,
 .F.,(2,2),(0.,6.67802058269567),.UNSPECIFIED.);
#7446=B_SPLINE_CURVE_WITH_KNOTS('',1,(#12121,#12122),.UNSPECIFIED.,.F.,
 .F.,(2,2),(6.67802058269567,13.3555496939216),.UNSPECIFIED.);
#7447=B_SPLINE_CURVE_WITH_KNOTS('',1,(#12123,#12124),.UNSPECIFIED.,.F.,
 .F.,(2,2),(0.,18.),.UNSPECIFIED.);
#7448=B_SPLINE_CURVE_WITH_KNOTS('',1,(#12125,#12126),.UNSPECIFIED.,.F.,
 .F.,(2,2),(6.67802058269567,13.3555496939216),.UNSPECIFIED.);
#7449=B_SPLINE_CURVE_WITH_KNOTS('',1,(#12127,#12128),.UNSPECIFIED.,.F.,
 .F.,(2,2),(13.3555496939216,20.0330788051476),.UNSPECIFIED.);
#7450=B_SPLINE_CURVE_WITH_KNOTS('',1,(#12129,#12130),.UNSPECIFIED.,.F.,
 .F.,(2,2),(0.,18.),.UNSPECIFIED.);
#7451=B_SPLINE_CURVE_WITH_KNOTS('',1,(#12131,#12132),.UNSPECIFIED.,.F.,
 .F.,(2,2),(13.3555496939216,20.0330788051476),.UNSPECIFIED.);
#7452=B_SPLINE_CURVE_WITH_KNOTS('',1,(#12133,#12134),.UNSPECIFIED.,.F.,
 .F.,(2,2),(0.,8.65537546656573),.UNSPECIFIED.);
#7453=B_SPLINE_CURVE_WITH_KNOTS('',1,(#12135,#12136),.UNSPECIFIED.,.F.,
 .F.,(2,2),(0.,8.65537546656573),.UNSPECIFIED.);
#7454=B_SPLINE_CURVE_WITH_KNOTS('',1,(#12137,#12138),.UNSPECIFIED.,.F.,
 .F.,(2,2),(5.5,12.5),.UNSPECIFIED.);
#7455=B_SPLINE_CURVE_WITH_KNOTS('',1,(#12246,#12247),.UNSPECIFIED.,.F.,
 .F.,(2,2),(0.,18.),.UNSPECIFIED.);
#7456=B_SPLINE_CURVE_WITH_KNOTS('',1,(#12248,#12249),.UNSPECIFIED.,.F.,
 .F.,(2,2),(0.,18.),.UNSPECIFIED.);
#7457=B_SPLINE_CURVE_WITH_KNOTS('',1,(#12250,#12251),.UNSPECIFIED.,.F.,
 .F.,(2,2),(0.,18.),.UNSPECIFIED.);
#7458=B_SPLINE_CURVE_WITH_KNOTS('',1,(#12252,#12253),.UNSPECIFIED.,.F.,
 .F.,(2,2),(0.,18.),.UNSPECIFIED.);
#7459=B_SPLINE_CURVE_WITH_KNOTS('',1,(#12254,#12255),.UNSPECIFIED.,.F.,
 .F.,(2,2),(-878.383135079766,-873.138690635322),.UNSPECIFIED.);
#7460=B_SPLINE_CURVE_WITH_KNOTS('',1,(#12256,#12257),.UNSPECIFIED.,.F.,
 .F.,(2,2),(-878.383135079766,-873.138690635322),.UNSPECIFIED.);
#7461=B_SPLINE_CURVE_WITH_KNOTS('',1,(#12258,#12259),.UNSPECIFIED.,.F.,
 .F.,(2,2),(0.,15.9036140003335),.UNSPECIFIED.);
#7462=B_SPLINE_CURVE_WITH_KNOTS('',1,(#12260,#12261),.UNSPECIFIED.,.F.,
 .F.,(2,2),(440.015214617665,455.918828617999),.UNSPECIFIED.);
#7463=B_SPLINE_CURVE_WITH_KNOTS('',1,(#12262,#12263),.UNSPECIFIED.,.F.,
 .F.,(2,2),(357.515214617848,440.015214617665),.UNSPECIFIED.);
#7464=B_SPLINE_CURVE_WITH_KNOTS('',1,(#12264,#12265),.UNSPECIFIED.,.F.,
 .F.,(2,2),(353.015214617848,357.515214617848),.UNSPECIFIED.);
#7465=B_SPLINE_CURVE_WITH_KNOTS('',1,(#12266,#12267),.UNSPECIFIED.,.F.,
 .F.,(2,2),(351.015214617848,353.015214617848),.UNSPECIFIED.);
#7466=B_SPLINE_CURVE_WITH_KNOTS('',1,(#12268,#12269),.UNSPECIFIED.,.F.,
 .F.,(2,2),(348.515214617848,351.015214617848),.UNSPECIFIED.);
#7467=B_SPLINE_CURVE_WITH_KNOTS('',1,(#12270,#12271),.UNSPECIFIED.,.F.,
 .F.,(2,2),(347.515214617848,348.515214617848),.UNSPECIFIED.);
#7468=B_SPLINE_CURVE_WITH_KNOTS('',1,(#12272,#12273),.UNSPECIFIED.,.F.,
 .F.,(2,2),(345.515214617848,347.515214617848),.UNSPECIFIED.);
#7469=B_SPLINE_CURVE_WITH_KNOTS('',1,(#12274,#12275),.UNSPECIFIED.,.F.,
 .F.,(2,2),(339.250232574777,345.515214617848),.UNSPECIFIED.);
#7470=B_SPLINE_CURVE_WITH_KNOTS('',1,(#12276,#12277),.UNSPECIFIED.,.F.,
 .F.,(2,2),(336.250232574657,339.250232574777),.UNSPECIFIED.);
#7471=B_SPLINE_CURVE_WITH_KNOTS('',1,(#12278,#12279),.UNSPECIFIED.,.F.,
 .F.,(2,2),(329.985250531587,336.250232574657),.UNSPECIFIED.);
#7472=B_SPLINE_CURVE_WITH_KNOTS('',1,(#12280,#12281),.UNSPECIFIED.,.F.,
 .F.,(2,2),(246.485250531587,329.985250531587),.UNSPECIFIED.);
#7473=B_SPLINE_CURVE_WITH_KNOTS('',1,(#12282,#12283),.UNSPECIFIED.,.F.,
 .F.,(2,2),(230.581636531253,246.485250531587),.UNSPECIFIED.);
#7474=B_SPLINE_CURVE_WITH_KNOTS('',1,(#12284,#12285),.UNSPECIFIED.,.F.,
 .F.,(2,2),(209.433578086475,225.337192086809),.UNSPECIFIED.);
#7475=B_SPLINE_CURVE_WITH_KNOTS('',1,(#12286,#12287),.UNSPECIFIED.,.F.,
 .F.,(2,2),(125.933578086475,209.433578086475),.UNSPECIFIED.);
#7476=B_SPLINE_CURVE_WITH_KNOTS('',1,(#12288,#12289),.UNSPECIFIED.,.F.,
 .F.,(2,2),(119.668596043404,125.933578086475),.UNSPECIFIED.);
#7477=B_SPLINE_CURVE_WITH_KNOTS('',1,(#12290,#12291),.UNSPECIFIED.,.F.,
 .F.,(2,2),(116.668596043404,119.668596043404),.UNSPECIFIED.);
#7478=B_SPLINE_CURVE_WITH_KNOTS('',1,(#12292,#12293),.UNSPECIFIED.,.F.,
 .F.,(2,2),(110.403614000333,116.668596043404),.UNSPECIFIED.);
#7479=B_SPLINE_CURVE_WITH_KNOTS('',1,(#12294,#12295),.UNSPECIFIED.,.F.,
 .F.,(2,2),(108.403614000333,110.403614000333),.UNSPECIFIED.);
#7480=B_SPLINE_CURVE_WITH_KNOTS('',1,(#12296,#12297),.UNSPECIFIED.,.F.,
 .F.,(2,2),(107.403614000333,108.403614000333),.UNSPECIFIED.);
#7481=B_SPLINE_CURVE_WITH_KNOTS('',1,(#12298,#12299),.UNSPECIFIED.,.F.,
 .F.,(2,2),(104.903614000333,107.403614000333),.UNSPECIFIED.);
#7482=B_SPLINE_CURVE_WITH_KNOTS('',1,(#12300,#12301),.UNSPECIFIED.,.F.,
 .F.,(2,2),(102.903614000333,104.903614000333),.UNSPECIFIED.);
#7483=B_SPLINE_CURVE_WITH_KNOTS('',1,(#12302,#12303),.UNSPECIFIED.,.F.,
 .F.,(2,2),(98.4036140003335,102.903614000333),.UNSPECIFIED.);
#7484=B_SPLINE_CURVE_WITH_KNOTS('',1,(#12304,#12305),.UNSPECIFIED.,.F.,
 .F.,(2,2),(15.9036140003335,98.4036140003335),.UNSPECIFIED.);
#7485=B_SPLINE_CURVE_WITH_KNOTS('',1,(#12306,#12307),.UNSPECIFIED.,.F.,
 .F.,(2,2),(0.,0.499999999999943),.UNSPECIFIED.);
#7486=B_SPLINE_CURVE_WITH_KNOTS('',1,(#12308,#12309),.UNSPECIFIED.,.F.,
 .F.,(2,2),(191.506418078556,193.506418078556),.UNSPECIFIED.);
#7487=B_SPLINE_CURVE_WITH_KNOTS('',1,(#12310,#12311),.UNSPECIFIED.,.F.,
 .F.,(2,2),(191.006418078556,191.506418078556),.UNSPECIFIED.);
#7488=B_SPLINE_CURVE_WITH_KNOTS('',1,(#12312,#12313),.UNSPECIFIED.,.F.,
 .F.,(2,2),(184.741436035485,191.006418078556),.UNSPECIFIED.);
#7489=B_SPLINE_CURVE_WITH_KNOTS('',1,(#12314,#12315),.UNSPECIFIED.,.F.,
 .F.,(2,2),(181.741436035485,184.741436035485),.UNSPECIFIED.);
#7490=B_SPLINE_CURVE_WITH_KNOTS('',1,(#12316,#12317),.UNSPECIFIED.,.F.,
 .F.,(2,2),(175.476453992414,181.741436035485),.UNSPECIFIED.);
#7491=B_SPLINE_CURVE_WITH_KNOTS('',1,(#12318,#12319),.UNSPECIFIED.,.F.,
 .F.,(2,2),(102.644403184846,175.476453992414),.UNSPECIFIED.);
#7492=B_SPLINE_CURVE_WITH_KNOTS('',1,(#12320,#12321),.UNSPECIFIED.,.F.,
 .F.,(2,2),(99.5637208159657,102.644403184846),.UNSPECIFIED.);
#7493=B_SPLINE_CURVE_WITH_KNOTS('',1,(#12322,#12323),.UNSPECIFIED.,.F.,
 .F.,(2,2),(97.0233796315234,99.5637208159657),.UNSPECIFIED.);
#7494=B_SPLINE_CURVE_WITH_KNOTS('',1,(#12324,#12325),.UNSPECIFIED.,.F.,
 .F.,(2,2),(94.4830384470811,97.0233796315234),.UNSPECIFIED.);
#7495=B_SPLINE_CURVE_WITH_KNOTS('',1,(#12326,#12327),.UNSPECIFIED.,.F.,
 .F.,(2,2),(91.9426972626388,94.4830384470811),.UNSPECIFIED.);
#7496=B_SPLINE_CURVE_WITH_KNOTS('',1,(#12328,#12329),.UNSPECIFIED.,.F.,
 .F.,(2,2),(88.8620148937729,91.9426972626388),.UNSPECIFIED.);
#7497=B_SPLINE_CURVE_WITH_KNOTS('',1,(#12330,#12331),.UNSPECIFIED.,.F.,
 .F.,(2,2),(16.0299640862159,88.8620148937729),.UNSPECIFIED.);
#7498=B_SPLINE_CURVE_WITH_KNOTS('',1,(#12332,#12333),.UNSPECIFIED.,.F.,
 .F.,(2,2),(9.76498204314507,16.0299640862159),.UNSPECIFIED.);
#7499=B_SPLINE_CURVE_WITH_KNOTS('',1,(#12334,#12335),.UNSPECIFIED.,.F.,
 .F.,(2,2),(6.76498204307081,9.76498204314507),.UNSPECIFIED.);
#7500=B_SPLINE_CURVE_WITH_KNOTS('',1,(#12336,#12337),.UNSPECIFIED.,.F.,
 .F.,(2,2),(0.499999999999943,6.76498204307081),.UNSPECIFIED.);
#7501=B_SPLINE_CURVE_WITH_KNOTS('',1,(#12338,#12339),.UNSPECIFIED.,.F.,
 .F.,(2,2),(0.,2.54034118444231),.UNSPECIFIED.);
#7502=B_SPLINE_CURVE_WITH_KNOTS('',1,(#12340,#12341),.UNSPECIFIED.,.F.,
 .F.,(2,2),(155.906148721768,158.44648990621),.UNSPECIFIED.);
#7503=B_SPLINE_CURVE_WITH_KNOTS('',1,(#12342,#12343),.UNSPECIFIED.,.F.,
 .F.,(2,2),(153.365807537325,155.906148721768),.UNSPECIFIED.);
#7504=B_SPLINE_CURVE_WITH_KNOTS('',1,(#12344,#12345),.UNSPECIFIED.,.F.,
 .F.,(2,2),(150.285125168445,153.365807537325),.UNSPECIFIED.);
#7505=B_SPLINE_CURVE_WITH_KNOTS('',1,(#12346,#12347),.UNSPECIFIED.,.F.,
 .F.,(2,2),(78.9530743608767,150.285125168445),.UNSPECIFIED.);
#7506=B_SPLINE_CURVE_WITH_KNOTS('',1,(#12348,#12349),.UNSPECIFIED.,.F.,
 .F.,(2,2),(76.9530743608767,78.9530743608767),.UNSPECIFIED.);
#7507=B_SPLINE_CURVE_WITH_KNOTS('',1,(#12350,#12351),.UNSPECIFIED.,.F.,
 .F.,(2,2),(5.62102355330828,76.9530743608767),.UNSPECIFIED.);
#7508=B_SPLINE_CURVE_WITH_KNOTS('',1,(#12352,#12353),.UNSPECIFIED.,.F.,
 .F.,(2,2),(2.54034118444231,5.62102355330828),.UNSPECIFIED.);
#7509=B_SPLINE_CURVE_WITH_KNOTS('',1,(#12354,#12355),.UNSPECIFIED.,.F.,
 .F.,(2,2),(0.,3.40000000000002),.UNSPECIFIED.);
#7510=B_SPLINE_CURVE_WITH_KNOTS('',1,(#12356,#12357),.UNSPECIFIED.,.F.,
 .F.,(2,2),(-3.40000000000001,0.),.UNSPECIFIED.);
#7511=B_SPLINE_CURVE_WITH_KNOTS('',1,(#12358,#12359),.UNSPECIFIED.,.F.,
 .F.,(2,2),(-3.39999999999999,1.77635683940025E-14),.UNSPECIFIED.);
#7512=B_SPLINE_CURVE_WITH_KNOTS('',1,(#12360,#12361),.UNSPECIFIED.,.F.,
 .F.,(2,2),(-3.4,3.5527136788005E-15),.UNSPECIFIED.);
#7513=B_SPLINE_CURVE_WITH_KNOTS('',1,(#12362,#12363),.UNSPECIFIED.,.F.,
 .F.,(2,2),(0.,6.67802058269567),.UNSPECIFIED.);
#7514=B_SPLINE_CURVE_WITH_KNOTS('',1,(#12364,#12365),.UNSPECIFIED.,.F.,
 .F.,(2,2),(0.,18.),.UNSPECIFIED.);
#7515=B_SPLINE_CURVE_WITH_KNOTS('',1,(#12366,#12367),.UNSPECIFIED.,.F.,
 .F.,(2,2),(0.,6.67802058269567),.UNSPECIFIED.);
#7516=B_SPLINE_CURVE_WITH_KNOTS('',1,(#12368,#12369),.UNSPECIFIED.,.F.,
 .F.,(2,2),(6.67802058269567,13.3555496939216),.UNSPECIFIED.);
#7517=B_SPLINE_CURVE_WITH_KNOTS('',1,(#12370,#12371),.UNSPECIFIED.,.F.,
 .F.,(2,2),(0.,18.),.UNSPECIFIED.);
#7518=B_SPLINE_CURVE_WITH_KNOTS('',1,(#12372,#12373),.UNSPECIFIED.,.F.,
 .F.,(2,2),(6.67802058269567,13.3555496939216),.UNSPECIFIED.);
#7519=B_SPLINE_CURVE_WITH_KNOTS('',1,(#12374,#12375),.UNSPECIFIED.,.F.,
 .F.,(2,2),(13.3555496939216,20.0330788051476),.UNSPECIFIED.);
#7520=B_SPLINE_CURVE_WITH_KNOTS('',1,(#12376,#12377),.UNSPECIFIED.,.F.,
 .F.,(2,2),(0.,18.),.UNSPECIFIED.);
#7521=B_SPLINE_CURVE_WITH_KNOTS('',1,(#12378,#12379),.UNSPECIFIED.,.F.,
 .F.,(2,2),(13.3555496939216,20.0330788051476),.UNSPECIFIED.);
#7522=B_SPLINE_CURVE_WITH_KNOTS('',1,(#12380,#12381),.UNSPECIFIED.,.F.,
 .F.,(2,2),(0.,8.65537546656573),.UNSPECIFIED.);
#7523=B_SPLINE_CURVE_WITH_KNOTS('',1,(#12382,#12383),.UNSPECIFIED.,.F.,
 .F.,(2,2),(0.,8.65537546656573),.UNSPECIFIED.);
#7524=B_SPLINE_CURVE_WITH_KNOTS('',1,(#12384,#12385),.UNSPECIFIED.,.F.,
 .F.,(2,2),(5.5,12.5),.UNSPECIFIED.);
#7525=B_SPLINE_CURVE_WITH_KNOTS('',1,(#12386,#12387),.UNSPECIFIED.,.F.,
 .F.,(2,2),(0.,6.67802058269567),.UNSPECIFIED.);
#7526=B_SPLINE_CURVE_WITH_KNOTS('',1,(#12388,#12389),.UNSPECIFIED.,.F.,
 .F.,(2,2),(0.,18.),.UNSPECIFIED.);
#7527=B_SPLINE_CURVE_WITH_KNOTS('',1,(#12390,#12391),.UNSPECIFIED.,.F.,
 .F.,(2,2),(0.,6.67802058269567),.UNSPECIFIED.);
#7528=B_SPLINE_CURVE_WITH_KNOTS('',1,(#12392,#12393),.UNSPECIFIED.,.F.,
 .F.,(2,2),(6.67802058269567,13.3555496939216),.UNSPECIFIED.);
#7529=B_SPLINE_CURVE_WITH_KNOTS('',1,(#12394,#12395),.UNSPECIFIED.,.F.,
 .F.,(2,2),(0.,18.),.UNSPECIFIED.);
#7530=B_SPLINE_CURVE_WITH_KNOTS('',1,(#12396,#12397),.UNSPECIFIED.,.F.,
 .F.,(2,2),(6.67802058269567,13.3555496939216),.UNSPECIFIED.);
#7531=B_SPLINE_CURVE_WITH_KNOTS('',1,(#12398,#12399),.UNSPECIFIED.,.F.,
 .F.,(2,2),(13.3555496939216,20.0330788051476),.UNSPECIFIED.);
#7532=B_SPLINE_CURVE_WITH_KNOTS('',1,(#12400,#12401),.UNSPECIFIED.,.F.,
 .F.,(2,2),(0.,18.),.UNSPECIFIED.);
#7533=B_SPLINE_CURVE_WITH_KNOTS('',1,(#12402,#12403),.UNSPECIFIED.,.F.,
 .F.,(2,2),(13.3555496939216,20.0330788051476),.UNSPECIFIED.);
#7534=B_SPLINE_CURVE_WITH_KNOTS('',1,(#12404,#12405),.UNSPECIFIED.,.F.,
 .F.,(2,2),(0.,8.65537546656573),.UNSPECIFIED.);
#7535=B_SPLINE_CURVE_WITH_KNOTS('',1,(#12406,#12407),.UNSPECIFIED.,.F.,
 .F.,(2,2),(0.,8.65537546656573),.UNSPECIFIED.);
#7536=B_SPLINE_CURVE_WITH_KNOTS('',1,(#12408,#12409),.UNSPECIFIED.,.F.,
 .F.,(2,2),(5.5,12.5),.UNSPECIFIED.);
#7537=B_SPLINE_CURVE_WITH_KNOTS('',1,(#12410,#12411),.UNSPECIFIED.,.F.,
 .F.,(2,2),(0.,6.67802058269567),.UNSPECIFIED.);
#7538=B_SPLINE_CURVE_WITH_KNOTS('',1,(#12412,#12413),.UNSPECIFIED.,.F.,
 .F.,(2,2),(0.,18.),.UNSPECIFIED.);
#7539=B_SPLINE_CURVE_WITH_KNOTS('',1,(#12414,#12415),.UNSPECIFIED.,.F.,
 .F.,(2,2),(0.,6.67802058269567),.UNSPECIFIED.);
#7540=B_SPLINE_CURVE_WITH_KNOTS('',1,(#12416,#12417),.UNSPECIFIED.,.F.,
 .F.,(2,2),(6.67802058269567,13.3555496939216),.UNSPECIFIED.);
#7541=B_SPLINE_CURVE_WITH_KNOTS('',1,(#12418,#12419),.UNSPECIFIED.,.F.,
 .F.,(2,2),(0.,18.),.UNSPECIFIED.);
#7542=B_SPLINE_CURVE_WITH_KNOTS('',1,(#12420,#12421),.UNSPECIFIED.,.F.,
 .F.,(2,2),(6.67802058269567,13.3555496939216),.UNSPECIFIED.);
#7543=B_SPLINE_CURVE_WITH_KNOTS('',1,(#12422,#12423),.UNSPECIFIED.,.F.,
 .F.,(2,2),(13.3555496939216,20.0330788051476),.UNSPECIFIED.);
#7544=B_SPLINE_CURVE_WITH_KNOTS('',1,(#12424,#12425),.UNSPECIFIED.,.F.,
 .F.,(2,2),(0.,18.),.UNSPECIFIED.);
#7545=B_SPLINE_CURVE_WITH_KNOTS('',1,(#12426,#12427),.UNSPECIFIED.,.F.,
 .F.,(2,2),(13.3555496939216,20.0330788051476),.UNSPECIFIED.);
#7546=B_SPLINE_CURVE_WITH_KNOTS('',1,(#12428,#12429),.UNSPECIFIED.,.F.,
 .F.,(2,2),(0.,8.65537546656573),.UNSPECIFIED.);
#7547=B_SPLINE_CURVE_WITH_KNOTS('',1,(#12430,#12431),.UNSPECIFIED.,.F.,
 .F.,(2,2),(0.,8.65537546656573),.UNSPECIFIED.);
#7548=B_SPLINE_CURVE_WITH_KNOTS('',1,(#12432,#12433),.UNSPECIFIED.,.F.,
 .F.,(2,2),(5.5,12.5),.UNSPECIFIED.);
#7549=B_SPLINE_CURVE_WITH_KNOTS('',1,(#12434,#12435),.UNSPECIFIED.,.F.,
 .F.,(2,2),(0.,6.67802058269567),.UNSPECIFIED.);
#7550=B_SPLINE_CURVE_WITH_KNOTS('',1,(#12436,#12437),.UNSPECIFIED.,.F.,
 .F.,(2,2),(0.,18.),.UNSPECIFIED.);
#7551=B_SPLINE_CURVE_WITH_KNOTS('',1,(#12438,#12439),.UNSPECIFIED.,.F.,
 .F.,(2,2),(0.,6.67802058269567),.UNSPECIFIED.);
#7552=B_SPLINE_CURVE_WITH_KNOTS('',1,(#12440,#12441),.UNSPECIFIED.,.F.,
 .F.,(2,2),(6.67802058269567,13.3555496939216),.UNSPECIFIED.);
#7553=B_SPLINE_CURVE_WITH_KNOTS('',1,(#12442,#12443),.UNSPECIFIED.,.F.,
 .F.,(2,2),(0.,18.),.UNSPECIFIED.);
#7554=B_SPLINE_CURVE_WITH_KNOTS('',1,(#12444,#12445),.UNSPECIFIED.,.F.,
 .F.,(2,2),(6.67802058269567,13.3555496939216),.UNSPECIFIED.);
#7555=B_SPLINE_CURVE_WITH_KNOTS('',1,(#12446,#12447),.UNSPECIFIED.,.F.,
 .F.,(2,2),(13.3555496939216,20.0330788051476),.UNSPECIFIED.);
#7556=B_SPLINE_CURVE_WITH_KNOTS('',1,(#12448,#12449),.UNSPECIFIED.,.F.,
 .F.,(2,2),(0.,18.),.UNSPECIFIED.);
#7557=B_SPLINE_CURVE_WITH_KNOTS('',1,(#12450,#12451),.UNSPECIFIED.,.F.,
 .F.,(2,2),(13.3555496939216,20.0330788051476),.UNSPECIFIED.);
#7558=B_SPLINE_CURVE_WITH_KNOTS('',1,(#12452,#12453),.UNSPECIFIED.,.F.,
 .F.,(2,2),(0.,8.65537546656573),.UNSPECIFIED.);
#7559=B_SPLINE_CURVE_WITH_KNOTS('',1,(#12454,#12455),.UNSPECIFIED.,.F.,
 .F.,(2,2),(0.,8.65537546656573),.UNSPECIFIED.);
#7560=B_SPLINE_CURVE_WITH_KNOTS('',1,(#12456,#12457),.UNSPECIFIED.,.F.,
 .F.,(2,2),(5.5,12.5),.UNSPECIFIED.);
#7561=B_SPLINE_CURVE_WITH_KNOTS('',1,(#12565,#12566),.UNSPECIFIED.,.F.,
 .F.,(2,2),(0.,18.),.UNSPECIFIED.);
#7562=B_SPLINE_CURVE_WITH_KNOTS('',1,(#12567,#12568),.UNSPECIFIED.,.F.,
 .F.,(2,2),(0.,18.),.UNSPECIFIED.);
#7563=B_SPLINE_CURVE_WITH_KNOTS('',1,(#12569,#12570),.UNSPECIFIED.,.F.,
 .F.,(2,2),(0.,18.),.UNSPECIFIED.);
#7564=B_SPLINE_CURVE_WITH_KNOTS('',1,(#12571,#12572),.UNSPECIFIED.,.F.,
 .F.,(2,2),(0.,18.),.UNSPECIFIED.);
#7565=B_SPLINE_CURVE_WITH_KNOTS('',1,(#12573,#12574),.UNSPECIFIED.,.F.,
 .F.,(2,2),(-878.383135079766,-873.138690635322),.UNSPECIFIED.);
#7566=B_SPLINE_CURVE_WITH_KNOTS('',1,(#12575,#12576),.UNSPECIFIED.,.F.,
 .F.,(2,2),(-878.383135079766,-873.138690635322),.UNSPECIFIED.);
#7567=B_SPLINE_CURVE_WITH_KNOTS('',1,(#12577,#12578),.UNSPECIFIED.,.F.,
 .F.,(2,2),(0.,15.9036140003335),.UNSPECIFIED.);
#7568=B_SPLINE_CURVE_WITH_KNOTS('',1,(#12579,#12580),.UNSPECIFIED.,.F.,
 .F.,(2,2),(440.015214617665,455.918828617999),.UNSPECIFIED.);
#7569=B_SPLINE_CURVE_WITH_KNOTS('',1,(#12581,#12582),.UNSPECIFIED.,.F.,
 .F.,(2,2),(357.515214617848,440.015214617665),.UNSPECIFIED.);
#7570=B_SPLINE_CURVE_WITH_KNOTS('',1,(#12583,#12584),.UNSPECIFIED.,.F.,
 .F.,(2,2),(353.015214617848,357.515214617848),.UNSPECIFIED.);
#7571=B_SPLINE_CURVE_WITH_KNOTS('',1,(#12585,#12586),.UNSPECIFIED.,.F.,
 .F.,(2,2),(351.015214617848,353.015214617848),.UNSPECIFIED.);
#7572=B_SPLINE_CURVE_WITH_KNOTS('',1,(#12587,#12588),.UNSPECIFIED.,.F.,
 .F.,(2,2),(348.515214617848,351.015214617848),.UNSPECIFIED.);
#7573=B_SPLINE_CURVE_WITH_KNOTS('',1,(#12589,#12590),.UNSPECIFIED.,.F.,
 .F.,(2,2),(347.515214617848,348.515214617848),.UNSPECIFIED.);
#7574=B_SPLINE_CURVE_WITH_KNOTS('',1,(#12591,#12592),.UNSPECIFIED.,.F.,
 .F.,(2,2),(345.515214617848,347.515214617848),.UNSPECIFIED.);
#7575=B_SPLINE_CURVE_WITH_KNOTS('',1,(#12593,#12594),.UNSPECIFIED.,.F.,
 .F.,(2,2),(339.250232574777,345.515214617848),.UNSPECIFIED.);
#7576=B_SPLINE_CURVE_WITH_KNOTS('',1,(#12595,#12596),.UNSPECIFIED.,.F.,
 .F.,(2,2),(336.250232574657,339.250232574777),.UNSPECIFIED.);
#7577=B_SPLINE_CURVE_WITH_KNOTS('',1,(#12597,#12598),.UNSPECIFIED.,.F.,
 .F.,(2,2),(329.985250531587,336.250232574657),.UNSPECIFIED.);
#7578=B_SPLINE_CURVE_WITH_KNOTS('',1,(#12599,#12600),.UNSPECIFIED.,.F.,
 .F.,(2,2),(246.485250531587,329.985250531587),.UNSPECIFIED.);
#7579=B_SPLINE_CURVE_WITH_KNOTS('',1,(#12601,#12602),.UNSPECIFIED.,.F.,
 .F.,(2,2),(230.581636531253,246.485250531587),.UNSPECIFIED.);
#7580=B_SPLINE_CURVE_WITH_KNOTS('',1,(#12603,#12604),.UNSPECIFIED.,.F.,
 .F.,(2,2),(209.433578086475,225.337192086809),.UNSPECIFIED.);
#7581=B_SPLINE_CURVE_WITH_KNOTS('',1,(#12605,#12606),.UNSPECIFIED.,.F.,
 .F.,(2,2),(125.933578086475,209.433578086475),.UNSPECIFIED.);
#7582=B_SPLINE_CURVE_WITH_KNOTS('',1,(#12607,#12608),.UNSPECIFIED.,.F.,
 .F.,(2,2),(119.668596043404,125.933578086475),.UNSPECIFIED.);
#7583=B_SPLINE_CURVE_WITH_KNOTS('',1,(#12609,#12610),.UNSPECIFIED.,.F.,
 .F.,(2,2),(116.668596043404,119.668596043404),.UNSPECIFIED.);
#7584=B_SPLINE_CURVE_WITH_KNOTS('',1,(#12611,#12612),.UNSPECIFIED.,.F.,
 .F.,(2,2),(110.403614000333,116.668596043404),.UNSPECIFIED.);
#7585=B_SPLINE_CURVE_WITH_KNOTS('',1,(#12613,#12614),.UNSPECIFIED.,.F.,
 .F.,(2,2),(108.403614000333,110.403614000333),.UNSPECIFIED.);
#7586=B_SPLINE_CURVE_WITH_KNOTS('',1,(#12615,#12616),.UNSPECIFIED.,.F.,
 .F.,(2,2),(107.403614000333,108.403614000333),.UNSPECIFIED.);
#7587=B_SPLINE_CURVE_WITH_KNOTS('',1,(#12617,#12618),.UNSPECIFIED.,.F.,
 .F.,(2,2),(104.903614000333,107.403614000333),.UNSPECIFIED.);
#7588=B_SPLINE_CURVE_WITH_KNOTS('',1,(#12619,#12620),.UNSPECIFIED.,.F.,
 .F.,(2,2),(102.903614000333,104.903614000333),.UNSPECIFIED.);
#7589=B_SPLINE_CURVE_WITH_KNOTS('',1,(#12621,#12622),.UNSPECIFIED.,.F.,
 .F.,(2,2),(98.4036140003335,102.903614000333),.UNSPECIFIED.);
#7590=B_SPLINE_CURVE_WITH_KNOTS('',1,(#12623,#12624),.UNSPECIFIED.,.F.,
 .F.,(2,2),(15.9036140003335,98.4036140003335),.UNSPECIFIED.);
#7591=B_SPLINE_CURVE_WITH_KNOTS('',1,(#12625,#12626),.UNSPECIFIED.,.F.,
 .F.,(2,2),(0.,0.499999999999943),.UNSPECIFIED.);
#7592=B_SPLINE_CURVE_WITH_KNOTS('',1,(#12627,#12628),.UNSPECIFIED.,.F.,
 .F.,(2,2),(191.506418078556,193.506418078556),.UNSPECIFIED.);
#7593=B_SPLINE_CURVE_WITH_KNOTS('',1,(#12629,#12630),.UNSPECIFIED.,.F.,
 .F.,(2,2),(191.006418078556,191.506418078556),.UNSPECIFIED.);
#7594=B_SPLINE_CURVE_WITH_KNOTS('',1,(#12631,#12632),.UNSPECIFIED.,.F.,
 .F.,(2,2),(184.741436035485,191.006418078556),.UNSPECIFIED.);
#7595=B_SPLINE_CURVE_WITH_KNOTS('',1,(#12633,#12634),.UNSPECIFIED.,.F.,
 .F.,(2,2),(181.741436035485,184.741436035485),.UNSPECIFIED.);
#7596=B_SPLINE_CURVE_WITH_KNOTS('',1,(#12635,#12636),.UNSPECIFIED.,.F.,
 .F.,(2,2),(175.476453992414,181.741436035485),.UNSPECIFIED.);
#7597=B_SPLINE_CURVE_WITH_KNOTS('',1,(#12637,#12638),.UNSPECIFIED.,.F.,
 .F.,(2,2),(102.644403184846,175.476453992414),.UNSPECIFIED.);
#7598=B_SPLINE_CURVE_WITH_KNOTS('',1,(#12639,#12640),.UNSPECIFIED.,.F.,
 .F.,(2,2),(99.5637208159657,102.644403184846),.UNSPECIFIED.);
#7599=B_SPLINE_CURVE_WITH_KNOTS('',1,(#12641,#12642),.UNSPECIFIED.,.F.,
 .F.,(2,2),(97.0233796315234,99.5637208159657),.UNSPECIFIED.);
#7600=B_SPLINE_CURVE_WITH_KNOTS('',1,(#12643,#12644),.UNSPECIFIED.,.F.,
 .F.,(2,2),(94.4830384470811,97.0233796315234),.UNSPECIFIED.);
#7601=B_SPLINE_CURVE_WITH_KNOTS('',1,(#12645,#12646),.UNSPECIFIED.,.F.,
 .F.,(2,2),(91.9426972626388,94.4830384470811),.UNSPECIFIED.);
#7602=B_SPLINE_CURVE_WITH_KNOTS('',1,(#12647,#12648),.UNSPECIFIED.,.F.,
 .F.,(2,2),(88.8620148937729,91.9426972626388),.UNSPECIFIED.);
#7603=B_SPLINE_CURVE_WITH_KNOTS('',1,(#12649,#12650),.UNSPECIFIED.,.F.,
 .F.,(2,2),(16.0299640862159,88.8620148937729),.UNSPECIFIED.);
#7604=B_SPLINE_CURVE_WITH_KNOTS('',1,(#12651,#12652),.UNSPECIFIED.,.F.,
 .F.,(2,2),(9.76498204314507,16.0299640862159),.UNSPECIFIED.);
#7605=B_SPLINE_CURVE_WITH_KNOTS('',1,(#12653,#12654),.UNSPECIFIED.,.F.,
 .F.,(2,2),(6.76498204307081,9.76498204314507),.UNSPECIFIED.);
#7606=B_SPLINE_CURVE_WITH_KNOTS('',1,(#12655,#12656),.UNSPECIFIED.,.F.,
 .F.,(2,2),(0.499999999999943,6.76498204307081),.UNSPECIFIED.);
#7607=B_SPLINE_CURVE_WITH_KNOTS('',1,(#12657,#12658),.UNSPECIFIED.,.F.,
 .F.,(2,2),(0.,2.54034118444231),.UNSPECIFIED.);
#7608=B_SPLINE_CURVE_WITH_KNOTS('',1,(#12659,#12660),.UNSPECIFIED.,.F.,
 .F.,(2,2),(155.906148721768,158.44648990621),.UNSPECIFIED.);
#7609=B_SPLINE_CURVE_WITH_KNOTS('',1,(#12661,#12662),.UNSPECIFIED.,.F.,
 .F.,(2,2),(153.365807537325,155.906148721768),.UNSPECIFIED.);
#7610=B_SPLINE_CURVE_WITH_KNOTS('',1,(#12663,#12664),.UNSPECIFIED.,.F.,
 .F.,(2,2),(150.285125168445,153.365807537325),.UNSPECIFIED.);
#7611=B_SPLINE_CURVE_WITH_KNOTS('',1,(#12665,#12666),.UNSPECIFIED.,.F.,
 .F.,(2,2),(78.9530743608767,150.285125168445),.UNSPECIFIED.);
#7612=B_SPLINE_CURVE_WITH_KNOTS('',1,(#12667,#12668),.UNSPECIFIED.,.F.,
 .F.,(2,2),(76.9530743608767,78.9530743608767),.UNSPECIFIED.);
#7613=B_SPLINE_CURVE_WITH_KNOTS('',1,(#12669,#12670),.UNSPECIFIED.,.F.,
 .F.,(2,2),(5.62102355330828,76.9530743608767),.UNSPECIFIED.);
#7614=B_SPLINE_CURVE_WITH_KNOTS('',1,(#12671,#12672),.UNSPECIFIED.,.F.,
 .F.,(2,2),(2.54034118444231,5.62102355330828),.UNSPECIFIED.);
#7615=B_SPLINE_CURVE_WITH_KNOTS('',1,(#12673,#12674),.UNSPECIFIED.,.F.,
 .F.,(2,2),(0.,3.40000000000002),.UNSPECIFIED.);
#7616=B_SPLINE_CURVE_WITH_KNOTS('',1,(#12675,#12676),.UNSPECIFIED.,.F.,
 .F.,(2,2),(-3.40000000000001,0.),.UNSPECIFIED.);
#7617=B_SPLINE_CURVE_WITH_KNOTS('',1,(#12677,#12678),.UNSPECIFIED.,.F.,
 .F.,(2,2),(-3.39999999999999,1.77635683940025E-14),.UNSPECIFIED.);
#7618=B_SPLINE_CURVE_WITH_KNOTS('',1,(#12679,#12680),.UNSPECIFIED.,.F.,
 .F.,(2,2),(-3.4,3.5527136788005E-15),.UNSPECIFIED.);
#7619=B_SPLINE_CURVE_WITH_KNOTS('',1,(#12681,#12682),.UNSPECIFIED.,.F.,
 .F.,(2,2),(0.,6.67802058269567),.UNSPECIFIED.);
#7620=B_SPLINE_CURVE_WITH_KNOTS('',1,(#12683,#12684),.UNSPECIFIED.,.F.,
 .F.,(2,2),(0.,18.),.UNSPECIFIED.);
#7621=B_SPLINE_CURVE_WITH_KNOTS('',1,(#12685,#12686),.UNSPECIFIED.,.F.,
 .F.,(2,2),(0.,6.67802058269567),.UNSPECIFIED.);
#7622=B_SPLINE_CURVE_WITH_KNOTS('',1,(#12687,#12688),.UNSPECIFIED.,.F.,
 .F.,(2,2),(6.67802058269567,13.3555496939216),.UNSPECIFIED.);
#7623=B_SPLINE_CURVE_WITH_KNOTS('',1,(#12689,#12690),.UNSPECIFIED.,.F.,
 .F.,(2,2),(0.,18.),.UNSPECIFIED.);
#7624=B_SPLINE_CURVE_WITH_KNOTS('',1,(#12691,#12692),.UNSPECIFIED.,.F.,
 .F.,(2,2),(6.67802058269567,13.3555496939216),.UNSPECIFIED.);
#7625=B_SPLINE_CURVE_WITH_KNOTS('',1,(#12693,#12694),.UNSPECIFIED.,.F.,
 .F.,(2,2),(13.3555496939216,20.0330788051476),.UNSPECIFIED.);
#7626=B_SPLINE_CURVE_WITH_KNOTS('',1,(#12695,#12696),.UNSPECIFIED.,.F.,
 .F.,(2,2),(0.,18.),.UNSPECIFIED.);
#7627=B_SPLINE_CURVE_WITH_KNOTS('',1,(#12697,#12698),.UNSPECIFIED.,.F.,
 .F.,(2,2),(13.3555496939216,20.0330788051476),.UNSPECIFIED.);
#7628=B_SPLINE_CURVE_WITH_KNOTS('',1,(#12699,#12700),.UNSPECIFIED.,.F.,
 .F.,(2,2),(0.,8.65537546656573),.UNSPECIFIED.);
#7629=B_SPLINE_CURVE_WITH_KNOTS('',1,(#12701,#12702),.UNSPECIFIED.,.F.,
 .F.,(2,2),(0.,8.65537546656573),.UNSPECIFIED.);
#7630=B_SPLINE_CURVE_WITH_KNOTS('',1,(#12703,#12704),.UNSPECIFIED.,.F.,
 .F.,(2,2),(5.5,12.5),.UNSPECIFIED.);
#7631=B_SPLINE_CURVE_WITH_KNOTS('',1,(#12705,#12706),.UNSPECIFIED.,.F.,
 .F.,(2,2),(0.,6.67802058269567),.UNSPECIFIED.);
#7632=B_SPLINE_CURVE_WITH_KNOTS('',1,(#12707,#12708),.UNSPECIFIED.,.F.,
 .F.,(2,2),(0.,18.),.UNSPECIFIED.);
#7633=B_SPLINE_CURVE_WITH_KNOTS('',1,(#12709,#12710),.UNSPECIFIED.,.F.,
 .F.,(2,2),(0.,6.67802058269567),.UNSPECIFIED.);
#7634=B_SPLINE_CURVE_WITH_KNOTS('',1,(#12711,#12712),.UNSPECIFIED.,.F.,
 .F.,(2,2),(6.67802058269567,13.3555496939216),.UNSPECIFIED.);
#7635=B_SPLINE_CURVE_WITH_KNOTS('',1,(#12713,#12714),.UNSPECIFIED.,.F.,
 .F.,(2,2),(0.,18.),.UNSPECIFIED.);
#7636=B_SPLINE_CURVE_WITH_KNOTS('',1,(#12715,#12716),.UNSPECIFIED.,.F.,
 .F.,(2,2),(6.67802058269567,13.3555496939216),.UNSPECIFIED.);
#7637=B_SPLINE_CURVE_WITH_KNOTS('',1,(#12717,#12718),.UNSPECIFIED.,.F.,
 .F.,(2,2),(13.3555496939216,20.0330788051476),.UNSPECIFIED.);
#7638=B_SPLINE_CURVE_WITH_KNOTS('',1,(#12719,#12720),.UNSPECIFIED.,.F.,
 .F.,(2,2),(0.,18.),.UNSPECIFIED.);
#7639=B_SPLINE_CURVE_WITH_KNOTS('',1,(#12721,#12722),.UNSPECIFIED.,.F.,
 .F.,(2,2),(13.3555496939216,20.0330788051476),.UNSPECIFIED.);
#7640=B_SPLINE_CURVE_WITH_KNOTS('',1,(#12723,#12724),.UNSPECIFIED.,.F.,
 .F.,(2,2),(0.,8.65537546656573),.UNSPECIFIED.);
#7641=B_SPLINE_CURVE_WITH_KNOTS('',1,(#12725,#12726),.UNSPECIFIED.,.F.,
 .F.,(2,2),(0.,8.65537546656573),.UNSPECIFIED.);
#7642=B_SPLINE_CURVE_WITH_KNOTS('',1,(#12727,#12728),.UNSPECIFIED.,.F.,
 .F.,(2,2),(5.5,12.5),.UNSPECIFIED.);
#7643=B_SPLINE_CURVE_WITH_KNOTS('',1,(#12729,#12730),.UNSPECIFIED.,.F.,
 .F.,(2,2),(0.,6.67802058269567),.UNSPECIFIED.);
#7644=B_SPLINE_CURVE_WITH_KNOTS('',1,(#12731,#12732),.UNSPECIFIED.,.F.,
 .F.,(2,2),(0.,18.),.UNSPECIFIED.);
#7645=B_SPLINE_CURVE_WITH_KNOTS('',1,(#12733,#12734),.UNSPECIFIED.,.F.,
 .F.,(2,2),(0.,6.67802058269567),.UNSPECIFIED.);
#7646=B_SPLINE_CURVE_WITH_KNOTS('',1,(#12735,#12736),.UNSPECIFIED.,.F.,
 .F.,(2,2),(6.67802058269567,13.3555496939216),.UNSPECIFIED.);
#7647=B_SPLINE_CURVE_WITH_KNOTS('',1,(#12737,#12738),.UNSPECIFIED.,.F.,
 .F.,(2,2),(0.,18.),.UNSPECIFIED.);
#7648=B_SPLINE_CURVE_WITH_KNOTS('',1,(#12739,#12740),.UNSPECIFIED.,.F.,
 .F.,(2,2),(6.67802058269567,13.3555496939216),.UNSPECIFIED.);
#7649=B_SPLINE_CURVE_WITH_KNOTS('',1,(#12741,#12742),.UNSPECIFIED.,.F.,
 .F.,(2,2),(13.3555496939216,20.0330788051476),.UNSPECIFIED.);
#7650=B_SPLINE_CURVE_WITH_KNOTS('',1,(#12743,#12744),.UNSPECIFIED.,.F.,
 .F.,(2,2),(0.,18.),.UNSPECIFIED.);
#7651=B_SPLINE_CURVE_WITH_KNOTS('',1,(#12745,#12746),.UNSPECIFIED.,.F.,
 .F.,(2,2),(13.3555496939216,20.0330788051476),.UNSPECIFIED.);
#7652=B_SPLINE_CURVE_WITH_KNOTS('',1,(#12747,#12748),.UNSPECIFIED.,.F.,
 .F.,(2,2),(0.,8.65537546656573),.UNSPECIFIED.);
#7653=B_SPLINE_CURVE_WITH_KNOTS('',1,(#12749,#12750),.UNSPECIFIED.,.F.,
 .F.,(2,2),(0.,8.65537546656573),.UNSPECIFIED.);
#7654=B_SPLINE_CURVE_WITH_KNOTS('',1,(#12751,#12752),.UNSPECIFIED.,.F.,
 .F.,(2,2),(5.5,12.5),.UNSPECIFIED.);
#7655=B_SPLINE_CURVE_WITH_KNOTS('',1,(#12753,#12754),.UNSPECIFIED.,.F.,
 .F.,(2,2),(0.,6.67802058269567),.UNSPECIFIED.);
#7656=B_SPLINE_CURVE_WITH_KNOTS('',1,(#12755,#12756),.UNSPECIFIED.,.F.,
 .F.,(2,2),(0.,18.),.UNSPECIFIED.);
#7657=B_SPLINE_CURVE_WITH_KNOTS('',1,(#12757,#12758),.UNSPECIFIED.,.F.,
 .F.,(2,2),(0.,6.67802058269567),.UNSPECIFIED.);
#7658=B_SPLINE_CURVE_WITH_KNOTS('',1,(#12759,#12760),.UNSPECIFIED.,.F.,
 .F.,(2,2),(6.67802058269567,13.3555496939216),.UNSPECIFIED.);
#7659=B_SPLINE_CURVE_WITH_KNOTS('',1,(#12761,#12762),.UNSPECIFIED.,.F.,
 .F.,(2,2),(0.,18.),.UNSPECIFIED.);
#7660=B_SPLINE_CURVE_WITH_KNOTS('',1,(#12763,#12764),.UNSPECIFIED.,.F.,
 .F.,(2,2),(6.67802058269567,13.3555496939216),.UNSPECIFIED.);
#7661=B_SPLINE_CURVE_WITH_KNOTS('',1,(#12765,#12766),.UNSPECIFIED.,.F.,
 .F.,(2,2),(13.3555496939216,20.0330788051476),.UNSPECIFIED.);
#7662=B_SPLINE_CURVE_WITH_KNOTS('',1,(#12767,#12768),.UNSPECIFIED.,.F.,
 .F.,(2,2),(0.,18.),.UNSPECIFIED.);
#7663=B_SPLINE_CURVE_WITH_KNOTS('',1,(#12769,#12770),.UNSPECIFIED.,.F.,
 .F.,(2,2),(13.3555496939216,20.0330788051476),.UNSPECIFIED.);
#7664=B_SPLINE_CURVE_WITH_KNOTS('',1,(#12771,#12772),.UNSPECIFIED.,.F.,
 .F.,(2,2),(0.,8.65537546656573),.UNSPECIFIED.);
#7665=B_SPLINE_CURVE_WITH_KNOTS('',1,(#12773,#12774),.UNSPECIFIED.,.F.,
 .F.,(2,2),(0.,8.65537546656573),.UNSPECIFIED.);
#7666=B_SPLINE_CURVE_WITH_KNOTS('',1,(#12775,#12776),.UNSPECIFIED.,.F.,
 .F.,(2,2),(5.5,12.5),.UNSPECIFIED.);
#7667=B_SPLINE_CURVE_WITH_KNOTS('',1,(#12884,#12885),.UNSPECIFIED.,.F.,
 .F.,(2,2),(0.,18.),.UNSPECIFIED.);
#7668=B_SPLINE_CURVE_WITH_KNOTS('',1,(#12886,#12887),.UNSPECIFIED.,.F.,
 .F.,(2,2),(0.,18.),.UNSPECIFIED.);
#7669=B_SPLINE_CURVE_WITH_KNOTS('',1,(#12888,#12889),.UNSPECIFIED.,.F.,
 .F.,(2,2),(0.,18.),.UNSPECIFIED.);
#7670=B_SPLINE_CURVE_WITH_KNOTS('',1,(#12890,#12891),.UNSPECIFIED.,.F.,
 .F.,(2,2),(0.,18.),.UNSPECIFIED.);
#7671=B_SPLINE_CURVE_WITH_KNOTS('',1,(#12892,#12893),.UNSPECIFIED.,.F.,
 .F.,(2,2),(-878.383135079766,-873.138690635322),.UNSPECIFIED.);
#7672=B_SPLINE_CURVE_WITH_KNOTS('',1,(#12894,#12895),.UNSPECIFIED.,.F.,
 .F.,(2,2),(-878.383135079766,-873.138690635322),.UNSPECIFIED.);
#7673=B_SPLINE_CURVE_WITH_KNOTS('',1,(#12896,#12897),.UNSPECIFIED.,.F.,
 .F.,(2,2),(0.,15.9036140003335),.UNSPECIFIED.);
#7674=B_SPLINE_CURVE_WITH_KNOTS('',1,(#12898,#12899),.UNSPECIFIED.,.F.,
 .F.,(2,2),(440.015214617665,455.918828617999),.UNSPECIFIED.);
#7675=B_SPLINE_CURVE_WITH_KNOTS('',1,(#12900,#12901),.UNSPECIFIED.,.F.,
 .F.,(2,2),(357.515214617848,440.015214617665),.UNSPECIFIED.);
#7676=B_SPLINE_CURVE_WITH_KNOTS('',1,(#12902,#12903),.UNSPECIFIED.,.F.,
 .F.,(2,2),(353.015214617848,357.515214617848),.UNSPECIFIED.);
#7677=B_SPLINE_CURVE_WITH_KNOTS('',1,(#12904,#12905),.UNSPECIFIED.,.F.,
 .F.,(2,2),(351.015214617848,353.015214617848),.UNSPECIFIED.);
#7678=B_SPLINE_CURVE_WITH_KNOTS('',1,(#12906,#12907),.UNSPECIFIED.,.F.,
 .F.,(2,2),(348.515214617848,351.015214617848),.UNSPECIFIED.);
#7679=B_SPLINE_CURVE_WITH_KNOTS('',1,(#12908,#12909),.UNSPECIFIED.,.F.,
 .F.,(2,2),(347.515214617848,348.515214617848),.UNSPECIFIED.);
#7680=B_SPLINE_CURVE_WITH_KNOTS('',1,(#12910,#12911),.UNSPECIFIED.,.F.,
 .F.,(2,2),(345.515214617848,347.515214617848),.UNSPECIFIED.);
#7681=B_SPLINE_CURVE_WITH_KNOTS('',1,(#12912,#12913),.UNSPECIFIED.,.F.,
 .F.,(2,2),(339.250232574777,345.515214617848),.UNSPECIFIED.);
#7682=B_SPLINE_CURVE_WITH_KNOTS('',1,(#12914,#12915),.UNSPECIFIED.,.F.,
 .F.,(2,2),(336.250232574657,339.250232574777),.UNSPECIFIED.);
#7683=B_SPLINE_CURVE_WITH_KNOTS('',1,(#12916,#12917),.UNSPECIFIED.,.F.,
 .F.,(2,2),(329.985250531587,336.250232574657),.UNSPECIFIED.);
#7684=B_SPLINE_CURVE_WITH_KNOTS('',1,(#12918,#12919),.UNSPECIFIED.,.F.,
 .F.,(2,2),(246.485250531587,329.985250531587),.UNSPECIFIED.);
#7685=B_SPLINE_CURVE_WITH_KNOTS('',1,(#12920,#12921),.UNSPECIFIED.,.F.,
 .F.,(2,2),(230.581636531253,246.485250531587),.UNSPECIFIED.);
#7686=B_SPLINE_CURVE_WITH_KNOTS('',1,(#12922,#12923),.UNSPECIFIED.,.F.,
 .F.,(2,2),(209.433578086475,225.337192086809),.UNSPECIFIED.);
#7687=B_SPLINE_CURVE_WITH_KNOTS('',1,(#12924,#12925),.UNSPECIFIED.,.F.,
 .F.,(2,2),(125.933578086475,209.433578086475),.UNSPECIFIED.);
#7688=B_SPLINE_CURVE_WITH_KNOTS('',1,(#12926,#12927),.UNSPECIFIED.,.F.,
 .F.,(2,2),(119.668596043404,125.933578086475),.UNSPECIFIED.);
#7689=B_SPLINE_CURVE_WITH_KNOTS('',1,(#12928,#12929),.UNSPECIFIED.,.F.,
 .F.,(2,2),(116.668596043404,119.668596043404),.UNSPECIFIED.);
#7690=B_SPLINE_CURVE_WITH_KNOTS('',1,(#12930,#12931),.UNSPECIFIED.,.F.,
 .F.,(2,2),(110.403614000333,116.668596043404),.UNSPECIFIED.);
#7691=B_SPLINE_CURVE_WITH_KNOTS('',1,(#12932,#12933),.UNSPECIFIED.,.F.,
 .F.,(2,2),(108.403614000333,110.403614000333),.UNSPECIFIED.);
#7692=B_SPLINE_CURVE_WITH_KNOTS('',1,(#12934,#12935),.UNSPECIFIED.,.F.,
 .F.,(2,2),(107.403614000333,108.403614000333),.UNSPECIFIED.);
#7693=B_SPLINE_CURVE_WITH_KNOTS('',1,(#12936,#12937),.UNSPECIFIED.,.F.,
 .F.,(2,2),(104.903614000333,107.403614000333),.UNSPECIFIED.);
#7694=B_SPLINE_CURVE_WITH_KNOTS('',1,(#12938,#12939),.UNSPECIFIED.,.F.,
 .F.,(2,2),(102.903614000333,104.903614000333),.UNSPECIFIED.);
#7695=B_SPLINE_CURVE_WITH_KNOTS('',1,(#12940,#12941),.UNSPECIFIED.,.F.,
 .F.,(2,2),(98.4036140003335,102.903614000333),.UNSPECIFIED.);
#7696=B_SPLINE_CURVE_WITH_KNOTS('',1,(#12942,#12943),.UNSPECIFIED.,.F.,
 .F.,(2,2),(15.9036140003335,98.4036140003335),.UNSPECIFIED.);
#7697=B_SPLINE_CURVE_WITH_KNOTS('',1,(#12944,#12945),.UNSPECIFIED.,.F.,
 .F.,(2,2),(0.,0.499999999999943),.UNSPECIFIED.);
#7698=B_SPLINE_CURVE_WITH_KNOTS('',1,(#12946,#12947),.UNSPECIFIED.,.F.,
 .F.,(2,2),(191.506418078556,193.506418078556),.UNSPECIFIED.);
#7699=B_SPLINE_CURVE_WITH_KNOTS('',1,(#12948,#12949),.UNSPECIFIED.,.F.,
 .F.,(2,2),(191.006418078556,191.506418078556),.UNSPECIFIED.);
#7700=B_SPLINE_CURVE_WITH_KNOTS('',1,(#12950,#12951),.UNSPECIFIED.,.F.,
 .F.,(2,2),(184.741436035485,191.006418078556),.UNSPECIFIED.);
#7701=B_SPLINE_CURVE_WITH_KNOTS('',1,(#12952,#12953),.UNSPECIFIED.,.F.,
 .F.,(2,2),(181.741436035485,184.741436035485),.UNSPECIFIED.);
#7702=B_SPLINE_CURVE_WITH_KNOTS('',1,(#12954,#12955),.UNSPECIFIED.,.F.,
 .F.,(2,2),(175.476453992414,181.741436035485),.UNSPECIFIED.);
#7703=B_SPLINE_CURVE_WITH_KNOTS('',1,(#12956,#12957),.UNSPECIFIED.,.F.,
 .F.,(2,2),(102.644403184846,175.476453992414),.UNSPECIFIED.);
#7704=B_SPLINE_CURVE_WITH_KNOTS('',1,(#12958,#12959),.UNSPECIFIED.,.F.,
 .F.,(2,2),(99.5637208159657,102.644403184846),.UNSPECIFIED.);
#7705=B_SPLINE_CURVE_WITH_KNOTS('',1,(#12960,#12961),.UNSPECIFIED.,.F.,
 .F.,(2,2),(97.0233796315234,99.5637208159657),.UNSPECIFIED.);
#7706=B_SPLINE_CURVE_WITH_KNOTS('',1,(#12962,#12963),.UNSPECIFIED.,.F.,
 .F.,(2,2),(94.4830384470811,97.0233796315234),.UNSPECIFIED.);
#7707=B_SPLINE_CURVE_WITH_KNOTS('',1,(#12964,#12965),.UNSPECIFIED.,.F.,
 .F.,(2,2),(91.9426972626388,94.4830384470811),.UNSPECIFIED.);
#7708=B_SPLINE_CURVE_WITH_KNOTS('',1,(#12966,#12967),.UNSPECIFIED.,.F.,
 .F.,(2,2),(88.8620148937729,91.9426972626388),.UNSPECIFIED.);
#7709=B_SPLINE_CURVE_WITH_KNOTS('',1,(#12968,#12969),.UNSPECIFIED.,.F.,
 .F.,(2,2),(16.0299640862159,88.8620148937729),.UNSPECIFIED.);
#7710=B_SPLINE_CURVE_WITH_KNOTS('',1,(#12970,#12971),.UNSPECIFIED.,.F.,
 .F.,(2,2),(9.76498204314507,16.0299640862159),.UNSPECIFIED.);
#7711=B_SPLINE_CURVE_WITH_KNOTS('',1,(#12972,#12973),.UNSPECIFIED.,.F.,
 .F.,(2,2),(6.76498204307081,9.76498204314507),.UNSPECIFIED.);
#7712=B_SPLINE_CURVE_WITH_KNOTS('',1,(#12974,#12975),.UNSPECIFIED.,.F.,
 .F.,(2,2),(0.499999999999943,6.76498204307081),.UNSPECIFIED.);
#7713=B_SPLINE_CURVE_WITH_KNOTS('',1,(#12976,#12977),.UNSPECIFIED.,.F.,
 .F.,(2,2),(0.,2.54034118444231),.UNSPECIFIED.);
#7714=B_SPLINE_CURVE_WITH_KNOTS('',1,(#12978,#12979),.UNSPECIFIED.,.F.,
 .F.,(2,2),(155.906148721768,158.44648990621),.UNSPECIFIED.);
#7715=B_SPLINE_CURVE_WITH_KNOTS('',1,(#12980,#12981),.UNSPECIFIED.,.F.,
 .F.,(2,2),(153.365807537325,155.906148721768),.UNSPECIFIED.);
#7716=B_SPLINE_CURVE_WITH_KNOTS('',1,(#12982,#12983),.UNSPECIFIED.,.F.,
 .F.,(2,2),(150.285125168445,153.365807537325),.UNSPECIFIED.);
#7717=B_SPLINE_CURVE_WITH_KNOTS('',1,(#12984,#12985),.UNSPECIFIED.,.F.,
 .F.,(2,2),(78.9530743608767,150.285125168445),.UNSPECIFIED.);
#7718=B_SPLINE_CURVE_WITH_KNOTS('',1,(#12986,#12987),.UNSPECIFIED.,.F.,
 .F.,(2,2),(76.9530743608767,78.9530743608767),.UNSPECIFIED.);
#7719=B_SPLINE_CURVE_WITH_KNOTS('',1,(#12988,#12989),.UNSPECIFIED.,.F.,
 .F.,(2,2),(5.62102355330828,76.9530743608767),.UNSPECIFIED.);
#7720=B_SPLINE_CURVE_WITH_KNOTS('',1,(#12990,#12991),.UNSPECIFIED.,.F.,
 .F.,(2,2),(2.54034118444231,5.62102355330828),.UNSPECIFIED.);
#7721=B_SPLINE_CURVE_WITH_KNOTS('',1,(#12992,#12993),.UNSPECIFIED.,.F.,
 .F.,(2,2),(0.,3.40000000000002),.UNSPECIFIED.);
#7722=B_SPLINE_CURVE_WITH_KNOTS('',1,(#12994,#12995),.UNSPECIFIED.,.F.,
 .F.,(2,2),(-3.40000000000001,0.),.UNSPECIFIED.);
#7723=B_SPLINE_CURVE_WITH_KNOTS('',1,(#12996,#12997),.UNSPECIFIED.,.F.,
 .F.,(2,2),(-3.39999999999999,1.77635683940025E-14),.UNSPECIFIED.);
#7724=B_SPLINE_CURVE_WITH_KNOTS('',1,(#12998,#12999),.UNSPECIFIED.,.F.,
 .F.,(2,2),(-3.4,3.5527136788005E-15),.UNSPECIFIED.);
#7725=B_SPLINE_CURVE_WITH_KNOTS('',1,(#13000,#13001),.UNSPECIFIED.,.F.,
 .F.,(2,2),(0.,6.67802058269567),.UNSPECIFIED.);
#7726=B_SPLINE_CURVE_WITH_KNOTS('',1,(#13002,#13003),.UNSPECIFIED.,.F.,
 .F.,(2,2),(0.,18.),.UNSPECIFIED.);
#7727=B_SPLINE_CURVE_WITH_KNOTS('',1,(#13004,#13005),.UNSPECIFIED.,.F.,
 .F.,(2,2),(0.,6.67802058269567),.UNSPECIFIED.);
#7728=B_SPLINE_CURVE_WITH_KNOTS('',1,(#13006,#13007),.UNSPECIFIED.,.F.,
 .F.,(2,2),(6.67802058269567,13.3555496939216),.UNSPECIFIED.);
#7729=B_SPLINE_CURVE_WITH_KNOTS('',1,(#13008,#13009),.UNSPECIFIED.,.F.,
 .F.,(2,2),(0.,18.),.UNSPECIFIED.);
#7730=B_SPLINE_CURVE_WITH_KNOTS('',1,(#13010,#13011),.UNSPECIFIED.,.F.,
 .F.,(2,2),(6.67802058269567,13.3555496939216),.UNSPECIFIED.);
#7731=B_SPLINE_CURVE_WITH_KNOTS('',1,(#13012,#13013),.UNSPECIFIED.,.F.,
 .F.,(2,2),(13.3555496939216,20.0330788051476),.UNSPECIFIED.);
#7732=B_SPLINE_CURVE_WITH_KNOTS('',1,(#13014,#13015),.UNSPECIFIED.,.F.,
 .F.,(2,2),(0.,18.),.UNSPECIFIED.);
#7733=B_SPLINE_CURVE_WITH_KNOTS('',1,(#13016,#13017),.UNSPECIFIED.,.F.,
 .F.,(2,2),(13.3555496939216,20.0330788051476),.UNSPECIFIED.);
#7734=B_SPLINE_CURVE_WITH_KNOTS('',1,(#13018,#13019),.UNSPECIFIED.,.F.,
 .F.,(2,2),(0.,8.65537546656573),.UNSPECIFIED.);
#7735=B_SPLINE_CURVE_WITH_KNOTS('',1,(#13020,#13021),.UNSPECIFIED.,.F.,
 .F.,(2,2),(0.,8.65537546656573),.UNSPECIFIED.);
#7736=B_SPLINE_CURVE_WITH_KNOTS('',1,(#13022,#13023),.UNSPECIFIED.,.F.,
 .F.,(2,2),(5.5,12.5),.UNSPECIFIED.);
#7737=B_SPLINE_CURVE_WITH_KNOTS('',1,(#13024,#13025),.UNSPECIFIED.,.F.,
 .F.,(2,2),(0.,6.67802058269567),.UNSPECIFIED.);
#7738=B_SPLINE_CURVE_WITH_KNOTS('',1,(#13026,#13027),.UNSPECIFIED.,.F.,
 .F.,(2,2),(0.,18.),.UNSPECIFIED.);
#7739=B_SPLINE_CURVE_WITH_KNOTS('',1,(#13028,#13029),.UNSPECIFIED.,.F.,
 .F.,(2,2),(0.,6.67802058269567),.UNSPECIFIED.);
#7740=B_SPLINE_CURVE_WITH_KNOTS('',1,(#13030,#13031),.UNSPECIFIED.,.F.,
 .F.,(2,2),(6.67802058269567,13.3555496939216),.UNSPECIFIED.);
#7741=B_SPLINE_CURVE_WITH_KNOTS('',1,(#13032,#13033),.UNSPECIFIED.,.F.,
 .F.,(2,2),(0.,18.),.UNSPECIFIED.);
#7742=B_SPLINE_CURVE_WITH_KNOTS('',1,(#13034,#13035),.UNSPECIFIED.,.F.,
 .F.,(2,2),(6.67802058269567,13.3555496939216),.UNSPECIFIED.);
#7743=B_SPLINE_CURVE_WITH_KNOTS('',1,(#13036,#13037),.UNSPECIFIED.,.F.,
 .F.,(2,2),(13.3555496939216,20.0330788051476),.UNSPECIFIED.);
#7744=B_SPLINE_CURVE_WITH_KNOTS('',1,(#13038,#13039),.UNSPECIFIED.,.F.,
 .F.,(2,2),(0.,18.),.UNSPECIFIED.);
#7745=B_SPLINE_CURVE_WITH_KNOTS('',1,(#13040,#13041),.UNSPECIFIED.,.F.,
 .F.,(2,2),(13.3555496939216,20.0330788051476),.UNSPECIFIED.);
#7746=B_SPLINE_CURVE_WITH_KNOTS('',1,(#13042,#13043),.UNSPECIFIED.,.F.,
 .F.,(2,2),(0.,8.65537546656573),.UNSPECIFIED.);
#7747=B_SPLINE_CURVE_WITH_KNOTS('',1,(#13044,#13045),.UNSPECIFIED.,.F.,
 .F.,(2,2),(0.,8.65537546656573),.UNSPECIFIED.);
#7748=B_SPLINE_CURVE_WITH_KNOTS('',1,(#13046,#13047),.UNSPECIFIED.,.F.,
 .F.,(2,2),(5.5,12.5),.UNSPECIFIED.);
#7749=B_SPLINE_CURVE_WITH_KNOTS('',1,(#13048,#13049),.UNSPECIFIED.,.F.,
 .F.,(2,2),(0.,6.67802058269567),.UNSPECIFIED.);
#7750=B_SPLINE_CURVE_WITH_KNOTS('',1,(#13050,#13051),.UNSPECIFIED.,.F.,
 .F.,(2,2),(0.,18.),.UNSPECIFIED.);
#7751=B_SPLINE_CURVE_WITH_KNOTS('',1,(#13052,#13053),.UNSPECIFIED.,.F.,
 .F.,(2,2),(0.,6.67802058269567),.UNSPECIFIED.);
#7752=B_SPLINE_CURVE_WITH_KNOTS('',1,(#13054,#13055),.UNSPECIFIED.,.F.,
 .F.,(2,2),(6.67802058269567,13.3555496939216),.UNSPECIFIED.);
#7753=B_SPLINE_CURVE_WITH_KNOTS('',1,(#13056,#13057),.UNSPECIFIED.,.F.,
 .F.,(2,2),(0.,18.),.UNSPECIFIED.);
#7754=B_SPLINE_CURVE_WITH_KNOTS('',1,(#13058,#13059),.UNSPECIFIED.,.F.,
 .F.,(2,2),(6.67802058269567,13.3555496939216),.UNSPECIFIED.);
#7755=B_SPLINE_CURVE_WITH_KNOTS('',1,(#13060,#13061),.UNSPECIFIED.,.F.,
 .F.,(2,2),(13.3555496939216,20.0330788051476),.UNSPECIFIED.);
#7756=B_SPLINE_CURVE_WITH_KNOTS('',1,(#13062,#13063),.UNSPECIFIED.,.F.,
 .F.,(2,2),(0.,18.),.UNSPECIFIED.);
#7757=B_SPLINE_CURVE_WITH_KNOTS('',1,(#13064,#13065),.UNSPECIFIED.,.F.,
 .F.,(2,2),(13.3555496939216,20.0330788051476),.UNSPECIFIED.);
#7758=B_SPLINE_CURVE_WITH_KNOTS('',1,(#13066,#13067),.UNSPECIFIED.,.F.,
 .F.,(2,2),(0.,8.65537546656573),.UNSPECIFIED.);
#7759=B_SPLINE_CURVE_WITH_KNOTS('',1,(#13068,#13069),.UNSPECIFIED.,.F.,
 .F.,(2,2),(0.,8.65537546656573),.UNSPECIFIED.);
#7760=B_SPLINE_CURVE_WITH_KNOTS('',1,(#13070,#13071),.UNSPECIFIED.,.F.,
 .F.,(2,2),(5.5,12.5),.UNSPECIFIED.);
#7761=B_SPLINE_CURVE_WITH_KNOTS('',1,(#13072,#13073),.UNSPECIFIED.,.F.,
 .F.,(2,2),(0.,6.67802058269567),.UNSPECIFIED.);
#7762=B_SPLINE_CURVE_WITH_KNOTS('',1,(#13074,#13075),.UNSPECIFIED.,.F.,
 .F.,(2,2),(0.,18.),.UNSPECIFIED.);
#7763=B_SPLINE_CURVE_WITH_KNOTS('',1,(#13076,#13077),.UNSPECIFIED.,.F.,
 .F.,(2,2),(0.,6.67802058269567),.UNSPECIFIED.);
#7764=B_SPLINE_CURVE_WITH_KNOTS('',1,(#13078,#13079),.UNSPECIFIED.,.F.,
 .F.,(2,2),(6.67802058269567,13.3555496939216),.UNSPECIFIED.);
#7765=B_SPLINE_CURVE_WITH_KNOTS('',1,(#13080,#13081),.UNSPECIFIED.,.F.,
 .F.,(2,2),(0.,18.),.UNSPECIFIED.);
#7766=B_SPLINE_CURVE_WITH_KNOTS('',1,(#13082,#13083),.UNSPECIFIED.,.F.,
 .F.,(2,2),(6.67802058269567,13.3555496939216),.UNSPECIFIED.);
#7767=B_SPLINE_CURVE_WITH_KNOTS('',1,(#13084,#13085),.UNSPECIFIED.,.F.,
 .F.,(2,2),(13.3555496939216,20.0330788051476),.UNSPECIFIED.);
#7768=B_SPLINE_CURVE_WITH_KNOTS('',1,(#13086,#13087),.UNSPECIFIED.,.F.,
 .F.,(2,2),(0.,18.),.UNSPECIFIED.);
#7769=B_SPLINE_CURVE_WITH_KNOTS('',1,(#13088,#13089),.UNSPECIFIED.,.F.,
 .F.,(2,2),(13.3555496939216,20.0330788051476),.UNSPECIFIED.);
#7770=B_SPLINE_CURVE_WITH_KNOTS('',1,(#13090,#13091),.UNSPECIFIED.,.F.,
 .F.,(2,2),(0.,8.65537546656573),.UNSPECIFIED.);
#7771=B_SPLINE_CURVE_WITH_KNOTS('',1,(#13092,#13093),.UNSPECIFIED.,.F.,
 .F.,(2,2),(0.,8.65537546656573),.UNSPECIFIED.);
#7772=B_SPLINE_CURVE_WITH_KNOTS('',1,(#13094,#13095),.UNSPECIFIED.,.F.,
 .F.,(2,2),(5.5,12.5),.UNSPECIFIED.);
#7773=B_SPLINE_CURVE_WITH_KNOTS('',1,(#13203,#13204),.UNSPECIFIED.,.F.,
 .F.,(2,2),(0.,18.),.UNSPECIFIED.);
#7774=B_SPLINE_CURVE_WITH_KNOTS('',1,(#13205,#13206),.UNSPECIFIED.,.F.,
 .F.,(2,2),(0.,18.),.UNSPECIFIED.);
#7775=B_SPLINE_CURVE_WITH_KNOTS('',1,(#13207,#13208),.UNSPECIFIED.,.F.,
 .F.,(2,2),(0.,18.),.UNSPECIFIED.);
#7776=B_SPLINE_CURVE_WITH_KNOTS('',1,(#13209,#13210),.UNSPECIFIED.,.F.,
 .F.,(2,2),(0.,18.),.UNSPECIFIED.);
#7777=B_SPLINE_CURVE_WITH_KNOTS('',1,(#13211,#13212),.UNSPECIFIED.,.F.,
 .F.,(2,2),(-878.383135079766,-873.138690635322),.UNSPECIFIED.);
#7778=B_SPLINE_CURVE_WITH_KNOTS('',1,(#13213,#13214),.UNSPECIFIED.,.F.,
 .F.,(2,2),(-878.383135079766,-873.138690635322),.UNSPECIFIED.);
#7779=B_SPLINE_CURVE_WITH_KNOTS('',1,(#13215,#13216),.UNSPECIFIED.,.F.,
 .F.,(2,2),(0.,15.9036140003335),.UNSPECIFIED.);
#7780=B_SPLINE_CURVE_WITH_KNOTS('',1,(#13217,#13218),.UNSPECIFIED.,.F.,
 .F.,(2,2),(440.015214617665,455.918828617999),.UNSPECIFIED.);
#7781=B_SPLINE_CURVE_WITH_KNOTS('',1,(#13219,#13220),.UNSPECIFIED.,.F.,
 .F.,(2,2),(357.515214617848,440.015214617665),.UNSPECIFIED.);
#7782=B_SPLINE_CURVE_WITH_KNOTS('',1,(#13221,#13222),.UNSPECIFIED.,.F.,
 .F.,(2,2),(353.015214617848,357.515214617848),.UNSPECIFIED.);
#7783=B_SPLINE_CURVE_WITH_KNOTS('',1,(#13223,#13224),.UNSPECIFIED.,.F.,
 .F.,(2,2),(351.015214617848,353.015214617848),.UNSPECIFIED.);
#7784=B_SPLINE_CURVE_WITH_KNOTS('',1,(#13225,#13226),.UNSPECIFIED.,.F.,
 .F.,(2,2),(348.515214617848,351.015214617848),.UNSPECIFIED.);
#7785=B_SPLINE_CURVE_WITH_KNOTS('',1,(#13227,#13228),.UNSPECIFIED.,.F.,
 .F.,(2,2),(347.515214617848,348.515214617848),.UNSPECIFIED.);
#7786=B_SPLINE_CURVE_WITH_KNOTS('',1,(#13229,#13230),.UNSPECIFIED.,.F.,
 .F.,(2,2),(345.515214617848,347.515214617848),.UNSPECIFIED.);
#7787=B_SPLINE_CURVE_WITH_KNOTS('',1,(#13231,#13232),.UNSPECIFIED.,.F.,
 .F.,(2,2),(339.250232574777,345.515214617848),.UNSPECIFIED.);
#7788=B_SPLINE_CURVE_WITH_KNOTS('',1,(#13233,#13234),.UNSPECIFIED.,.F.,
 .F.,(2,2),(336.250232574657,339.250232574777),.UNSPECIFIED.);
#7789=B_SPLINE_CURVE_WITH_KNOTS('',1,(#13235,#13236),.UNSPECIFIED.,.F.,
 .F.,(2,2),(329.985250531587,336.250232574657),.UNSPECIFIED.);
#7790=B_SPLINE_CURVE_WITH_KNOTS('',1,(#13237,#13238),.UNSPECIFIED.,.F.,
 .F.,(2,2),(246.485250531587,329.985250531587),.UNSPECIFIED.);
#7791=B_SPLINE_CURVE_WITH_KNOTS('',1,(#13239,#13240),.UNSPECIFIED.,.F.,
 .F.,(2,2),(230.581636531253,246.485250531587),.UNSPECIFIED.);
#7792=B_SPLINE_CURVE_WITH_KNOTS('',1,(#13241,#13242),.UNSPECIFIED.,.F.,
 .F.,(2,2),(209.433578086475,225.337192086809),.UNSPECIFIED.);
#7793=B_SPLINE_CURVE_WITH_KNOTS('',1,(#13243,#13244),.UNSPECIFIED.,.F.,
 .F.,(2,2),(125.933578086475,209.433578086475),.UNSPECIFIED.);
#7794=B_SPLINE_CURVE_WITH_KNOTS('',1,(#13245,#13246),.UNSPECIFIED.,.F.,
 .F.,(2,2),(119.668596043404,125.933578086475),.UNSPECIFIED.);
#7795=B_SPLINE_CURVE_WITH_KNOTS('',1,(#13247,#13248),.UNSPECIFIED.,.F.,
 .F.,(2,2),(116.668596043404,119.668596043404),.UNSPECIFIED.);
#7796=B_SPLINE_CURVE_WITH_KNOTS('',1,(#13249,#13250),.UNSPECIFIED.,.F.,
 .F.,(2,2),(110.403614000333,116.668596043404),.UNSPECIFIED.);
#7797=B_SPLINE_CURVE_WITH_KNOTS('',1,(#13251,#13252),.UNSPECIFIED.,.F.,
 .F.,(2,2),(108.403614000333,110.403614000333),.UNSPECIFIED.);
#7798=B_SPLINE_CURVE_WITH_KNOTS('',1,(#13253,#13254),.UNSPECIFIED.,.F.,
 .F.,(2,2),(107.403614000333,108.403614000333),.UNSPECIFIED.);
#7799=B_SPLINE_CURVE_WITH_KNOTS('',1,(#13255,#13256),.UNSPECIFIED.,.F.,
 .F.,(2,2),(104.903614000333,107.403614000333),.UNSPECIFIED.);
#7800=B_SPLINE_CURVE_WITH_KNOTS('',1,(#13257,#13258),.UNSPECIFIED.,.F.,
 .F.,(2,2),(102.903614000333,104.903614000333),.UNSPECIFIED.);
#7801=B_SPLINE_CURVE_WITH_KNOTS('',1,(#13259,#13260),.UNSPECIFIED.,.F.,
 .F.,(2,2),(98.4036140003335,102.903614000333),.UNSPECIFIED.);
#7802=B_SPLINE_CURVE_WITH_KNOTS('',1,(#13261,#13262),.UNSPECIFIED.,.F.,
 .F.,(2,2),(15.9036140003335,98.4036140003335),.UNSPECIFIED.);
#7803=B_SPLINE_CURVE_WITH_KNOTS('',1,(#13263,#13264),.UNSPECIFIED.,.F.,
 .F.,(2,2),(0.,0.499999999999943),.UNSPECIFIED.);
#7804=B_SPLINE_CURVE_WITH_KNOTS('',1,(#13265,#13266),.UNSPECIFIED.,.F.,
 .F.,(2,2),(191.506418078556,193.506418078556),.UNSPECIFIED.);
#7805=B_SPLINE_CURVE_WITH_KNOTS('',1,(#13267,#13268),.UNSPECIFIED.,.F.,
 .F.,(2,2),(191.006418078556,191.506418078556),.UNSPECIFIED.);
#7806=B_SPLINE_CURVE_WITH_KNOTS('',1,(#13269,#13270),.UNSPECIFIED.,.F.,
 .F.,(2,2),(184.741436035485,191.006418078556),.UNSPECIFIED.);
#7807=B_SPLINE_CURVE_WITH_KNOTS('',1,(#13271,#13272),.UNSPECIFIED.,.F.,
 .F.,(2,2),(181.741436035485,184.741436035485),.UNSPECIFIED.);
#7808=B_SPLINE_CURVE_WITH_KNOTS('',1,(#13273,#13274),.UNSPECIFIED.,.F.,
 .F.,(2,2),(175.476453992414,181.741436035485),.UNSPECIFIED.);
#7809=B_SPLINE_CURVE_WITH_KNOTS('',1,(#13275,#13276),.UNSPECIFIED.,.F.,
 .F.,(2,2),(102.644403184846,175.476453992414),.UNSPECIFIED.);
#7810=B_SPLINE_CURVE_WITH_KNOTS('',1,(#13277,#13278),.UNSPECIFIED.,.F.,
 .F.,(2,2),(99.5637208159657,102.644403184846),.UNSPECIFIED.);
#7811=B_SPLINE_CURVE_WITH_KNOTS('',1,(#13279,#13280),.UNSPECIFIED.,.F.,
 .F.,(2,2),(97.0233796315234,99.5637208159657),.UNSPECIFIED.);
#7812=B_SPLINE_CURVE_WITH_KNOTS('',1,(#13281,#13282),.UNSPECIFIED.,.F.,
 .F.,(2,2),(94.4830384470811,97.0233796315234),.UNSPECIFIED.);
#7813=B_SPLINE_CURVE_WITH_KNOTS('',1,(#13283,#13284),.UNSPECIFIED.,.F.,
 .F.,(2,2),(91.9426972626388,94.4830384470811),.UNSPECIFIED.);
#7814=B_SPLINE_CURVE_WITH_KNOTS('',1,(#13285,#13286),.UNSPECIFIED.,.F.,
 .F.,(2,2),(88.8620148937729,91.9426972626388),.UNSPECIFIED.);
#7815=B_SPLINE_CURVE_WITH_KNOTS('',1,(#13287,#13288),.UNSPECIFIED.,.F.,
 .F.,(2,2),(16.0299640862159,88.8620148937729),.UNSPECIFIED.);
#7816=B_SPLINE_CURVE_WITH_KNOTS('',1,(#13289,#13290),.UNSPECIFIED.,.F.,
 .F.,(2,2),(9.76498204314507,16.0299640862159),.UNSPECIFIED.);
#7817=B_SPLINE_CURVE_WITH_KNOTS('',1,(#13291,#13292),.UNSPECIFIED.,.F.,
 .F.,(2,2),(6.76498204307081,9.76498204314507),.UNSPECIFIED.);
#7818=B_SPLINE_CURVE_WITH_KNOTS('',1,(#13293,#13294),.UNSPECIFIED.,.F.,
 .F.,(2,2),(0.499999999999943,6.76498204307081),.UNSPECIFIED.);
#7819=B_SPLINE_CURVE_WITH_KNOTS('',1,(#13295,#13296),.UNSPECIFIED.,.F.,
 .F.,(2,2),(0.,2.54034118444231),.UNSPECIFIED.);
#7820=B_SPLINE_CURVE_WITH_KNOTS('',1,(#13297,#13298),.UNSPECIFIED.,.F.,
 .F.,(2,2),(155.906148721768,158.44648990621),.UNSPECIFIED.);
#7821=B_SPLINE_CURVE_WITH_KNOTS('',1,(#13299,#13300),.UNSPECIFIED.,.F.,
 .F.,(2,2),(153.365807537325,155.906148721768),.UNSPECIFIED.);
#7822=B_SPLINE_CURVE_WITH_KNOTS('',1,(#13301,#13302),.UNSPECIFIED.,.F.,
 .F.,(2,2),(150.285125168445,153.365807537325),.UNSPECIFIED.);
#7823=B_SPLINE_CURVE_WITH_KNOTS('',1,(#13303,#13304),.UNSPECIFIED.,.F.,
 .F.,(2,2),(78.9530743608767,150.285125168445),.UNSPECIFIED.);
#7824=B_SPLINE_CURVE_WITH_KNOTS('',1,(#13305,#13306),.UNSPECIFIED.,.F.,
 .F.,(2,2),(76.9530743608767,78.9530743608767),.UNSPECIFIED.);
#7825=B_SPLINE_CURVE_WITH_KNOTS('',1,(#13307,#13308),.UNSPECIFIED.,.F.,
 .F.,(2,2),(5.62102355330828,76.9530743608767),.UNSPECIFIED.);
#7826=B_SPLINE_CURVE_WITH_KNOTS('',1,(#13309,#13310),.UNSPECIFIED.,.F.,
 .F.,(2,2),(2.54034118444231,5.62102355330828),.UNSPECIFIED.);
#7827=B_SPLINE_CURVE_WITH_KNOTS('',1,(#13311,#13312),.UNSPECIFIED.,.F.,
 .F.,(2,2),(0.,3.40000000000002),.UNSPECIFIED.);
#7828=B_SPLINE_CURVE_WITH_KNOTS('',1,(#13313,#13314),.UNSPECIFIED.,.F.,
 .F.,(2,2),(-3.40000000000001,0.),.UNSPECIFIED.);
#7829=B_SPLINE_CURVE_WITH_KNOTS('',1,(#13315,#13316),.UNSPECIFIED.,.F.,
 .F.,(2,2),(-3.39999999999999,1.77635683940025E-14),.UNSPECIFIED.);
#7830=B_SPLINE_CURVE_WITH_KNOTS('',1,(#13317,#13318),.UNSPECIFIED.,.F.,
 .F.,(2,2),(-3.4,3.5527136788005E-15),.UNSPECIFIED.);
#7831=B_SPLINE_CURVE_WITH_KNOTS('',1,(#13319,#13320),.UNSPECIFIED.,.F.,
 .F.,(2,2),(0.,6.67802058269567),.UNSPECIFIED.);
#7832=B_SPLINE_CURVE_WITH_KNOTS('',1,(#13321,#13322),.UNSPECIFIED.,.F.,
 .F.,(2,2),(0.,18.),.UNSPECIFIED.);
#7833=B_SPLINE_CURVE_WITH_KNOTS('',1,(#13323,#13324),.UNSPECIFIED.,.F.,
 .F.,(2,2),(0.,6.67802058269567),.UNSPECIFIED.);
#7834=B_SPLINE_CURVE_WITH_KNOTS('',1,(#13325,#13326),.UNSPECIFIED.,.F.,
 .F.,(2,2),(6.67802058269567,13.3555496939216),.UNSPECIFIED.);
#7835=B_SPLINE_CURVE_WITH_KNOTS('',1,(#13327,#13328),.UNSPECIFIED.,.F.,
 .F.,(2,2),(0.,18.),.UNSPECIFIED.);
#7836=B_SPLINE_CURVE_WITH_KNOTS('',1,(#13329,#13330),.UNSPECIFIED.,.F.,
 .F.,(2,2),(6.67802058269567,13.3555496939216),.UNSPECIFIED.);
#7837=B_SPLINE_CURVE_WITH_KNOTS('',1,(#13331,#13332),.UNSPECIFIED.,.F.,
 .F.,(2,2),(13.3555496939216,20.0330788051476),.UNSPECIFIED.);
#7838=B_SPLINE_CURVE_WITH_KNOTS('',1,(#13333,#13334),.UNSPECIFIED.,.F.,
 .F.,(2,2),(0.,18.),.UNSPECIFIED.);
#7839=B_SPLINE_CURVE_WITH_KNOTS('',1,(#13335,#13336),.UNSPECIFIED.,.F.,
 .F.,(2,2),(13.3555496939216,20.0330788051476),.UNSPECIFIED.);
#7840=B_SPLINE_CURVE_WITH_KNOTS('',1,(#13337,#13338),.UNSPECIFIED.,.F.,
 .F.,(2,2),(0.,8.65537546656573),.UNSPECIFIED.);
#7841=B_SPLINE_CURVE_WITH_KNOTS('',1,(#13339,#13340),.UNSPECIFIED.,.F.,
 .F.,(2,2),(0.,8.65537546656573),.UNSPECIFIED.);
#7842=B_SPLINE_CURVE_WITH_KNOTS('',1,(#13341,#13342),.UNSPECIFIED.,.F.,
 .F.,(2,2),(5.5,12.5),.UNSPECIFIED.);
#7843=B_SPLINE_CURVE_WITH_KNOTS('',1,(#13343,#13344),.UNSPECIFIED.,.F.,
 .F.,(2,2),(0.,6.67802058269567),.UNSPECIFIED.);
#7844=B_SPLINE_CURVE_WITH_KNOTS('',1,(#13345,#13346),.UNSPECIFIED.,.F.,
 .F.,(2,2),(0.,18.),.UNSPECIFIED.);
#7845=B_SPLINE_CURVE_WITH_KNOTS('',1,(#13347,#13348),.UNSPECIFIED.,.F.,
 .F.,(2,2),(0.,6.67802058269567),.UNSPECIFIED.);
#7846=B_SPLINE_CURVE_WITH_KNOTS('',1,(#13349,#13350),.UNSPECIFIED.,.F.,
 .F.,(2,2),(6.67802058269567,13.3555496939216),.UNSPECIFIED.);
#7847=B_SPLINE_CURVE_WITH_KNOTS('',1,(#13351,#13352),.UNSPECIFIED.,.F.,
 .F.,(2,2),(0.,18.),.UNSPECIFIED.);
#7848=B_SPLINE_CURVE_WITH_KNOTS('',1,(#13353,#13354),.UNSPECIFIED.,.F.,
 .F.,(2,2),(6.67802058269567,13.3555496939216),.UNSPECIFIED.);
#7849=B_SPLINE_CURVE_WITH_KNOTS('',1,(#13355,#13356),.UNSPECIFIED.,.F.,
 .F.,(2,2),(13.3555496939216,20.0330788051476),.UNSPECIFIED.);
#7850=B_SPLINE_CURVE_WITH_KNOTS('',1,(#13357,#13358),.UNSPECIFIED.,.F.,
 .F.,(2,2),(0.,18.),.UNSPECIFIED.);
#7851=B_SPLINE_CURVE_WITH_KNOTS('',1,(#13359,#13360),.UNSPECIFIED.,.F.,
 .F.,(2,2),(13.3555496939216,20.0330788051476),.UNSPECIFIED.);
#7852=B_SPLINE_CURVE_WITH_KNOTS('',1,(#13361,#13362),.UNSPECIFIED.,.F.,
 .F.,(2,2),(0.,8.65537546656573),.UNSPECIFIED.);
#7853=B_SPLINE_CURVE_WITH_KNOTS('',1,(#13363,#13364),.UNSPECIFIED.,.F.,
 .F.,(2,2),(0.,8.65537546656573),.UNSPECIFIED.);
#7854=B_SPLINE_CURVE_WITH_KNOTS('',1,(#13365,#13366),.UNSPECIFIED.,.F.,
 .F.,(2,2),(5.5,12.5),.UNSPECIFIED.);
#7855=B_SPLINE_CURVE_WITH_KNOTS('',1,(#13367,#13368),.UNSPECIFIED.,.F.,
 .F.,(2,2),(0.,6.67802058269567),.UNSPECIFIED.);
#7856=B_SPLINE_CURVE_WITH_KNOTS('',1,(#13369,#13370),.UNSPECIFIED.,.F.,
 .F.,(2,2),(0.,18.),.UNSPECIFIED.);
#7857=B_SPLINE_CURVE_WITH_KNOTS('',1,(#13371,#13372),.UNSPECIFIED.,.F.,
 .F.,(2,2),(0.,6.67802058269567),.UNSPECIFIED.);
#7858=B_SPLINE_CURVE_WITH_KNOTS('',1,(#13373,#13374),.UNSPECIFIED.,.F.,
 .F.,(2,2),(6.67802058269567,13.3555496939216),.UNSPECIFIED.);
#7859=B_SPLINE_CURVE_WITH_KNOTS('',1,(#13375,#13376),.UNSPECIFIED.,.F.,
 .F.,(2,2),(0.,18.),.UNSPECIFIED.);
#7860=B_SPLINE_CURVE_WITH_KNOTS('',1,(#13377,#13378),.UNSPECIFIED.,.F.,
 .F.,(2,2),(6.67802058269567,13.3555496939216),.UNSPECIFIED.);
#7861=B_SPLINE_CURVE_WITH_KNOTS('',1,(#13379,#13380),.UNSPECIFIED.,.F.,
 .F.,(2,2),(13.3555496939216,20.0330788051476),.UNSPECIFIED.);
#7862=B_SPLINE_CURVE_WITH_KNOTS('',1,(#13381,#13382),.UNSPECIFIED.,.F.,
 .F.,(2,2),(0.,18.),.UNSPECIFIED.);
#7863=B_SPLINE_CURVE_WITH_KNOTS('',1,(#13383,#13384),.UNSPECIFIED.,.F.,
 .F.,(2,2),(13.3555496939216,20.0330788051476),.UNSPECIFIED.);
#7864=B_SPLINE_CURVE_WITH_KNOTS('',1,(#13385,#13386),.UNSPECIFIED.,.F.,
 .F.,(2,2),(0.,8.65537546656573),.UNSPECIFIED.);
#7865=B_SPLINE_CURVE_WITH_KNOTS('',1,(#13387,#13388),.UNSPECIFIED.,.F.,
 .F.,(2,2),(0.,8.65537546656573),.UNSPECIFIED.);
#7866=B_SPLINE_CURVE_WITH_KNOTS('',1,(#13389,#13390),.UNSPECIFIED.,.F.,
 .F.,(2,2),(5.5,12.5),.UNSPECIFIED.);
#7867=B_SPLINE_CURVE_WITH_KNOTS('',1,(#13391,#13392),.UNSPECIFIED.,.F.,
 .F.,(2,2),(0.,6.67802058269567),.UNSPECIFIED.);
#7868=B_SPLINE_CURVE_WITH_KNOTS('',1,(#13393,#13394),.UNSPECIFIED.,.F.,
 .F.,(2,2),(0.,18.),.UNSPECIFIED.);
#7869=B_SPLINE_CURVE_WITH_KNOTS('',1,(#13395,#13396),.UNSPECIFIED.,.F.,
 .F.,(2,2),(0.,6.67802058269567),.UNSPECIFIED.);
#7870=B_SPLINE_CURVE_WITH_KNOTS('',1,(#13397,#13398),.UNSPECIFIED.,.F.,
 .F.,(2,2),(6.67802058269567,13.3555496939216),.UNSPECIFIED.);
#7871=B_SPLINE_CURVE_WITH_KNOTS('',1,(#13399,#13400),.UNSPECIFIED.,.F.,
 .F.,(2,2),(0.,18.),.UNSPECIFIED.);
#7872=B_SPLINE_CURVE_WITH_KNOTS('',1,(#13401,#13402),.UNSPECIFIED.,.F.,
 .F.,(2,2),(6.67802058269567,13.3555496939216),.UNSPECIFIED.);
#7873=B_SPLINE_CURVE_WITH_KNOTS('',1,(#13403,#13404),.UNSPECIFIED.,.F.,
 .F.,(2,2),(13.3555496939216,20.0330788051476),.UNSPECIFIED.);
#7874=B_SPLINE_CURVE_WITH_KNOTS('',1,(#13405,#13406),.UNSPECIFIED.,.F.,
 .F.,(2,2),(0.,18.),.UNSPECIFIED.);
#7875=B_SPLINE_CURVE_WITH_KNOTS('',1,(#13407,#13408),.UNSPECIFIED.,.F.,
 .F.,(2,2),(13.3555496939216,20.0330788051476),.UNSPECIFIED.);
#7876=B_SPLINE_CURVE_WITH_KNOTS('',1,(#13409,#13410),.UNSPECIFIED.,.F.,
 .F.,(2,2),(0.,8.65537546656573),.UNSPECIFIED.);
#7877=B_SPLINE_CURVE_WITH_KNOTS('',1,(#13411,#13412),.UNSPECIFIED.,.F.,
 .F.,(2,2),(0.,8.65537546656573),.UNSPECIFIED.);
#7878=B_SPLINE_CURVE_WITH_KNOTS('',1,(#13413,#13414),.UNSPECIFIED.,.F.,
 .F.,(2,2),(5.5,12.5),.UNSPECIFIED.);
#7879=B_SPLINE_CURVE_WITH_KNOTS('',1,(#13522,#13523),.UNSPECIFIED.,.F.,
 .F.,(2,2),(0.,18.),.UNSPECIFIED.);
#7880=B_SPLINE_CURVE_WITH_KNOTS('',1,(#13524,#13525),.UNSPECIFIED.,.F.,
 .F.,(2,2),(0.,18.),.UNSPECIFIED.);
#7881=B_SPLINE_CURVE_WITH_KNOTS('',1,(#13526,#13527),.UNSPECIFIED.,.F.,
 .F.,(2,2),(0.,18.),.UNSPECIFIED.);
#7882=B_SPLINE_CURVE_WITH_KNOTS('',1,(#13528,#13529),.UNSPECIFIED.,.F.,
 .F.,(2,2),(0.,18.),.UNSPECIFIED.);
#7883=B_SPLINE_CURVE_WITH_KNOTS('',1,(#13530,#13531),.UNSPECIFIED.,.F.,
 .F.,(2,2),(-878.383135079766,-873.138690635322),.UNSPECIFIED.);
#7884=B_SPLINE_CURVE_WITH_KNOTS('',1,(#13532,#13533),.UNSPECIFIED.,.F.,
 .F.,(2,2),(-878.383135079766,-873.138690635322),.UNSPECIFIED.);
#7885=B_SPLINE_CURVE_WITH_KNOTS('',1,(#13534,#13535),.UNSPECIFIED.,.F.,
 .F.,(2,2),(0.,15.9036140003335),.UNSPECIFIED.);
#7886=B_SPLINE_CURVE_WITH_KNOTS('',1,(#13536,#13537),.UNSPECIFIED.,.F.,
 .F.,(2,2),(440.015214617665,455.918828617999),.UNSPECIFIED.);
#7887=B_SPLINE_CURVE_WITH_KNOTS('',1,(#13538,#13539),.UNSPECIFIED.,.F.,
 .F.,(2,2),(357.515214617848,440.015214617665),.UNSPECIFIED.);
#7888=B_SPLINE_CURVE_WITH_KNOTS('',1,(#13540,#13541),.UNSPECIFIED.,.F.,
 .F.,(2,2),(353.015214617848,357.515214617848),.UNSPECIFIED.);
#7889=B_SPLINE_CURVE_WITH_KNOTS('',1,(#13542,#13543),.UNSPECIFIED.,.F.,
 .F.,(2,2),(351.015214617848,353.015214617848),.UNSPECIFIED.);
#7890=B_SPLINE_CURVE_WITH_KNOTS('',1,(#13544,#13545),.UNSPECIFIED.,.F.,
 .F.,(2,2),(348.515214617848,351.015214617848),.UNSPECIFIED.);
#7891=B_SPLINE_CURVE_WITH_KNOTS('',1,(#13546,#13547),.UNSPECIFIED.,.F.,
 .F.,(2,2),(347.515214617848,348.515214617848),.UNSPECIFIED.);
#7892=B_SPLINE_CURVE_WITH_KNOTS('',1,(#13548,#13549),.UNSPECIFIED.,.F.,
 .F.,(2,2),(345.515214617848,347.515214617848),.UNSPECIFIED.);
#7893=B_SPLINE_CURVE_WITH_KNOTS('',1,(#13550,#13551),.UNSPECIFIED.,.F.,
 .F.,(2,2),(339.250232574777,345.515214617848),.UNSPECIFIED.);
#7894=B_SPLINE_CURVE_WITH_KNOTS('',1,(#13552,#13553),.UNSPECIFIED.,.F.,
 .F.,(2,2),(336.250232574657,339.250232574777),.UNSPECIFIED.);
#7895=B_SPLINE_CURVE_WITH_KNOTS('',1,(#13554,#13555),.UNSPECIFIED.,.F.,
 .F.,(2,2),(329.985250531587,336.250232574657),.UNSPECIFIED.);
#7896=B_SPLINE_CURVE_WITH_KNOTS('',1,(#13556,#13557),.UNSPECIFIED.,.F.,
 .F.,(2,2),(246.485250531587,329.985250531587),.UNSPECIFIED.);
#7897=B_SPLINE_CURVE_WITH_KNOTS('',1,(#13558,#13559),.UNSPECIFIED.,.F.,
 .F.,(2,2),(230.581636531253,246.485250531587),.UNSPECIFIED.);
#7898=B_SPLINE_CURVE_WITH_KNOTS('',1,(#13560,#13561),.UNSPECIFIED.,.F.,
 .F.,(2,2),(209.433578086475,225.337192086809),.UNSPECIFIED.);
#7899=B_SPLINE_CURVE_WITH_KNOTS('',1,(#13562,#13563),.UNSPECIFIED.,.F.,
 .F.,(2,2),(125.933578086475,209.433578086475),.UNSPECIFIED.);
#7900=B_SPLINE_CURVE_WITH_KNOTS('',1,(#13564,#13565),.UNSPECIFIED.,.F.,
 .F.,(2,2),(119.668596043404,125.933578086475),.UNSPECIFIED.);
#7901=B_SPLINE_CURVE_WITH_KNOTS('',1,(#13566,#13567),.UNSPECIFIED.,.F.,
 .F.,(2,2),(116.668596043404,119.668596043404),.UNSPECIFIED.);
#7902=B_SPLINE_CURVE_WITH_KNOTS('',1,(#13568,#13569),.UNSPECIFIED.,.F.,
 .F.,(2,2),(110.403614000333,116.668596043404),.UNSPECIFIED.);
#7903=B_SPLINE_CURVE_WITH_KNOTS('',1,(#13570,#13571),.UNSPECIFIED.,.F.,
 .F.,(2,2),(108.403614000333,110.403614000333),.UNSPECIFIED.);
#7904=B_SPLINE_CURVE_WITH_KNOTS('',1,(#13572,#13573),.UNSPECIFIED.,.F.,
 .F.,(2,2),(107.403614000333,108.403614000333),.UNSPECIFIED.);
#7905=B_SPLINE_CURVE_WITH_KNOTS('',1,(#13574,#13575),.UNSPECIFIED.,.F.,
 .F.,(2,2),(104.903614000333,107.403614000333),.UNSPECIFIED.);
#7906=B_SPLINE_CURVE_WITH_KNOTS('',1,(#13576,#13577),.UNSPECIFIED.,.F.,
 .F.,(2,2),(102.903614000333,104.903614000333),.UNSPECIFIED.);
#7907=B_SPLINE_CURVE_WITH_KNOTS('',1,(#13578,#13579),.UNSPECIFIED.,.F.,
 .F.,(2,2),(98.4036140003335,102.903614000333),.UNSPECIFIED.);
#7908=B_SPLINE_CURVE_WITH_KNOTS('',1,(#13580,#13581),.UNSPECIFIED.,.F.,
 .F.,(2,2),(15.9036140003335,98.4036140003335),.UNSPECIFIED.);
#7909=B_SPLINE_CURVE_WITH_KNOTS('',1,(#13582,#13583),.UNSPECIFIED.,.F.,
 .F.,(2,2),(0.,0.499999999999943),.UNSPECIFIED.);
#7910=B_SPLINE_CURVE_WITH_KNOTS('',1,(#13584,#13585),.UNSPECIFIED.,.F.,
 .F.,(2,2),(191.506418078556,193.506418078556),.UNSPECIFIED.);
#7911=B_SPLINE_CURVE_WITH_KNOTS('',1,(#13586,#13587),.UNSPECIFIED.,.F.,
 .F.,(2,2),(191.006418078556,191.506418078556),.UNSPECIFIED.);
#7912=B_SPLINE_CURVE_WITH_KNOTS('',1,(#13588,#13589),.UNSPECIFIED.,.F.,
 .F.,(2,2),(184.741436035485,191.006418078556),.UNSPECIFIED.);
#7913=B_SPLINE_CURVE_WITH_KNOTS('',1,(#13590,#13591),.UNSPECIFIED.,.F.,
 .F.,(2,2),(181.741436035485,184.741436035485),.UNSPECIFIED.);
#7914=B_SPLINE_CURVE_WITH_KNOTS('',1,(#13592,#13593),.UNSPECIFIED.,.F.,
 .F.,(2,2),(175.476453992414,181.741436035485),.UNSPECIFIED.);
#7915=B_SPLINE_CURVE_WITH_KNOTS('',1,(#13594,#13595),.UNSPECIFIED.,.F.,
 .F.,(2,2),(102.644403184846,175.476453992414),.UNSPECIFIED.);
#7916=B_SPLINE_CURVE_WITH_KNOTS('',1,(#13596,#13597),.UNSPECIFIED.,.F.,
 .F.,(2,2),(99.5637208159657,102.644403184846),.UNSPECIFIED.);
#7917=B_SPLINE_CURVE_WITH_KNOTS('',1,(#13598,#13599),.UNSPECIFIED.,.F.,
 .F.,(2,2),(97.0233796315234,99.5637208159657),.UNSPECIFIED.);
#7918=B_SPLINE_CURVE_WITH_KNOTS('',1,(#13600,#13601),.UNSPECIFIED.,.F.,
 .F.,(2,2),(94.4830384470811,97.0233796315234),.UNSPECIFIED.);
#7919=B_SPLINE_CURVE_WITH_KNOTS('',1,(#13602,#13603),.UNSPECIFIED.,.F.,
 .F.,(2,2),(91.9426972626388,94.4830384470811),.UNSPECIFIED.);
#7920=B_SPLINE_CURVE_WITH_KNOTS('',1,(#13604,#13605),.UNSPECIFIED.,.F.,
 .F.,(2,2),(88.8620148937729,91.9426972626388),.UNSPECIFIED.);
#7921=B_SPLINE_CURVE_WITH_KNOTS('',1,(#13606,#13607),.UNSPECIFIED.,.F.,
 .F.,(2,2),(16.0299640862159,88.8620148937729),.UNSPECIFIED.);
#7922=B_SPLINE_CURVE_WITH_KNOTS('',1,(#13608,#13609),.UNSPECIFIED.,.F.,
 .F.,(2,2),(9.76498204314507,16.0299640862159),.UNSPECIFIED.);
#7923=B_SPLINE_CURVE_WITH_KNOTS('',1,(#13610,#13611),.UNSPECIFIED.,.F.,
 .F.,(2,2),(6.76498204307081,9.76498204314507),.UNSPECIFIED.);
#7924=B_SPLINE_CURVE_WITH_KNOTS('',1,(#13612,#13613),.UNSPECIFIED.,.F.,
 .F.,(2,2),(0.499999999999943,6.76498204307081),.UNSPECIFIED.);
#7925=B_SPLINE_CURVE_WITH_KNOTS('',1,(#13614,#13615),.UNSPECIFIED.,.F.,
 .F.,(2,2),(0.,2.54034118444231),.UNSPECIFIED.);
#7926=B_SPLINE_CURVE_WITH_KNOTS('',1,(#13616,#13617),.UNSPECIFIED.,.F.,
 .F.,(2,2),(155.906148721768,158.44648990621),.UNSPECIFIED.);
#7927=B_SPLINE_CURVE_WITH_KNOTS('',1,(#13618,#13619),.UNSPECIFIED.,.F.,
 .F.,(2,2),(153.365807537325,155.906148721768),.UNSPECIFIED.);
#7928=B_SPLINE_CURVE_WITH_KNOTS('',1,(#13620,#13621),.UNSPECIFIED.,.F.,
 .F.,(2,2),(150.285125168445,153.365807537325),.UNSPECIFIED.);
#7929=B_SPLINE_CURVE_WITH_KNOTS('',1,(#13622,#13623),.UNSPECIFIED.,.F.,
 .F.,(2,2),(78.9530743608767,150.285125168445),.UNSPECIFIED.);
#7930=B_SPLINE_CURVE_WITH_KNOTS('',1,(#13624,#13625),.UNSPECIFIED.,.F.,
 .F.,(2,2),(76.9530743608767,78.9530743608767),.UNSPECIFIED.);
#7931=B_SPLINE_CURVE_WITH_KNOTS('',1,(#13626,#13627),.UNSPECIFIED.,.F.,
 .F.,(2,2),(5.62102355330828,76.9530743608767),.UNSPECIFIED.);
#7932=B_SPLINE_CURVE_WITH_KNOTS('',1,(#13628,#13629),.UNSPECIFIED.,.F.,
 .F.,(2,2),(2.54034118444231,5.62102355330828),.UNSPECIFIED.);
#7933=B_SPLINE_CURVE_WITH_KNOTS('',1,(#13630,#13631),.UNSPECIFIED.,.F.,
 .F.,(2,2),(0.,3.40000000000002),.UNSPECIFIED.);
#7934=B_SPLINE_CURVE_WITH_KNOTS('',1,(#13632,#13633),.UNSPECIFIED.,.F.,
 .F.,(2,2),(-3.40000000000001,0.),.UNSPECIFIED.);
#7935=B_SPLINE_CURVE_WITH_KNOTS('',1,(#13634,#13635),.UNSPECIFIED.,.F.,
 .F.,(2,2),(-3.39999999999999,1.77635683940025E-14),.UNSPECIFIED.);
#7936=B_SPLINE_CURVE_WITH_KNOTS('',1,(#13636,#13637),.UNSPECIFIED.,.F.,
 .F.,(2,2),(-3.4,3.5527136788005E-15),.UNSPECIFIED.);
#7937=B_SPLINE_CURVE_WITH_KNOTS('',1,(#13638,#13639),.UNSPECIFIED.,.F.,
 .F.,(2,2),(0.,6.67802058269567),.UNSPECIFIED.);
#7938=B_SPLINE_CURVE_WITH_KNOTS('',1,(#13640,#13641),.UNSPECIFIED.,.F.,
 .F.,(2,2),(0.,18.),.UNSPECIFIED.);
#7939=B_SPLINE_CURVE_WITH_KNOTS('',1,(#13642,#13643),.UNSPECIFIED.,.F.,
 .F.,(2,2),(0.,6.67802058269567),.UNSPECIFIED.);
#7940=B_SPLINE_CURVE_WITH_KNOTS('',1,(#13644,#13645),.UNSPECIFIED.,.F.,
 .F.,(2,2),(6.67802058269567,13.3555496939216),.UNSPECIFIED.);
#7941=B_SPLINE_CURVE_WITH_KNOTS('',1,(#13646,#13647),.UNSPECIFIED.,.F.,
 .F.,(2,2),(0.,18.),.UNSPECIFIED.);
#7942=B_SPLINE_CURVE_WITH_KNOTS('',1,(#13648,#13649),.UNSPECIFIED.,.F.,
 .F.,(2,2),(6.67802058269567,13.3555496939216),.UNSPECIFIED.);
#7943=B_SPLINE_CURVE_WITH_KNOTS('',1,(#13650,#13651),.UNSPECIFIED.,.F.,
 .F.,(2,2),(13.3555496939216,20.0330788051476),.UNSPECIFIED.);
#7944=B_SPLINE_CURVE_WITH_KNOTS('',1,(#13652,#13653),.UNSPECIFIED.,.F.,
 .F.,(2,2),(0.,18.),.UNSPECIFIED.);
#7945=B_SPLINE_CURVE_WITH_KNOTS('',1,(#13654,#13655),.UNSPECIFIED.,.F.,
 .F.,(2,2),(13.3555496939216,20.0330788051476),.UNSPECIFIED.);
#7946=B_SPLINE_CURVE_WITH_KNOTS('',1,(#13656,#13657),.UNSPECIFIED.,.F.,
 .F.,(2,2),(0.,8.65537546656573),.UNSPECIFIED.);
#7947=B_SPLINE_CURVE_WITH_KNOTS('',1,(#13658,#13659),.UNSPECIFIED.,.F.,
 .F.,(2,2),(0.,8.65537546656573),.UNSPECIFIED.);
#7948=B_SPLINE_CURVE_WITH_KNOTS('',1,(#13660,#13661),.UNSPECIFIED.,.F.,
 .F.,(2,2),(5.5,12.5),.UNSPECIFIED.);
#7949=B_SPLINE_CURVE_WITH_KNOTS('',1,(#13662,#13663),.UNSPECIFIED.,.F.,
 .F.,(2,2),(0.,6.67802058269567),.UNSPECIFIED.);
#7950=B_SPLINE_CURVE_WITH_KNOTS('',1,(#13664,#13665),.UNSPECIFIED.,.F.,
 .F.,(2,2),(0.,18.),.UNSPECIFIED.);
#7951=B_SPLINE_CURVE_WITH_KNOTS('',1,(#13666,#13667),.UNSPECIFIED.,.F.,
 .F.,(2,2),(0.,6.67802058269567),.UNSPECIFIED.);
#7952=B_SPLINE_CURVE_WITH_KNOTS('',1,(#13668,#13669),.UNSPECIFIED.,.F.,
 .F.,(2,2),(6.67802058269567,13.3555496939216),.UNSPECIFIED.);
#7953=B_SPLINE_CURVE_WITH_KNOTS('',1,(#13670,#13671),.UNSPECIFIED.,.F.,
 .F.,(2,2),(0.,18.),.UNSPECIFIED.);
#7954=B_SPLINE_CURVE_WITH_KNOTS('',1,(#13672,#13673),.UNSPECIFIED.,.F.,
 .F.,(2,2),(6.67802058269567,13.3555496939216),.UNSPECIFIED.);
#7955=B_SPLINE_CURVE_WITH_KNOTS('',1,(#13674,#13675),.UNSPECIFIED.,.F.,
 .F.,(2,2),(13.3555496939216,20.0330788051476),.UNSPECIFIED.);
#7956=B_SPLINE_CURVE_WITH_KNOTS('',1,(#13676,#13677),.UNSPECIFIED.,.F.,
 .F.,(2,2),(0.,18.),.UNSPECIFIED.);
#7957=B_SPLINE_CURVE_WITH_KNOTS('',1,(#13678,#13679),.UNSPECIFIED.,.F.,
 .F.,(2,2),(13.3555496939216,20.0330788051476),.UNSPECIFIED.);
#7958=B_SPLINE_CURVE_WITH_KNOTS('',1,(#13680,#13681),.UNSPECIFIED.,.F.,
 .F.,(2,2),(0.,8.65537546656573),.UNSPECIFIED.);
#7959=B_SPLINE_CURVE_WITH_KNOTS('',1,(#13682,#13683),.UNSPECIFIED.,.F.,
 .F.,(2,2),(0.,8.65537546656573),.UNSPECIFIED.);
#7960=B_SPLINE_CURVE_WITH_KNOTS('',1,(#13684,#13685),.UNSPECIFIED.,.F.,
 .F.,(2,2),(5.5,12.5),.UNSPECIFIED.);
#7961=B_SPLINE_CURVE_WITH_KNOTS('',1,(#13686,#13687),.UNSPECIFIED.,.F.,
 .F.,(2,2),(0.,6.67802058269567),.UNSPECIFIED.);
#7962=B_SPLINE_CURVE_WITH_KNOTS('',1,(#13688,#13689),.UNSPECIFIED.,.F.,
 .F.,(2,2),(0.,18.),.UNSPECIFIED.);
#7963=B_SPLINE_CURVE_WITH_KNOTS('',1,(#13690,#13691),.UNSPECIFIED.,.F.,
 .F.,(2,2),(0.,6.67802058269567),.UNSPECIFIED.);
#7964=B_SPLINE_CURVE_WITH_KNOTS('',1,(#13692,#13693),.UNSPECIFIED.,.F.,
 .F.,(2,2),(6.67802058269567,13.3555496939216),.UNSPECIFIED.);
#7965=B_SPLINE_CURVE_WITH_KNOTS('',1,(#13694,#13695),.UNSPECIFIED.,.F.,
 .F.,(2,2),(0.,18.),.UNSPECIFIED.);
#7966=B_SPLINE_CURVE_WITH_KNOTS('',1,(#13696,#13697),.UNSPECIFIED.,.F.,
 .F.,(2,2),(6.67802058269567,13.3555496939216),.UNSPECIFIED.);
#7967=B_SPLINE_CURVE_WITH_KNOTS('',1,(#13698,#13699),.UNSPECIFIED.,.F.,
 .F.,(2,2),(13.3555496939216,20.0330788051476),.UNSPECIFIED.);
#7968=B_SPLINE_CURVE_WITH_KNOTS('',1,(#13700,#13701),.UNSPECIFIED.,.F.,
 .F.,(2,2),(0.,18.),.UNSPECIFIED.);
#7969=B_SPLINE_CURVE_WITH_KNOTS('',1,(#13702,#13703),.UNSPECIFIED.,.F.,
 .F.,(2,2),(13.3555496939216,20.0330788051476),.UNSPECIFIED.);
#7970=B_SPLINE_CURVE_WITH_KNOTS('',1,(#13704,#13705),.UNSPECIFIED.,.F.,
 .F.,(2,2),(0.,8.65537546656573),.UNSPECIFIED.);
#7971=B_SPLINE_CURVE_WITH_KNOTS('',1,(#13706,#13707),.UNSPECIFIED.,.F.,
 .F.,(2,2),(0.,8.65537546656573),.UNSPECIFIED.);
#7972=B_SPLINE_CURVE_WITH_KNOTS('',1,(#13708,#13709),.UNSPECIFIED.,.F.,
 .F.,(2,2),(5.5,12.5),.UNSPECIFIED.);
#7973=B_SPLINE_CURVE_WITH_KNOTS('',1,(#13710,#13711),.UNSPECIFIED.,.F.,
 .F.,(2,2),(0.,6.67802058269567),.UNSPECIFIED.);
#7974=B_SPLINE_CURVE_WITH_KNOTS('',1,(#13712,#13713),.UNSPECIFIED.,.F.,
 .F.,(2,2),(0.,18.),.UNSPECIFIED.);
#7975=B_SPLINE_CURVE_WITH_KNOTS('',1,(#13714,#13715),.UNSPECIFIED.,.F.,
 .F.,(2,2),(0.,6.67802058269567),.UNSPECIFIED.);
#7976=B_SPLINE_CURVE_WITH_KNOTS('',1,(#13716,#13717),.UNSPECIFIED.,.F.,
 .F.,(2,2),(6.67802058269567,13.3555496939216),.UNSPECIFIED.);
#7977=B_SPLINE_CURVE_WITH_KNOTS('',1,(#13718,#13719),.UNSPECIFIED.,.F.,
 .F.,(2,2),(0.,18.),.UNSPECIFIED.);
#7978=B_SPLINE_CURVE_WITH_KNOTS('',1,(#13720,#13721),.UNSPECIFIED.,.F.,
 .F.,(2,2),(6.67802058269567,13.3555496939216),.UNSPECIFIED.);
#7979=B_SPLINE_CURVE_WITH_KNOTS('',1,(#13722,#13723),.UNSPECIFIED.,.F.,
 .F.,(2,2),(13.3555496939216,20.0330788051476),.UNSPECIFIED.);
#7980=B_SPLINE_CURVE_WITH_KNOTS('',1,(#13724,#13725),.UNSPECIFIED.,.F.,
 .F.,(2,2),(0.,18.),.UNSPECIFIED.);
#7981=B_SPLINE_CURVE_WITH_KNOTS('',1,(#13726,#13727),.UNSPECIFIED.,.F.,
 .F.,(2,2),(13.3555496939216,20.0330788051476),.UNSPECIFIED.);
#7982=B_SPLINE_CURVE_WITH_KNOTS('',1,(#13728,#13729),.UNSPECIFIED.,.F.,
 .F.,(2,2),(0.,8.65537546656573),.UNSPECIFIED.);
#7983=B_SPLINE_CURVE_WITH_KNOTS('',1,(#13730,#13731),.UNSPECIFIED.,.F.,
 .F.,(2,2),(0.,8.65537546656573),.UNSPECIFIED.);
#7984=B_SPLINE_CURVE_WITH_KNOTS('',1,(#13732,#13733),.UNSPECIFIED.,.F.,
 .F.,(2,2),(5.5,12.5),.UNSPECIFIED.);
#7985=SHAPE_DEFINITION_REPRESENTATION(#7986,#8071);
#7986=PRODUCT_DEFINITION_SHAPE('Document','',#7988);
#7987=PRODUCT_DEFINITION_CONTEXT('3D Mechanical Parts',#8060,'design');
#7988=PRODUCT_DEFINITION('A','First version',#8030,#7987);
#7989=DATE_TIME_ROLE('classification_date');
#7990=DATE_TIME_ROLE('creation_date');
#7991=APPLIED_DATE_AND_TIME_ASSIGNMENT(#8015,#7989,(#7994));
#7992=APPLIED_DATE_AND_TIME_ASSIGNMENT(#8017,#7990,(#7988));
#7993=SECURITY_CLASSIFICATION_LEVEL('unclassified');
#7994=SECURITY_CLASSIFICATION('A','Security for version',#7993);
#7995=APPLIED_SECURITY_CLASSIFICATION_ASSIGNMENT(#7994,(#8030));
#7996=APPROVAL_ROLE('Version approval');
#7997=APPROVAL_ROLE('Version Security approval');
#7998=APPROVAL_ROLE('Definition approval');
#7999=APPROVAL_PERSON_ORGANIZATION(#8048,#8024,#7996);
#8000=APPROVAL_PERSON_ORGANIZATION(#8049,#8025,#7997);
#8001=APPROVAL_PERSON_ORGANIZATION(#8052,#8026,#7998);
#8002=COORDINATED_UNIVERSAL_TIME_OFFSET(5,0,.BEHIND.);
#8003=LOCAL_TIME(0,0,0.,#8002);
#8004=LOCAL_TIME(0,0,0.,#8002);
#8005=LOCAL_TIME(0,0,0.,#8002);
#8006=LOCAL_TIME(0,0,0.,#8002);
#8007=LOCAL_TIME(0,0,0.,#8002);
#8008=CALENDAR_DATE(1999,1,1);
#8009=CALENDAR_DATE(1999,1,1);
#8010=CALENDAR_DATE(1999,1,1);
#8011=CALENDAR_DATE(1999,1,1);
#8012=CALENDAR_DATE(1999,1,1);
#8013=DATE_AND_TIME(#8008,#8003);
#8014=DATE_AND_TIME(#8009,#8004);
#8015=DATE_AND_TIME(#8010,#8005);
#8016=DATE_AND_TIME(#8011,#8006);
#8017=DATE_AND_TIME(#8012,#8007);
#8018=APPROVAL_DATE_TIME(#8013,#8024);
#8019=APPROVAL_DATE_TIME(#8014,#8025);
#8020=APPROVAL_DATE_TIME(#8016,#8026);
#8021=APPROVAL_STATUS('not_yet_approved');
#8022=APPROVAL_STATUS('not_yet_approved');
#8023=APPROVAL_STATUS('approved');
#8024=APPROVAL(#8021,'Version approval');
#8025=APPROVAL(#8022,'Version Security approval');
#8026=APPROVAL(#8023,'Definition approval');
#8027=APPLIED_APPROVAL_ASSIGNMENT(#8024,(#8030));
#8028=APPLIED_APPROVAL_ASSIGNMENT(#8025,(#7994));
#8029=APPLIED_APPROVAL_ASSIGNMENT(#8026,(#7988));
#8030=PRODUCT_DEFINITION_FORMATION_WITH_SPECIFIED_SOURCE('A',
'First version',#8062,.MADE.);
#8031=PERSON_AND_ORGANIZATION_ROLE('design_owner');
#8032=PERSON_AND_ORGANIZATION_ROLE('creator');
#8033=PERSON_AND_ORGANIZATION_ROLE('design_supplier');
#8034=PERSON_AND_ORGANIZATION_ROLE('classification_officer');
#8035=PERSON_AND_ORGANIZATION_ROLE('creator');
#8036=ORGANIZATION('STI','lab','lab');
#8037=ORGANIZATION('STI','unknown','unknown');
#8038=ORGANIZATION('STI','unknown','unknown');
#8039=ORGANIZATION('STI','unknown','unknown');
#8040=ORGANIZATION('STI','unknown','unknown');
#8041=ORGANIZATION('STI','unknown','unknown');
#8042=ORGANIZATION('STI','unknown','unknown');
#8043=PERSON('1','Box','vc60',$,$,$);
#8044=PERSON('2','last','first',$,$,$);
#8045=PERSON('3','President','Mr.',$,$,$);
#8046=PERSON_AND_ORGANIZATION(#8043,#8036);
#8047=PERSON_AND_ORGANIZATION(#8044,#8037);
#8048=PERSON_AND_ORGANIZATION(#8045,#8038);
#8049=PERSON_AND_ORGANIZATION(#8045,#8039);
#8050=PERSON_AND_ORGANIZATION(#8045,#8040);
#8051=PERSON_AND_ORGANIZATION(#8044,#8041);
#8052=PERSON_AND_ORGANIZATION(#8045,#8042);
#8053=APPLIED_PERSON_AND_ORGANIZATION_ASSIGNMENT(#8046,#8031,(#8062));
#8054=APPLIED_PERSON_AND_ORGANIZATION_ASSIGNMENT(#8047,#8032,(#8030));
#8055=APPLIED_PERSON_AND_ORGANIZATION_ASSIGNMENT(#8047,#8033,(#8030));
#8056=APPLIED_PERSON_AND_ORGANIZATION_ASSIGNMENT(#8050,#8034,(#7994));
#8057=APPLIED_PERSON_AND_ORGANIZATION_ASSIGNMENT(#8051,#8035,(#7988));
#8058=PRODUCT_RELATED_PRODUCT_CATEGORY('detail','detail',(#8062));
#8059=APPLICATION_PROTOCOL_DEFINITION('International Standard',
'config_control_design',1994,#8060);
#8060=APPLICATION_CONTEXT(
'configuration controlled 3d designs of mechanical parts and assemblie
s');
#8061=PRODUCT_CONTEXT('3D Mechanical Parts',#8060,'mechanical');
#8062=PRODUCT('Document','Document','',(#8061));
#8063=(
LENGTH_UNIT()
NAMED_UNIT(*)
SI_UNIT(.MILLI.,.METRE.)
);
#8064=(
NAMED_UNIT(*)
PLANE_ANGLE_UNIT()
SI_UNIT($,.RADIAN.)
);
#8065=DIMENSIONAL_EXPONENTS(0.,0.,0.,0.,0.,0.,0.);
#8066=PLANE_ANGLE_MEASURE_WITH_UNIT(PLANE_ANGLE_MEASURE(0.01745329252),
#8064);
#8067=(
CONVERSION_BASED_UNIT('DEGREES',#8066)
NAMED_UNIT(#8065)
PLANE_ANGLE_UNIT()
);
#8068=(
NAMED_UNIT(*)
SI_UNIT($,.STERADIAN.)
SOLID_ANGLE_UNIT()
);
#8069=UNCERTAINTY_MEASURE_WITH_UNIT(LENGTH_MEASURE(0.001),#8063,
'DISTANCE_ACCURACY_VALUE',
'Maximum model space distance between geometric entities at asserted c
onnectivities');
#8070=(
GEOMETRIC_REPRESENTATION_CONTEXT(3)
GLOBAL_UNCERTAINTY_ASSIGNED_CONTEXT((#8069))
GLOBAL_UNIT_ASSIGNED_CONTEXT((#8068,#8067,#8063))
REPRESENTATION_CONTEXT('ID1','3D')
);
#8071=SHAPE_REPRESENTATION('Document',(#8072,#8345,#8346),#8070);
#8072=AXIS2_PLACEMENT_3D('',#8625,#8347,#8348);
#8073=AXIS2_PLACEMENT_3D('',#8630,#8349,$);
#8074=AXIS2_PLACEMENT_3D('',#8631,#8350,$);
#8075=AXIS2_PLACEMENT_3D('',#8632,#8351,$);
#8076=AXIS2_PLACEMENT_3D('',#8633,#8352,$);
#8077=AXIS2_PLACEMENT_3D('',#8634,#8353,$);
#8078=AXIS2_PLACEMENT_3D('',#8635,#8354,$);
#8079=AXIS2_PLACEMENT_3D('',#8636,#8355,$);
#8080=AXIS2_PLACEMENT_3D('',#8637,#8356,$);
#8081=AXIS2_PLACEMENT_3D('',#8638,#8357,$);
#8082=AXIS2_PLACEMENT_3D('',#8639,#8358,$);
#8083=AXIS2_PLACEMENT_3D('',#8640,#8359,$);
#8084=AXIS2_PLACEMENT_3D('',#8641,#8360,$);
#8085=AXIS2_PLACEMENT_3D('',#8642,#8361,$);
#8086=AXIS2_PLACEMENT_3D('',#8643,#8362,$);
#8087=AXIS2_PLACEMENT_3D('',#8644,#8363,$);
#8088=AXIS2_PLACEMENT_3D('',#8645,#8364,$);
#8089=AXIS2_PLACEMENT_3D('',#8646,#8365,$);
#8090=AXIS2_PLACEMENT_3D('',#8949,#8366,$);
#8091=AXIS2_PLACEMENT_3D('',#8950,#8367,$);
#8092=AXIS2_PLACEMENT_3D('',#8951,#8368,$);
#8093=AXIS2_PLACEMENT_3D('',#8952,#8369,$);
#8094=AXIS2_PLACEMENT_3D('',#8953,#8370,$);
#8095=AXIS2_PLACEMENT_3D('',#8954,#8371,$);
#8096=AXIS2_PLACEMENT_3D('',#8955,#8372,$);
#8097=AXIS2_PLACEMENT_3D('',#8956,#8373,$);
#8098=AXIS2_PLACEMENT_3D('',#8957,#8374,$);
#8099=AXIS2_PLACEMENT_3D('',#8958,#8375,$);
#8100=AXIS2_PLACEMENT_3D('',#8959,#8376,$);
#8101=AXIS2_PLACEMENT_3D('',#8960,#8377,$);
#8102=AXIS2_PLACEMENT_3D('',#8961,#8378,$);
#8103=AXIS2_PLACEMENT_3D('',#8962,#8379,$);
#8104=AXIS2_PLACEMENT_3D('',#8963,#8380,$);
#8105=AXIS2_PLACEMENT_3D('',#8964,#8381,$);
#8106=AXIS2_PLACEMENT_3D('',#8965,#8382,$);
#8107=AXIS2_PLACEMENT_3D('',#9268,#8383,$);
#8108=AXIS2_PLACEMENT_3D('',#9269,#8384,$);
#8109=AXIS2_PLACEMENT_3D('',#9270,#8385,$);
#8110=AXIS2_PLACEMENT_3D('',#9271,#8386,$);
#8111=AXIS2_PLACEMENT_3D('',#9272,#8387,$);
#8112=AXIS2_PLACEMENT_3D('',#9273,#8388,$);
#8113=AXIS2_PLACEMENT_3D('',#9274,#8389,$);
#8114=AXIS2_PLACEMENT_3D('',#9275,#8390,$);
#8115=AXIS2_PLACEMENT_3D('',#9276,#8391,$);
#8116=AXIS2_PLACEMENT_3D('',#9277,#8392,$);
#8117=AXIS2_PLACEMENT_3D('',#9278,#8393,$);
#8118=AXIS2_PLACEMENT_3D('',#9279,#8394,$);
#8119=AXIS2_PLACEMENT_3D('',#9280,#8395,$);
#8120=AXIS2_PLACEMENT_3D('',#9281,#8396,$);
#8121=AXIS2_PLACEMENT_3D('',#9282,#8397,$);
#8122=AXIS2_PLACEMENT_3D('',#9283,#8398,$);
#8123=AXIS2_PLACEMENT_3D('',#9284,#8399,$);
#8124=AXIS2_PLACEMENT_3D('',#9587,#8400,$);
#8125=AXIS2_PLACEMENT_3D('',#9588,#8401,$);
#8126=AXIS2_PLACEMENT_3D('',#9589,#8402,$);
#8127=AXIS2_PLACEMENT_3D('',#9590,#8403,$);
#8128=AXIS2_PLACEMENT_3D('',#9591,#8404,$);
#8129=AXIS2_PLACEMENT_3D('',#9592,#8405,$);
#8130=AXIS2_PLACEMENT_3D('',#9593,#8406,$);
#8131=AXIS2_PLACEMENT_3D('',#9594,#8407,$);
#8132=AXIS2_PLACEMENT_3D('',#9595,#8408,$);
#8133=AXIS2_PLACEMENT_3D('',#9596,#8409,$);
#8134=AXIS2_PLACEMENT_3D('',#9597,#8410,$);
#8135=AXIS2_PLACEMENT_3D('',#9598,#8411,$);
#8136=AXIS2_PLACEMENT_3D('',#9599,#8412,$);
#8137=AXIS2_PLACEMENT_3D('',#9600,#8413,$);
#8138=AXIS2_PLACEMENT_3D('',#9601,#8414,$);
#8139=AXIS2_PLACEMENT_3D('',#9602,#8415,$);
#8140=AXIS2_PLACEMENT_3D('',#9603,#8416,$);
#8141=AXIS2_PLACEMENT_3D('',#9906,#8417,$);
#8142=AXIS2_PLACEMENT_3D('',#9907,#8418,$);
#8143=AXIS2_PLACEMENT_3D('',#9908,#8419,$);
#8144=AXIS2_PLACEMENT_3D('',#9909,#8420,$);
#8145=AXIS2_PLACEMENT_3D('',#9910,#8421,$);
#8146=AXIS2_PLACEMENT_3D('',#9911,#8422,$);
#8147=AXIS2_PLACEMENT_3D('',#9912,#8423,$);
#8148=AXIS2_PLACEMENT_3D('',#9913,#8424,$);
#8149=AXIS2_PLACEMENT_3D('',#9914,#8425,$);
#8150=AXIS2_PLACEMENT_3D('',#9915,#8426,$);
#8151=AXIS2_PLACEMENT_3D('',#9916,#8427,$);
#8152=AXIS2_PLACEMENT_3D('',#9917,#8428,$);
#8153=AXIS2_PLACEMENT_3D('',#9918,#8429,$);
#8154=AXIS2_PLACEMENT_3D('',#9919,#8430,$);
#8155=AXIS2_PLACEMENT_3D('',#9920,#8431,$);
#8156=AXIS2_PLACEMENT_3D('',#9921,#8432,$);
#8157=AXIS2_PLACEMENT_3D('',#9922,#8433,$);
#8158=AXIS2_PLACEMENT_3D('',#10225,#8434,$);
#8159=AXIS2_PLACEMENT_3D('',#10226,#8435,$);
#8160=AXIS2_PLACEMENT_3D('',#10227,#8436,$);
#8161=AXIS2_PLACEMENT_3D('',#10228,#8437,$);
#8162=AXIS2_PLACEMENT_3D('',#10229,#8438,$);
#8163=AXIS2_PLACEMENT_3D('',#10230,#8439,$);
#8164=AXIS2_PLACEMENT_3D('',#10231,#8440,$);
#8165=AXIS2_PLACEMENT_3D('',#10232,#8441,$);
#8166=AXIS2_PLACEMENT_3D('',#10233,#8442,$);
#8167=AXIS2_PLACEMENT_3D('',#10234,#8443,$);
#8168=AXIS2_PLACEMENT_3D('',#10235,#8444,$);
#8169=AXIS2_PLACEMENT_3D('',#10236,#8445,$);
#8170=AXIS2_PLACEMENT_3D('',#10237,#8446,$);
#8171=AXIS2_PLACEMENT_3D('',#10238,#8447,$);
#8172=AXIS2_PLACEMENT_3D('',#10239,#8448,$);
#8173=AXIS2_PLACEMENT_3D('',#10240,#8449,$);
#8174=AXIS2_PLACEMENT_3D('',#10241,#8450,$);
#8175=AXIS2_PLACEMENT_3D('',#10544,#8451,$);
#8176=AXIS2_PLACEMENT_3D('',#10545,#8452,$);
#8177=AXIS2_PLACEMENT_3D('',#10546,#8453,$);
#8178=AXIS2_PLACEMENT_3D('',#10547,#8454,$);
#8179=AXIS2_PLACEMENT_3D('',#10548,#8455,$);
#8180=AXIS2_PLACEMENT_3D('',#10549,#8456,$);
#8181=AXIS2_PLACEMENT_3D('',#10550,#8457,$);
#8182=AXIS2_PLACEMENT_3D('',#10551,#8458,$);
#8183=AXIS2_PLACEMENT_3D('',#10552,#8459,$);
#8184=AXIS2_PLACEMENT_3D('',#10553,#8460,$);
#8185=AXIS2_PLACEMENT_3D('',#10554,#8461,$);
#8186=AXIS2_PLACEMENT_3D('',#10555,#8462,$);
#8187=AXIS2_PLACEMENT_3D('',#10556,#8463,$);
#8188=AXIS2_PLACEMENT_3D('',#10557,#8464,$);
#8189=AXIS2_PLACEMENT_3D('',#10558,#8465,$);
#8190=AXIS2_PLACEMENT_3D('',#10559,#8466,$);
#8191=AXIS2_PLACEMENT_3D('',#10560,#8467,$);
#8192=AXIS2_PLACEMENT_3D('',#10863,#8468,$);
#8193=AXIS2_PLACEMENT_3D('',#10864,#8469,$);
#8194=AXIS2_PLACEMENT_3D('',#10865,#8470,$);
#8195=AXIS2_PLACEMENT_3D('',#10866,#8471,$);
#8196=AXIS2_PLACEMENT_3D('',#10867,#8472,$);
#8197=AXIS2_PLACEMENT_3D('',#10868,#8473,$);
#8198=AXIS2_PLACEMENT_3D('',#10869,#8474,$);
#8199=AXIS2_PLACEMENT_3D('',#10870,#8475,$);
#8200=AXIS2_PLACEMENT_3D('',#10871,#8476,$);
#8201=AXIS2_PLACEMENT_3D('',#10872,#8477,$);
#8202=AXIS2_PLACEMENT_3D('',#10873,#8478,$);
#8203=AXIS2_PLACEMENT_3D('',#10874,#8479,$);
#8204=AXIS2_PLACEMENT_3D('',#10875,#8480,$);
#8205=AXIS2_PLACEMENT_3D('',#10876,#8481,$);
#8206=AXIS2_PLACEMENT_3D('',#10877,#8482,$);
#8207=AXIS2_PLACEMENT_3D('',#10878,#8483,$);
#8208=AXIS2_PLACEMENT_3D('',#10879,#8484,$);
#8209=AXIS2_PLACEMENT_3D('',#11182,#8485,$);
#8210=AXIS2_PLACEMENT_3D('',#11183,#8486,$);
#8211=AXIS2_PLACEMENT_3D('',#11184,#8487,$);
#8212=AXIS2_PLACEMENT_3D('',#11185,#8488,$);
#8213=AXIS2_PLACEMENT_3D('',#11186,#8489,$);
#8214=AXIS2_PLACEMENT_3D('',#11187,#8490,$);
#8215=AXIS2_PLACEMENT_3D('',#11188,#8491,$);
#8216=AXIS2_PLACEMENT_3D('',#11189,#8492,$);
#8217=AXIS2_PLACEMENT_3D('',#11190,#8493,$);
#8218=AXIS2_PLACEMENT_3D('',#11191,#8494,$);
#8219=AXIS2_PLACEMENT_3D('',#11192,#8495,$);
#8220=AXIS2_PLACEMENT_3D('',#11193,#8496,$);
#8221=AXIS2_PLACEMENT_3D('',#11194,#8497,$);
#8222=AXIS2_PLACEMENT_3D('',#11195,#8498,$);
#8223=AXIS2_PLACEMENT_3D('',#11196,#8499,$);
#8224=AXIS2_PLACEMENT_3D('',#11197,#8500,$);
#8225=AXIS2_PLACEMENT_3D('',#11198,#8501,$);
#8226=AXIS2_PLACEMENT_3D('',#11501,#8502,$);
#8227=AXIS2_PLACEMENT_3D('',#11502,#8503,$);
#8228=AXIS2_PLACEMENT_3D('',#11503,#8504,$);
#8229=AXIS2_PLACEMENT_3D('',#11504,#8505,$);
#8230=AXIS2_PLACEMENT_3D('',#11505,#8506,$);
#8231=AXIS2_PLACEMENT_3D('',#11506,#8507,$);
#8232=AXIS2_PLACEMENT_3D('',#11507,#8508,$);
#8233=AXIS2_PLACEMENT_3D('',#11508,#8509,$);
#8234=AXIS2_PLACEMENT_3D('',#11509,#8510,$);
#8235=AXIS2_PLACEMENT_3D('',#11510,#8511,$);
#8236=AXIS2_PLACEMENT_3D('',#11511,#8512,$);
#8237=AXIS2_PLACEMENT_3D('',#11512,#8513,$);
#8238=AXIS2_PLACEMENT_3D('',#11513,#8514,$);
#8239=AXIS2_PLACEMENT_3D('',#11514,#8515,$);
#8240=AXIS2_PLACEMENT_3D('',#11515,#8516,$);
#8241=AXIS2_PLACEMENT_3D('',#11516,#8517,$);
#8242=AXIS2_PLACEMENT_3D('',#11517,#8518,$);
#8243=AXIS2_PLACEMENT_3D('',#11820,#8519,$);
#8244=AXIS2_PLACEMENT_3D('',#11821,#8520,$);
#8245=AXIS2_PLACEMENT_3D('',#11822,#8521,$);
#8246=AXIS2_PLACEMENT_3D('',#11823,#8522,$);
#8247=AXIS2_PLACEMENT_3D('',#11824,#8523,$);
#8248=AXIS2_PLACEMENT_3D('',#11825,#8524,$);
#8249=AXIS2_PLACEMENT_3D('',#11826,#8525,$);
#8250=AXIS2_PLACEMENT_3D('',#11827,#8526,$);
#8251=AXIS2_PLACEMENT_3D('',#11828,#8527,$);
#8252=AXIS2_PLACEMENT_3D('',#11829,#8528,$);
#8253=AXIS2_PLACEMENT_3D('',#11830,#8529,$);
#8254=AXIS2_PLACEMENT_3D('',#11831,#8530,$);
#8255=AXIS2_PLACEMENT_3D('',#11832,#8531,$);
#8256=AXIS2_PLACEMENT_3D('',#11833,#8532,$);
#8257=AXIS2_PLACEMENT_3D('',#11834,#8533,$);
#8258=AXIS2_PLACEMENT_3D('',#11835,#8534,$);
#8259=AXIS2_PLACEMENT_3D('',#11836,#8535,$);
#8260=AXIS2_PLACEMENT_3D('',#12139,#8536,$);
#8261=AXIS2_PLACEMENT_3D('',#12140,#8537,$);
#8262=AXIS2_PLACEMENT_3D('',#12141,#8538,$);
#8263=AXIS2_PLACEMENT_3D('',#12142,#8539,$);
#8264=AXIS2_PLACEMENT_3D('',#12143,#8540,$);
#8265=AXIS2_PLACEMENT_3D('',#12144,#8541,$);
#8266=AXIS2_PLACEMENT_3D('',#12145,#8542,$);
#8267=AXIS2_PLACEMENT_3D('',#12146,#8543,$);
#8268=AXIS2_PLACEMENT_3D('',#12147,#8544,$);
#8269=AXIS2_PLACEMENT_3D('',#12148,#8545,$);
#8270=AXIS2_PLACEMENT_3D('',#12149,#8546,$);
#8271=AXIS2_PLACEMENT_3D('',#12150,#8547,$);
#8272=AXIS2_PLACEMENT_3D('',#12151,#8548,$);
#8273=AXIS2_PLACEMENT_3D('',#12152,#8549,$);
#8274=AXIS2_PLACEMENT_3D('',#12153,#8550,$);
#8275=AXIS2_PLACEMENT_3D('',#12154,#8551,$);
#8276=AXIS2_PLACEMENT_3D('',#12155,#8552,$);
#8277=AXIS2_PLACEMENT_3D('',#12458,#8553,$);
#8278=AXIS2_PLACEMENT_3D('',#12459,#8554,$);
#8279=AXIS2_PLACEMENT_3D('',#12460,#8555,$);
#8280=AXIS2_PLACEMENT_3D('',#12461,#8556,$);
#8281=AXIS2_PLACEMENT_3D('',#12462,#8557,$);
#8282=AXIS2_PLACEMENT_3D('',#12463,#8558,$);
#8283=AXIS2_PLACEMENT_3D('',#12464,#8559,$);
#8284=AXIS2_PLACEMENT_3D('',#12465,#8560,$);
#8285=AXIS2_PLACEMENT_3D('',#12466,#8561,$);
#8286=AXIS2_PLACEMENT_3D('',#12467,#8562,$);
#8287=AXIS2_PLACEMENT_3D('',#12468,#8563,$);
#8288=AXIS2_PLACEMENT_3D('',#12469,#8564,$);
#8289=AXIS2_PLACEMENT_3D('',#12470,#8565,$);
#8290=AXIS2_PLACEMENT_3D('',#12471,#8566,$);
#8291=AXIS2_PLACEMENT_3D('',#12472,#8567,$);
#8292=AXIS2_PLACEMENT_3D('',#12473,#8568,$);
#8293=AXIS2_PLACEMENT_3D('',#12474,#8569,$);
#8294=AXIS2_PLACEMENT_3D('',#12777,#8570,$);
#8295=AXIS2_PLACEMENT_3D('',#12778,#8571,$);
#8296=AXIS2_PLACEMENT_3D('',#12779,#8572,$);
#8297=AXIS2_PLACEMENT_3D('',#12780,#8573,$);
#8298=AXIS2_PLACEMENT_3D('',#12781,#8574,$);
#8299=AXIS2_PLACEMENT_3D('',#12782,#8575,$);
#8300=AXIS2_PLACEMENT_3D('',#12783,#8576,$);
#8301=AXIS2_PLACEMENT_3D('',#12784,#8577,$);
#8302=AXIS2_PLACEMENT_3D('',#12785,#8578,$);
#8303=AXIS2_PLACEMENT_3D('',#12786,#8579,$);
#8304=AXIS2_PLACEMENT_3D('',#12787,#8580,$);
#8305=AXIS2_PLACEMENT_3D('',#12788,#8581,$);
#8306=AXIS2_PLACEMENT_3D('',#12789,#8582,$);
#8307=AXIS2_PLACEMENT_3D('',#12790,#8583,$);
#8308=AXIS2_PLACEMENT_3D('',#12791,#8584,$);
#8309=AXIS2_PLACEMENT_3D('',#12792,#8585,$);
#8310=AXIS2_PLACEMENT_3D('',#12793,#8586,$);
#8311=AXIS2_PLACEMENT_3D('',#13096,#8587,$);
#8312=AXIS2_PLACEMENT_3D('',#13097,#8588,$);
#8313=AXIS2_PLACEMENT_3D('',#13098,#8589,$);
#8314=AXIS2_PLACEMENT_3D('',#13099,#8590,$);
#8315=AXIS2_PLACEMENT_3D('',#13100,#8591,$);
#8316=AXIS2_PLACEMENT_3D('',#13101,#8592,$);
#8317=AXIS2_PLACEMENT_3D('',#13102,#8593,$);
#8318=AXIS2_PLACEMENT_3D('',#13103,#8594,$);
#8319=AXIS2_PLACEMENT_3D('',#13104,#8595,$);
#8320=AXIS2_PLACEMENT_3D('',#13105,#8596,$);
#8321=AXIS2_PLACEMENT_3D('',#13106,#8597,$);
#8322=AXIS2_PLACEMENT_3D('',#13107,#8598,$);
#8323=AXIS2_PLACEMENT_3D('',#13108,#8599,$);
#8324=AXIS2_PLACEMENT_3D('',#13109,#8600,$);
#8325=AXIS2_PLACEMENT_3D('',#13110,#8601,$);
#8326=AXIS2_PLACEMENT_3D('',#13111,#8602,$);
#8327=AXIS2_PLACEMENT_3D('',#13112,#8603,$);
#8328=AXIS2_PLACEMENT_3D('',#13415,#8604,$);
#8329=AXIS2_PLACEMENT_3D('',#13416,#8605,$);
#8330=AXIS2_PLACEMENT_3D('',#13417,#8606,$);
#8331=AXIS2_PLACEMENT_3D('',#13418,#8607,$);
#8332=AXIS2_PLACEMENT_3D('',#13419,#8608,$);
#8333=AXIS2_PLACEMENT_3D('',#13420,#8609,$);
#8334=AXIS2_PLACEMENT_3D('',#13421,#8610,$);
#8335=AXIS2_PLACEMENT_3D('',#13422,#8611,$);
#8336=AXIS2_PLACEMENT_3D('',#13423,#8612,$);
#8337=AXIS2_PLACEMENT_3D('',#13424,#8613,$);
#8338=AXIS2_PLACEMENT_3D('',#13425,#8614,$);
#8339=AXIS2_PLACEMENT_3D('',#13426,#8615,$);
#8340=AXIS2_PLACEMENT_3D('',#13427,#8616,$);
#8341=AXIS2_PLACEMENT_3D('',#13428,#8617,$);
#8342=AXIS2_PLACEMENT_3D('',#13429,#8618,$);
#8343=AXIS2_PLACEMENT_3D('',#13430,#8619,$);
#8344=AXIS2_PLACEMENT_3D('',#13431,#8620,$);
#8345=AXIS2_PLACEMENT_3D('',#13734,#8621,#8622);
#8346=AXIS2_PLACEMENT_3D('',#13735,#8623,#8624);
#8347=DIRECTION('',(0.,0.,1.));
#8348=DIRECTION('',(1.,0.,0.));
#8349=DIRECTION('',(-0.0130895955713435,1.98955443836739E-16,0.999914327574007));
#8350=DIRECTION('',(-0.0538940666046308,0.,0.998546658691929));
#8351=DIRECTION('',(-0.0926480650223346,-8.84358291816966E-16,0.995698918372224));
#8352=DIRECTION('',(-0.134478527697144,0.,0.990916507879654));
#8353=DIRECTION('',(-0.176088292447733,0.,0.984374376577754));
#8354=DIRECTION('',(0.027736694186462,0.,0.999615263886865));
#8355=DIRECTION('',(0.0665519577279596,0.,0.997782960829947));
#8356=DIRECTION('',(0.108493275060184,0.,0.994097183009144));
#8357=DIRECTION('',(0.150260034216547,0.,0.988646510193225));
#8358=DIRECTION('',(-0.0538940666046308,0.,0.998546658691929));
#8359=DIRECTION('',(-0.0926480650223346,0.,0.995698918372224));
#8360=DIRECTION('',(-0.134478527697144,0.,0.990916507879654));
#8361=DIRECTION('',(-0.176088292447733,0.,0.984374376577754));
#8362=DIRECTION('',(0.027736694186462,8.87836705387159E-16,0.999615263886865));
#8363=DIRECTION('',(0.0665519577279596,-8.86209293353654E-16,0.997782960829947));
#8364=DIRECTION('',(0.108493275060184,0.,0.994097183009144));
#8365=DIRECTION('',(0.150260034216547,0.,0.988646510193225));
#8366=DIRECTION('',(-0.394743856384266,6.2141803627994E-17,0.918791210148899));
#8367=DIRECTION('',(-0.43191888778474,0.,0.901912453830633));
#8368=DIRECTION('',(-0.466633130685797,3.92775133174703E-16,0.884450971702995));
#8369=DIRECTION('',(-0.503449289724265,-6.07280477115462E-16,0.864024775499021));
#8370=DIRECTION('',(-0.539388134468327,-6.13484996653868E-16,0.842057266695549));
#8371=DIRECTION('',(-0.356910836170364,0.,0.934138456024679));
#8372=DIRECTION('',(-0.320349016612396,0.,0.947299587013248));
#8373=DIRECTION('',(-0.28018980585518,0.,0.959944619597837));
#8374=DIRECTION('',(-0.239516469749401,0.,0.970892301297515));
#8375=DIRECTION('',(-0.43191888778474,0.,0.901912453830633));
#8376=DIRECTION('',(-0.466633130685797,0.,0.884450971702995));
#8377=DIRECTION('',(-0.503449289724265,0.,0.864024775499021));
#8378=DIRECTION('',(-0.539388134468327,0.,0.842057266695549));
#8379=DIRECTION('',(-0.356910836170364,-7.9250125610911E-17,0.934138456024679));
#8380=DIRECTION('',(-0.320349016612396,7.70239279344186E-16,0.947299587013248));
#8381=DIRECTION('',(-0.28018980585518,-6.22146347451347E-17,0.959944619597837));
#8382=DIRECTION('',(-0.239516469749401,-9.15508929763989E-16,0.970892301297515));
#8383=DIRECTION('',(-0.716301943424653,-3.23948695116484E-18,0.697790459841681));
#8384=DIRECTION('',(-0.744187973654085,-3.38474670174916E-17,0.66797025373038));
#8385=DIRECTION('',(-0.769577532242212,0.,0.638553382160009));
#8386=DIRECTION('',(-0.795774461170029,3.53394851679858E-16,0.605593103452764));
#8387=DIRECTION('',(-0.820571022581759,0.,0.571544571227061));
#8388=DIRECTION('',(-0.687221927125039,0.,0.726447536218926));
#8389=DIRECTION('',(-0.658479757144572,0.,0.752598438365922));
#8390=DIRECTION('',(-0.626216528756007,0.,0.779649189772411));
#8391=DIRECTION('',(-0.592828762418201,0.,0.805328540689888));
#8392=DIRECTION('',(-0.744187973654085,0.,0.66797025373038));
#8393=DIRECTION('',(-0.769577532242212,0.,0.638553382160009));
#8394=DIRECTION('',(-0.795774461170029,0.,0.605593103452764));
#8395=DIRECTION('',(-0.820571022581759,0.,0.571544571227061));
#8396=DIRECTION('',(-0.687221927125039,-3.05187842608596E-16,0.726447536218926));
#8397=DIRECTION('',(-0.658479757144572,-3.34220845828313E-16,0.752598438365922));
#8398=DIRECTION('',(-0.626216528756007,0.,0.779649189772411));
#8399=DIRECTION('',(-0.592828762418201,0.,0.805328540689888));
#8400=DIRECTION('',(-0.928809552871924,-4.28836046276194E-17,0.370557437509837));
#8401=DIRECTION('',(-0.943161186615382,-8.37695412250545E-16,0.332335637665094));
#8402=DIRECTION('',(-0.955360730752454,0.,0.295441828683984));
#8403=DIRECTION('',(-0.966950184616119,-5.66136851001192E-17,0.254965371120967));
#8404=DIRECTION('',(-0.97682941100195,-8.43837876481001E-16,0.214019395853703));
#8405=DIRECTION('',(-0.912909709357202,0.,0.408161564287169));
#8406=DIRECTION('',(-0.89636292378535,0.,0.443320999799218));
#8407=DIRECTION('',(-0.876907461820711,0.,0.480659238341633));
#8408=DIRECTION('',(-0.855888250014951,0.,0.517160810083619));
#8409=DIRECTION('',(-0.943161186615382,0.,0.332335637665094));
#8410=DIRECTION('',(-0.955360730752454,0.,0.295441828683984));
#8411=DIRECTION('',(-0.966950184616119,0.,0.254965371120967));
#8412=DIRECTION('',(-0.97682941100195,0.,0.214019395853703));
#8413=DIRECTION('',(-0.912909709357202,0.,0.408161564287169));
#8414=DIRECTION('',(-0.89636292378535,3.98065102562728E-16,0.443320999799218));
#8415=DIRECTION('',(-0.876907461820711,-3.89425141831583E-16,0.480659238341633));
#8416=DIRECTION('',(-0.855888250014951,0.,0.517160810083619));
#8417=DIRECTION('',(-0.999914327574007,1.98955443836739E-16,-0.0130895955713435));
#8418=DIRECTION('',(-0.998546658691929,0.,-0.0538940666046309));
#8419=DIRECTION('',(-0.995698918372224,-8.84358291816966E-16,-0.0926480650223346));
#8420=DIRECTION('',(-0.990916507879654,0.,-0.134478527697144));
#8421=DIRECTION('',(-0.984374376577754,0.,-0.176088292447733));
#8422=DIRECTION('',(-0.999615263886865,0.,0.027736694186462));
#8423=DIRECTION('',(-0.997782960829947,0.,0.0665519577279596));
#8424=DIRECTION('',(-0.994097183009144,0.,0.108493275060184));
#8425=DIRECTION('',(-0.988646510193225,0.,0.150260034216547));
#8426=DIRECTION('',(-0.998546658691929,0.,-0.0538940666046309));
#8427=DIRECTION('',(-0.995698918372224,0.,-0.0926480650223346));
#8428=DIRECTION('',(-0.990916507879654,0.,-0.134478527697144));
#8429=DIRECTION('',(-0.984374376577754,0.,-0.176088292447733));
#8430=DIRECTION('',(-0.999615263886865,8.88606553299979E-16,0.027736694186462));
#8431=DIRECTION('',(-0.997782960829947,-8.82514917563481E-16,0.0665519577279596));
#8432=DIRECTION('',(-0.994097183009144,0.,0.108493275060184));
#8433=DIRECTION('',(-0.988646510193225,0.,0.150260034216547));
#8434=DIRECTION('',(-0.918791210148899,5.6663632150655E-17,-0.394743856384266));
#8435=DIRECTION('',(-0.901912453830633,-9.59052587978212E-17,-0.431918887784739));
#8436=DIRECTION('',(-0.884450971702995,1.85548394878587E-16,-0.466633130685797));
#8437=DIRECTION('',(-0.864024775499022,6.07280477115461E-16,-0.503449289724263));
#8438=DIRECTION('',(-0.842057266695548,3.73948546215329E-16,-0.539388134468328));
#8439=DIRECTION('',(-0.934138456024679,0.,-0.356910836170364));
#8440=DIRECTION('',(-0.947299587013249,0.,-0.320349016612396));
#8441=DIRECTION('',(-0.959944619597837,0.,-0.28018980585518));
#8442=DIRECTION('',(-0.970892301297515,0.,-0.2395164697494));
#8443=DIRECTION('',(-0.901912453830633,0.,-0.431918887784739));
#8444=DIRECTION('',(-0.884450971702995,0.,-0.466633130685797));
#8445=DIRECTION('',(-0.864024775499022,0.,-0.503449289724263));
#8446=DIRECTION('',(-0.842057266695548,0.,-0.539388134468328));
#8447=DIRECTION('',(-0.934138456024679,0.,-0.356910836170364));
#8448=DIRECTION('',(-0.947299587013249,7.70239279344186E-16,-0.320349016612396));
#8449=DIRECTION('',(-0.959944619597837,0.,-0.28018980585518));
#8450=DIRECTION('',(-0.970892301297515,-8.09142249966901E-16,-0.2395164697494));
#8451=DIRECTION('',(-0.697790459841681,-3.23948695116484E-18,-0.716301943424653));
#8452=DIRECTION('',(-0.66797025373038,-3.38474670174916E-17,-0.744187973654085));
#8453=DIRECTION('',(-0.638553382160009,0.,-0.769577532242212));
#8454=DIRECTION('',(-0.605593103452764,3.53394851679858E-16,-0.795774461170029));
#8455=DIRECTION('',(-0.571544571227061,0.,-0.820571022581759));
#8456=DIRECTION('',(-0.726447536218926,0.,-0.687221927125039));
#8457=DIRECTION('',(-0.752598438365922,0.,-0.658479757144572));
#8458=DIRECTION('',(-0.779649189772411,0.,-0.626216528756007));
#8459=DIRECTION('',(-0.805328540689888,0.,-0.592828762418201));
#8460=DIRECTION('',(-0.66797025373038,0.,-0.744187973654085));
#8461=DIRECTION('',(-0.638553382160009,0.,-0.769577532242212));
#8462=DIRECTION('',(-0.605593103452764,0.,-0.795774461170029));
#8463=DIRECTION('',(-0.571544571227061,0.,-0.820571022581759));
#8464=DIRECTION('',(-0.726447536218926,-3.05187842608596E-16,-0.687221927125039));
#8465=DIRECTION('',(-0.752598438365922,-3.34220845828313E-16,-0.658479757144572));
#8466=DIRECTION('',(-0.779649189772411,0.,-0.626216528756007));
#8467=DIRECTION('',(-0.805328540689888,0.,-0.592828762418201));
#8468=DIRECTION('',(-0.370557437509837,-4.28836046276194E-17,-0.928809552871924));
#8469=DIRECTION('',(-0.332335637665094,-8.37695412250545E-16,-0.943161186615382));
#8470=DIRECTION('',(-0.295441828683984,0.,-0.955360730752454));
#8471=DIRECTION('',(-0.254965371120967,-5.66136851001192E-17,-0.966950184616119));
#8472=DIRECTION('',(-0.214019395853703,-8.43837876481001E-16,-0.97682941100195));
#8473=DIRECTION('',(-0.408161564287169,0.,-0.912909709357202));
#8474=DIRECTION('',(-0.443320999799218,0.,-0.89636292378535));
#8475=DIRECTION('',(-0.480659238341633,0.,-0.876907461820711));
#8476=DIRECTION('',(-0.517160810083619,0.,-0.855888250014951));
#8477=DIRECTION('',(-0.332335637665094,0.,-0.943161186615382));
#8478=DIRECTION('',(-0.295441828683984,0.,-0.955360730752454));
#8479=DIRECTION('',(-0.254965371120967,0.,-0.966950184616119));
#8480=DIRECTION('',(-0.214019395853703,0.,-0.97682941100195));
#8481=DIRECTION('',(-0.408161564287169,0.,-0.912909709357202));
#8482=DIRECTION('',(-0.443320999799218,3.98065102562728E-16,-0.89636292378535));
#8483=DIRECTION('',(-0.480659238341633,-3.89425141831583E-16,-0.876907461820711));
#8484=DIRECTION('',(-0.517160810083619,0.,-0.855888250014951));
#8485=DIRECTION('',(0.0130895955713435,1.98955443836739E-16,-0.999914327574007));
#8486=DIRECTION('',(0.0538940666046309,0.,-0.998546658691929));
#8487=DIRECTION('',(0.0926480650223346,-8.84358291816966E-16,-0.995698918372224));
#8488=DIRECTION('',(0.134478527697144,0.,-0.990916507879654));
#8489=DIRECTION('',(0.176088292447733,0.,-0.984374376577754));
#8490=DIRECTION('',(-0.027736694186462,0.,-0.999615263886865));
#8491=DIRECTION('',(-0.0665519577279596,0.,-0.997782960829947));
#8492=DIRECTION('',(-0.108493275060184,0.,-0.994097183009144));
#8493=DIRECTION('',(-0.150260034216547,0.,-0.988646510193225));
#8494=DIRECTION('',(0.0538940666046309,0.,-0.998546658691929));
#8495=DIRECTION('',(0.0926480650223346,0.,-0.995698918372224));
#8496=DIRECTION('',(0.134478527697144,0.,-0.990916507879654));
#8497=DIRECTION('',(0.176088292447733,0.,-0.984374376577754));
#8498=DIRECTION('',(-0.027736694186462,8.87836705387159E-16,-0.999615263886865));
#8499=DIRECTION('',(-0.0665519577279596,-8.86209293353654E-16,-0.997782960829947));
#8500=DIRECTION('',(-0.108493275060184,0.,-0.994097183009144));
#8501=DIRECTION('',(-0.150260034216547,0.,-0.988646510193225));
#8502=DIRECTION('',(0.394743856384266,1.82302856789969E-19,-0.918791210148899));
#8503=DIRECTION('',(0.431918887784739,-9.59052587978212E-17,-0.901912453830633));
#8504=DIRECTION('',(0.466633130685797,1.85548394878587E-16,-0.884450971702995));
#8505=DIRECTION('',(0.503449289724264,3.83704079842238E-16,-0.864024775499021));
#8506=DIRECTION('',(0.539388134468329,1.34412095776789E-16,-0.842057266695547));
#8507=DIRECTION('',(0.356910836170364,0.,-0.934138456024679));
#8508=DIRECTION('',(0.320349016612396,0.,-0.947299587013249));
#8509=DIRECTION('',(0.28018980585518,0.,-0.959944619597837));
#8510=DIRECTION('',(0.239516469749401,0.,-0.970892301297515));
#8511=DIRECTION('',(0.431918887784739,0.,-0.901912453830633));
#8512=DIRECTION('',(0.466633130685797,0.,-0.884450971702995));
#8513=DIRECTION('',(0.503449289724264,0.,-0.864024775499021));
#8514=DIRECTION('',(0.539388134468329,0.,-0.842057266695547));
#8515=DIRECTION('',(0.356910836170364,0.,-0.934138456024679));
#8516=DIRECTION('',(0.320349016612396,8.41371050176008E-16,-0.947299587013249));
#8517=DIRECTION('',(0.28018980585518,-6.22146347451347E-17,-0.959944619597837));
#8518=DIRECTION('',(0.239516469749401,-9.15508929763989E-16,-0.970892301297515));
#8519=DIRECTION('',(0.716301943424653,-2.26070628231651E-17,-0.697790459841681));
#8520=DIRECTION('',(0.744187973654086,-6.27124231382432E-16,-0.667970253730378));
#8521=DIRECTION('',(0.769577532242212,0.,-0.638553382160009));
#8522=DIRECTION('',(0.795774461170027,-2.68937362802987E-16,-0.605593103452767));
#8523=DIRECTION('',(0.820571022581762,-6.1822351407451E-16,-0.571544571227058));
#8524=DIRECTION('',(0.687221927125039,0.,-0.726447536218926));
#8525=DIRECTION('',(0.658479757144575,0.,-0.75259843836592));
#8526=DIRECTION('',(0.626216528756004,0.,-0.779649189772413));
#8527=DIRECTION('',(0.592828762418197,0.,-0.805328540689891));
#8528=DIRECTION('',(0.744187973654086,0.,-0.667970253730378));
#8529=DIRECTION('',(0.769577532242212,0.,-0.638553382160009));
#8530=DIRECTION('',(0.795774461170027,0.,-0.605593103452767));
#8531=DIRECTION('',(0.820571022581762,0.,-0.571544571227058));
#8532=DIRECTION('',(0.687221927125039,-3.22607512356987E-16,-0.726447536218926));
#8533=DIRECTION('',(0.658479757144575,3.34220845828312E-16,-0.75259843836592));
#8534=DIRECTION('',(0.626216528756004,-3.46233792646273E-16,-0.779649189772413));
#8535=DIRECTION('',(0.592828762418197,-3.57637715304678E-16,-0.805328540689891));
#8536=DIRECTION('',(0.999914327574007,1.98955443836739E-16,0.0130895955713435));
#8537=DIRECTION('',(0.998546658691929,0.,0.0538940666046309));
#8538=DIRECTION('',(0.995698918372224,-8.84358291816966E-16,0.0926480650223346));
#8539=DIRECTION('',(0.990916507879654,0.,0.134478527697144));
#8540=DIRECTION('',(0.984374376577754,0.,0.176088292447733));
#8541=DIRECTION('',(0.999615263886865,0.,-0.027736694186462));
#8542=DIRECTION('',(0.997782960829947,0.,-0.0665519577279596));
#8543=DIRECTION('',(0.994097183009144,0.,-0.108493275060184));
#8544=DIRECTION('',(0.988646510193225,0.,-0.150260034216547));
#8545=DIRECTION('',(0.998546658691929,0.,0.0538940666046309));
#8546=DIRECTION('',(0.995698918372224,0.,0.0926480650223346));
#8547=DIRECTION('',(0.990916507879654,0.,0.134478527697144));
#8548=DIRECTION('',(0.984374376577754,0.,0.176088292447733));
#8549=DIRECTION('',(0.999615263886865,8.87836705387159E-16,-0.027736694186462));
#8550=DIRECTION('',(0.997782960829947,-8.82514917563481E-16,-0.0665519577279596));
#8551=DIRECTION('',(0.994097183009144,0.,-0.108493275060184));
#8552=DIRECTION('',(0.988646510193225,0.,-0.150260034216547));
#8553=DIRECTION('',(0.918791210148899,6.40310821064265E-17,0.394743856384267));
#8554=DIRECTION('',(0.901912453830636,-9.59052587978198E-17,0.431918887784732));
#8555=DIRECTION('',(0.884450971702996,6.00001871470819E-16,0.466633130685796));
#8556=DIRECTION('',(0.864024775499018,0.,0.503449289724269));
#8557=DIRECTION('',(0.84205726669555,2.39536450438537E-16,0.539388134468324));
#8558=DIRECTION('',(0.934138456024678,0.,0.356910836170368));
#8559=DIRECTION('',(0.947299587013251,0.,0.32034901661239));
#8560=DIRECTION('',(0.959944619597837,0.,0.28018980585518));
#8561=DIRECTION('',(0.970892301297512,0.,0.23951646974941));
#8562=DIRECTION('',(0.901912453830636,0.,0.431918887784732));
#8563=DIRECTION('',(0.884450971702996,0.,0.466633130685796));
#8564=DIRECTION('',(0.864024775499018,0.,0.503449289724269));
#8565=DIRECTION('',(0.84205726669555,0.,0.539388134468324));
#8566=DIRECTION('',(0.934138456024678,-8.29681617653113E-16,0.356910836170368));
#8567=DIRECTION('',(0.947299587013251,0.,0.32034901661239));
#8568=DIRECTION('',(0.959944619597837,-6.22146347451347E-17,0.28018980585518));
#8569=DIRECTION('',(0.970892301297512,5.3183339898546E-17,0.23951646974941));
#8570=DIRECTION('',(0.697790459841681,-2.26070628231651E-17,0.716301943424653));
#8571=DIRECTION('',(0.667970253730378,-6.27124231382432E-16,0.744187973654086));
#8572=DIRECTION('',(0.638553382160009,0.,0.769577532242212));
#8573=DIRECTION('',(0.605593103452767,-2.68937362802987E-16,0.795774461170027));
#8574=DIRECTION('',(0.571544571227058,-6.1822351407451E-16,0.820571022581762));
#8575=DIRECTION('',(0.726447536218926,0.,0.687221927125039));
#8576=DIRECTION('',(0.75259843836592,0.,0.658479757144575));
#8577=DIRECTION('',(0.779649189772413,0.,0.626216528756004));
#8578=DIRECTION('',(0.805328540689891,0.,0.592828762418197));
#8579=DIRECTION('',(0.667970253730378,0.,0.744187973654086));
#8580=DIRECTION('',(0.638553382160009,0.,0.769577532242212));
#8581=DIRECTION('',(0.605593103452767,0.,0.795774461170027));
#8582=DIRECTION('',(0.571544571227058,0.,0.820571022581762));
#8583=DIRECTION('',(0.726447536218926,-3.22607512356987E-16,0.687221927125039));
#8584=DIRECTION('',(0.75259843836592,3.34220845828312E-16,0.658479757144575));
#8585=DIRECTION('',(0.779649189772413,-3.46233792646273E-16,0.626216528756004));
#8586=DIRECTION('',(0.805328540689891,-3.57637715304678E-16,0.592828762418197));
#8587=DIRECTION('',(0.370557437509836,-9.95854096705003E-17,0.928809552871924));
#8588=DIRECTION('',(0.332335637665096,8.37695412250544E-16,0.943161186615381));
#8589=DIRECTION('',(0.295441828683987,6.56012641284647E-17,0.955360730752453));
#8590=DIRECTION('',(0.254965371120961,-5.66136851001178E-17,0.966950184616121));
#8591=DIRECTION('',(0.214019395853707,-2.37609260993151E-17,0.976829411001949));
#8592=DIRECTION('',(0.408161564287169,0.,0.912909709357202));
#8593=DIRECTION('',(0.443320999799214,0.,0.896362923785352));
#8594=DIRECTION('',(0.480659238341634,0.,0.87690746182071));
#8595=DIRECTION('',(0.517160810083617,0.,0.855888250014952));
#8596=DIRECTION('',(0.332335637665096,0.,0.943161186615381));
#8597=DIRECTION('',(0.295441828683987,0.,0.955360730752453));
#8598=DIRECTION('',(0.254965371120961,0.,0.966950184616121));
#8599=DIRECTION('',(0.214019395853707,0.,0.976829411001949));
#8600=DIRECTION('',(0.408161564287169,0.,0.912909709357202));
#8601=DIRECTION('',(0.443320999799214,3.98065102562729E-16,0.896362923785352));
#8602=DIRECTION('',(0.480659238341634,-3.89425141831583E-16,0.87690746182071));
#8603=DIRECTION('',(0.517160810083617,0.,0.855888250014952));
#8604=DIRECTION('',(0.928809552871924,-5.83111570927278E-17,-0.370557437509836));
#8605=DIRECTION('',(0.943161186615381,8.37695412250544E-16,-0.332335637665096));
#8606=DIRECTION('',(0.955360730752453,-6.56012641284647E-17,-0.295441828683987));
#8607=DIRECTION('',(0.966950184616121,-5.66136851001177E-17,-0.254965371120961));
#8608=DIRECTION('',(0.976829411001949,-2.37609260993152E-17,-0.214019395853707));
#8609=DIRECTION('',(0.912909709357202,0.,-0.408161564287169));
#8610=DIRECTION('',(0.896362923785353,0.,-0.443320999799213));
#8611=DIRECTION('',(0.876907461820709,0.,-0.480659238341636));
#8612=DIRECTION('',(0.855888250014952,0.,-0.517160810083617));
#8613=DIRECTION('',(0.943161186615381,0.,-0.332335637665096));
#8614=DIRECTION('',(0.955360730752453,0.,-0.295441828683987));
#8615=DIRECTION('',(0.966950184616121,0.,-0.254965371120961));
#8616=DIRECTION('',(0.976829411001949,0.,-0.214019395853707));
#8617=DIRECTION('',(0.912909709357202,0.,-0.408161564287169));
#8618=DIRECTION('',(0.896362923785353,3.98065102562729E-16,-0.443320999799213));
#8619=DIRECTION('',(0.876907461820709,-6.02880723193853E-16,-0.480659238341636));
#8620=DIRECTION('',(0.855888250014952,0.,-0.517160810083617));
#8621=DIRECTION('',(0.,0.,1.));
#8622=DIRECTION('',(1.,0.,0.));
#8623=DIRECTION('',(0.,0.,1.));
#8624=DIRECTION('',(1.,0.,0.));
#8625=CARTESIAN_POINT('',(0.,0.,0.));
#8626=CARTESIAN_POINT('',(20.5222766660395,118.,157.266640329227));
#8627=CARTESIAN_POINT('',(27.1296258150653,112.5,156.262418396538));
#8628=CARTESIAN_POINT('',(20.5222766660395,100.,157.266640329227));
#8629=CARTESIAN_POINT('',(27.1296258150653,105.5,156.262418396538));
#8630=CARTESIAN_POINT('',(-22.9842184471873,-159.,158.312708909841));
#8631=CARTESIAN_POINT('',(-4.69800742769821,100.,158.55208852485));
#8632=CARTESIAN_POINT('',(-11.3663225672249,100.,158.19218283878));
#8633=CARTESIAN_POINT('',(-18.0151310806716,100.,157.573522687494));
#8634=CARTESIAN_POINT('',(-24.6320049088324,100.,156.675538403962));
#8635=CARTESIAN_POINT('',(0.545987712467739,100.,158.620736181625));
#8636=CARTESIAN_POINT('',(7.22143901948099,100.,158.435509966952));
#8637=CARTESIAN_POINT('',(13.8841637871082,100.,157.991107331814));
#8638=CARTESIAN_POINT('',(20.5222766660395,100.,157.266640329227));
#8639=CARTESIAN_POINT('',(-4.69800742769821,-100.,158.55208852485));
#8640=CARTESIAN_POINT('',(-11.3663225672249,-100.,158.19218283878));
#8641=CARTESIAN_POINT('',(-18.0151310806716,-100.,157.573522687494));
#8642=CARTESIAN_POINT('',(-24.6320049088324,-100.,156.675538403962));
#8643=CARTESIAN_POINT('',(0.545987712467739,-100.,158.620736181625));
#8644=CARTESIAN_POINT('',(7.22143901948099,-100.,158.435509966952));
#8645=CARTESIAN_POINT('',(13.8841637871082,-100.,157.991107331814));
#8646=CARTESIAN_POINT('',(20.5222766660395,-100.,157.266640329227));
#8647=CARTESIAN_POINT('',(-4.69800742769821,-100.,158.55208852485));
#8648=CARTESIAN_POINT('',(-4.69800742769821,-118.,158.55208852485));
#8649=CARTESIAN_POINT('',(0.545987712467739,-100.,158.620736181625));
#8650=CARTESIAN_POINT('',(0.545987712467739,-118.,158.620736181625));
#8651=CARTESIAN_POINT('',(0.545987712467739,100.,158.620736181625));
#8652=CARTESIAN_POINT('',(0.545987712467739,118.,158.620736181625));
#8653=CARTESIAN_POINT('',(-4.69800742769821,100.,158.55208852485));
#8654=CARTESIAN_POINT('',(-4.69800742769821,118.,158.55208852485));
#8655=CARTESIAN_POINT('',(-4.69800742769822,96.6,158.55208852485));
#8656=CARTESIAN_POINT('',(0.545987712467732,96.6,158.620736181625));
#8657=CARTESIAN_POINT('',(0.545987712467732,-96.6,158.620736181625));
#8658=CARTESIAN_POINT('',(-4.69800742769822,-96.6,158.55208852485));
#8659=CARTESIAN_POINT('',(13.9226193835689,88.,158.795845882379));
#8660=CARTESIAN_POINT('',(13.9226193835026,5.50000000018281,158.795845882378));
#8661=CARTESIAN_POINT('',(18.4222338575856,5.50000000023424,158.854749062449));
#8662=CARTESIAN_POINT('',(18.4222338576085,3.50000000023424,158.85474906245));
#8663=CARTESIAN_POINT('',(15.9224480386735,3.50000000020567,158.822025073521));
#8664=CARTESIAN_POINT('',(15.9224480386621,4.50000000020566,158.822025073521));
#8665=CARTESIAN_POINT('',(13.922619383514,4.50000000018291,158.795845882378));
#8666=CARTESIAN_POINT('',(8.42309058189129,1.50000000011997,158.723853106736));
#8667=CARTESIAN_POINT('',(8.42309058191185,-1.5,158.723853106737));
#8668=CARTESIAN_POINT('',(13.9226193835689,-4.50000000000011,158.795845882379));
#8669=CARTESIAN_POINT('',(13.9226193835689,-88.,158.795845882379));
#8670=CARTESIAN_POINT('',(-18.0746390987994,-88.,158.376978824096));
#8671=CARTESIAN_POINT('',(-18.0746390987993,-4.50000000000011,158.376978824096));
#8672=CARTESIAN_POINT('',(-12.5751102971423,-1.5,158.448971599738));
#8673=CARTESIAN_POINT('',(-12.5751102971423,1.5,158.448971599738));
#8674=CARTESIAN_POINT('',(-18.0746390987993,4.5000000000001,158.376978824096));
#8675=CARTESIAN_POINT('',(-20.0744677539474,4.5,158.350799632953));
#8676=CARTESIAN_POINT('',(-20.0744677539474,3.5,158.350799632953));
#8677=CARTESIAN_POINT('',(-22.5742535728824,3.5,158.318075644025));
#8678=CARTESIAN_POINT('',(-22.5742535728824,5.5,158.318075644025));
#8679=CARTESIAN_POINT('',(-18.0746390987993,5.5,158.376978824096));
#8680=CARTESIAN_POINT('',(-18.0746390987993,88.,158.376978824096));
#8681=CARTESIAN_POINT('',(-1.07609553004122,-5.,158.599501948809));
#8682=CARTESIAN_POINT('',(-3.07592418518924,-5.,158.573322757666));
#8683=CARTESIAN_POINT('',(-3.07592418518924,-4.50000000000006,158.573322757666));
#8684=CARTESIAN_POINT('',(-8.57545298684627,-1.5,158.501329982024));
#8685=CARTESIAN_POINT('',(-8.57545298684627,1.5,158.501329982024));
#8686=CARTESIAN_POINT('',(-3.07592418518924,4.50000000000006,158.573322757666));
#8687=CARTESIAN_POINT('',(-3.07592418518922,77.3320508075684,158.573322757666));
#8688=CARTESIAN_POINT('',(-4.61613340486712,80.0000000000073,158.55316031452));
#8689=CARTESIAN_POINT('',(-3.34607163123574,82.2000000000105,158.569786333879));
#8690=CARTESIAN_POINT('',(-0.805948083985558,82.2000000000033,158.603038372596));
#8691=CARTESIAN_POINT('',(0.464113689633234,79.9999999999928,158.619664391955));
#8692=CARTESIAN_POINT('',(-1.07609553004123,77.3320508075685,158.599501948809));
#8693=CARTESIAN_POINT('',(-1.07609553009607,4.50000000001148,158.599501948808));
#8694=CARTESIAN_POINT('',(4.42343327159525,1.50000000007427,158.671494724451));
#8695=CARTESIAN_POINT('',(4.42343327161583,-1.5,158.671494724451));
#8696=CARTESIAN_POINT('',(-1.07609553004122,-4.50000000000006,158.599501948809));
#8697=CARTESIAN_POINT('',(-0.805948083985558,-82.2000000000033,158.603038372596));
#8698=CARTESIAN_POINT('',(-3.34607163123574,-82.2000000000105,158.569786333879));
#8699=CARTESIAN_POINT('',(-4.61613340486712,-80.0000000000073,158.55316031452));
#8700=CARTESIAN_POINT('',(-3.07592418518924,-77.3320508075684,158.573322757666));
#8701=CARTESIAN_POINT('',(-3.07592418518924,-6.,158.573322757666));
#8702=CARTESIAN_POINT('',(-1.07609553004122,-6.,158.599501948809));
#8703=CARTESIAN_POINT('',(-1.07609553004124,-77.3320508075684,158.599501948809));
#8704=CARTESIAN_POINT('',(0.464113689633234,-79.9999999999928,158.619664391955));
#8705=CARTESIAN_POINT('',(-11.3663225672249,100.,158.19218283878));
#8706=CARTESIAN_POINT('',(-11.3663225672249,118.,158.19218283878));
#8707=CARTESIAN_POINT('',(-18.0151310806716,100.,157.573522687494));
#8708=CARTESIAN_POINT('',(-18.0151310806716,118.,157.573522687494));
#8709=CARTESIAN_POINT('',(-24.6320049088324,100.,156.675538403962));
#8710=CARTESIAN_POINT('',(-24.6320049088324,118.,156.675538403962));
#8711=CARTESIAN_POINT('',(-31.2108024187054,105.5,155.498700355921));
#8712=CARTESIAN_POINT('',(-31.2108024187054,112.5,155.498700355921));
#8713=CARTESIAN_POINT('',(7.22143901948099,100.,158.435509966952));
#8714=CARTESIAN_POINT('',(7.22143901948099,118.,158.435509966952));
#8715=CARTESIAN_POINT('',(13.8841637871082,100.,157.991107331814));
#8716=CARTESIAN_POINT('',(13.8841637871082,118.,157.991107331814));
#8717=CARTESIAN_POINT('',(20.5222766660395,100.,157.266640329227));
#8718=CARTESIAN_POINT('',(20.5222766660395,118.,157.266640329227));
#8719=CARTESIAN_POINT('',(27.1296258150653,105.5,156.262418396538));
#8720=CARTESIAN_POINT('',(27.1296258150653,112.5,156.262418396538));
#8721=CARTESIAN_POINT('',(-11.3663225672249,-100.,158.19218283878));
#8722=CARTESIAN_POINT('',(-11.3663225672249,-118.,158.19218283878));
#8723=CARTESIAN_POINT('',(-18.0151310806716,-100.,157.573522687494));
#8724=CARTESIAN_POINT('',(-18.0151310806716,-118.,157.573522687494));
#8725=CARTESIAN_POINT('',(-24.6320049088324,-100.,156.675538403962));
#8726=CARTESIAN_POINT('',(-24.6320049088324,-118.,156.675538403962));
#8727=CARTESIAN_POINT('',(-31.2108024187054,-105.5,155.498700355921));
#8728=CARTESIAN_POINT('',(-31.2108024187054,-112.5,155.498700355921));
#8729=CARTESIAN_POINT('',(7.22143901948099,-100.,158.435509966952));
#8730=CARTESIAN_POINT('',(7.22143901948099,-118.,158.435509966952));
#8731=CARTESIAN_POINT('',(13.8841637871082,-100.,157.991107331814));
#8732=CARTESIAN_POINT('',(13.8841637871082,-118.,157.991107331814));
#8733=CARTESIAN_POINT('',(20.5222766660395,-100.,157.266640329227));
#8734=CARTESIAN_POINT('',(20.5222766660395,-118.,157.266640329227));
#8735=CARTESIAN_POINT('',(27.1296258150653,-105.5,156.262418396538));
#8736=CARTESIAN_POINT('',(27.1296258150653,-112.5,156.262418396538));
#8737=CARTESIAN_POINT('',(-4.69800742769821,-100.,158.55208852485));
#8738=CARTESIAN_POINT('',(-4.69800742769821,-118.,158.55208852485));
#8739=CARTESIAN_POINT('',(0.545987712467739,-100.,158.620736181625));
#8740=CARTESIAN_POINT('',(0.545987712467739,-118.,158.620736181625));
#8741=CARTESIAN_POINT('',(0.545987712467739,100.,158.620736181625));
#8742=CARTESIAN_POINT('',(0.545987712467739,118.,158.620736181625));
#8743=CARTESIAN_POINT('',(-4.69800742769821,100.,158.55208852485));
#8744=CARTESIAN_POINT('',(-4.69800742769821,118.,158.55208852485));
#8745=CARTESIAN_POINT('',(0.545987712467739,-118.,158.620736181625));
#8746=CARTESIAN_POINT('',(-4.69800742769821,-118.,158.55208852485));
#8747=CARTESIAN_POINT('',(0.545987712467739,118.,158.620736181625));
#8748=CARTESIAN_POINT('',(-4.69800742769821,118.,158.55208852485));
#8749=CARTESIAN_POINT('',(-4.69800742769822,96.6,158.55208852485));
#8750=CARTESIAN_POINT('',(-18.0746390987993,88.,158.376978824096));
#8751=CARTESIAN_POINT('',(13.9226193835689,88.,158.795845882379));
#8752=CARTESIAN_POINT('',(0.545987712467732,96.6,158.620736181625));
#8753=CARTESIAN_POINT('',(13.9226193835026,5.50000000018281,158.795845882378));
#8754=CARTESIAN_POINT('',(13.9226193835689,88.,158.795845882379));
#8755=CARTESIAN_POINT('',(18.4222338575856,5.50000000023424,158.854749062449));
#8756=CARTESIAN_POINT('',(13.9226193835026,5.50000000018281,158.795845882378));
#8757=CARTESIAN_POINT('',(18.4222338576085,3.50000000023424,158.85474906245));
#8758=CARTESIAN_POINT('',(18.4222338575856,5.50000000023424,158.854749062449));
#8759=CARTESIAN_POINT('',(15.9224480386735,3.50000000020567,158.822025073521));
#8760=CARTESIAN_POINT('',(18.4222338576085,3.50000000023424,158.85474906245));
#8761=CARTESIAN_POINT('',(15.9224480386621,4.50000000020566,158.822025073521));
#8762=CARTESIAN_POINT('',(15.9224480386735,3.50000000020567,158.822025073521));
#8763=CARTESIAN_POINT('',(13.922619383514,4.50000000018291,158.795845882378));
#8764=CARTESIAN_POINT('',(15.9224480386621,4.50000000020566,158.822025073521));
#8765=CARTESIAN_POINT('',(8.42309058189129,1.50000000011997,158.723853106736));
#8766=CARTESIAN_POINT('',(13.922619383514,4.50000000018291,158.795845882378));
#8767=CARTESIAN_POINT('',(8.42309058191185,-1.5,158.723853106737));
#8768=CARTESIAN_POINT('',(8.42309058189129,1.50000000011997,158.723853106736));
#8769=CARTESIAN_POINT('',(13.9226193835689,-4.50000000000011,158.795845882379));
#8770=CARTESIAN_POINT('',(8.42309058191185,-1.5,158.723853106737));
#8771=CARTESIAN_POINT('',(13.9226193835689,-88.,158.795845882379));
#8772=CARTESIAN_POINT('',(13.9226193835689,-4.50000000000011,158.795845882379));
#8773=CARTESIAN_POINT('',(0.545987712467732,-96.6,158.620736181625));
#8774=CARTESIAN_POINT('',(13.9226193835689,-88.,158.795845882379));
#8775=CARTESIAN_POINT('',(-18.0746390987994,-88.,158.376978824096));
#8776=CARTESIAN_POINT('',(-4.69800742769822,-96.6,158.55208852485));
#8777=CARTESIAN_POINT('',(-18.0746390987993,-4.50000000000011,158.376978824096));
#8778=CARTESIAN_POINT('',(-18.0746390987994,-88.,158.376978824096));
#8779=CARTESIAN_POINT('',(-12.5751102971423,-1.5,158.448971599738));
#8780=CARTESIAN_POINT('',(-18.0746390987993,-4.50000000000011,158.376978824096));
#8781=CARTESIAN_POINT('',(-12.5751102971423,1.5,158.448971599738));
#8782=CARTESIAN_POINT('',(-12.5751102971423,-1.5,158.448971599738));
#8783=CARTESIAN_POINT('',(-18.0746390987993,4.5000000000001,158.376978824096));
#8784=CARTESIAN_POINT('',(-12.5751102971423,1.5,158.448971599738));
#8785=CARTESIAN_POINT('',(-20.0744677539474,4.5,158.350799632953));
#8786=CARTESIAN_POINT('',(-18.0746390987993,4.5000000000001,158.376978824096));
#8787=CARTESIAN_POINT('',(-20.0744677539474,3.5,158.350799632953));
#8788=CARTESIAN_POINT('',(-20.0744677539474,4.5,158.350799632953));
#8789=CARTESIAN_POINT('',(-22.5742535728824,3.5,158.318075644025));
#8790=CARTESIAN_POINT('',(-20.0744677539474,3.5,158.350799632953));
#8791=CARTESIAN_POINT('',(-22.5742535728824,5.5,158.318075644025));
#8792=CARTESIAN_POINT('',(-22.5742535728824,3.5,158.318075644025));
#8793=CARTESIAN_POINT('',(-18.0746390987993,5.5,158.376978824096));
#8794=CARTESIAN_POINT('',(-22.5742535728824,5.5,158.318075644025));
#8795=CARTESIAN_POINT('',(-18.0746390987993,88.,158.376978824096));
#8796=CARTESIAN_POINT('',(-18.0746390987993,5.5,158.376978824096));
#8797=CARTESIAN_POINT('',(-1.07609553004122,-5.,158.599501948809));
#8798=CARTESIAN_POINT('',(-1.07609553004122,-4.50000000000006,158.599501948809));
#8799=CARTESIAN_POINT('',(-3.07592418518924,-5.,158.573322757666));
#8800=CARTESIAN_POINT('',(-1.07609553004122,-5.,158.599501948809));
#8801=CARTESIAN_POINT('',(-3.07592418518924,-4.50000000000006,158.573322757666));
#8802=CARTESIAN_POINT('',(-3.07592418518924,-5.,158.573322757666));
#8803=CARTESIAN_POINT('',(-8.57545298684627,-1.5,158.501329982024));
#8804=CARTESIAN_POINT('',(-3.07592418518924,-4.50000000000006,158.573322757666));
#8805=CARTESIAN_POINT('',(-8.57545298684627,1.5,158.501329982024));
#8806=CARTESIAN_POINT('',(-8.57545298684627,-1.5,158.501329982024));
#8807=CARTESIAN_POINT('',(-3.07592418518924,4.50000000000006,158.573322757666));
#8808=CARTESIAN_POINT('',(-8.57545298684627,1.5,158.501329982024));
#8809=CARTESIAN_POINT('',(-3.07592418518922,77.3320508075684,158.573322757666));
#8810=CARTESIAN_POINT('',(-3.07592418518924,4.50000000000006,158.573322757666));
#8811=CARTESIAN_POINT('',(-4.61613340486712,80.0000000000073,158.55316031452));
#8812=CARTESIAN_POINT('',(-3.07592418518922,77.3320508075684,158.573322757666));
#8813=CARTESIAN_POINT('',(-3.34607163123574,82.2000000000105,158.569786333879));
#8814=CARTESIAN_POINT('',(-4.61613340486712,80.0000000000073,158.55316031452));
#8815=CARTESIAN_POINT('',(-0.805948083985558,82.2000000000033,158.603038372596));
#8816=CARTESIAN_POINT('',(-3.34607163123574,82.2000000000105,158.569786333879));
#8817=CARTESIAN_POINT('',(0.464113689633234,79.9999999999928,158.619664391955));
#8818=CARTESIAN_POINT('',(-0.805948083985558,82.2000000000033,158.603038372596));
#8819=CARTESIAN_POINT('',(-1.07609553004123,77.3320508075685,158.599501948809));
#8820=CARTESIAN_POINT('',(0.464113689633234,79.9999999999928,158.619664391955));
#8821=CARTESIAN_POINT('',(-1.07609553009607,4.50000000001148,158.599501948808));
#8822=CARTESIAN_POINT('',(-1.07609553004123,77.3320508075685,158.599501948809));
#8823=CARTESIAN_POINT('',(4.42343327159525,1.50000000007427,158.671494724451));
#8824=CARTESIAN_POINT('',(-1.07609553009607,4.50000000001148,158.599501948808));
#8825=CARTESIAN_POINT('',(4.42343327161583,-1.5,158.671494724451));
#8826=CARTESIAN_POINT('',(4.42343327159525,1.50000000007427,158.671494724451));
#8827=CARTESIAN_POINT('',(-1.07609553004122,-4.50000000000006,158.599501948809));
#8828=CARTESIAN_POINT('',(4.42343327161583,-1.5,158.671494724451));
#8829=CARTESIAN_POINT('',(-0.805948083985558,-82.2000000000033,158.603038372596));
#8830=CARTESIAN_POINT('',(0.464113689633234,-79.9999999999928,158.619664391955));
#8831=CARTESIAN_POINT('',(-3.34607163123574,-82.2000000000105,158.569786333879));
#8832=CARTESIAN_POINT('',(-0.805948083985558,-82.2000000000033,158.603038372596));
#8833=CARTESIAN_POINT('',(-4.61613340486712,-80.0000000000073,158.55316031452));
#8834=CARTESIAN_POINT('',(-3.34607163123574,-82.2000000000105,158.569786333879));
#8835=CARTESIAN_POINT('',(-3.07592418518924,-77.3320508075684,158.573322757666));
#8836=CARTESIAN_POINT('',(-4.61613340486712,-80.0000000000073,158.55316031452));
#8837=CARTESIAN_POINT('',(-3.07592418518924,-6.,158.573322757666));
#8838=CARTESIAN_POINT('',(-3.07592418518924,-77.3320508075684,158.573322757666));
#8839=CARTESIAN_POINT('',(-1.07609553004122,-6.,158.599501948809));
#8840=CARTESIAN_POINT('',(-3.07592418518924,-6.,158.573322757666));
#8841=CARTESIAN_POINT('',(-1.07609553004124,-77.3320508075684,158.599501948809));
#8842=CARTESIAN_POINT('',(-1.07609553004122,-6.,158.599501948809));
#8843=CARTESIAN_POINT('',(0.464113689633234,-79.9999999999928,158.619664391955));
#8844=CARTESIAN_POINT('',(-1.07609553004124,-77.3320508075684,158.599501948809));
#8845=CARTESIAN_POINT('',(0.545987712467732,-96.6,158.620736181625));
#8846=CARTESIAN_POINT('',(0.545987712467739,-100.,158.620736181625));
#8847=CARTESIAN_POINT('',(0.545987712467732,96.6,158.620736181625));
#8848=CARTESIAN_POINT('',(0.545987712467739,100.,158.620736181625));
#8849=CARTESIAN_POINT('',(-4.69800742769821,-100.,158.55208852485));
#8850=CARTESIAN_POINT('',(-4.69800742769822,-96.6,158.55208852485));
#8851=CARTESIAN_POINT('',(-4.69800742769821,100.,158.55208852485));
#8852=CARTESIAN_POINT('',(-4.69800742769822,96.6,158.55208852485));
#8853=CARTESIAN_POINT('',(-4.69800742769821,100.,158.55208852485));
#8854=CARTESIAN_POINT('',(-11.3663225672249,100.,158.19218283878));
#8855=CARTESIAN_POINT('',(-11.3663225672249,100.,158.19218283878));
#8856=CARTESIAN_POINT('',(-11.3663225672249,118.,158.19218283878));
#8857=CARTESIAN_POINT('',(-4.69800742769821,118.,158.55208852485));
#8858=CARTESIAN_POINT('',(-11.3663225672249,118.,158.19218283878));
#8859=CARTESIAN_POINT('',(-11.3663225672249,100.,158.19218283878));
#8860=CARTESIAN_POINT('',(-18.0151310806716,100.,157.573522687494));
#8861=CARTESIAN_POINT('',(-18.0151310806716,100.,157.573522687494));
#8862=CARTESIAN_POINT('',(-18.0151310806716,118.,157.573522687494));
#8863=CARTESIAN_POINT('',(-11.3663225672249,118.,158.19218283878));
#8864=CARTESIAN_POINT('',(-18.0151310806716,118.,157.573522687494));
#8865=CARTESIAN_POINT('',(-18.0151310806716,100.,157.573522687494));
#8866=CARTESIAN_POINT('',(-24.6320049088324,100.,156.675538403962));
#8867=CARTESIAN_POINT('',(-24.6320049088324,100.,156.675538403962));
#8868=CARTESIAN_POINT('',(-24.6320049088324,118.,156.675538403962));
#8869=CARTESIAN_POINT('',(-18.0151310806716,118.,157.573522687494));
#8870=CARTESIAN_POINT('',(-24.6320049088324,118.,156.675538403962));
#8871=CARTESIAN_POINT('',(-24.6320049088324,100.,156.675538403962));
#8872=CARTESIAN_POINT('',(-31.2108024187054,105.5,155.498700355921));
#8873=CARTESIAN_POINT('',(-24.6320049088324,118.,156.675538403962));
#8874=CARTESIAN_POINT('',(-31.2108024187054,112.5,155.498700355921));
#8875=CARTESIAN_POINT('',(-31.2108024187054,105.5,155.498700355921));
#8876=CARTESIAN_POINT('',(-31.2108024187054,112.5,155.498700355921));
#8877=CARTESIAN_POINT('',(0.545987712467739,100.,158.620736181625));
#8878=CARTESIAN_POINT('',(7.22143901948099,100.,158.435509966952));
#8879=CARTESIAN_POINT('',(7.22143901948099,100.,158.435509966952));
#8880=CARTESIAN_POINT('',(7.22143901948099,118.,158.435509966952));
#8881=CARTESIAN_POINT('',(0.545987712467739,118.,158.620736181625));
#8882=CARTESIAN_POINT('',(7.22143901948099,118.,158.435509966952));
#8883=CARTESIAN_POINT('',(7.22143901948099,100.,158.435509966952));
#8884=CARTESIAN_POINT('',(13.8841637871082,100.,157.991107331814));
#8885=CARTESIAN_POINT('',(13.8841637871082,100.,157.991107331814));
#8886=CARTESIAN_POINT('',(13.8841637871082,118.,157.991107331814));
#8887=CARTESIAN_POINT('',(7.22143901948099,118.,158.435509966952));
#8888=CARTESIAN_POINT('',(13.8841637871082,118.,157.991107331814));
#8889=CARTESIAN_POINT('',(13.8841637871082,100.,157.991107331814));
#8890=CARTESIAN_POINT('',(20.5222766660395,100.,157.266640329227));
#8891=CARTESIAN_POINT('',(20.5222766660395,100.,157.266640329227));
#8892=CARTESIAN_POINT('',(20.5222766660395,118.,157.266640329227));
#8893=CARTESIAN_POINT('',(13.8841637871082,118.,157.991107331814));
#8894=CARTESIAN_POINT('',(20.5222766660395,118.,157.266640329227));
#8895=CARTESIAN_POINT('',(20.5222766660395,100.,157.266640329227));
#8896=CARTESIAN_POINT('',(27.1296258150653,105.5,156.262418396538));
#8897=CARTESIAN_POINT('',(20.5222766660395,118.,157.266640329227));
#8898=CARTESIAN_POINT('',(27.1296258150653,112.5,156.262418396538));
#8899=CARTESIAN_POINT('',(27.1296258150653,105.5,156.262418396538));
#8900=CARTESIAN_POINT('',(27.1296258150653,112.5,156.262418396538));
#8901=CARTESIAN_POINT('',(-4.69800742769821,-100.,158.55208852485));
#8902=CARTESIAN_POINT('',(-11.3663225672249,-100.,158.19218283878));
#8903=CARTESIAN_POINT('',(-11.3663225672249,-100.,158.19218283878));
#8904=CARTESIAN_POINT('',(-11.3663225672249,-118.,158.19218283878));
#8905=CARTESIAN_POINT('',(-4.69800742769821,-118.,158.55208852485));
#8906=CARTESIAN_POINT('',(-11.3663225672249,-118.,158.19218283878));
#8907=CARTESIAN_POINT('',(-11.3663225672249,-100.,158.19218283878));
#8908=CARTESIAN_POINT('',(-18.0151310806716,-100.,157.573522687494));
#8909=CARTESIAN_POINT('',(-18.0151310806716,-100.,157.573522687494));
#8910=CARTESIAN_POINT('',(-18.0151310806716,-118.,157.573522687494));
#8911=CARTESIAN_POINT('',(-11.3663225672249,-118.,158.19218283878));
#8912=CARTESIAN_POINT('',(-18.0151310806716,-118.,157.573522687494));
#8913=CARTESIAN_POINT('',(-18.0151310806716,-100.,157.573522687494));
#8914=CARTESIAN_POINT('',(-24.6320049088324,-100.,156.675538403962));
#8915=CARTESIAN_POINT('',(-24.6320049088324,-100.,156.675538403962));
#8916=CARTESIAN_POINT('',(-24.6320049088324,-118.,156.675538403962));
#8917=CARTESIAN_POINT('',(-18.0151310806716,-118.,157.573522687494));
#8918=CARTESIAN_POINT('',(-24.6320049088324,-118.,156.675538403962));
#8919=CARTESIAN_POINT('',(-24.6320049088324,-100.,156.675538403962));
#8920=CARTESIAN_POINT('',(-31.2108024187054,-105.5,155.498700355921));
#8921=CARTESIAN_POINT('',(-24.6320049088324,-118.,156.675538403962));
#8922=CARTESIAN_POINT('',(-31.2108024187054,-112.5,155.498700355921));
#8923=CARTESIAN_POINT('',(-31.2108024187054,-105.5,155.498700355921));
#8924=CARTESIAN_POINT('',(-31.2108024187054,-112.5,155.498700355921));
#8925=CARTESIAN_POINT('',(0.545987712467739,-100.,158.620736181625));
#8926=CARTESIAN_POINT('',(7.22143901948099,-100.,158.435509966952));
#8927=CARTESIAN_POINT('',(7.22143901948099,-100.,158.435509966952));
#8928=CARTESIAN_POINT('',(7.22143901948099,-118.,158.435509966952));
#8929=CARTESIAN_POINT('',(0.545987712467739,-118.,158.620736181625));
#8930=CARTESIAN_POINT('',(7.22143901948099,-118.,158.435509966952));
#8931=CARTESIAN_POINT('',(7.22143901948099,-100.,158.435509966952));
#8932=CARTESIAN_POINT('',(13.8841637871082,-100.,157.991107331814));
#8933=CARTESIAN_POINT('',(13.8841637871082,-100.,157.991107331814));
#8934=CARTESIAN_POINT('',(13.8841637871082,-118.,157.991107331814));
#8935=CARTESIAN_POINT('',(7.22143901948099,-118.,158.435509966952));
#8936=CARTESIAN_POINT('',(13.8841637871082,-118.,157.991107331814));
#8937=CARTESIAN_POINT('',(13.8841637871082,-100.,157.991107331814));
#8938=CARTESIAN_POINT('',(20.5222766660395,-100.,157.266640329227));
#8939=CARTESIAN_POINT('',(20.5222766660395,-100.,157.266640329227));
#8940=CARTESIAN_POINT('',(20.5222766660395,-118.,157.266640329227));
#8941=CARTESIAN_POINT('',(13.8841637871082,-118.,157.991107331814));
#8942=CARTESIAN_POINT('',(20.5222766660395,-118.,157.266640329227));
#8943=CARTESIAN_POINT('',(20.5222766660395,-100.,157.266640329227));
#8944=CARTESIAN_POINT('',(27.1296258150653,-105.5,156.262418396538));
#8945=CARTESIAN_POINT('',(20.5222766660395,-118.,157.266640329227));
#8946=CARTESIAN_POINT('',(27.1296258150653,-112.5,156.262418396538));
#8947=CARTESIAN_POINT('',(27.1296258150653,-105.5,156.262418396538));
#8948=CARTESIAN_POINT('',(27.1296258150653,-112.5,156.262418396538));
#8949=CARTESIAN_POINT('',(-81.8182998267579,-159.,137.46619189262));
#8950=CARTESIAN_POINT('',(-65.0156503513797,100.,144.685179817319));
#8951=CARTESIAN_POINT('',(-71.0386402818502,100.,141.800816594637));
#8952=CARTESIAN_POINT('',(-76.9445873928491,100.,138.68486028022));
#8953=CARTESIAN_POINT('',(-82.7141379840643,100.,135.32306299206));
#8954=CARTESIAN_POINT('',(-60.1971008937099,100.,146.755392041912));
#8955=CARTESIAN_POINT('',(-53.9589050572895,100.,149.138849952045));
#8956=CARTESIAN_POINT('',(-47.6332844879562,100.,151.277989836226));
#8957=CARTESIAN_POINT('',(-41.2232263454269,100.,153.148965421493));
#8958=CARTESIAN_POINT('',(-65.0156503513797,-100.,144.685179817319));
#8959=CARTESIAN_POINT('',(-71.0386402818502,-100.,141.800816594637));
#8960=CARTESIAN_POINT('',(-76.9445873928491,-100.,138.68486028022));
#8961=CARTESIAN_POINT('',(-82.7141379840643,-100.,135.32306299206));
#8962=CARTESIAN_POINT('',(-60.1971008937099,-100.,146.755392041912));
#8963=CARTESIAN_POINT('',(-53.9589050572895,-100.,149.138849952045));
#8964=CARTESIAN_POINT('',(-47.6332844879562,-100.,151.277989836226));
#8965=CARTESIAN_POINT('',(-41.2232263454269,-100.,153.148965421493));
#8966=CARTESIAN_POINT('',(-65.0156503513797,-100.,144.685179817319));
#8967=CARTESIAN_POINT('',(-65.0156503513797,-118.,144.685179817319));
#8968=CARTESIAN_POINT('',(-60.1971008937099,-100.,146.755392041912));
#8969=CARTESIAN_POINT('',(-60.1971008937099,-118.,146.755392041912));
#8970=CARTESIAN_POINT('',(-60.1971008937099,100.,146.755392041912));
#8971=CARTESIAN_POINT('',(-60.1971008937099,118.,146.755392041912));
#8972=CARTESIAN_POINT('',(-65.0156503513797,100.,144.685179817319));
#8973=CARTESIAN_POINT('',(-65.0156503513797,118.,144.685179817319));
#8974=CARTESIAN_POINT('',(-65.0156503513797,96.6,144.685179817319));
#8975=CARTESIAN_POINT('',(-60.1971008937099,96.6,146.755392041912));
#8976=CARTESIAN_POINT('',(-60.1971008937099,-96.6,146.755392041912));
#8977=CARTESIAN_POINT('',(-65.0156503513797,-96.6,144.685179817319));
#8978=CARTESIAN_POINT('',(-47.9057162601624,88.,152.036187631764));
#8979=CARTESIAN_POINT('',(-47.9057162602233,5.50000000018281,152.036187631737));
#8980=CARTESIAN_POINT('',(-43.7711558145533,5.50000000023424,153.812534985467));
#8981=CARTESIAN_POINT('',(-43.7711558145323,3.50000000023424,153.812534985476));
#8982=CARTESIAN_POINT('',(-46.0681338399045,3.50000000020567,152.825675344515));
#8983=CARTESIAN_POINT('',(-46.068133839915,4.50000000020566,152.82567534451));
#8984=CARTESIAN_POINT('',(-47.9057162602128,4.50000000018291,152.036187631742));
#8985=CARTESIAN_POINT('',(-52.9590679160003,1.50000000011997,149.865096421642));
#8986=CARTESIAN_POINT('',(-52.9590679159814,-1.5,149.86509642165));
#8987=CARTESIAN_POINT('',(-47.9057162601624,-4.50000000000011,152.036187631764));
#8988=CARTESIAN_POINT('',(-47.9057162601624,-88.,152.036187631764));
#8989=CARTESIAN_POINT('',(-77.3070349849272,-88.,139.404384227467));
#8990=CARTESIAN_POINT('',(-77.3070349849272,-4.50000000000011,139.404384227467));
#8991=CARTESIAN_POINT('',(-72.2536833291082,-1.5,141.57547543758));
#8992=CARTESIAN_POINT('',(-72.2536833291082,1.5,141.57547543758));
#8993=CARTESIAN_POINT('',(-77.3070349849272,4.5000000000001,139.404384227467));
#8994=CARTESIAN_POINT('',(-79.1446174052249,4.5,138.614896514699));
#8995=CARTESIAN_POINT('',(-79.1446174052249,3.5,138.614896514699));
#8996=CARTESIAN_POINT('',(-81.4415954305972,3.5,137.628036873738));
#8997=CARTESIAN_POINT('',(-81.4415954305972,5.5,137.628036873738));
#8998=CARTESIAN_POINT('',(-77.3070349849272,5.5,139.404384227467));
#8999=CARTESIAN_POINT('',(-77.3070349849272,88.,139.404384227467));
#9000=CARTESIAN_POINT('',(-61.6875844123959,-5.,146.115029786));
#9001=CARTESIAN_POINT('',(-63.5251668326937,-5.,145.325542073231));
#9002=CARTESIAN_POINT('',(-63.5251668326937,-4.50000000000006,145.325542073231));
#9003=CARTESIAN_POINT('',(-68.5785184885126,-1.5,143.154450863118));
#9004=CARTESIAN_POINT('',(-68.5785184885126,1.5,143.154450863118));
#9005=CARTESIAN_POINT('',(-63.5251668326937,4.50000000000006,145.325542073231));
#9006=CARTESIAN_POINT('',(-63.5251668326937,77.3320508075684,145.325542073231));
#9007=CARTESIAN_POINT('',(-64.9404187735912,80.0000000000073,144.717501853936));
#9008=CARTESIAN_POINT('',(-63.773397198063,82.2000000000105,145.218893891778));
#9009=CARTESIAN_POINT('',(-61.4393540470182,82.2000000000033,146.221677967456));
#9010=CARTESIAN_POINT('',(-60.2723324715015,79.9999999999928,146.723070005293));
#9011=CARTESIAN_POINT('',(-61.6875844123959,77.3320508075685,146.115029786));
#9012=CARTESIAN_POINT('',(-61.6875844124463,4.50000000001148,146.115029785978));
#9013=CARTESIAN_POINT('',(-56.6342327565958,1.50000000007427,148.286120996105));
#9014=CARTESIAN_POINT('',(-56.634232756577,-1.5,148.286120996113));
#9015=CARTESIAN_POINT('',(-61.6875844123959,-4.50000000000006,146.115029786));
#9016=CARTESIAN_POINT('',(-61.4393540470182,-82.2000000000033,146.221677967456));
#9017=CARTESIAN_POINT('',(-63.773397198063,-82.2000000000105,145.218893891778));
#9018=CARTESIAN_POINT('',(-64.9404187735912,-80.0000000000073,144.717501853936));
#9019=CARTESIAN_POINT('',(-63.5251668326937,-77.3320508075684,145.325542073231));
#9020=CARTESIAN_POINT('',(-63.5251668326937,-6.,145.325542073231));
#9021=CARTESIAN_POINT('',(-61.6875844123959,-6.,146.115029786));
#9022=CARTESIAN_POINT('',(-61.6875844123959,-77.3320508075684,146.115029786));
#9023=CARTESIAN_POINT('',(-60.2723324715015,-79.9999999999928,146.723070005293));
#9024=CARTESIAN_POINT('',(-71.0386402818502,100.,141.800816594637));
#9025=CARTESIAN_POINT('',(-71.0386402818502,118.,141.800816594637));
#9026=CARTESIAN_POINT('',(-76.9445873928491,100.,138.68486028022));
#9027=CARTESIAN_POINT('',(-76.9445873928491,118.,138.68486028022));
#9028=CARTESIAN_POINT('',(-82.7141379840643,100.,135.32306299206));
#9029=CARTESIAN_POINT('',(-82.7141379840643,118.,135.32306299206));
#9030=CARTESIAN_POINT('',(-88.3417979284102,105.5,131.718209594482));
#9031=CARTESIAN_POINT('',(-88.3417979284102,112.5,131.718209594482));
#9032=CARTESIAN_POINT('',(-53.9589050572895,100.,149.138849952045));
#9033=CARTESIAN_POINT('',(-53.9589050572895,118.,149.138849952045));
#9034=CARTESIAN_POINT('',(-47.6332844879562,100.,151.277989836226));
#9035=CARTESIAN_POINT('',(-47.6332844879562,118.,151.277989836226));
#9036=CARTESIAN_POINT('',(-41.2232263454269,100.,153.148965421493));
#9037=CARTESIAN_POINT('',(-41.2232263454269,118.,153.148965421493));
#9038=CARTESIAN_POINT('',(-34.7345326064281,105.5,154.749708382966));
#9039=CARTESIAN_POINT('',(-34.7345326064281,112.5,154.749708382966));
#9040=CARTESIAN_POINT('',(-71.0386402818502,-100.,141.800816594637));
#9041=CARTESIAN_POINT('',(-71.0386402818502,-118.,141.800816594637));
#9042=CARTESIAN_POINT('',(-76.9445873928491,-100.,138.68486028022));
#9043=CARTESIAN_POINT('',(-76.9445873928491,-118.,138.68486028022));
#9044=CARTESIAN_POINT('',(-82.7141379840643,-100.,135.32306299206));
#9045=CARTESIAN_POINT('',(-82.7141379840643,-118.,135.32306299206));
#9046=CARTESIAN_POINT('',(-88.3417979284102,-105.5,131.718209594482));
#9047=CARTESIAN_POINT('',(-88.3417979284102,-112.5,131.718209594482));
#9048=CARTESIAN_POINT('',(-53.9589050572895,-100.,149.138849952045));
#9049=CARTESIAN_POINT('',(-53.9589050572895,-118.,149.138849952045));
#9050=CARTESIAN_POINT('',(-47.6332844879562,-100.,151.277989836226));
#9051=CARTESIAN_POINT('',(-47.6332844879562,-118.,151.277989836226));
#9052=CARTESIAN_POINT('',(-41.2232263454269,-100.,153.148965421493));
#9053=CARTESIAN_POINT('',(-41.2232263454269,-118.,153.148965421493));
#9054=CARTESIAN_POINT('',(-34.7345326064281,-105.5,154.749708382966));
#9055=CARTESIAN_POINT('',(-34.7345326064281,-112.5,154.749708382966));
#9056=CARTESIAN_POINT('',(-65.0156503513797,-100.,144.685179817319));
#9057=CARTESIAN_POINT('',(-65.0156503513797,-118.,144.685179817319));
#9058=CARTESIAN_POINT('',(-60.1971008937099,-100.,146.755392041912));
#9059=CARTESIAN_POINT('',(-60.1971008937099,-118.,146.755392041912));
#9060=CARTESIAN_POINT('',(-60.1971008937099,100.,146.755392041912));
#9061=CARTESIAN_POINT('',(-60.1971008937099,118.,146.755392041912));
#9062=CARTESIAN_POINT('',(-65.0156503513797,100.,144.685179817319));
#9063=CARTESIAN_POINT('',(-65.0156503513797,118.,144.685179817319));
#9064=CARTESIAN_POINT('',(-60.1971008937099,-118.,146.755392041912));
#9065=CARTESIAN_POINT('',(-65.0156503513797,-118.,144.685179817319));
#9066=CARTESIAN_POINT('',(-60.1971008937099,118.,146.755392041912));
#9067=CARTESIAN_POINT('',(-65.0156503513797,118.,144.685179817319));
#9068=CARTESIAN_POINT('',(-65.0156503513797,96.6,144.685179817319));
#9069=CARTESIAN_POINT('',(-77.3070349849272,88.,139.404384227467));
#9070=CARTESIAN_POINT('',(-47.9057162601624,88.,152.036187631764));
#9071=CARTESIAN_POINT('',(-60.1971008937099,96.6,146.755392041912));
#9072=CARTESIAN_POINT('',(-47.9057162602233,5.50000000018281,152.036187631737));
#9073=CARTESIAN_POINT('',(-47.9057162601624,88.,152.036187631764));
#9074=CARTESIAN_POINT('',(-43.7711558145533,5.50000000023424,153.812534985467));
#9075=CARTESIAN_POINT('',(-47.9057162602233,5.50000000018281,152.036187631737));
#9076=CARTESIAN_POINT('',(-43.7711558145323,3.50000000023424,153.812534985476));
#9077=CARTESIAN_POINT('',(-43.7711558145533,5.50000000023424,153.812534985467));
#9078=CARTESIAN_POINT('',(-46.0681338399045,3.50000000020567,152.825675344515));
#9079=CARTESIAN_POINT('',(-43.7711558145323,3.50000000023424,153.812534985476));
#9080=CARTESIAN_POINT('',(-46.068133839915,4.50000000020566,152.82567534451));
#9081=CARTESIAN_POINT('',(-46.0681338399045,3.50000000020567,152.825675344515));
#9082=CARTESIAN_POINT('',(-47.9057162602128,4.50000000018291,152.036187631742));
#9083=CARTESIAN_POINT('',(-46.068133839915,4.50000000020566,152.82567534451));
#9084=CARTESIAN_POINT('',(-52.9590679160003,1.50000000011997,149.865096421642));
#9085=CARTESIAN_POINT('',(-47.9057162602128,4.50000000018291,152.036187631742));
#9086=CARTESIAN_POINT('',(-52.9590679159814,-1.5,149.86509642165));
#9087=CARTESIAN_POINT('',(-52.9590679160003,1.50000000011997,149.865096421642));
#9088=CARTESIAN_POINT('',(-47.9057162601624,-4.50000000000011,152.036187631764));
#9089=CARTESIAN_POINT('',(-52.9590679159814,-1.5,149.86509642165));
#9090=CARTESIAN_POINT('',(-47.9057162601624,-88.,152.036187631764));
#9091=CARTESIAN_POINT('',(-47.9057162601624,-4.50000000000011,152.036187631764));
#9092=CARTESIAN_POINT('',(-60.1971008937099,-96.6,146.755392041912));
#9093=CARTESIAN_POINT('',(-47.9057162601624,-88.,152.036187631764));
#9094=CARTESIAN_POINT('',(-77.3070349849272,-88.,139.404384227467));
#9095=CARTESIAN_POINT('',(-65.0156503513797,-96.6,144.685179817319));
#9096=CARTESIAN_POINT('',(-77.3070349849272,-4.50000000000011,139.404384227467));
#9097=CARTESIAN_POINT('',(-77.3070349849272,-88.,139.404384227467));
#9098=CARTESIAN_POINT('',(-72.2536833291082,-1.5,141.57547543758));
#9099=CARTESIAN_POINT('',(-77.3070349849272,-4.50000000000011,139.404384227467));
#9100=CARTESIAN_POINT('',(-72.2536833291082,1.5,141.57547543758));
#9101=CARTESIAN_POINT('',(-72.2536833291082,-1.5,141.57547543758));
#9102=CARTESIAN_POINT('',(-77.3070349849272,4.5000000000001,139.404384227467));
#9103=CARTESIAN_POINT('',(-72.2536833291082,1.5,141.57547543758));
#9104=CARTESIAN_POINT('',(-79.1446174052249,4.5,138.614896514699));
#9105=CARTESIAN_POINT('',(-77.3070349849272,4.5000000000001,139.404384227467));
#9106=CARTESIAN_POINT('',(-79.1446174052249,3.5,138.614896514699));
#9107=CARTESIAN_POINT('',(-79.1446174052249,4.5,138.614896514699));
#9108=CARTESIAN_POINT('',(-81.4415954305972,3.5,137.628036873738));
#9109=CARTESIAN_POINT('',(-79.1446174052249,3.5,138.614896514699));
#9110=CARTESIAN_POINT('',(-81.4415954305972,5.5,137.628036873738));
#9111=CARTESIAN_POINT('',(-81.4415954305972,3.5,137.628036873738));
#9112=CARTESIAN_POINT('',(-77.3070349849272,5.5,139.404384227467));
#9113=CARTESIAN_POINT('',(-81.4415954305972,5.5,137.628036873738));
#9114=CARTESIAN_POINT('',(-77.3070349849272,88.,139.404384227467));
#9115=CARTESIAN_POINT('',(-77.3070349849272,5.5,139.404384227467));
#9116=CARTESIAN_POINT('',(-61.6875844123959,-5.,146.115029786));
#9117=CARTESIAN_POINT('',(-61.6875844123959,-4.50000000000006,146.115029786));
#9118=CARTESIAN_POINT('',(-63.5251668326937,-5.,145.325542073231));
#9119=CARTESIAN_POINT('',(-61.6875844123959,-5.,146.115029786));
#9120=CARTESIAN_POINT('',(-63.5251668326937,-4.50000000000006,145.325542073231));
#9121=CARTESIAN_POINT('',(-63.5251668326937,-5.,145.325542073231));
#9122=CARTESIAN_POINT('',(-68.5785184885126,-1.5,143.154450863118));
#9123=CARTESIAN_POINT('',(-63.5251668326937,-4.50000000000006,145.325542073231));
#9124=CARTESIAN_POINT('',(-68.5785184885126,1.5,143.154450863118));
#9125=CARTESIAN_POINT('',(-68.5785184885126,-1.5,143.154450863118));
#9126=CARTESIAN_POINT('',(-63.5251668326937,4.50000000000006,145.325542073231));
#9127=CARTESIAN_POINT('',(-68.5785184885126,1.5,143.154450863118));
#9128=CARTESIAN_POINT('',(-63.5251668326937,77.3320508075684,145.325542073231));
#9129=CARTESIAN_POINT('',(-63.5251668326937,4.50000000000006,145.325542073231));
#9130=CARTESIAN_POINT('',(-64.9404187735912,80.0000000000073,144.717501853936));
#9131=CARTESIAN_POINT('',(-63.5251668326937,77.3320508075684,145.325542073231));
#9132=CARTESIAN_POINT('',(-63.773397198063,82.2000000000105,145.218893891778));
#9133=CARTESIAN_POINT('',(-64.9404187735912,80.0000000000073,144.717501853936));
#9134=CARTESIAN_POINT('',(-61.4393540470182,82.2000000000033,146.221677967456));
#9135=CARTESIAN_POINT('',(-63.773397198063,82.2000000000105,145.218893891778));
#9136=CARTESIAN_POINT('',(-60.2723324715015,79.9999999999928,146.723070005293));
#9137=CARTESIAN_POINT('',(-61.4393540470182,82.2000000000033,146.221677967456));
#9138=CARTESIAN_POINT('',(-61.6875844123959,77.3320508075685,146.115029786));
#9139=CARTESIAN_POINT('',(-60.2723324715015,79.9999999999928,146.723070005293));
#9140=CARTESIAN_POINT('',(-61.6875844124463,4.50000000001148,146.115029785978));
#9141=CARTESIAN_POINT('',(-61.6875844123959,77.3320508075685,146.115029786));
#9142=CARTESIAN_POINT('',(-56.6342327565958,1.50000000007427,148.286120996105));
#9143=CARTESIAN_POINT('',(-61.6875844124463,4.50000000001148,146.115029785978));
#9144=CARTESIAN_POINT('',(-56.634232756577,-1.5,148.286120996113));
#9145=CARTESIAN_POINT('',(-56.6342327565958,1.50000000007427,148.286120996105));
#9146=CARTESIAN_POINT('',(-61.6875844123959,-4.50000000000006,146.115029786));
#9147=CARTESIAN_POINT('',(-56.634232756577,-1.5,148.286120996113));
#9148=CARTESIAN_POINT('',(-61.4393540470182,-82.2000000000033,146.221677967456));
#9149=CARTESIAN_POINT('',(-60.2723324715015,-79.9999999999928,146.723070005293));
#9150=CARTESIAN_POINT('',(-63.773397198063,-82.2000000000105,145.218893891778));
#9151=CARTESIAN_POINT('',(-61.4393540470182,-82.2000000000033,146.221677967456));
#9152=CARTESIAN_POINT('',(-64.9404187735912,-80.0000000000073,144.717501853936));
#9153=CARTESIAN_POINT('',(-63.773397198063,-82.2000000000105,145.218893891778));
#9154=CARTESIAN_POINT('',(-63.5251668326937,-77.3320508075684,145.325542073231));
#9155=CARTESIAN_POINT('',(-64.9404187735912,-80.0000000000073,144.717501853936));
#9156=CARTESIAN_POINT('',(-63.5251668326937,-6.,145.325542073231));
#9157=CARTESIAN_POINT('',(-63.5251668326937,-77.3320508075684,145.325542073231));
#9158=CARTESIAN_POINT('',(-61.6875844123959,-6.,146.115029786));
#9159=CARTESIAN_POINT('',(-63.5251668326937,-6.,145.325542073231));
#9160=CARTESIAN_POINT('',(-61.6875844123959,-77.3320508075684,146.115029786));
#9161=CARTESIAN_POINT('',(-61.6875844123959,-6.,146.115029786));
#9162=CARTESIAN_POINT('',(-60.2723324715015,-79.9999999999928,146.723070005293));
#9163=CARTESIAN_POINT('',(-61.6875844123959,-77.3320508075684,146.115029786));
#9164=CARTESIAN_POINT('',(-60.1971008937099,-96.6,146.755392041912));
#9165=CARTESIAN_POINT('',(-60.1971008937099,-100.,146.755392041912));
#9166=CARTESIAN_POINT('',(-60.1971008937099,96.6,146.755392041912));
#9167=CARTESIAN_POINT('',(-60.1971008937099,100.,146.755392041912));
#9168=CARTESIAN_POINT('',(-65.0156503513797,-100.,144.685179817319));
#9169=CARTESIAN_POINT('',(-65.0156503513797,-96.6,144.685179817319));
#9170=CARTESIAN_POINT('',(-65.0156503513797,100.,144.685179817319));
#9171=CARTESIAN_POINT('',(-65.0156503513797,96.6,144.685179817319));
#9172=CARTESIAN_POINT('',(-65.0156503513797,100.,144.685179817319));
#9173=CARTESIAN_POINT('',(-71.0386402818502,100.,141.800816594637));
#9174=CARTESIAN_POINT('',(-71.0386402818502,100.,141.800816594637));
#9175=CARTESIAN_POINT('',(-71.0386402818502,118.,141.800816594637));
#9176=CARTESIAN_POINT('',(-65.0156503513797,118.,144.685179817319));
#9177=CARTESIAN_POINT('',(-71.0386402818502,118.,141.800816594637));
#9178=CARTESIAN_POINT('',(-71.0386402818502,100.,141.800816594637));
#9179=CARTESIAN_POINT('',(-76.9445873928491,100.,138.68486028022));
#9180=CARTESIAN_POINT('',(-76.9445873928491,100.,138.68486028022));
#9181=CARTESIAN_POINT('',(-76.9445873928491,118.,138.68486028022));
#9182=CARTESIAN_POINT('',(-71.0386402818502,118.,141.800816594637));
#9183=CARTESIAN_POINT('',(-76.9445873928491,118.,138.68486028022));
#9184=CARTESIAN_POINT('',(-76.9445873928491,100.,138.68486028022));
#9185=CARTESIAN_POINT('',(-82.7141379840643,100.,135.32306299206));
#9186=CARTESIAN_POINT('',(-82.7141379840643,100.,135.32306299206));
#9187=CARTESIAN_POINT('',(-82.7141379840643,118.,135.32306299206));
#9188=CARTESIAN_POINT('',(-76.9445873928491,118.,138.68486028022));
#9189=CARTESIAN_POINT('',(-82.7141379840643,118.,135.32306299206));
#9190=CARTESIAN_POINT('',(-82.7141379840643,100.,135.32306299206));
#9191=CARTESIAN_POINT('',(-88.3417979284102,105.5,131.718209594482));
#9192=CARTESIAN_POINT('',(-82.7141379840643,118.,135.32306299206));
#9193=CARTESIAN_POINT('',(-88.3417979284102,112.5,131.718209594482));
#9194=CARTESIAN_POINT('',(-88.3417979284102,105.5,131.718209594482));
#9195=CARTESIAN_POINT('',(-88.3417979284102,112.5,131.718209594482));
#9196=CARTESIAN_POINT('',(-60.1971008937099,100.,146.755392041912));
#9197=CARTESIAN_POINT('',(-53.9589050572895,100.,149.138849952045));
#9198=CARTESIAN_POINT('',(-53.9589050572895,100.,149.138849952045));
#9199=CARTESIAN_POINT('',(-53.9589050572895,118.,149.138849952045));
#9200=CARTESIAN_POINT('',(-60.1971008937099,118.,146.755392041912));
#9201=CARTESIAN_POINT('',(-53.9589050572895,118.,149.138849952045));
#9202=CARTESIAN_POINT('',(-53.9589050572895,100.,149.138849952045));
#9203=CARTESIAN_POINT('',(-47.6332844879562,100.,151.277989836226));
#9204=CARTESIAN_POINT('',(-47.6332844879562,100.,151.277989836226));
#9205=CARTESIAN_POINT('',(-47.6332844879562,118.,151.277989836226));
#9206=CARTESIAN_POINT('',(-53.9589050572895,118.,149.138849952045));
#9207=CARTESIAN_POINT('',(-47.6332844879562,118.,151.277989836226));
#9208=CARTESIAN_POINT('',(-47.6332844879562,100.,151.277989836226));
#9209=CARTESIAN_POINT('',(-41.2232263454269,100.,153.148965421493));
#9210=CARTESIAN_POINT('',(-41.2232263454269,100.,153.148965421493));
#9211=CARTESIAN_POINT('',(-41.2232263454269,118.,153.148965421493));
#9212=CARTESIAN_POINT('',(-47.6332844879562,118.,151.277989836226));
#9213=CARTESIAN_POINT('',(-41.2232263454269,118.,153.148965421493));
#9214=CARTESIAN_POINT('',(-41.2232263454269,100.,153.148965421493));
#9215=CARTESIAN_POINT('',(-34.7345326064281,105.5,154.749708382966));
#9216=CARTESIAN_POINT('',(-41.2232263454269,118.,153.148965421493));
#9217=CARTESIAN_POINT('',(-34.7345326064281,112.5,154.749708382966));
#9218=CARTESIAN_POINT('',(-34.7345326064281,105.5,154.749708382966));
#9219=CARTESIAN_POINT('',(-34.7345326064281,112.5,154.749708382966));
#9220=CARTESIAN_POINT('',(-65.0156503513797,-100.,144.685179817319));
#9221=CARTESIAN_POINT('',(-71.0386402818502,-100.,141.800816594637));
#9222=CARTESIAN_POINT('',(-71.0386402818502,-100.,141.800816594637));
#9223=CARTESIAN_POINT('',(-71.0386402818502,-118.,141.800816594637));
#9224=CARTESIAN_POINT('',(-65.0156503513797,-118.,144.685179817319));
#9225=CARTESIAN_POINT('',(-71.0386402818502,-118.,141.800816594637));
#9226=CARTESIAN_POINT('',(-71.0386402818502,-100.,141.800816594637));
#9227=CARTESIAN_POINT('',(-76.9445873928491,-100.,138.68486028022));
#9228=CARTESIAN_POINT('',(-76.9445873928491,-100.,138.68486028022));
#9229=CARTESIAN_POINT('',(-76.9445873928491,-118.,138.68486028022));
#9230=CARTESIAN_POINT('',(-71.0386402818502,-118.,141.800816594637));
#9231=CARTESIAN_POINT('',(-76.9445873928491,-118.,138.68486028022));
#9232=CARTESIAN_POINT('',(-76.9445873928491,-100.,138.68486028022));
#9233=CARTESIAN_POINT('',(-82.7141379840643,-100.,135.32306299206));
#9234=CARTESIAN_POINT('',(-82.7141379840643,-100.,135.32306299206));
#9235=CARTESIAN_POINT('',(-82.7141379840643,-118.,135.32306299206));
#9236=CARTESIAN_POINT('',(-76.9445873928491,-118.,138.68486028022));
#9237=CARTESIAN_POINT('',(-82.7141379840643,-118.,135.32306299206));
#9238=CARTESIAN_POINT('',(-82.7141379840643,-100.,135.32306299206));
#9239=CARTESIAN_POINT('',(-88.3417979284102,-105.5,131.718209594482));
#9240=CARTESIAN_POINT('',(-82.7141379840643,-118.,135.32306299206));
#9241=CARTESIAN_POINT('',(-88.3417979284102,-112.5,131.718209594482));
#9242=CARTESIAN_POINT('',(-88.3417979284102,-105.5,131.718209594482));
#9243=CARTESIAN_POINT('',(-88.3417979284102,-112.5,131.718209594482));
#9244=CARTESIAN_POINT('',(-60.1971008937099,-100.,146.755392041912));
#9245=CARTESIAN_POINT('',(-53.9589050572895,-100.,149.138849952045));
#9246=CARTESIAN_POINT('',(-53.9589050572895,-100.,149.138849952045));
#9247=CARTESIAN_POINT('',(-53.9589050572895,-118.,149.138849952045));
#9248=CARTESIAN_POINT('',(-60.1971008937099,-118.,146.755392041912));
#9249=CARTESIAN_POINT('',(-53.9589050572895,-118.,149.138849952045));
#9250=CARTESIAN_POINT('',(-53.9589050572895,-100.,149.138849952045));
#9251=CARTESIAN_POINT('',(-47.6332844879562,-100.,151.277989836226));
#9252=CARTESIAN_POINT('',(-47.6332844879562,-100.,151.277989836226));
#9253=CARTESIAN_POINT('',(-47.6332844879562,-118.,151.277989836226));
#9254=CARTESIAN_POINT('',(-53.9589050572895,-118.,149.138849952045));
#9255=CARTESIAN_POINT('',(-47.6332844879562,-118.,151.277989836226));
#9256=CARTESIAN_POINT('',(-47.6332844879562,-100.,151.277989836226));
#9257=CARTESIAN_POINT('',(-41.2232263454269,-100.,153.148965421493));
#9258=CARTESIAN_POINT('',(-41.2232263454269,-100.,153.148965421493));
#9259=CARTESIAN_POINT('',(-41.2232263454269,-118.,153.148965421493));
#9260=CARTESIAN_POINT('',(-47.6332844879562,-118.,151.277989836226));
#9261=CARTESIAN_POINT('',(-41.2232263454269,-118.,153.148965421493));
#9262=CARTESIAN_POINT('',(-41.2232263454269,-100.,153.148965421493));
#9263=CARTESIAN_POINT('',(-34.7345326064281,-105.5,154.749708382966));
#9264=CARTESIAN_POINT('',(-41.2232263454269,-118.,153.148965421493));
#9265=CARTESIAN_POINT('',(-34.7345326064281,-112.5,154.749708382966));
#9266=CARTESIAN_POINT('',(-34.7345326064281,-105.5,154.749708382966));
#9267=CARTESIAN_POINT('',(-34.7345326064281,-112.5,154.749708382966));
#9268=CARTESIAN_POINT('',(-128.196286742439,-159.,95.6916932938813));
#9269=CARTESIAN_POINT('',(-115.435249877402,100.,108.791264057021));
#9270=CARTESIAN_POINT('',(-119.895968980442,100.,103.821561451565));
#9271=CARTESIAN_POINT('',(-124.159927778887,100.,98.682685076672));
#9272=CARTESIAN_POINT('',(-128.20379335675,100.,93.368877946239));
#9273=CARTESIAN_POINT('',(-111.775726576899,100.,112.54786980476));
#9274=CARTESIAN_POINT('',(-106.92449497778,100.,117.13715197898));
#9275=CARTESIAN_POINT('',(-101.898996996528,100.,121.534169726466));
#9276=CARTESIAN_POINT('',(-96.6928668352795,100.,125.715748827165));
#9277=CARTESIAN_POINT('',(-115.435249877402,-100.,108.791264057021));
#9278=CARTESIAN_POINT('',(-119.895968980442,-100.,103.821561451565));
#9279=CARTESIAN_POINT('',(-124.159927778887,-100.,98.682685076672));
#9280=CARTESIAN_POINT('',(-128.20379335675,-100.,93.368877946239));
#9281=CARTESIAN_POINT('',(-111.775726576899,-100.,112.54786980476));
#9282=CARTESIAN_POINT('',(-106.92449497778,-100.,117.13715197898));
#9283=CARTESIAN_POINT('',(-101.898996996528,-100.,121.534169726466));
#9284=CARTESIAN_POINT('',(-96.6928668352795,-100.,125.715748827165));
#9285=CARTESIAN_POINT('',(-115.435249877402,-100.,108.791264057021));
#9286=CARTESIAN_POINT('',(-115.435249877402,-118.,108.791264057021));
#9287=CARTESIAN_POINT('',(-111.775726576899,-100.,112.54786980476));
#9288=CARTESIAN_POINT('',(-111.775726576899,-118.,112.54786980476));
#9289=CARTESIAN_POINT('',(-111.775726576899,100.,112.54786980476));
#9290=CARTESIAN_POINT('',(-111.775726576899,118.,112.54786980476));
#9291=CARTESIAN_POINT('',(-115.435249877402,100.,108.791264057021));
#9292=CARTESIAN_POINT('',(-115.435249877402,118.,108.791264057021));
#9293=CARTESIAN_POINT('',(-115.435249877402,96.6,108.791264057021));
#9294=CARTESIAN_POINT('',(-111.775726576899,96.6,112.54786980476));
#9295=CARTESIAN_POINT('',(-111.775726576899,-96.6,112.54786980476));
#9296=CARTESIAN_POINT('',(-115.435249877402,-96.6,108.791264057021));
#9297=CARTESIAN_POINT('',(-102.440840869683,88.,122.130398025685));
#9298=CARTESIAN_POINT('',(-102.440840869729,5.50000000018281,122.130398025637));
#9299=CARTESIAN_POINT('',(-99.300783800442,5.50000000023424,125.353756771048));
#9300=CARTESIAN_POINT('',(-99.300783800426,3.50000000023424,125.353756771065));
#9301=CARTESIAN_POINT('',(-101.04525995003,3.50000000020567,123.563001912503));
#9302=CARTESIAN_POINT('',(-101.045259950038,4.50000000020566,123.563001912495));
#9303=CARTESIAN_POINT('',(-102.440840869722,4.50000000018291,122.130398025646));
#9304=CARTESIAN_POINT('',(-106.278688398827,1.50000000011997,118.190737336835));
#9305=CARTESIAN_POINT('',(-106.278688398813,-1.5,118.190737336849));
#9306=CARTESIAN_POINT('',(-102.440840869683,-4.50000000000011,122.130398025685));
#9307=CARTESIAN_POINT('',(-102.440840869683,-88.,122.130398025685));
#9308=CARTESIAN_POINT('',(-124.770135584617,-88.,99.208735836096));
#9309=CARTESIAN_POINT('',(-124.770135584617,-4.50000000000011,99.208735836096));
#9310=CARTESIAN_POINT('',(-120.932288055488,-1.5,103.148396524932));
#9311=CARTESIAN_POINT('',(-120.932288055488,1.5,103.148396524932));
#9312=CARTESIAN_POINT('',(-124.770135584617,4.5000000000001,99.208735836096));
#9313=CARTESIAN_POINT('',(-126.1657165043,4.5,97.7761319492467));
#9314=CARTESIAN_POINT('',(-126.1657165043,3.5,97.7761319492467));
#9315=CARTESIAN_POINT('',(-127.910192653905,3.5,95.9853770906851));
#9316=CARTESIAN_POINT('',(-127.910192653905,5.5,95.9853770906851));
#9317=CARTESIAN_POINT('',(-124.770135584617,5.5,99.208735836096));
#9318=CARTESIAN_POINT('',(-124.770135584617,88.,99.208735836096));
#9319=CARTESIAN_POINT('',(-112.907697767308,-5.,111.385868874315));
#9320=CARTESIAN_POINT('',(-114.303278686992,-5.,109.953264987466));
#9321=CARTESIAN_POINT('',(-114.303278686992,-4.50000000000006,109.953264987466));
#9322=CARTESIAN_POINT('',(-118.141126216121,-1.5,106.01360429863));
#9323=CARTESIAN_POINT('',(-118.141126216121,1.5,106.01360429863));
#9324=CARTESIAN_POINT('',(-114.303278686992,4.50000000000006,109.953264987466));
#9325=CARTESIAN_POINT('',(-114.303278686992,77.3320508075684,109.953264987466));
#9326=CARTESIAN_POINT('',(-115.378114070398,80.0000000000073,108.849915603512));
#9327=CARTESIAN_POINT('',(-114.49180114877,82.2000000000105,109.759741267205));
#9328=CARTESIAN_POINT('',(-112.719175305524,82.2000000000033,111.579392594583));
#9329=CARTESIAN_POINT('',(-111.832862383905,79.9999999999928,112.489218258267));
#9330=CARTESIAN_POINT('',(-112.907697767309,77.3320508075685,111.385868874315));
#9331=CARTESIAN_POINT('',(-112.907697767347,4.50000000001148,111.385868874276));
#9332=CARTESIAN_POINT('',(-109.069850238194,1.50000000007427,115.325529563136));
#9333=CARTESIAN_POINT('',(-109.069850238179,-1.5,115.325529563151));
#9334=CARTESIAN_POINT('',(-112.907697767309,-4.50000000000006,111.385868874315));
#9335=CARTESIAN_POINT('',(-112.719175305524,-82.2000000000033,111.579392594583));
#9336=CARTESIAN_POINT('',(-114.49180114877,-82.2000000000105,109.759741267205));
#9337=CARTESIAN_POINT('',(-115.378114070398,-80.0000000000073,108.849915603512));
#9338=CARTESIAN_POINT('',(-114.303278686992,-77.3320508075684,109.953264987466));
#9339=CARTESIAN_POINT('',(-114.303278686992,-6.,109.953264987466));
#9340=CARTESIAN_POINT('',(-112.907697767309,-6.,111.385868874315));
#9341=CARTESIAN_POINT('',(-112.907697767309,-77.3320508075684,111.385868874315));
#9342=CARTESIAN_POINT('',(-111.832862383905,-79.9999999999928,112.489218258267));
#9343=CARTESIAN_POINT('',(-119.895968980442,100.,103.821561451565));
#9344=CARTESIAN_POINT('',(-119.895968980442,118.,103.821561451565));
#9345=CARTESIAN_POINT('',(-124.159927778887,100.,98.682685076672));
#9346=CARTESIAN_POINT('',(-124.159927778887,118.,98.682685076672));
#9347=CARTESIAN_POINT('',(-128.20379335675,100.,93.368877946239));
#9348=CARTESIAN_POINT('',(-128.20379335675,118.,93.368877946239));
#9349=CARTESIAN_POINT('',(-132.023555523907,105.5,87.8848154508268));
#9350=CARTESIAN_POINT('',(-132.023555523907,112.5,87.8848154508268));
#9351=CARTESIAN_POINT('',(-106.92449497778,100.,117.13715197898));
#9352=CARTESIAN_POINT('',(-106.92449497778,118.,117.13715197898));
#9353=CARTESIAN_POINT('',(-101.898996996528,100.,121.534169726466));
#9354=CARTESIAN_POINT('',(-101.898996996528,118.,121.534169726466));
#9355=CARTESIAN_POINT('',(-96.6928668352795,100.,125.715748827165));
#9356=CARTESIAN_POINT('',(-96.6928668352795,118.,125.715748827165));
#9357=CARTESIAN_POINT('',(-91.3106733079149,105.5,129.677758077687));
#9358=CARTESIAN_POINT('',(-91.3106733079149,112.5,129.677758077687));
#9359=CARTESIAN_POINT('',(-119.895968980442,-100.,103.821561451565));
#9360=CARTESIAN_POINT('',(-119.895968980442,-118.,103.821561451565));
#9361=CARTESIAN_POINT('',(-124.159927778887,-100.,98.682685076672));
#9362=CARTESIAN_POINT('',(-124.159927778887,-118.,98.682685076672));
#9363=CARTESIAN_POINT('',(-128.20379335675,-100.,93.368877946239));
#9364=CARTESIAN_POINT('',(-128.20379335675,-118.,93.368877946239));
#9365=CARTESIAN_POINT('',(-132.023555523907,-105.5,87.8848154508268));
#9366=CARTESIAN_POINT('',(-132.023555523907,-112.5,87.8848154508268));
#9367=CARTESIAN_POINT('',(-106.92449497778,-100.,117.13715197898));
#9368=CARTESIAN_POINT('',(-106.92449497778,-118.,117.13715197898));
#9369=CARTESIAN_POINT('',(-101.898996996528,-100.,121.534169726466));
#9370=CARTESIAN_POINT('',(-101.898996996528,-118.,121.534169726466));
#9371=CARTESIAN_POINT('',(-96.6928668352795,-100.,125.715748827165));
#9372=CARTESIAN_POINT('',(-96.6928668352795,-118.,125.715748827165));
#9373=CARTESIAN_POINT('',(-91.3106733079149,-105.5,129.677758077687));
#9374=CARTESIAN_POINT('',(-91.3106733079149,-112.5,129.677758077687));
#9375=CARTESIAN_POINT('',(-115.435249877402,-100.,108.791264057021));
#9376=CARTESIAN_POINT('',(-115.435249877402,-118.,108.791264057021));
#9377=CARTESIAN_POINT('',(-111.775726576899,-100.,112.54786980476));
#9378=CARTESIAN_POINT('',(-111.775726576899,-118.,112.54786980476));
#9379=CARTESIAN_POINT('',(-111.775726576899,100.,112.54786980476));
#9380=CARTESIAN_POINT('',(-111.775726576899,118.,112.54786980476));
#9381=CARTESIAN_POINT('',(-115.435249877402,100.,108.791264057021));
#9382=CARTESIAN_POINT('',(-115.435249877402,118.,108.791264057021));
#9383=CARTESIAN_POINT('',(-111.775726576899,-118.,112.54786980476));
#9384=CARTESIAN_POINT('',(-115.435249877402,-118.,108.791264057021));
#9385=CARTESIAN_POINT('',(-111.775726576899,118.,112.54786980476));
#9386=CARTESIAN_POINT('',(-115.435249877402,118.,108.791264057021));
#9387=CARTESIAN_POINT('',(-115.435249877402,96.6,108.791264057021));
#9388=CARTESIAN_POINT('',(-124.770135584617,88.,99.208735836096));
#9389=CARTESIAN_POINT('',(-102.440840869683,88.,122.130398025685));
#9390=CARTESIAN_POINT('',(-111.775726576899,96.6,112.54786980476));
#9391=CARTESIAN_POINT('',(-102.440840869729,5.50000000018281,122.130398025637));
#9392=CARTESIAN_POINT('',(-102.440840869683,88.,122.130398025685));
#9393=CARTESIAN_POINT('',(-99.300783800442,5.50000000023424,125.353756771048));
#9394=CARTESIAN_POINT('',(-102.440840869729,5.50000000018281,122.130398025637));
#9395=CARTESIAN_POINT('',(-99.300783800426,3.50000000023424,125.353756771065));
#9396=CARTESIAN_POINT('',(-99.300783800442,5.50000000023424,125.353756771048));
#9397=CARTESIAN_POINT('',(-101.04525995003,3.50000000020567,123.563001912503));
#9398=CARTESIAN_POINT('',(-99.300783800426,3.50000000023424,125.353756771065));
#9399=CARTESIAN_POINT('',(-101.045259950038,4.50000000020566,123.563001912495));
#9400=CARTESIAN_POINT('',(-101.04525995003,3.50000000020567,123.563001912503));
#9401=CARTESIAN_POINT('',(-102.440840869722,4.50000000018291,122.130398025646));
#9402=CARTESIAN_POINT('',(-101.045259950038,4.50000000020566,123.563001912495));
#9403=CARTESIAN_POINT('',(-106.278688398827,1.50000000011997,118.190737336835));
#9404=CARTESIAN_POINT('',(-102.440840869722,4.50000000018291,122.130398025646));
#9405=CARTESIAN_POINT('',(-106.278688398813,-1.5,118.190737336849));
#9406=CARTESIAN_POINT('',(-106.278688398827,1.50000000011997,118.190737336835));
#9407=CARTESIAN_POINT('',(-102.440840869683,-4.50000000000011,122.130398025685));
#9408=CARTESIAN_POINT('',(-106.278688398813,-1.5,118.190737336849));
#9409=CARTESIAN_POINT('',(-102.440840869683,-88.,122.130398025685));
#9410=CARTESIAN_POINT('',(-102.440840869683,-4.50000000000011,122.130398025685));
#9411=CARTESIAN_POINT('',(-111.775726576899,-96.6,112.54786980476));
#9412=CARTESIAN_POINT('',(-102.440840869683,-88.,122.130398025685));
#9413=CARTESIAN_POINT('',(-124.770135584617,-88.,99.208735836096));
#9414=CARTESIAN_POINT('',(-115.435249877402,-96.6,108.791264057021));
#9415=CARTESIAN_POINT('',(-124.770135584617,-4.50000000000011,99.208735836096));
#9416=CARTESIAN_POINT('',(-124.770135584617,-88.,99.208735836096));
#9417=CARTESIAN_POINT('',(-120.932288055488,-1.5,103.148396524932));
#9418=CARTESIAN_POINT('',(-124.770135584617,-4.50000000000011,99.208735836096));
#9419=CARTESIAN_POINT('',(-120.932288055488,1.5,103.148396524932));
#9420=CARTESIAN_POINT('',(-120.932288055488,-1.5,103.148396524932));
#9421=CARTESIAN_POINT('',(-124.770135584617,4.5000000000001,99.208735836096));
#9422=CARTESIAN_POINT('',(-120.932288055488,1.5,103.148396524932));
#9423=CARTESIAN_POINT('',(-126.1657165043,4.5,97.7761319492467));
#9424=CARTESIAN_POINT('',(-124.770135584617,4.5000000000001,99.208735836096));
#9425=CARTESIAN_POINT('',(-126.1657165043,3.5,97.7761319492467));
#9426=CARTESIAN_POINT('',(-126.1657165043,4.5,97.7761319492467));
#9427=CARTESIAN_POINT('',(-127.910192653905,3.5,95.9853770906851));
#9428=CARTESIAN_POINT('',(-126.1657165043,3.5,97.7761319492467));
#9429=CARTESIAN_POINT('',(-127.910192653905,5.5,95.9853770906851));
#9430=CARTESIAN_POINT('',(-127.910192653905,3.5,95.9853770906851));
#9431=CARTESIAN_POINT('',(-124.770135584617,5.5,99.208735836096));
#9432=CARTESIAN_POINT('',(-127.910192653905,5.5,95.9853770906851));
#9433=CARTESIAN_POINT('',(-124.770135584617,88.,99.208735836096));
#9434=CARTESIAN_POINT('',(-124.770135584617,5.5,99.208735836096));
#9435=CARTESIAN_POINT('',(-112.907697767308,-5.,111.385868874315));
#9436=CARTESIAN_POINT('',(-112.907697767309,-4.50000000000006,111.385868874315));
#9437=CARTESIAN_POINT('',(-114.303278686992,-5.,109.953264987466));
#9438=CARTESIAN_POINT('',(-112.907697767308,-5.,111.385868874315));
#9439=CARTESIAN_POINT('',(-114.303278686992,-4.50000000000006,109.953264987466));
#9440=CARTESIAN_POINT('',(-114.303278686992,-5.,109.953264987466));
#9441=CARTESIAN_POINT('',(-118.141126216121,-1.5,106.01360429863));
#9442=CARTESIAN_POINT('',(-114.303278686992,-4.50000000000006,109.953264987466));
#9443=CARTESIAN_POINT('',(-118.141126216121,1.5,106.01360429863));
#9444=CARTESIAN_POINT('',(-118.141126216121,-1.5,106.01360429863));
#9445=CARTESIAN_POINT('',(-114.303278686992,4.50000000000006,109.953264987466));
#9446=CARTESIAN_POINT('',(-118.141126216121,1.5,106.01360429863));
#9447=CARTESIAN_POINT('',(-114.303278686992,77.3320508075684,109.953264987466));
#9448=CARTESIAN_POINT('',(-114.303278686992,4.50000000000006,109.953264987466));
#9449=CARTESIAN_POINT('',(-115.378114070398,80.0000000000073,108.849915603512));
#9450=CARTESIAN_POINT('',(-114.303278686992,77.3320508075684,109.953264987466));
#9451=CARTESIAN_POINT('',(-114.49180114877,82.2000000000105,109.759741267205));
#9452=CARTESIAN_POINT('',(-115.378114070398,80.0000000000073,108.849915603512));
#9453=CARTESIAN_POINT('',(-112.719175305524,82.2000000000033,111.579392594583));
#9454=CARTESIAN_POINT('',(-114.49180114877,82.2000000000105,109.759741267205));
#9455=CARTESIAN_POINT('',(-111.832862383905,79.9999999999928,112.489218258267));
#9456=CARTESIAN_POINT('',(-112.719175305524,82.2000000000033,111.579392594583));
#9457=CARTESIAN_POINT('',(-112.907697767309,77.3320508075685,111.385868874315));
#9458=CARTESIAN_POINT('',(-111.832862383905,79.9999999999928,112.489218258267));
#9459=CARTESIAN_POINT('',(-112.907697767347,4.50000000001148,111.385868874276));
#9460=CARTESIAN_POINT('',(-112.907697767309,77.3320508075685,111.385868874315));
#9461=CARTESIAN_POINT('',(-109.069850238194,1.50000000007427,115.325529563136));
#9462=CARTESIAN_POINT('',(-112.907697767347,4.50000000001148,111.385868874276));
#9463=CARTESIAN_POINT('',(-109.069850238179,-1.5,115.325529563151));
#9464=CARTESIAN_POINT('',(-109.069850238194,1.50000000007427,115.325529563136));
#9465=CARTESIAN_POINT('',(-112.907697767309,-4.50000000000006,111.385868874315));
#9466=CARTESIAN_POINT('',(-109.069850238179,-1.5,115.325529563151));
#9467=CARTESIAN_POINT('',(-112.719175305524,-82.2000000000033,111.579392594583));
#9468=CARTESIAN_POINT('',(-111.832862383905,-79.9999999999928,112.489218258267));
#9469=CARTESIAN_POINT('',(-114.49180114877,-82.2000000000105,109.759741267205));
#9470=CARTESIAN_POINT('',(-112.719175305524,-82.2000000000033,111.579392594583));
#9471=CARTESIAN_POINT('',(-115.378114070398,-80.0000000000073,108.849915603512));
#9472=CARTESIAN_POINT('',(-114.49180114877,-82.2000000000105,109.759741267205));
#9473=CARTESIAN_POINT('',(-114.303278686992,-77.3320508075684,109.953264987466));
#9474=CARTESIAN_POINT('',(-115.378114070398,-80.0000000000073,108.849915603512));
#9475=CARTESIAN_POINT('',(-114.303278686992,-6.,109.953264987466));
#9476=CARTESIAN_POINT('',(-114.303278686992,-77.3320508075684,109.953264987466));
#9477=CARTESIAN_POINT('',(-112.907697767309,-6.,111.385868874315));
#9478=CARTESIAN_POINT('',(-114.303278686992,-6.,109.953264987466));
#9479=CARTESIAN_POINT('',(-112.907697767309,-77.3320508075684,111.385868874315));
#9480=CARTESIAN_POINT('',(-112.907697767309,-6.,111.385868874315));
#9481=CARTESIAN_POINT('',(-111.832862383905,-79.9999999999928,112.489218258267));
#9482=CARTESIAN_POINT('',(-112.907697767309,-77.3320508075684,111.385868874315));
#9483=CARTESIAN_POINT('',(-111.775726576899,-96.6,112.54786980476));
#9484=CARTESIAN_POINT('',(-111.775726576899,-100.,112.54786980476));
#9485=CARTESIAN_POINT('',(-111.775726576899,96.6,112.54786980476));
#9486=CARTESIAN_POINT('',(-111.775726576899,100.,112.54786980476));
#9487=CARTESIAN_POINT('',(-115.435249877402,-100.,108.791264057021));
#9488=CARTESIAN_POINT('',(-115.435249877402,-96.6,108.791264057021));
#9489=CARTESIAN_POINT('',(-115.435249877402,100.,108.791264057021));
#9490=CARTESIAN_POINT('',(-115.435249877402,96.6,108.791264057021));
#9491=CARTESIAN_POINT('',(-115.435249877402,100.,108.791264057021));
#9492=CARTESIAN_POINT('',(-119.895968980442,100.,103.821561451565));
#9493=CARTESIAN_POINT('',(-119.895968980442,100.,103.821561451565));
#9494=CARTESIAN_POINT('',(-119.895968980442,118.,103.821561451565));
#9495=CARTESIAN_POINT('',(-115.435249877402,118.,108.791264057021));
#9496=CARTESIAN_POINT('',(-119.895968980442,118.,103.821561451565));
#9497=CARTESIAN_POINT('',(-119.895968980442,100.,103.821561451565));
#9498=CARTESIAN_POINT('',(-124.159927778887,100.,98.682685076672));
#9499=CARTESIAN_POINT('',(-124.159927778887,100.,98.682685076672));
#9500=CARTESIAN_POINT('',(-124.159927778887,118.,98.682685076672));
#9501=CARTESIAN_POINT('',(-119.895968980442,118.,103.821561451565));
#9502=CARTESIAN_POINT('',(-124.159927778887,118.,98.682685076672));
#9503=CARTESIAN_POINT('',(-124.159927778887,100.,98.682685076672));
#9504=CARTESIAN_POINT('',(-128.20379335675,100.,93.368877946239));
#9505=CARTESIAN_POINT('',(-128.20379335675,100.,93.368877946239));
#9506=CARTESIAN_POINT('',(-128.20379335675,118.,93.368877946239));
#9507=CARTESIAN_POINT('',(-124.159927778887,118.,98.682685076672));
#9508=CARTESIAN_POINT('',(-128.20379335675,118.,93.368877946239));
#9509=CARTESIAN_POINT('',(-128.20379335675,100.,93.368877946239));
#9510=CARTESIAN_POINT('',(-132.023555523907,105.5,87.8848154508268));
#9511=CARTESIAN_POINT('',(-128.20379335675,118.,93.368877946239));
#9512=CARTESIAN_POINT('',(-132.023555523907,112.5,87.8848154508268));
#9513=CARTESIAN_POINT('',(-132.023555523907,105.5,87.8848154508268));
#9514=CARTESIAN_POINT('',(-132.023555523907,112.5,87.8848154508268));
#9515=CARTESIAN_POINT('',(-111.775726576899,100.,112.54786980476));
#9516=CARTESIAN_POINT('',(-106.92449497778,100.,117.13715197898));
#9517=CARTESIAN_POINT('',(-106.92449497778,100.,117.13715197898));
#9518=CARTESIAN_POINT('',(-106.92449497778,118.,117.13715197898));
#9519=CARTESIAN_POINT('',(-111.775726576899,118.,112.54786980476));
#9520=CARTESIAN_POINT('',(-106.92449497778,118.,117.13715197898));
#9521=CARTESIAN_POINT('',(-106.92449497778,100.,117.13715197898));
#9522=CARTESIAN_POINT('',(-101.898996996528,100.,121.534169726466));
#9523=CARTESIAN_POINT('',(-101.898996996528,100.,121.534169726466));
#9524=CARTESIAN_POINT('',(-101.898996996528,118.,121.534169726466));
#9525=CARTESIAN_POINT('',(-106.92449497778,118.,117.13715197898));
#9526=CARTESIAN_POINT('',(-101.898996996528,118.,121.534169726466));
#9527=CARTESIAN_POINT('',(-101.898996996528,100.,121.534169726466));
#9528=CARTESIAN_POINT('',(-96.6928668352795,100.,125.715748827165));
#9529=CARTESIAN_POINT('',(-96.6928668352795,100.,125.715748827165));
#9530=CARTESIAN_POINT('',(-96.6928668352795,118.,125.715748827165));
#9531=CARTESIAN_POINT('',(-101.898996996528,118.,121.534169726466));
#9532=CARTESIAN_POINT('',(-96.6928668352795,118.,125.715748827165));
#9533=CARTESIAN_POINT('',(-96.6928668352795,100.,125.715748827165));
#9534=CARTESIAN_POINT('',(-91.3106733079149,105.5,129.677758077687));
#9535=CARTESIAN_POINT('',(-96.6928668352795,118.,125.715748827165));
#9536=CARTESIAN_POINT('',(-91.3106733079149,112.5,129.677758077687));
#9537=CARTESIAN_POINT('',(-91.3106733079149,105.5,129.677758077687));
#9538=CARTESIAN_POINT('',(-91.3106733079149,112.5,129.677758077687));
#9539=CARTESIAN_POINT('',(-115.435249877402,-100.,108.791264057021));
#9540=CARTESIAN_POINT('',(-119.895968980442,-100.,103.821561451565));
#9541=CARTESIAN_POINT('',(-119.895968980442,-100.,103.821561451565));
#9542=CARTESIAN_POINT('',(-119.895968980442,-118.,103.821561451565));
#9543=CARTESIAN_POINT('',(-115.435249877402,-118.,108.791264057021));
#9544=CARTESIAN_POINT('',(-119.895968980442,-118.,103.821561451565));
#9545=CARTESIAN_POINT('',(-119.895968980442,-100.,103.821561451565));
#9546=CARTESIAN_POINT('',(-124.159927778887,-100.,98.682685076672));
#9547=CARTESIAN_POINT('',(-124.159927778887,-100.,98.682685076672));
#9548=CARTESIAN_POINT('',(-124.159927778887,-118.,98.682685076672));
#9549=CARTESIAN_POINT('',(-119.895968980442,-118.,103.821561451565));
#9550=CARTESIAN_POINT('',(-124.159927778887,-118.,98.682685076672));
#9551=CARTESIAN_POINT('',(-124.159927778887,-100.,98.682685076672));
#9552=CARTESIAN_POINT('',(-128.20379335675,-100.,93.368877946239));
#9553=CARTESIAN_POINT('',(-128.20379335675,-100.,93.368877946239));
#9554=CARTESIAN_POINT('',(-128.20379335675,-118.,93.368877946239));
#9555=CARTESIAN_POINT('',(-124.159927778887,-118.,98.682685076672));
#9556=CARTESIAN_POINT('',(-128.20379335675,-118.,93.368877946239));
#9557=CARTESIAN_POINT('',(-128.20379335675,-100.,93.368877946239));
#9558=CARTESIAN_POINT('',(-132.023555523907,-105.5,87.8848154508268));
#9559=CARTESIAN_POINT('',(-128.20379335675,-118.,93.368877946239));
#9560=CARTESIAN_POINT('',(-132.023555523907,-112.5,87.8848154508268));
#9561=CARTESIAN_POINT('',(-132.023555523907,-105.5,87.8848154508268));
#9562=CARTESIAN_POINT('',(-132.023555523907,-112.5,87.8848154508268));
#9563=CARTESIAN_POINT('',(-111.775726576899,-100.,112.54786980476));
#9564=CARTESIAN_POINT('',(-106.92449497778,-100.,117.13715197898));
#9565=CARTESIAN_POINT('',(-106.92449497778,-100.,117.13715197898));
#9566=CARTESIAN_POINT('',(-106.92449497778,-118.,117.13715197898));
#9567=CARTESIAN_POINT('',(-111.775726576899,-118.,112.54786980476));
#9568=CARTESIAN_POINT('',(-106.92449497778,-118.,117.13715197898));
#9569=CARTESIAN_POINT('',(-106.92449497778,-100.,117.13715197898));
#9570=CARTESIAN_POINT('',(-101.898996996528,-100.,121.534169726466));
#9571=CARTESIAN_POINT('',(-101.898996996528,-100.,121.534169726466));
#9572=CARTESIAN_POINT('',(-101.898996996528,-118.,121.534169726466));
#9573=CARTESIAN_POINT('',(-106.92449497778,-118.,117.13715197898));
#9574=CARTESIAN_POINT('',(-101.898996996528,-118.,121.534169726466));
#9575=CARTESIAN_POINT('',(-101.898996996528,-100.,121.534169726466));
#9576=CARTESIAN_POINT('',(-96.6928668352795,-100.,125.715748827165));
#9577=CARTESIAN_POINT('',(-96.6928668352795,-100.,125.715748827165));
#9578=CARTESIAN_POINT('',(-96.6928668352795,-118.,125.715748827165));
#9579=CARTESIAN_POINT('',(-101.898996996528,-118.,121.534169726466));
#9580=CARTESIAN_POINT('',(-96.6928668352795,-118.,125.715748827165));
#9581=CARTESIAN_POINT('',(-96.6928668352795,-100.,125.715748827165));
#9582=CARTESIAN_POINT('',(-91.3106733079149,-105.5,129.677758077687));
#9583=CARTESIAN_POINT('',(-96.6928668352795,-118.,125.715748827165));
#9584=CARTESIAN_POINT('',(-91.3106733079149,-112.5,129.677758077687));
#9585=CARTESIAN_POINT('',(-91.3106733079149,-105.5,129.677758077687));
#9586=CARTESIAN_POINT('',(-91.3106733079149,-112.5,129.677758077687));
#9587=CARTESIAN_POINT('',(-155.057551103818,-159.,39.3490018385085));
#9588=CARTESIAN_POINT('',(-148.280879032735,100.,56.334864539307));
#9589=CARTESIAN_POINT('',(-150.500223261426,100.,50.0364147222898));
#9590=CARTESIAN_POINT('',(-152.473044673137,100.,43.6569656309682));
#9591=CARTESIAN_POINT('',(-154.175583361152,100.,37.2001276240887));
#9592=CARTESIAN_POINT('',(-146.337511138239,100.,61.2059546388131));
#9593=CARTESIAN_POINT('',(-143.611799810864,100.,67.3023844680433));
#9594=CARTESIAN_POINT('',(-140.651510929087,100.,73.2878739858436));
#9595=CARTESIAN_POINT('',(-137.441894872481,100.,79.1434490900026));
#9596=CARTESIAN_POINT('',(-148.280879032735,-100.,56.334864539307));
#9597=CARTESIAN_POINT('',(-150.500223261426,-100.,50.0364147222898));
#9598=CARTESIAN_POINT('',(-152.473044673137,-100.,43.6569656309682));
#9599=CARTESIAN_POINT('',(-154.175583361152,-100.,37.2001276240887));
#9600=CARTESIAN_POINT('',(-146.337511138239,-100.,61.2059546388131));
#9601=CARTESIAN_POINT('',(-143.611799810864,-100.,67.3023844680433));
#9602=CARTESIAN_POINT('',(-140.651510929087,-100.,73.2878739858436));
#9603=CARTESIAN_POINT('',(-137.441894872481,-100.,79.1434490900026));
#9604=CARTESIAN_POINT('',(-148.280879032735,-100.,56.334864539307));
#9605=CARTESIAN_POINT('',(-148.280879032735,-118.,56.3348645393069));
#9606=CARTESIAN_POINT('',(-146.337511138239,-100.,61.2059546388131));
#9607=CARTESIAN_POINT('',(-146.337511138239,-118.,61.2059546388131));
#9608=CARTESIAN_POINT('',(-146.337511138239,100.,61.2059546388131));
#9609=CARTESIAN_POINT('',(-146.337511138239,118.,61.2059546388131));
#9610=CARTESIAN_POINT('',(-148.280879032735,100.,56.334864539307));
#9611=CARTESIAN_POINT('',(-148.280879032735,118.,56.3348645393069));
#9612=CARTESIAN_POINT('',(-148.280879032735,96.6,56.3348645393069));
#9613=CARTESIAN_POINT('',(-146.337511138239,96.6,61.2059546388131));
#9614=CARTESIAN_POINT('',(-146.337511138239,-96.6,61.2059546388131));
#9615=CARTESIAN_POINT('',(-148.280879032735,-96.6,56.3348645393069));
#9616=CARTESIAN_POINT('',(-141.38027608533,88.,73.6313624350109));
#9617=CARTESIAN_POINT('',(-141.380276085354,5.50000000018281,73.6313624349493));
#9618=CARTESIAN_POINT('',(-139.71276761656,5.50000000023424,77.8110054228729));
#9619=CARTESIAN_POINT('',(-139.712767616552,3.50000000023424,77.8110054228942));
#9620=CARTESIAN_POINT('',(-140.639161210326,3.50000000020567,75.4889815407144));
#9621=CARTESIAN_POINT('',(-140.63916121033,4.50000000020566,75.4889815407037));
#9622=CARTESIAN_POINT('',(-141.38027608535,4.50000000018291,73.6313624349599));
#9623=CARTESIAN_POINT('',(-143.418341991642,1.50000000011997,68.5229098941961));
#9624=CARTESIAN_POINT('',(-143.418341991634,-1.5,68.5229098942153));
#9625=CARTESIAN_POINT('',(-141.38027608533,-4.50000000000011,73.6313624350109));
#9626=CARTESIAN_POINT('',(-141.38027608533,-88.,73.6313624350109));
#9627=CARTESIAN_POINT('',(-153.238114085645,-88.,43.9094567431093));
#9628=CARTESIAN_POINT('',(-153.238114085645,-4.50000000000011,43.9094567431093));
#9629=CARTESIAN_POINT('',(-151.20004817934,-1.5,49.0179092839048));
#9630=CARTESIAN_POINT('',(-151.20004817934,1.5,49.0179092839048));
#9631=CARTESIAN_POINT('',(-153.238114085645,4.5000000000001,43.9094567431093));
#9632=CARTESIAN_POINT('',(-153.979228960664,4.5,42.0518376373654));
#9633=CARTESIAN_POINT('',(-153.979228960664,3.5,42.0518376373654));
#9634=CARTESIAN_POINT('',(-154.905622554439,3.5,39.7298137551856));
#9635=CARTESIAN_POINT('',(-154.905622554439,5.5,39.7298137551856));
#9636=CARTESIAN_POINT('',(-153.238114085645,5.5,43.9094567431093));
#9637=CARTESIAN_POINT('',(-153.238114085645,88.,43.9094567431093));
#9638=CARTESIAN_POINT('',(-146.938637647977,-5.,59.699219141932));
#9639=CARTESIAN_POINT('',(-147.679752522997,-5.,57.8416000361881));
#9640=CARTESIAN_POINT('',(-147.679752522997,-4.50000000000006,57.8416000361881));
#9641=CARTESIAN_POINT('',(-149.717818429301,-1.5,52.7331474953926));
#9642=CARTESIAN_POINT('',(-149.717818429301,1.5,52.7331474953926));
#9643=CARTESIAN_POINT('',(-147.679752522997,4.50000000000006,57.8416000361881));
#9644=CARTESIAN_POINT('',(-147.679752522997,77.3320508075684,57.8416000361881));
#9645=CARTESIAN_POINT('',(-148.250537405195,80.0000000000073,56.4109164293945));
#9646=CARTESIAN_POINT('',(-147.779866245339,82.2000000000105,57.5906630092323));
#9647=CARTESIAN_POINT('',(-146.838523925632,82.2000000000033,59.9501561688963));
#9648=CARTESIAN_POINT('',(-146.36785276578,79.9999999999928,61.1299027487224));
#9649=CARTESIAN_POINT('',(-146.938637647977,77.3320508075685,59.699219141932));
#9650=CARTESIAN_POINT('',(-146.938637647998,4.50000000001148,59.699219141881));
#9651=CARTESIAN_POINT('',(-144.900571741681,1.50000000007427,64.8076716827084));
#9652=CARTESIAN_POINT('',(-144.900571741673,-1.5,64.8076716827276));
#9653=CARTESIAN_POINT('',(-146.938637647977,-4.50000000000006,59.699219141932));
#9654=CARTESIAN_POINT('',(-146.838523925632,-82.2000000000033,59.9501561688963));
#9655=CARTESIAN_POINT('',(-147.779866245339,-82.2000000000105,57.5906630092323));
#9656=CARTESIAN_POINT('',(-148.250537405195,-80.0000000000073,56.4109164293945));
#9657=CARTESIAN_POINT('',(-147.679752522997,-77.3320508075684,57.8416000361881));
#9658=CARTESIAN_POINT('',(-147.679752522997,-6.,57.8416000361881));
#9659=CARTESIAN_POINT('',(-146.938637647977,-6.,59.699219141932));
#9660=CARTESIAN_POINT('',(-146.938637647977,-77.3320508075684,59.699219141932));
#9661=CARTESIAN_POINT('',(-146.36785276578,-79.9999999999928,61.1299027487224));
#9662=CARTESIAN_POINT('',(-150.500223261426,100.,50.0364147222898));
#9663=CARTESIAN_POINT('',(-150.500223261426,118.,50.0364147222898));
#9664=CARTESIAN_POINT('',(-152.473044673137,100.,43.6569656309682));
#9665=CARTESIAN_POINT('',(-152.473044673137,118.,43.6569656309682));
#9666=CARTESIAN_POINT('',(-154.175583361152,100.,37.2001276240887));
#9667=CARTESIAN_POINT('',(-154.175583361152,118.,37.2001276240887));
#9668=CARTESIAN_POINT('',(-155.6059235874,105.5,30.6717548326188));
#9669=CARTESIAN_POINT('',(-155.6059235874,112.5,30.6717548326188));
#9670=CARTESIAN_POINT('',(-143.611799810864,100.,67.3023844680433));
#9671=CARTESIAN_POINT('',(-143.611799810864,118.,67.3023844680433));
#9672=CARTESIAN_POINT('',(-140.651510929087,100.,73.2878739858436));
#9673=CARTESIAN_POINT('',(-140.651510929087,118.,73.2878739858436));
#9674=CARTESIAN_POINT('',(-137.441894872481,100.,79.1434490900026));
#9675=CARTESIAN_POINT('',(-137.441894872481,118.,79.1434490900026));
#9676=CARTESIAN_POINT('',(-133.985591731586,105.5,84.8635446368854));
#9677=CARTESIAN_POINT('',(-133.985591731586,112.5,84.8635446368854));
#9678=CARTESIAN_POINT('',(-150.500223261426,-100.,50.0364147222898));
#9679=CARTESIAN_POINT('',(-150.500223261426,-118.,50.0364147222898));
#9680=CARTESIAN_POINT('',(-152.473044673137,-100.,43.6569656309682));
#9681=CARTESIAN_POINT('',(-152.473044673137,-118.,43.6569656309682));
#9682=CARTESIAN_POINT('',(-154.175583361152,-100.,37.2001276240887));
#9683=CARTESIAN_POINT('',(-154.175583361152,-118.,37.2001276240887));
#9684=CARTESIAN_POINT('',(-155.6059235874,-105.5,30.6717548326188));
#9685=CARTESIAN_POINT('',(-155.6059235874,-112.5,30.6717548326188));
#9686=CARTESIAN_POINT('',(-143.611799810864,-100.,67.3023844680433));
#9687=CARTESIAN_POINT('',(-143.611799810864,-118.,67.3023844680433));
#9688=CARTESIAN_POINT('',(-140.651510929087,-100.,73.2878739858436));
#9689=CARTESIAN_POINT('',(-140.651510929087,-118.,73.2878739858436));
#9690=CARTESIAN_POINT('',(-137.441894872481,-100.,79.1434490900026));
#9691=CARTESIAN_POINT('',(-137.441894872481,-118.,79.1434490900026));
#9692=CARTESIAN_POINT('',(-133.985591731586,-105.5,84.8635446368854));
#9693=CARTESIAN_POINT('',(-133.985591731586,-112.5,84.8635446368854));
#9694=CARTESIAN_POINT('',(-148.280879032735,-100.,56.334864539307));
#9695=CARTESIAN_POINT('',(-148.280879032735,-118.,56.3348645393069));
#9696=CARTESIAN_POINT('',(-146.337511138239,-100.,61.2059546388131));
#9697=CARTESIAN_POINT('',(-146.337511138239,-118.,61.2059546388131));
#9698=CARTESIAN_POINT('',(-146.337511138239,100.,61.2059546388131));
#9699=CARTESIAN_POINT('',(-146.337511138239,118.,61.2059546388131));
#9700=CARTESIAN_POINT('',(-148.280879032735,100.,56.334864539307));
#9701=CARTESIAN_POINT('',(-148.280879032735,118.,56.3348645393069));
#9702=CARTESIAN_POINT('',(-146.337511138239,-118.,61.2059546388131));
#9703=CARTESIAN_POINT('',(-148.280879032735,-118.,56.3348645393069));
#9704=CARTESIAN_POINT('',(-146.337511138239,118.,61.2059546388131));
#9705=CARTESIAN_POINT('',(-148.280879032735,118.,56.3348645393069));
#9706=CARTESIAN_POINT('',(-148.280879032735,96.6,56.3348645393069));
#9707=CARTESIAN_POINT('',(-153.238114085645,88.,43.9094567431093));
#9708=CARTESIAN_POINT('',(-141.38027608533,88.,73.6313624350109));
#9709=CARTESIAN_POINT('',(-146.337511138239,96.6,61.2059546388131));
#9710=CARTESIAN_POINT('',(-141.380276085354,5.50000000018281,73.6313624349493));
#9711=CARTESIAN_POINT('',(-141.38027608533,88.,73.6313624350109));
#9712=CARTESIAN_POINT('',(-139.71276761656,5.50000000023424,77.8110054228729));
#9713=CARTESIAN_POINT('',(-141.380276085354,5.50000000018281,73.6313624349493));
#9714=CARTESIAN_POINT('',(-139.712767616552,3.50000000023424,77.8110054228942));
#9715=CARTESIAN_POINT('',(-139.71276761656,5.50000000023424,77.8110054228729));
#9716=CARTESIAN_POINT('',(-140.639161210326,3.50000000020567,75.4889815407144));
#9717=CARTESIAN_POINT('',(-139.712767616552,3.50000000023424,77.8110054228942));
#9718=CARTESIAN_POINT('',(-140.63916121033,4.50000000020566,75.4889815407037));
#9719=CARTESIAN_POINT('',(-140.639161210326,3.50000000020567,75.4889815407144));
#9720=CARTESIAN_POINT('',(-141.38027608535,4.50000000018291,73.6313624349599));
#9721=CARTESIAN_POINT('',(-140.63916121033,4.50000000020566,75.4889815407037));
#9722=CARTESIAN_POINT('',(-143.418341991642,1.50000000011997,68.5229098941961));
#9723=CARTESIAN_POINT('',(-141.38027608535,4.50000000018291,73.6313624349599));
#9724=CARTESIAN_POINT('',(-143.418341991634,-1.5,68.5229098942153));
#9725=CARTESIAN_POINT('',(-143.418341991642,1.50000000011997,68.5229098941961));
#9726=CARTESIAN_POINT('',(-141.38027608533,-4.50000000000011,73.6313624350109));
#9727=CARTESIAN_POINT('',(-143.418341991634,-1.5,68.5229098942153));
#9728=CARTESIAN_POINT('',(-141.38027608533,-88.,73.6313624350109));
#9729=CARTESIAN_POINT('',(-141.38027608533,-4.50000000000011,73.6313624350109));
#9730=CARTESIAN_POINT('',(-146.337511138239,-96.6,61.2059546388131));
#9731=CARTESIAN_POINT('',(-141.38027608533,-88.,73.6313624350109));
#9732=CARTESIAN_POINT('',(-153.238114085645,-88.,43.9094567431093));
#9733=CARTESIAN_POINT('',(-148.280879032735,-96.6,56.3348645393069));
#9734=CARTESIAN_POINT('',(-153.238114085645,-4.50000000000011,43.9094567431093));
#9735=CARTESIAN_POINT('',(-153.238114085645,-88.,43.9094567431093));
#9736=CARTESIAN_POINT('',(-151.20004817934,-1.5,49.0179092839048));
#9737=CARTESIAN_POINT('',(-153.238114085645,-4.50000000000011,43.9094567431093));
#9738=CARTESIAN_POINT('',(-151.20004817934,1.5,49.0179092839048));
#9739=CARTESIAN_POINT('',(-151.20004817934,-1.5,49.0179092839048));
#9740=CARTESIAN_POINT('',(-153.238114085645,4.5000000000001,43.9094567431093));
#9741=CARTESIAN_POINT('',(-151.20004817934,1.5,49.0179092839048));
#9742=CARTESIAN_POINT('',(-153.979228960664,4.5,42.0518376373654));
#9743=CARTESIAN_POINT('',(-153.238114085645,4.5000000000001,43.9094567431093));
#9744=CARTESIAN_POINT('',(-153.979228960664,3.5,42.0518376373654));
#9745=CARTESIAN_POINT('',(-153.979228960664,4.5,42.0518376373654));
#9746=CARTESIAN_POINT('',(-154.905622554439,3.5,39.7298137551856));
#9747=CARTESIAN_POINT('',(-153.979228960664,3.5,42.0518376373654));
#9748=CARTESIAN_POINT('',(-154.905622554439,5.5,39.7298137551856));
#9749=CARTESIAN_POINT('',(-154.905622554439,3.5,39.7298137551856));
#9750=CARTESIAN_POINT('',(-153.238114085645,5.5,43.9094567431093));
#9751=CARTESIAN_POINT('',(-154.905622554439,5.5,39.7298137551856));
#9752=CARTESIAN_POINT('',(-153.238114085645,88.,43.9094567431093));
#9753=CARTESIAN_POINT('',(-153.238114085645,5.5,43.9094567431093));
#9754=CARTESIAN_POINT('',(-146.938637647977,-5.,59.699219141932));
#9755=CARTESIAN_POINT('',(-146.938637647977,-4.50000000000006,59.699219141932));
#9756=CARTESIAN_POINT('',(-147.679752522997,-5.,57.8416000361881));
#9757=CARTESIAN_POINT('',(-146.938637647977,-5.,59.699219141932));
#9758=CARTESIAN_POINT('',(-147.679752522997,-4.50000000000006,57.8416000361881));
#9759=CARTESIAN_POINT('',(-147.679752522997,-5.,57.8416000361881));
#9760=CARTESIAN_POINT('',(-149.717818429301,-1.5,52.7331474953926));
#9761=CARTESIAN_POINT('',(-147.679752522997,-4.50000000000006,57.8416000361881));
#9762=CARTESIAN_POINT('',(-149.717818429301,1.5,52.7331474953926));
#9763=CARTESIAN_POINT('',(-149.717818429301,-1.5,52.7331474953926));
#9764=CARTESIAN_POINT('',(-147.679752522997,4.50000000000006,57.8416000361881));
#9765=CARTESIAN_POINT('',(-149.717818429301,1.5,52.7331474953926));
#9766=CARTESIAN_POINT('',(-147.679752522997,77.3320508075684,57.8416000361881));
#9767=CARTESIAN_POINT('',(-147.679752522997,4.50000000000006,57.8416000361881));
#9768=CARTESIAN_POINT('',(-148.250537405195,80.0000000000073,56.4109164293945));
#9769=CARTESIAN_POINT('',(-147.679752522997,77.3320508075684,57.8416000361881));
#9770=CARTESIAN_POINT('',(-147.779866245339,82.2000000000105,57.5906630092323));
#9771=CARTESIAN_POINT('',(-148.250537405195,80.0000000000073,56.4109164293945));
#9772=CARTESIAN_POINT('',(-146.838523925632,82.2000000000033,59.9501561688963));
#9773=CARTESIAN_POINT('',(-147.779866245339,82.2000000000105,57.5906630092323));
#9774=CARTESIAN_POINT('',(-146.36785276578,79.9999999999928,61.1299027487224));
#9775=CARTESIAN_POINT('',(-146.838523925632,82.2000000000033,59.9501561688963));
#9776=CARTESIAN_POINT('',(-146.938637647977,77.3320508075685,59.699219141932));
#9777=CARTESIAN_POINT('',(-146.36785276578,79.9999999999928,61.1299027487224));
#9778=CARTESIAN_POINT('',(-146.938637647998,4.50000000001148,59.699219141881));
#9779=CARTESIAN_POINT('',(-146.938637647977,77.3320508075685,59.699219141932));
#9780=CARTESIAN_POINT('',(-144.900571741681,1.50000000007427,64.8076716827084));
#9781=CARTESIAN_POINT('',(-146.938637647998,4.50000000001148,59.699219141881));
#9782=CARTESIAN_POINT('',(-144.900571741673,-1.5,64.8076716827276));
#9783=CARTESIAN_POINT('',(-144.900571741681,1.50000000007427,64.8076716827084));
#9784=CARTESIAN_POINT('',(-146.938637647977,-4.50000000000006,59.699219141932));
#9785=CARTESIAN_POINT('',(-144.900571741673,-1.5,64.8076716827276));
#9786=CARTESIAN_POINT('',(-146.838523925632,-82.2000000000033,59.9501561688963));
#9787=CARTESIAN_POINT('',(-146.36785276578,-79.9999999999928,61.1299027487224));
#9788=CARTESIAN_POINT('',(-147.779866245339,-82.2000000000105,57.5906630092323));
#9789=CARTESIAN_POINT('',(-146.838523925632,-82.2000000000033,59.9501561688963));
#9790=CARTESIAN_POINT('',(-148.250537405195,-80.0000000000073,56.4109164293945));
#9791=CARTESIAN_POINT('',(-147.779866245339,-82.2000000000105,57.5906630092323));
#9792=CARTESIAN_POINT('',(-147.679752522997,-77.3320508075684,57.8416000361881));
#9793=CARTESIAN_POINT('',(-148.250537405195,-80.0000000000073,56.4109164293945));
#9794=CARTESIAN_POINT('',(-147.679752522997,-6.,57.8416000361881));
#9795=CARTESIAN_POINT('',(-147.679752522997,-77.3320508075684,57.8416000361881));
#9796=CARTESIAN_POINT('',(-146.938637647977,-6.,59.699219141932));
#9797=CARTESIAN_POINT('',(-147.679752522997,-6.,57.8416000361881));
#9798=CARTESIAN_POINT('',(-146.938637647977,-77.3320508075684,59.699219141932));
#9799=CARTESIAN_POINT('',(-146.938637647977,-6.,59.699219141932));
#9800=CARTESIAN_POINT('',(-146.36785276578,-79.9999999999928,61.1299027487224));
#9801=CARTESIAN_POINT('',(-146.938637647977,-77.3320508075684,59.699219141932));
#9802=CARTESIAN_POINT('',(-146.337511138239,-96.6,61.2059546388131));
#9803=CARTESIAN_POINT('',(-146.337511138239,-100.,61.2059546388131));
#9804=CARTESIAN_POINT('',(-146.337511138239,96.6,61.2059546388131));
#9805=CARTESIAN_POINT('',(-146.337511138239,100.,61.2059546388131));
#9806=CARTESIAN_POINT('',(-148.280879032735,-100.,56.334864539307));
#9807=CARTESIAN_POINT('',(-148.280879032735,-96.6,56.3348645393069));
#9808=CARTESIAN_POINT('',(-148.280879032735,100.,56.334864539307));
#9809=CARTESIAN_POINT('',(-148.280879032735,96.6,56.3348645393069));
#9810=CARTESIAN_POINT('',(-148.280879032735,100.,56.334864539307));
#9811=CARTESIAN_POINT('',(-150.500223261426,100.,50.0364147222898));
#9812=CARTESIAN_POINT('',(-150.500223261426,100.,50.0364147222898));
#9813=CARTESIAN_POINT('',(-150.500223261426,118.,50.0364147222898));
#9814=CARTESIAN_POINT('',(-148.280879032735,118.,56.3348645393069));
#9815=CARTESIAN_POINT('',(-150.500223261426,118.,50.0364147222898));
#9816=CARTESIAN_POINT('',(-150.500223261426,100.,50.0364147222898));
#9817=CARTESIAN_POINT('',(-152.473044673137,100.,43.6569656309682));
#9818=CARTESIAN_POINT('',(-152.473044673137,100.,43.6569656309682));
#9819=CARTESIAN_POINT('',(-152.473044673137,118.,43.6569656309682));
#9820=CARTESIAN_POINT('',(-150.500223261426,118.,50.0364147222898));
#9821=CARTESIAN_POINT('',(-152.473044673137,118.,43.6569656309682));
#9822=CARTESIAN_POINT('',(-152.473044673137,100.,43.6569656309682));
#9823=CARTESIAN_POINT('',(-154.175583361152,100.,37.2001276240887));
#9824=CARTESIAN_POINT('',(-154.175583361152,100.,37.2001276240887));
#9825=CARTESIAN_POINT('',(-154.175583361152,118.,37.2001276240887));
#9826=CARTESIAN_POINT('',(-152.473044673137,118.,43.6569656309682));
#9827=CARTESIAN_POINT('',(-154.175583361152,118.,37.2001276240887));
#9828=CARTESIAN_POINT('',(-154.175583361152,100.,37.2001276240887));
#9829=CARTESIAN_POINT('',(-155.6059235874,105.5,30.6717548326188));
#9830=CARTESIAN_POINT('',(-154.175583361152,118.,37.2001276240887));
#9831=CARTESIAN_POINT('',(-155.6059235874,112.5,30.6717548326188));
#9832=CARTESIAN_POINT('',(-155.6059235874,105.5,30.6717548326188));
#9833=CARTESIAN_POINT('',(-155.6059235874,112.5,30.6717548326188));
#9834=CARTESIAN_POINT('',(-146.337511138239,100.,61.2059546388131));
#9835=CARTESIAN_POINT('',(-143.611799810864,100.,67.3023844680433));
#9836=CARTESIAN_POINT('',(-143.611799810864,100.,67.3023844680433));
#9837=CARTESIAN_POINT('',(-143.611799810864,118.,67.3023844680433));
#9838=CARTESIAN_POINT('',(-146.337511138239,118.,61.2059546388131));
#9839=CARTESIAN_POINT('',(-143.611799810864,118.,67.3023844680433));
#9840=CARTESIAN_POINT('',(-143.611799810864,100.,67.3023844680433));
#9841=CARTESIAN_POINT('',(-140.651510929087,100.,73.2878739858436));
#9842=CARTESIAN_POINT('',(-140.651510929087,100.,73.2878739858436));
#9843=CARTESIAN_POINT('',(-140.651510929087,118.,73.2878739858436));
#9844=CARTESIAN_POINT('',(-143.611799810864,118.,67.3023844680433));
#9845=CARTESIAN_POINT('',(-140.651510929087,118.,73.2878739858436));
#9846=CARTESIAN_POINT('',(-140.651510929087,100.,73.2878739858436));
#9847=CARTESIAN_POINT('',(-137.441894872481,100.,79.1434490900026));
#9848=CARTESIAN_POINT('',(-137.441894872481,100.,79.1434490900026));
#9849=CARTESIAN_POINT('',(-137.441894872481,118.,79.1434490900026));
#9850=CARTESIAN_POINT('',(-140.651510929087,118.,73.2878739858436));
#9851=CARTESIAN_POINT('',(-137.441894872481,118.,79.1434490900026));
#9852=CARTESIAN_POINT('',(-137.441894872481,100.,79.1434490900026));
#9853=CARTESIAN_POINT('',(-133.985591731586,105.5,84.8635446368854));
#9854=CARTESIAN_POINT('',(-137.441894872481,118.,79.1434490900026));
#9855=CARTESIAN_POINT('',(-133.985591731586,112.5,84.8635446368854));
#9856=CARTESIAN_POINT('',(-133.985591731586,105.5,84.8635446368854));
#9857=CARTESIAN_POINT('',(-133.985591731586,112.5,84.8635446368854));
#9858=CARTESIAN_POINT('',(-148.280879032735,-100.,56.334864539307));
#9859=CARTESIAN_POINT('',(-150.500223261426,-100.,50.0364147222898));
#9860=CARTESIAN_POINT('',(-150.500223261426,-100.,50.0364147222898));
#9861=CARTESIAN_POINT('',(-150.500223261426,-118.,50.0364147222898));
#9862=CARTESIAN_POINT('',(-148.280879032735,-118.,56.3348645393069));
#9863=CARTESIAN_POINT('',(-150.500223261426,-118.,50.0364147222898));
#9864=CARTESIAN_POINT('',(-150.500223261426,-100.,50.0364147222898));
#9865=CARTESIAN_POINT('',(-152.473044673137,-100.,43.6569656309682));
#9866=CARTESIAN_POINT('',(-152.473044673137,-100.,43.6569656309682));
#9867=CARTESIAN_POINT('',(-152.473044673137,-118.,43.6569656309682));
#9868=CARTESIAN_POINT('',(-150.500223261426,-118.,50.0364147222898));
#9869=CARTESIAN_POINT('',(-152.473044673137,-118.,43.6569656309682));
#9870=CARTESIAN_POINT('',(-152.473044673137,-100.,43.6569656309682));
#9871=CARTESIAN_POINT('',(-154.175583361152,-100.,37.2001276240887));
#9872=CARTESIAN_POINT('',(-154.175583361152,-100.,37.2001276240887));
#9873=CARTESIAN_POINT('',(-154.175583361152,-118.,37.2001276240887));
#9874=CARTESIAN_POINT('',(-152.473044673137,-118.,43.6569656309682));
#9875=CARTESIAN_POINT('',(-154.175583361152,-118.,37.2001276240887));
#9876=CARTESIAN_POINT('',(-154.175583361152,-100.,37.2001276240887));
#9877=CARTESIAN_POINT('',(-155.6059235874,-105.5,30.6717548326188));
#9878=CARTESIAN_POINT('',(-154.175583361152,-118.,37.2001276240887));
#9879=CARTESIAN_POINT('',(-155.6059235874,-112.5,30.6717548326188));
#9880=CARTESIAN_POINT('',(-155.6059235874,-105.5,30.6717548326188));
#9881=CARTESIAN_POINT('',(-155.6059235874,-112.5,30.6717548326188));
#9882=CARTESIAN_POINT('',(-146.337511138239,-100.,61.2059546388131));
#9883=CARTESIAN_POINT('',(-143.611799810864,-100.,67.3023844680433));
#9884=CARTESIAN_POINT('',(-143.611799810864,-100.,67.3023844680433));
#9885=CARTESIAN_POINT('',(-143.611799810864,-118.,67.3023844680433));
#9886=CARTESIAN_POINT('',(-146.337511138239,-118.,61.2059546388131));
#9887=CARTESIAN_POINT('',(-143.611799810864,-118.,67.3023844680433));
#9888=CARTESIAN_POINT('',(-143.611799810864,-100.,67.3023844680433));
#9889=CARTESIAN_POINT('',(-140.651510929087,-100.,73.2878739858436));
#9890=CARTESIAN_POINT('',(-140.651510929087,-100.,73.2878739858436));
#9891=CARTESIAN_POINT('',(-140.651510929087,-118.,73.2878739858436));
#9892=CARTESIAN_POINT('',(-143.611799810864,-118.,67.3023844680433));
#9893=CARTESIAN_POINT('',(-140.651510929087,-118.,73.2878739858436));
#9894=CARTESIAN_POINT('',(-140.651510929087,-100.,73.2878739858436));
#9895=CARTESIAN_POINT('',(-137.441894872481,-100.,79.1434490900026));
#9896=CARTESIAN_POINT('',(-137.441894872481,-100.,79.1434490900026));
#9897=CARTESIAN_POINT('',(-137.441894872481,-118.,79.1434490900026));
#9898=CARTESIAN_POINT('',(-140.651510929087,-118.,73.2878739858436));
#9899=CARTESIAN_POINT('',(-137.441894872481,-118.,79.1434490900026));
#9900=CARTESIAN_POINT('',(-137.441894872481,-100.,79.1434490900026));
#9901=CARTESIAN_POINT('',(-133.985591731586,-105.5,84.8635446368854));
#9902=CARTESIAN_POINT('',(-137.441894872481,-118.,79.1434490900026));
#9903=CARTESIAN_POINT('',(-133.985591731586,-112.5,84.8635446368854));
#9904=CARTESIAN_POINT('',(-133.985591731586,-105.5,84.8635446368854));
#9905=CARTESIAN_POINT('',(-133.985591731586,-112.5,84.8635446368854));
#9906=CARTESIAN_POINT('',(-158.312708909841,-159.,-22.9842184471873));
#9907=CARTESIAN_POINT('',(-158.55208852485,100.,-4.69800742769821));
#9908=CARTESIAN_POINT('',(-158.19218283878,100.,-11.3663225672249));
#9909=CARTESIAN_POINT('',(-157.573522687494,100.,-18.0151310806716));
#9910=CARTESIAN_POINT('',(-156.675538403962,100.,-24.6320049088324));
#9911=CARTESIAN_POINT('',(-158.620736181625,100.,0.545987712467738));
#9912=CARTESIAN_POINT('',(-158.435509966952,100.,7.22143901948099));
#9913=CARTESIAN_POINT('',(-157.991107331814,100.,13.8841637871082));
#9914=CARTESIAN_POINT('',(-157.266640329227,100.,20.5222766660395));
#9915=CARTESIAN_POINT('',(-158.55208852485,-100.,-4.69800742769821));
#9916=CARTESIAN_POINT('',(-158.19218283878,-100.,-11.3663225672249));
#9917=CARTESIAN_POINT('',(-157.573522687494,-100.,-18.0151310806716));
#9918=CARTESIAN_POINT('',(-156.675538403962,-100.,-24.6320049088324));
#9919=CARTESIAN_POINT('',(-158.620736181625,-100.,0.545987712467738));
#9920=CARTESIAN_POINT('',(-158.435509966952,-100.,7.22143901948099));
#9921=CARTESIAN_POINT('',(-157.991107331814,-100.,13.8841637871082));
#9922=CARTESIAN_POINT('',(-157.266640329227,-100.,20.5222766660395));
#9923=CARTESIAN_POINT('',(-158.55208852485,-100.,-4.69800742769821));
#9924=CARTESIAN_POINT('',(-158.55208852485,-118.,-4.69800742769821));
#9925=CARTESIAN_POINT('',(-158.620736181625,-100.,0.545987712467738));
#9926=CARTESIAN_POINT('',(-158.620736181625,-118.,0.545987712467738));
#9927=CARTESIAN_POINT('',(-158.620736181625,100.,0.545987712467738));
#9928=CARTESIAN_POINT('',(-158.620736181625,118.,0.545987712467738));
#9929=CARTESIAN_POINT('',(-158.55208852485,100.,-4.69800742769821));
#9930=CARTESIAN_POINT('',(-158.55208852485,118.,-4.69800742769821));
#9931=CARTESIAN_POINT('',(-158.55208852485,96.6,-4.69800742769822));
#9932=CARTESIAN_POINT('',(-158.620736181625,96.6,0.545987712467731));
#9933=CARTESIAN_POINT('',(-158.620736181625,-96.6,0.545987712467731));
#9934=CARTESIAN_POINT('',(-158.55208852485,-96.6,-4.69800742769822));
#9935=CARTESIAN_POINT('',(-158.795845882379,88.,13.9226193835689));
#9936=CARTESIAN_POINT('',(-158.795845882378,5.50000000018281,13.9226193835026));
#9937=CARTESIAN_POINT('',(-158.854749062449,5.50000000023424,18.4222338575856));
#9938=CARTESIAN_POINT('',(-158.85474906245,3.50000000023424,18.4222338576085));
#9939=CARTESIAN_POINT('',(-158.822025073521,3.50000000020567,15.9224480386735));
#9940=CARTESIAN_POINT('',(-158.822025073521,4.50000000020566,15.9224480386621));
#9941=CARTESIAN_POINT('',(-158.795845882378,4.50000000018291,13.922619383514));
#9942=CARTESIAN_POINT('',(-158.723853106736,1.50000000011997,8.42309058189129));
#9943=CARTESIAN_POINT('',(-158.723853106737,-1.5,8.42309058191185));
#9944=CARTESIAN_POINT('',(-158.795845882379,-4.50000000000011,13.9226193835689));
#9945=CARTESIAN_POINT('',(-158.795845882379,-88.,13.9226193835689));
#9946=CARTESIAN_POINT('',(-158.376978824096,-88.,-18.0746390987994));
#9947=CARTESIAN_POINT('',(-158.376978824096,-4.50000000000011,-18.0746390987993));
#9948=CARTESIAN_POINT('',(-158.448971599738,-1.5,-12.5751102971423));
#9949=CARTESIAN_POINT('',(-158.448971599738,1.5,-12.5751102971423));
#9950=CARTESIAN_POINT('',(-158.376978824096,4.5000000000001,-18.0746390987993));
#9951=CARTESIAN_POINT('',(-158.350799632953,4.5,-20.0744677539474));
#9952=CARTESIAN_POINT('',(-158.350799632953,3.5,-20.0744677539474));
#9953=CARTESIAN_POINT('',(-158.318075644025,3.5,-22.5742535728824));
#9954=CARTESIAN_POINT('',(-158.318075644025,5.5,-22.5742535728824));
#9955=CARTESIAN_POINT('',(-158.376978824096,5.5,-18.0746390987993));
#9956=CARTESIAN_POINT('',(-158.376978824096,88.,-18.0746390987993));
#9957=CARTESIAN_POINT('',(-158.599501948809,-5.,-1.07609553004123));
#9958=CARTESIAN_POINT('',(-158.573322757666,-5.,-3.07592418518924));
#9959=CARTESIAN_POINT('',(-158.573322757666,-4.50000000000006,-3.07592418518924));
#9960=CARTESIAN_POINT('',(-158.501329982024,-1.5,-8.57545298684627));
#9961=CARTESIAN_POINT('',(-158.501329982024,1.5,-8.57545298684627));
#9962=CARTESIAN_POINT('',(-158.573322757666,4.50000000000006,-3.07592418518925));
#9963=CARTESIAN_POINT('',(-158.573322757666,77.3320508075684,-3.07592418518922));
#9964=CARTESIAN_POINT('',(-158.55316031452,80.0000000000073,-4.61613340486712));
#9965=CARTESIAN_POINT('',(-158.569786333879,82.2000000000105,-3.34607163123575));
#9966=CARTESIAN_POINT('',(-158.603038372596,82.2000000000033,-0.805948083985559));
#9967=CARTESIAN_POINT('',(-158.619664391955,79.9999999999928,0.464113689633233));
#9968=CARTESIAN_POINT('',(-158.599501948809,77.3320508075685,-1.07609553004123));
#9969=CARTESIAN_POINT('',(-158.599501948808,4.50000000001148,-1.07609553009607));
#9970=CARTESIAN_POINT('',(-158.671494724451,1.50000000007427,4.42343327159524));
#9971=CARTESIAN_POINT('',(-158.671494724451,-1.5,4.42343327161583));
#9972=CARTESIAN_POINT('',(-158.599501948809,-4.50000000000006,-1.07609553004123));
#9973=CARTESIAN_POINT('',(-158.603038372596,-82.2000000000033,-0.805948083985559));
#9974=CARTESIAN_POINT('',(-158.569786333879,-82.2000000000105,-3.34607163123575));
#9975=CARTESIAN_POINT('',(-158.55316031452,-80.0000000000073,-4.61613340486712));
#9976=CARTESIAN_POINT('',(-158.573322757666,-77.3320508075684,-3.07592418518924));
#9977=CARTESIAN_POINT('',(-158.573322757666,-6.,-3.07592418518925));
#9978=CARTESIAN_POINT('',(-158.599501948809,-6.,-1.07609553004123));
#9979=CARTESIAN_POINT('',(-158.599501948809,-77.3320508075684,-1.07609553004124));
#9980=CARTESIAN_POINT('',(-158.619664391955,-79.9999999999928,0.464113689633233));
#9981=CARTESIAN_POINT('',(-158.19218283878,100.,-11.3663225672249));
#9982=CARTESIAN_POINT('',(-158.19218283878,118.,-11.3663225672249));
#9983=CARTESIAN_POINT('',(-157.573522687494,100.,-18.0151310806716));
#9984=CARTESIAN_POINT('',(-157.573522687494,118.,-18.0151310806716));
#9985=CARTESIAN_POINT('',(-156.675538403962,100.,-24.6320049088324));
#9986=CARTESIAN_POINT('',(-156.675538403962,118.,-24.6320049088324));
#9987=CARTESIAN_POINT('',(-155.498700355921,105.5,-31.2108024187054));
#9988=CARTESIAN_POINT('',(-155.498700355921,112.5,-31.2108024187054));
#9989=CARTESIAN_POINT('',(-158.435509966952,100.,7.22143901948099));
#9990=CARTESIAN_POINT('',(-158.435509966952,118.,7.22143901948099));
#9991=CARTESIAN_POINT('',(-157.991107331814,100.,13.8841637871082));
#9992=CARTESIAN_POINT('',(-157.991107331814,118.,13.8841637871082));
#9993=CARTESIAN_POINT('',(-157.266640329227,100.,20.5222766660395));
#9994=CARTESIAN_POINT('',(-157.266640329227,118.,20.5222766660395));
#9995=CARTESIAN_POINT('',(-156.262418396538,105.5,27.1296258150653));
#9996=CARTESIAN_POINT('',(-156.262418396538,112.5,27.1296258150653));
#9997=CARTESIAN_POINT('',(-158.19218283878,-100.,-11.3663225672249));
#9998=CARTESIAN_POINT('',(-158.19218283878,-118.,-11.3663225672249));
#9999=CARTESIAN_POINT('',(-157.573522687494,-100.,-18.0151310806716));
#10000=CARTESIAN_POINT('',(-157.573522687494,-118.,-18.0151310806716));
#10001=CARTESIAN_POINT('',(-156.675538403962,-100.,-24.6320049088324));
#10002=CARTESIAN_POINT('',(-156.675538403962,-118.,-24.6320049088324));
#10003=CARTESIAN_POINT('',(-155.498700355921,-105.5,-31.2108024187054));
#10004=CARTESIAN_POINT('',(-155.498700355921,-112.5,-31.2108024187054));
#10005=CARTESIAN_POINT('',(-158.435509966952,-100.,7.22143901948099));
#10006=CARTESIAN_POINT('',(-158.435509966952,-118.,7.22143901948099));
#10007=CARTESIAN_POINT('',(-157.991107331814,-100.,13.8841637871082));
#10008=CARTESIAN_POINT('',(-157.991107331814,-118.,13.8841637871082));
#10009=CARTESIAN_POINT('',(-157.266640329227,-100.,20.5222766660395));
#10010=CARTESIAN_POINT('',(-157.266640329227,-118.,20.5222766660395));
#10011=CARTESIAN_POINT('',(-156.262418396538,-105.5,27.1296258150653));
#10012=CARTESIAN_POINT('',(-156.262418396538,-112.5,27.1296258150653));
#10013=CARTESIAN_POINT('',(-158.55208852485,-100.,-4.69800742769821));
#10014=CARTESIAN_POINT('',(-158.55208852485,-118.,-4.69800742769821));
#10015=CARTESIAN_POINT('',(-158.620736181625,-100.,0.545987712467738));
#10016=CARTESIAN_POINT('',(-158.620736181625,-118.,0.545987712467738));
#10017=CARTESIAN_POINT('',(-158.620736181625,100.,0.545987712467738));
#10018=CARTESIAN_POINT('',(-158.620736181625,118.,0.545987712467738));
#10019=CARTESIAN_POINT('',(-158.55208852485,100.,-4.69800742769821));
#10020=CARTESIAN_POINT('',(-158.55208852485,118.,-4.69800742769821));
#10021=CARTESIAN_POINT('',(-158.620736181625,-118.,0.545987712467738));
#10022=CARTESIAN_POINT('',(-158.55208852485,-118.,-4.69800742769821));
#10023=CARTESIAN_POINT('',(-158.620736181625,118.,0.545987712467738));
#10024=CARTESIAN_POINT('',(-158.55208852485,118.,-4.69800742769821));
#10025=CARTESIAN_POINT('',(-158.55208852485,96.6,-4.69800742769822));
#10026=CARTESIAN_POINT('',(-158.376978824096,88.,-18.0746390987993));
#10027=CARTESIAN_POINT('',(-158.795845882379,88.,13.9226193835689));
#10028=CARTESIAN_POINT('',(-158.620736181625,96.6,0.545987712467731));
#10029=CARTESIAN_POINT('',(-158.795845882378,5.50000000018281,13.9226193835026));
#10030=CARTESIAN_POINT('',(-158.795845882379,88.,13.9226193835689));
#10031=CARTESIAN_POINT('',(-158.854749062449,5.50000000023424,18.4222338575856));
#10032=CARTESIAN_POINT('',(-158.795845882378,5.50000000018281,13.9226193835026));
#10033=CARTESIAN_POINT('',(-158.85474906245,3.50000000023424,18.4222338576085));
#10034=CARTESIAN_POINT('',(-158.854749062449,5.50000000023424,18.4222338575856));
#10035=CARTESIAN_POINT('',(-158.822025073521,3.50000000020567,15.9224480386735));
#10036=CARTESIAN_POINT('',(-158.85474906245,3.50000000023424,18.4222338576085));
#10037=CARTESIAN_POINT('',(-158.822025073521,4.50000000020566,15.9224480386621));
#10038=CARTESIAN_POINT('',(-158.822025073521,3.50000000020567,15.9224480386735));
#10039=CARTESIAN_POINT('',(-158.795845882378,4.50000000018291,13.922619383514));
#10040=CARTESIAN_POINT('',(-158.822025073521,4.50000000020566,15.9224480386621));
#10041=CARTESIAN_POINT('',(-158.723853106736,1.50000000011997,8.42309058189129));
#10042=CARTESIAN_POINT('',(-158.795845882378,4.50000000018291,13.922619383514));
#10043=CARTESIAN_POINT('',(-158.723853106737,-1.5,8.42309058191185));
#10044=CARTESIAN_POINT('',(-158.723853106736,1.50000000011997,8.42309058189129));
#10045=CARTESIAN_POINT('',(-158.795845882379,-4.50000000000011,13.9226193835689));
#10046=CARTESIAN_POINT('',(-158.723853106737,-1.5,8.42309058191185));
#10047=CARTESIAN_POINT('',(-158.795845882379,-88.,13.9226193835689));
#10048=CARTESIAN_POINT('',(-158.795845882379,-4.50000000000011,13.9226193835689));
#10049=CARTESIAN_POINT('',(-158.620736181625,-96.6,0.545987712467731));
#10050=CARTESIAN_POINT('',(-158.795845882379,-88.,13.9226193835689));
#10051=CARTESIAN_POINT('',(-158.376978824096,-88.,-18.0746390987994));
#10052=CARTESIAN_POINT('',(-158.55208852485,-96.6,-4.69800742769822));
#10053=CARTESIAN_POINT('',(-158.376978824096,-4.50000000000011,-18.0746390987993));
#10054=CARTESIAN_POINT('',(-158.376978824096,-88.,-18.0746390987994));
#10055=CARTESIAN_POINT('',(-158.448971599738,-1.5,-12.5751102971423));
#10056=CARTESIAN_POINT('',(-158.376978824096,-4.50000000000011,-18.0746390987993));
#10057=CARTESIAN_POINT('',(-158.448971599738,1.5,-12.5751102971423));
#10058=CARTESIAN_POINT('',(-158.448971599738,-1.5,-12.5751102971423));
#10059=CARTESIAN_POINT('',(-158.376978824096,4.5000000000001,-18.0746390987993));
#10060=CARTESIAN_POINT('',(-158.448971599738,1.5,-12.5751102971423));
#10061=CARTESIAN_POINT('',(-158.350799632953,4.5,-20.0744677539474));
#10062=CARTESIAN_POINT('',(-158.376978824096,4.5000000000001,-18.0746390987993));
#10063=CARTESIAN_POINT('',(-158.350799632953,3.5,-20.0744677539474));
#10064=CARTESIAN_POINT('',(-158.350799632953,4.5,-20.0744677539474));
#10065=CARTESIAN_POINT('',(-158.318075644025,3.5,-22.5742535728824));
#10066=CARTESIAN_POINT('',(-158.350799632953,3.5,-20.0744677539474));
#10067=CARTESIAN_POINT('',(-158.318075644025,5.5,-22.5742535728824));
#10068=CARTESIAN_POINT('',(-158.318075644025,3.5,-22.5742535728824));
#10069=CARTESIAN_POINT('',(-158.376978824096,5.5,-18.0746390987993));
#10070=CARTESIAN_POINT('',(-158.318075644025,5.5,-22.5742535728824));
#10071=CARTESIAN_POINT('',(-158.376978824096,88.,-18.0746390987993));
#10072=CARTESIAN_POINT('',(-158.376978824096,5.5,-18.0746390987993));
#10073=CARTESIAN_POINT('',(-158.599501948809,-5.,-1.07609553004123));
#10074=CARTESIAN_POINT('',(-158.599501948809,-4.50000000000006,-1.07609553004123));
#10075=CARTESIAN_POINT('',(-158.573322757666,-5.,-3.07592418518924));
#10076=CARTESIAN_POINT('',(-158.599501948809,-5.,-1.07609553004123));
#10077=CARTESIAN_POINT('',(-158.573322757666,-4.50000000000006,-3.07592418518924));
#10078=CARTESIAN_POINT('',(-158.573322757666,-5.,-3.07592418518924));
#10079=CARTESIAN_POINT('',(-158.501329982024,-1.5,-8.57545298684627));
#10080=CARTESIAN_POINT('',(-158.573322757666,-4.50000000000006,-3.07592418518924));
#10081=CARTESIAN_POINT('',(-158.501329982024,1.5,-8.57545298684627));
#10082=CARTESIAN_POINT('',(-158.501329982024,-1.5,-8.57545298684627));
#10083=CARTESIAN_POINT('',(-158.573322757666,4.50000000000006,-3.07592418518925));
#10084=CARTESIAN_POINT('',(-158.501329982024,1.5,-8.57545298684627));
#10085=CARTESIAN_POINT('',(-158.573322757666,77.3320508075684,-3.07592418518922));
#10086=CARTESIAN_POINT('',(-158.573322757666,4.50000000000006,-3.07592418518925));
#10087=CARTESIAN_POINT('',(-158.55316031452,80.0000000000073,-4.61613340486712));
#10088=CARTESIAN_POINT('',(-158.573322757666,77.3320508075684,-3.07592418518922));
#10089=CARTESIAN_POINT('',(-158.569786333879,82.2000000000105,-3.34607163123575));
#10090=CARTESIAN_POINT('',(-158.55316031452,80.0000000000073,-4.61613340486712));
#10091=CARTESIAN_POINT('',(-158.603038372596,82.2000000000033,-0.805948083985559));
#10092=CARTESIAN_POINT('',(-158.569786333879,82.2000000000105,-3.34607163123575));
#10093=CARTESIAN_POINT('',(-158.619664391955,79.9999999999928,0.464113689633233));
#10094=CARTESIAN_POINT('',(-158.603038372596,82.2000000000033,-0.805948083985559));
#10095=CARTESIAN_POINT('',(-158.599501948809,77.3320508075685,-1.07609553004123));
#10096=CARTESIAN_POINT('',(-158.619664391955,79.9999999999928,0.464113689633233));
#10097=CARTESIAN_POINT('',(-158.599501948808,4.50000000001148,-1.07609553009607));
#10098=CARTESIAN_POINT('',(-158.599501948809,77.3320508075685,-1.07609553004123));
#10099=CARTESIAN_POINT('',(-158.671494724451,1.50000000007427,4.42343327159524));
#10100=CARTESIAN_POINT('',(-158.599501948808,4.50000000001148,-1.07609553009607));
#10101=CARTESIAN_POINT('',(-158.671494724451,-1.5,4.42343327161583));
#10102=CARTESIAN_POINT('',(-158.671494724451,1.50000000007427,4.42343327159524));
#10103=CARTESIAN_POINT('',(-158.599501948809,-4.50000000000006,-1.07609553004123));
#10104=CARTESIAN_POINT('',(-158.671494724451,-1.5,4.42343327161583));
#10105=CARTESIAN_POINT('',(-158.603038372596,-82.2000000000033,-0.805948083985559));
#10106=CARTESIAN_POINT('',(-158.619664391955,-79.9999999999928,0.464113689633233));
#10107=CARTESIAN_POINT('',(-158.569786333879,-82.2000000000105,-3.34607163123575));
#10108=CARTESIAN_POINT('',(-158.603038372596,-82.2000000000033,-0.805948083985559));
#10109=CARTESIAN_POINT('',(-158.55316031452,-80.0000000000073,-4.61613340486712));
#10110=CARTESIAN_POINT('',(-158.569786333879,-82.2000000000105,-3.34607163123575));
#10111=CARTESIAN_POINT('',(-158.573322757666,-77.3320508075684,-3.07592418518924));
#10112=CARTESIAN_POINT('',(-158.55316031452,-80.0000000000073,-4.61613340486712));
#10113=CARTESIAN_POINT('',(-158.573322757666,-6.,-3.07592418518925));
#10114=CARTESIAN_POINT('',(-158.573322757666,-77.3320508075684,-3.07592418518924));
#10115=CARTESIAN_POINT('',(-158.599501948809,-6.,-1.07609553004123));
#10116=CARTESIAN_POINT('',(-158.573322757666,-6.,-3.07592418518925));
#10117=CARTESIAN_POINT('',(-158.599501948809,-77.3320508075684,-1.07609553004124));
#10118=CARTESIAN_POINT('',(-158.599501948809,-6.,-1.07609553004123));
#10119=CARTESIAN_POINT('',(-158.619664391955,-79.9999999999928,0.464113689633233));
#10120=CARTESIAN_POINT('',(-158.599501948809,-77.3320508075684,-1.07609553004124));
#10121=CARTESIAN_POINT('',(-158.620736181625,-96.6,0.545987712467731));
#10122=CARTESIAN_POINT('',(-158.620736181625,-100.,0.545987712467738));
#10123=CARTESIAN_POINT('',(-158.620736181625,96.6,0.545987712467731));
#10124=CARTESIAN_POINT('',(-158.620736181625,100.,0.545987712467738));
#10125=CARTESIAN_POINT('',(-158.55208852485,-100.,-4.69800742769821));
#10126=CARTESIAN_POINT('',(-158.55208852485,-96.6,-4.69800742769822));
#10127=CARTESIAN_POINT('',(-158.55208852485,100.,-4.69800742769821));
#10128=CARTESIAN_POINT('',(-158.55208852485,96.6,-4.69800742769822));
#10129=CARTESIAN_POINT('',(-158.55208852485,100.,-4.69800742769821));
#10130=CARTESIAN_POINT('',(-158.19218283878,100.,-11.3663225672249));
#10131=CARTESIAN_POINT('',(-158.19218283878,100.,-11.3663225672249));
#10132=CARTESIAN_POINT('',(-158.19218283878,118.,-11.3663225672249));
#10133=CARTESIAN_POINT('',(-158.55208852485,118.,-4.69800742769821));
#10134=CARTESIAN_POINT('',(-158.19218283878,118.,-11.3663225672249));
#10135=CARTESIAN_POINT('',(-158.19218283878,100.,-11.3663225672249));
#10136=CARTESIAN_POINT('',(-157.573522687494,100.,-18.0151310806716));
#10137=CARTESIAN_POINT('',(-157.573522687494,100.,-18.0151310806716));
#10138=CARTESIAN_POINT('',(-157.573522687494,118.,-18.0151310806716));
#10139=CARTESIAN_POINT('',(-158.19218283878,118.,-11.3663225672249));
#10140=CARTESIAN_POINT('',(-157.573522687494,118.,-18.0151310806716));
#10141=CARTESIAN_POINT('',(-157.573522687494,100.,-18.0151310806716));
#10142=CARTESIAN_POINT('',(-156.675538403962,100.,-24.6320049088324));
#10143=CARTESIAN_POINT('',(-156.675538403962,100.,-24.6320049088324));
#10144=CARTESIAN_POINT('',(-156.675538403962,118.,-24.6320049088324));
#10145=CARTESIAN_POINT('',(-157.573522687494,118.,-18.0151310806716));
#10146=CARTESIAN_POINT('',(-156.675538403962,118.,-24.6320049088324));
#10147=CARTESIAN_POINT('',(-156.675538403962,100.,-24.6320049088324));
#10148=CARTESIAN_POINT('',(-155.498700355921,105.5,-31.2108024187054));
#10149=CARTESIAN_POINT('',(-156.675538403962,118.,-24.6320049088324));
#10150=CARTESIAN_POINT('',(-155.498700355921,112.5,-31.2108024187054));
#10151=CARTESIAN_POINT('',(-155.498700355921,105.5,-31.2108024187054));
#10152=CARTESIAN_POINT('',(-155.498700355921,112.5,-31.2108024187054));
#10153=CARTESIAN_POINT('',(-158.620736181625,100.,0.545987712467738));
#10154=CARTESIAN_POINT('',(-158.435509966952,100.,7.22143901948099));
#10155=CARTESIAN_POINT('',(-158.435509966952,100.,7.22143901948099));
#10156=CARTESIAN_POINT('',(-158.435509966952,118.,7.22143901948099));
#10157=CARTESIAN_POINT('',(-158.620736181625,118.,0.545987712467738));
#10158=CARTESIAN_POINT('',(-158.435509966952,118.,7.22143901948099));
#10159=CARTESIAN_POINT('',(-158.435509966952,100.,7.22143901948099));
#10160=CARTESIAN_POINT('',(-157.991107331814,100.,13.8841637871082));
#10161=CARTESIAN_POINT('',(-157.991107331814,100.,13.8841637871082));
#10162=CARTESIAN_POINT('',(-157.991107331814,118.,13.8841637871082));
#10163=CARTESIAN_POINT('',(-158.435509966952,118.,7.22143901948099));
#10164=CARTESIAN_POINT('',(-157.991107331814,118.,13.8841637871082));
#10165=CARTESIAN_POINT('',(-157.991107331814,100.,13.8841637871082));
#10166=CARTESIAN_POINT('',(-157.266640329227,100.,20.5222766660395));
#10167=CARTESIAN_POINT('',(-157.266640329227,100.,20.5222766660395));
#10168=CARTESIAN_POINT('',(-157.266640329227,118.,20.5222766660395));
#10169=CARTESIAN_POINT('',(-157.991107331814,118.,13.8841637871082));
#10170=CARTESIAN_POINT('',(-157.266640329227,118.,20.5222766660395));
#10171=CARTESIAN_POINT('',(-157.266640329227,100.,20.5222766660395));
#10172=CARTESIAN_POINT('',(-156.262418396538,105.5,27.1296258150653));
#10173=CARTESIAN_POINT('',(-157.266640329227,118.,20.5222766660395));
#10174=CARTESIAN_POINT('',(-156.262418396538,112.5,27.1296258150653));
#10175=CARTESIAN_POINT('',(-156.262418396538,105.5,27.1296258150653));
#10176=CARTESIAN_POINT('',(-156.262418396538,112.5,27.1296258150653));
#10177=CARTESIAN_POINT('',(-158.55208852485,-100.,-4.69800742769821));
#10178=CARTESIAN_POINT('',(-158.19218283878,-100.,-11.3663225672249));
#10179=CARTESIAN_POINT('',(-158.19218283878,-100.,-11.3663225672249));
#10180=CARTESIAN_POINT('',(-158.19218283878,-118.,-11.3663225672249));
#10181=CARTESIAN_POINT('',(-158.55208852485,-118.,-4.69800742769821));
#10182=CARTESIAN_POINT('',(-158.19218283878,-118.,-11.3663225672249));
#10183=CARTESIAN_POINT('',(-158.19218283878,-100.,-11.3663225672249));
#10184=CARTESIAN_POINT('',(-157.573522687494,-100.,-18.0151310806716));
#10185=CARTESIAN_POINT('',(-157.573522687494,-100.,-18.0151310806716));
#10186=CARTESIAN_POINT('',(-157.573522687494,-118.,-18.0151310806716));
#10187=CARTESIAN_POINT('',(-158.19218283878,-118.,-11.3663225672249));
#10188=CARTESIAN_POINT('',(-157.573522687494,-118.,-18.0151310806716));
#10189=CARTESIAN_POINT('',(-157.573522687494,-100.,-18.0151310806716));
#10190=CARTESIAN_POINT('',(-156.675538403962,-100.,-24.6320049088324));
#10191=CARTESIAN_POINT('',(-156.675538403962,-100.,-24.6320049088324));
#10192=CARTESIAN_POINT('',(-156.675538403962,-118.,-24.6320049088324));
#10193=CARTESIAN_POINT('',(-157.573522687494,-118.,-18.0151310806716));
#10194=CARTESIAN_POINT('',(-156.675538403962,-118.,-24.6320049088324));
#10195=CARTESIAN_POINT('',(-156.675538403962,-100.,-24.6320049088324));
#10196=CARTESIAN_POINT('',(-155.498700355921,-105.5,-31.2108024187054));
#10197=CARTESIAN_POINT('',(-156.675538403962,-118.,-24.6320049088324));
#10198=CARTESIAN_POINT('',(-155.498700355921,-112.5,-31.2108024187054));
#10199=CARTESIAN_POINT('',(-155.498700355921,-105.5,-31.2108024187054));
#10200=CARTESIAN_POINT('',(-155.498700355921,-112.5,-31.2108024187054));
#10201=CARTESIAN_POINT('',(-158.620736181625,-100.,0.545987712467738));
#10202=CARTESIAN_POINT('',(-158.435509966952,-100.,7.22143901948099));
#10203=CARTESIAN_POINT('',(-158.435509966952,-100.,7.22143901948099));
#10204=CARTESIAN_POINT('',(-158.435509966952,-118.,7.22143901948099));
#10205=CARTESIAN_POINT('',(-158.620736181625,-118.,0.545987712467738));
#10206=CARTESIAN_POINT('',(-158.435509966952,-118.,7.22143901948099));
#10207=CARTESIAN_POINT('',(-158.435509966952,-100.,7.22143901948099));
#10208=CARTESIAN_POINT('',(-157.991107331814,-100.,13.8841637871082));
#10209=CARTESIAN_POINT('',(-157.991107331814,-100.,13.8841637871082));
#10210=CARTESIAN_POINT('',(-157.991107331814,-118.,13.8841637871082));
#10211=CARTESIAN_POINT('',(-158.435509966952,-118.,7.22143901948099));
#10212=CARTESIAN_POINT('',(-157.991107331814,-118.,13.8841637871082));
#10213=CARTESIAN_POINT('',(-157.991107331814,-100.,13.8841637871082));
#10214=CARTESIAN_POINT('',(-157.266640329227,-100.,20.5222766660395));
#10215=CARTESIAN_POINT('',(-157.266640329227,-100.,20.5222766660395));
#10216=CARTESIAN_POINT('',(-157.266640329227,-118.,20.5222766660395));
#10217=CARTESIAN_POINT('',(-157.991107331814,-118.,13.8841637871082));
#10218=CARTESIAN_POINT('',(-157.266640329227,-118.,20.5222766660395));
#10219=CARTESIAN_POINT('',(-157.266640329227,-100.,20.5222766660395));
#10220=CARTESIAN_POINT('',(-156.262418396538,-105.5,27.1296258150653));
#10221=CARTESIAN_POINT('',(-157.266640329227,-118.,20.5222766660395));
#10222=CARTESIAN_POINT('',(-156.262418396538,-112.5,27.1296258150653));
#10223=CARTESIAN_POINT('',(-156.262418396538,-105.5,27.1296258150653));
#10224=CARTESIAN_POINT('',(-156.262418396538,-112.5,27.1296258150653));
#10225=CARTESIAN_POINT('',(-137.46619189262,-159.,-81.8182998267578));
#10226=CARTESIAN_POINT('',(-144.685179817319,100.,-65.0156503513797));
#10227=CARTESIAN_POINT('',(-141.800816594637,100.,-71.0386402818502));
#10228=CARTESIAN_POINT('',(-138.68486028022,100.,-76.9445873928491));
#10229=CARTESIAN_POINT('',(-135.323062992061,100.,-82.7141379840643));
#10230=CARTESIAN_POINT('',(-146.755392041912,100.,-60.1971008937099));
#10231=CARTESIAN_POINT('',(-149.138849952045,100.,-53.9589050572895));
#10232=CARTESIAN_POINT('',(-151.277989836226,100.,-47.6332844879562));
#10233=CARTESIAN_POINT('',(-153.148965421493,100.,-41.2232263454269));
#10234=CARTESIAN_POINT('',(-144.685179817319,-100.,-65.0156503513797));
#10235=CARTESIAN_POINT('',(-141.800816594637,-100.,-71.0386402818502));
#10236=CARTESIAN_POINT('',(-138.68486028022,-100.,-76.9445873928491));
#10237=CARTESIAN_POINT('',(-135.323062992061,-100.,-82.7141379840643));
#10238=CARTESIAN_POINT('',(-146.755392041912,-100.,-60.1971008937099));
#10239=CARTESIAN_POINT('',(-149.138849952045,-100.,-53.9589050572895));
#10240=CARTESIAN_POINT('',(-151.277989836226,-100.,-47.6332844879562));
#10241=CARTESIAN_POINT('',(-153.148965421493,-100.,-41.2232263454269));
#10242=CARTESIAN_POINT('',(-144.685179817319,-100.,-65.0156503513797));
#10243=CARTESIAN_POINT('',(-144.685179817319,-118.,-65.0156503513797));
#10244=CARTESIAN_POINT('',(-146.755392041912,-100.,-60.1971008937099));
#10245=CARTESIAN_POINT('',(-146.755392041912,-118.,-60.1971008937099));
#10246=CARTESIAN_POINT('',(-146.755392041912,100.,-60.1971008937099));
#10247=CARTESIAN_POINT('',(-146.755392041912,118.,-60.1971008937099));
#10248=CARTESIAN_POINT('',(-144.685179817319,100.,-65.0156503513797));
#10249=CARTESIAN_POINT('',(-144.685179817319,118.,-65.0156503513797));
#10250=CARTESIAN_POINT('',(-144.685179817319,96.6,-65.0156503513797));
#10251=CARTESIAN_POINT('',(-146.755392041912,96.6,-60.1971008937099));
#10252=CARTESIAN_POINT('',(-146.755392041912,-96.6,-60.1971008937099));
#10253=CARTESIAN_POINT('',(-144.685179817319,-96.6,-65.0156503513797));
#10254=CARTESIAN_POINT('',(-152.036187631764,88.,-47.9057162601624));
#10255=CARTESIAN_POINT('',(-152.036187631737,5.50000000018281,-47.9057162602233));
#10256=CARTESIAN_POINT('',(-153.812534985467,5.50000000023424,-43.7711558145533));
#10257=CARTESIAN_POINT('',(-153.812534985476,3.50000000023424,-43.7711558145323));
#10258=CARTESIAN_POINT('',(-152.825675344515,3.50000000020567,-46.0681338399045));
#10259=CARTESIAN_POINT('',(-152.82567534451,4.50000000020566,-46.068133839915));
#10260=CARTESIAN_POINT('',(-152.036187631742,4.50000000018291,-47.9057162602128));
#10261=CARTESIAN_POINT('',(-149.865096421642,1.50000000011997,-52.9590679160003));
#10262=CARTESIAN_POINT('',(-149.86509642165,-1.5,-52.9590679159814));
#10263=CARTESIAN_POINT('',(-152.036187631764,-4.50000000000011,-47.9057162601624));
#10264=CARTESIAN_POINT('',(-152.036187631764,-88.,-47.9057162601624));
#10265=CARTESIAN_POINT('',(-139.404384227467,-88.,-77.3070349849272));
#10266=CARTESIAN_POINT('',(-139.404384227467,-4.50000000000011,-77.3070349849272));
#10267=CARTESIAN_POINT('',(-141.57547543758,-1.5,-72.2536833291082));
#10268=CARTESIAN_POINT('',(-141.57547543758,1.5,-72.2536833291082));
#10269=CARTESIAN_POINT('',(-139.404384227467,4.5000000000001,-77.3070349849271));
#10270=CARTESIAN_POINT('',(-138.614896514699,4.5,-79.1446174052249));
#10271=CARTESIAN_POINT('',(-138.614896514699,3.5,-79.1446174052249));
#10272=CARTESIAN_POINT('',(-137.628036873738,3.5,-81.4415954305972));
#10273=CARTESIAN_POINT('',(-137.628036873738,5.5,-81.4415954305972));
#10274=CARTESIAN_POINT('',(-139.404384227467,5.5,-77.3070349849272));
#10275=CARTESIAN_POINT('',(-139.404384227467,88.,-77.3070349849272));
#10276=CARTESIAN_POINT('',(-146.115029786,-5.,-61.6875844123959));
#10277=CARTESIAN_POINT('',(-145.325542073231,-5.,-63.5251668326937));
#10278=CARTESIAN_POINT('',(-145.325542073231,-4.50000000000006,-63.5251668326937));
#10279=CARTESIAN_POINT('',(-143.154450863118,-1.5,-68.5785184885126));
#10280=CARTESIAN_POINT('',(-143.154450863118,1.5,-68.5785184885126));
#10281=CARTESIAN_POINT('',(-145.325542073231,4.50000000000006,-63.5251668326937));
#10282=CARTESIAN_POINT('',(-145.325542073231,77.3320508075684,-63.5251668326937));
#10283=CARTESIAN_POINT('',(-144.717501853936,80.0000000000073,-64.9404187735912));
#10284=CARTESIAN_POINT('',(-145.218893891778,82.2000000000105,-63.773397198063));
#10285=CARTESIAN_POINT('',(-146.221677967456,82.2000000000033,-61.4393540470182));
#10286=CARTESIAN_POINT('',(-146.723070005293,79.9999999999927,-60.2723324715015));
#10287=CARTESIAN_POINT('',(-146.115029786,77.3320508075684,-61.6875844123959));
#10288=CARTESIAN_POINT('',(-146.115029785978,4.50000000001148,-61.6875844124463));
#10289=CARTESIAN_POINT('',(-148.286120996105,1.50000000007427,-56.6342327565958));
#10290=CARTESIAN_POINT('',(-148.286120996113,-1.5,-56.634232756577));
#10291=CARTESIAN_POINT('',(-146.115029786,-4.50000000000006,-61.6875844123959));
#10292=CARTESIAN_POINT('',(-146.221677967456,-82.2000000000033,-61.4393540470182));
#10293=CARTESIAN_POINT('',(-145.218893891778,-82.2000000000105,-63.773397198063));
#10294=CARTESIAN_POINT('',(-144.717501853936,-80.0000000000073,-64.9404187735912));
#10295=CARTESIAN_POINT('',(-145.325542073231,-77.3320508075684,-63.5251668326937));
#10296=CARTESIAN_POINT('',(-145.325542073231,-6.,-63.5251668326937));
#10297=CARTESIAN_POINT('',(-146.115029786,-6.,-61.6875844123959));
#10298=CARTESIAN_POINT('',(-146.115029786,-77.3320508075684,-61.6875844123959));
#10299=CARTESIAN_POINT('',(-146.723070005293,-79.9999999999927,-60.2723324715015));
#10300=CARTESIAN_POINT('',(-141.800816594637,100.,-71.0386402818502));
#10301=CARTESIAN_POINT('',(-141.800816594637,118.,-71.0386402818502));
#10302=CARTESIAN_POINT('',(-138.68486028022,100.,-76.9445873928491));
#10303=CARTESIAN_POINT('',(-138.68486028022,118.,-76.9445873928491));
#10304=CARTESIAN_POINT('',(-135.323062992061,100.,-82.7141379840643));
#10305=CARTESIAN_POINT('',(-135.323062992061,118.,-82.7141379840643));
#10306=CARTESIAN_POINT('',(-131.718209594482,105.5,-88.3417979284102));
#10307=CARTESIAN_POINT('',(-131.718209594482,112.5,-88.3417979284102));
#10308=CARTESIAN_POINT('',(-149.138849952045,100.,-53.9589050572895));
#10309=CARTESIAN_POINT('',(-149.138849952045,118.,-53.9589050572895));
#10310=CARTESIAN_POINT('',(-151.277989836226,100.,-47.6332844879562));
#10311=CARTESIAN_POINT('',(-151.277989836226,118.,-47.6332844879562));
#10312=CARTESIAN_POINT('',(-153.148965421493,100.,-41.2232263454269));
#10313=CARTESIAN_POINT('',(-153.148965421493,118.,-41.2232263454269));
#10314=CARTESIAN_POINT('',(-154.749708382966,105.5,-34.7345326064281));
#10315=CARTESIAN_POINT('',(-154.749708382966,112.5,-34.7345326064281));
#10316=CARTESIAN_POINT('',(-141.800816594637,-100.,-71.0386402818502));
#10317=CARTESIAN_POINT('',(-141.800816594637,-118.,-71.0386402818502));
#10318=CARTESIAN_POINT('',(-138.68486028022,-100.,-76.9445873928491));
#10319=CARTESIAN_POINT('',(-138.68486028022,-118.,-76.9445873928491));
#10320=CARTESIAN_POINT('',(-135.323062992061,-100.,-82.7141379840643));
#10321=CARTESIAN_POINT('',(-135.323062992061,-118.,-82.7141379840643));
#10322=CARTESIAN_POINT('',(-131.718209594482,-105.5,-88.3417979284102));
#10323=CARTESIAN_POINT('',(-131.718209594482,-112.5,-88.3417979284102));
#10324=CARTESIAN_POINT('',(-149.138849952045,-100.,-53.9589050572895));
#10325=CARTESIAN_POINT('',(-149.138849952045,-118.,-53.9589050572895));
#10326=CARTESIAN_POINT('',(-151.277989836226,-100.,-47.6332844879562));
#10327=CARTESIAN_POINT('',(-151.277989836226,-118.,-47.6332844879562));
#10328=CARTESIAN_POINT('',(-153.148965421493,-100.,-41.2232263454269));
#10329=CARTESIAN_POINT('',(-153.148965421493,-118.,-41.2232263454269));
#10330=CARTESIAN_POINT('',(-154.749708382966,-105.5,-34.7345326064281));
#10331=CARTESIAN_POINT('',(-154.749708382966,-112.5,-34.7345326064281));
#10332=CARTESIAN_POINT('',(-144.685179817319,-100.,-65.0156503513797));
#10333=CARTESIAN_POINT('',(-144.685179817319,-118.,-65.0156503513797));
#10334=CARTESIAN_POINT('',(-146.755392041912,-100.,-60.1971008937099));
#10335=CARTESIAN_POINT('',(-146.755392041912,-118.,-60.1971008937099));
#10336=CARTESIAN_POINT('',(-146.755392041912,100.,-60.1971008937099));
#10337=CARTESIAN_POINT('',(-146.755392041912,118.,-60.1971008937099));
#10338=CARTESIAN_POINT('',(-144.685179817319,100.,-65.0156503513797));
#10339=CARTESIAN_POINT('',(-144.685179817319,118.,-65.0156503513797));
#10340=CARTESIAN_POINT('',(-146.755392041912,-118.,-60.1971008937099));
#10341=CARTESIAN_POINT('',(-144.685179817319,-118.,-65.0156503513797));
#10342=CARTESIAN_POINT('',(-146.755392041912,118.,-60.1971008937099));
#10343=CARTESIAN_POINT('',(-144.685179817319,118.,-65.0156503513797));
#10344=CARTESIAN_POINT('',(-144.685179817319,96.6,-65.0156503513797));
#10345=CARTESIAN_POINT('',(-139.404384227467,88.,-77.3070349849272));
#10346=CARTESIAN_POINT('',(-152.036187631764,88.,-47.9057162601624));
#10347=CARTESIAN_POINT('',(-146.755392041912,96.6,-60.1971008937099));
#10348=CARTESIAN_POINT('',(-152.036187631737,5.50000000018281,-47.9057162602233));
#10349=CARTESIAN_POINT('',(-152.036187631764,88.,-47.9057162601624));
#10350=CARTESIAN_POINT('',(-153.812534985467,5.50000000023424,-43.7711558145533));
#10351=CARTESIAN_POINT('',(-152.036187631737,5.50000000018281,-47.9057162602233));
#10352=CARTESIAN_POINT('',(-153.812534985476,3.50000000023424,-43.7711558145323));
#10353=CARTESIAN_POINT('',(-153.812534985467,5.50000000023424,-43.7711558145533));
#10354=CARTESIAN_POINT('',(-152.825675344515,3.50000000020567,-46.0681338399045));
#10355=CARTESIAN_POINT('',(-153.812534985476,3.50000000023424,-43.7711558145323));
#10356=CARTESIAN_POINT('',(-152.82567534451,4.50000000020566,-46.068133839915));
#10357=CARTESIAN_POINT('',(-152.825675344515,3.50000000020567,-46.0681338399045));
#10358=CARTESIAN_POINT('',(-152.036187631742,4.50000000018291,-47.9057162602128));
#10359=CARTESIAN_POINT('',(-152.82567534451,4.50000000020566,-46.068133839915));
#10360=CARTESIAN_POINT('',(-149.865096421642,1.50000000011997,-52.9590679160003));
#10361=CARTESIAN_POINT('',(-152.036187631742,4.50000000018291,-47.9057162602128));
#10362=CARTESIAN_POINT('',(-149.86509642165,-1.5,-52.9590679159814));
#10363=CARTESIAN_POINT('',(-149.865096421642,1.50000000011997,-52.9590679160003));
#10364=CARTESIAN_POINT('',(-152.036187631764,-4.50000000000011,-47.9057162601624));
#10365=CARTESIAN_POINT('',(-149.86509642165,-1.5,-52.9590679159814));
#10366=CARTESIAN_POINT('',(-152.036187631764,-88.,-47.9057162601624));
#10367=CARTESIAN_POINT('',(-152.036187631764,-4.50000000000011,-47.9057162601624));
#10368=CARTESIAN_POINT('',(-146.755392041912,-96.6,-60.1971008937099));
#10369=CARTESIAN_POINT('',(-152.036187631764,-88.,-47.9057162601624));
#10370=CARTESIAN_POINT('',(-139.404384227467,-88.,-77.3070349849272));
#10371=CARTESIAN_POINT('',(-144.685179817319,-96.6,-65.0156503513797));
#10372=CARTESIAN_POINT('',(-139.404384227467,-4.50000000000011,-77.3070349849272));
#10373=CARTESIAN_POINT('',(-139.404384227467,-88.,-77.3070349849272));
#10374=CARTESIAN_POINT('',(-141.57547543758,-1.5,-72.2536833291082));
#10375=CARTESIAN_POINT('',(-139.404384227467,-4.50000000000011,-77.3070349849272));
#10376=CARTESIAN_POINT('',(-141.57547543758,1.5,-72.2536833291082));
#10377=CARTESIAN_POINT('',(-141.57547543758,-1.5,-72.2536833291082));
#10378=CARTESIAN_POINT('',(-139.404384227467,4.5000000000001,-77.3070349849271));
#10379=CARTESIAN_POINT('',(-141.57547543758,1.5,-72.2536833291082));
#10380=CARTESIAN_POINT('',(-138.614896514699,4.5,-79.1446174052249));
#10381=CARTESIAN_POINT('',(-139.404384227467,4.5000000000001,-77.3070349849271));
#10382=CARTESIAN_POINT('',(-138.614896514699,3.5,-79.1446174052249));
#10383=CARTESIAN_POINT('',(-138.614896514699,4.5,-79.1446174052249));
#10384=CARTESIAN_POINT('',(-137.628036873738,3.5,-81.4415954305972));
#10385=CARTESIAN_POINT('',(-138.614896514699,3.5,-79.1446174052249));
#10386=CARTESIAN_POINT('',(-137.628036873738,5.5,-81.4415954305972));
#10387=CARTESIAN_POINT('',(-137.628036873738,3.5,-81.4415954305972));
#10388=CARTESIAN_POINT('',(-139.404384227467,5.5,-77.3070349849272));
#10389=CARTESIAN_POINT('',(-137.628036873738,5.5,-81.4415954305972));
#10390=CARTESIAN_POINT('',(-139.404384227467,88.,-77.3070349849272));
#10391=CARTESIAN_POINT('',(-139.404384227467,5.5,-77.3070349849272));
#10392=CARTESIAN_POINT('',(-146.115029786,-5.,-61.6875844123959));
#10393=CARTESIAN_POINT('',(-146.115029786,-4.50000000000006,-61.6875844123959));
#10394=CARTESIAN_POINT('',(-145.325542073231,-5.,-63.5251668326937));
#10395=CARTESIAN_POINT('',(-146.115029786,-5.,-61.6875844123959));
#10396=CARTESIAN_POINT('',(-145.325542073231,-4.50000000000006,-63.5251668326937));
#10397=CARTESIAN_POINT('',(-145.325542073231,-5.,-63.5251668326937));
#10398=CARTESIAN_POINT('',(-143.154450863118,-1.5,-68.5785184885126));
#10399=CARTESIAN_POINT('',(-145.325542073231,-4.50000000000006,-63.5251668326937));
#10400=CARTESIAN_POINT('',(-143.154450863118,1.5,-68.5785184885126));
#10401=CARTESIAN_POINT('',(-143.154450863118,-1.5,-68.5785184885126));
#10402=CARTESIAN_POINT('',(-145.325542073231,4.50000000000006,-63.5251668326937));
#10403=CARTESIAN_POINT('',(-143.154450863118,1.5,-68.5785184885126));
#10404=CARTESIAN_POINT('',(-145.325542073231,77.3320508075684,-63.5251668326937));
#10405=CARTESIAN_POINT('',(-145.325542073231,4.50000000000006,-63.5251668326937));
#10406=CARTESIAN_POINT('',(-144.717501853936,80.0000000000073,-64.9404187735912));
#10407=CARTESIAN_POINT('',(-145.325542073231,77.3320508075684,-63.5251668326937));
#10408=CARTESIAN_POINT('',(-145.218893891778,82.2000000000105,-63.773397198063));
#10409=CARTESIAN_POINT('',(-144.717501853936,80.0000000000073,-64.9404187735912));
#10410=CARTESIAN_POINT('',(-146.221677967456,82.2000000000033,-61.4393540470182));
#10411=CARTESIAN_POINT('',(-145.218893891778,82.2000000000105,-63.773397198063));
#10412=CARTESIAN_POINT('',(-146.723070005293,79.9999999999927,-60.2723324715015));
#10413=CARTESIAN_POINT('',(-146.221677967456,82.2000000000033,-61.4393540470182));
#10414=CARTESIAN_POINT('',(-146.115029786,77.3320508075684,-61.6875844123959));
#10415=CARTESIAN_POINT('',(-146.723070005293,79.9999999999927,-60.2723324715015));
#10416=CARTESIAN_POINT('',(-146.115029785978,4.50000000001148,-61.6875844124463));
#10417=CARTESIAN_POINT('',(-146.115029786,77.3320508075684,-61.6875844123959));
#10418=CARTESIAN_POINT('',(-148.286120996105,1.50000000007427,-56.6342327565958));
#10419=CARTESIAN_POINT('',(-146.115029785978,4.50000000001148,-61.6875844124463));
#10420=CARTESIAN_POINT('',(-148.286120996113,-1.5,-56.634232756577));
#10421=CARTESIAN_POINT('',(-148.286120996105,1.50000000007427,-56.6342327565958));
#10422=CARTESIAN_POINT('',(-146.115029786,-4.50000000000006,-61.6875844123959));
#10423=CARTESIAN_POINT('',(-148.286120996113,-1.5,-56.634232756577));
#10424=CARTESIAN_POINT('',(-146.221677967456,-82.2000000000033,-61.4393540470182));
#10425=CARTESIAN_POINT('',(-146.723070005293,-79.9999999999927,-60.2723324715015));
#10426=CARTESIAN_POINT('',(-145.218893891778,-82.2000000000105,-63.773397198063));
#10427=CARTESIAN_POINT('',(-146.221677967456,-82.2000000000033,-61.4393540470182));
#10428=CARTESIAN_POINT('',(-144.717501853936,-80.0000000000073,-64.9404187735912));
#10429=CARTESIAN_POINT('',(-145.218893891778,-82.2000000000105,-63.773397198063));
#10430=CARTESIAN_POINT('',(-145.325542073231,-77.3320508075684,-63.5251668326937));
#10431=CARTESIAN_POINT('',(-144.717501853936,-80.0000000000073,-64.9404187735912));
#10432=CARTESIAN_POINT('',(-145.325542073231,-6.,-63.5251668326937));
#10433=CARTESIAN_POINT('',(-145.325542073231,-77.3320508075684,-63.5251668326937));
#10434=CARTESIAN_POINT('',(-146.115029786,-6.,-61.6875844123959));
#10435=CARTESIAN_POINT('',(-145.325542073231,-6.,-63.5251668326937));
#10436=CARTESIAN_POINT('',(-146.115029786,-77.3320508075684,-61.6875844123959));
#10437=CARTESIAN_POINT('',(-146.115029786,-6.,-61.6875844123959));
#10438=CARTESIAN_POINT('',(-146.723070005293,-79.9999999999927,-60.2723324715015));
#10439=CARTESIAN_POINT('',(-146.115029786,-77.3320508075684,-61.6875844123959));
#10440=CARTESIAN_POINT('',(-146.755392041912,-96.6,-60.1971008937099));
#10441=CARTESIAN_POINT('',(-146.755392041912,-100.,-60.1971008937099));
#10442=CARTESIAN_POINT('',(-146.755392041912,96.6,-60.1971008937099));
#10443=CARTESIAN_POINT('',(-146.755392041912,100.,-60.1971008937099));
#10444=CARTESIAN_POINT('',(-144.685179817319,-100.,-65.0156503513797));
#10445=CARTESIAN_POINT('',(-144.685179817319,-96.6,-65.0156503513797));
#10446=CARTESIAN_POINT('',(-144.685179817319,100.,-65.0156503513797));
#10447=CARTESIAN_POINT('',(-144.685179817319,96.6,-65.0156503513797));
#10448=CARTESIAN_POINT('',(-144.685179817319,100.,-65.0156503513797));
#10449=CARTESIAN_POINT('',(-141.800816594637,100.,-71.0386402818502));
#10450=CARTESIAN_POINT('',(-141.800816594637,100.,-71.0386402818502));
#10451=CARTESIAN_POINT('',(-141.800816594637,118.,-71.0386402818502));
#10452=CARTESIAN_POINT('',(-144.685179817319,118.,-65.0156503513797));
#10453=CARTESIAN_POINT('',(-141.800816594637,118.,-71.0386402818502));
#10454=CARTESIAN_POINT('',(-141.800816594637,100.,-71.0386402818502));
#10455=CARTESIAN_POINT('',(-138.68486028022,100.,-76.9445873928491));
#10456=CARTESIAN_POINT('',(-138.68486028022,100.,-76.9445873928491));
#10457=CARTESIAN_POINT('',(-138.68486028022,118.,-76.9445873928491));
#10458=CARTESIAN_POINT('',(-141.800816594637,118.,-71.0386402818502));
#10459=CARTESIAN_POINT('',(-138.68486028022,118.,-76.9445873928491));
#10460=CARTESIAN_POINT('',(-138.68486028022,100.,-76.9445873928491));
#10461=CARTESIAN_POINT('',(-135.323062992061,100.,-82.7141379840643));
#10462=CARTESIAN_POINT('',(-135.323062992061,100.,-82.7141379840643));
#10463=CARTESIAN_POINT('',(-135.323062992061,118.,-82.7141379840643));
#10464=CARTESIAN_POINT('',(-138.68486028022,118.,-76.9445873928491));
#10465=CARTESIAN_POINT('',(-135.323062992061,118.,-82.7141379840643));
#10466=CARTESIAN_POINT('',(-135.323062992061,100.,-82.7141379840643));
#10467=CARTESIAN_POINT('',(-131.718209594482,105.5,-88.3417979284102));
#10468=CARTESIAN_POINT('',(-135.323062992061,118.,-82.7141379840643));
#10469=CARTESIAN_POINT('',(-131.718209594482,112.5,-88.3417979284102));
#10470=CARTESIAN_POINT('',(-131.718209594482,105.5,-88.3417979284102));
#10471=CARTESIAN_POINT('',(-131.718209594482,112.5,-88.3417979284102));
#10472=CARTESIAN_POINT('',(-146.755392041912,100.,-60.1971008937099));
#10473=CARTESIAN_POINT('',(-149.138849952045,100.,-53.9589050572895));
#10474=CARTESIAN_POINT('',(-149.138849952045,100.,-53.9589050572895));
#10475=CARTESIAN_POINT('',(-149.138849952045,118.,-53.9589050572895));
#10476=CARTESIAN_POINT('',(-146.755392041912,118.,-60.1971008937099));
#10477=CARTESIAN_POINT('',(-149.138849952045,118.,-53.9589050572895));
#10478=CARTESIAN_POINT('',(-149.138849952045,100.,-53.9589050572895));
#10479=CARTESIAN_POINT('',(-151.277989836226,100.,-47.6332844879562));
#10480=CARTESIAN_POINT('',(-151.277989836226,100.,-47.6332844879562));
#10481=CARTESIAN_POINT('',(-151.277989836226,118.,-47.6332844879562));
#10482=CARTESIAN_POINT('',(-149.138849952045,118.,-53.9589050572895));
#10483=CARTESIAN_POINT('',(-151.277989836226,118.,-47.6332844879562));
#10484=CARTESIAN_POINT('',(-151.277989836226,100.,-47.6332844879562));
#10485=CARTESIAN_POINT('',(-153.148965421493,100.,-41.2232263454269));
#10486=CARTESIAN_POINT('',(-153.148965421493,100.,-41.2232263454269));
#10487=CARTESIAN_POINT('',(-153.148965421493,118.,-41.2232263454269));
#10488=CARTESIAN_POINT('',(-151.277989836226,118.,-47.6332844879562));
#10489=CARTESIAN_POINT('',(-153.148965421493,118.,-41.2232263454269));
#10490=CARTESIAN_POINT('',(-153.148965421493,100.,-41.2232263454269));
#10491=CARTESIAN_POINT('',(-154.749708382966,105.5,-34.7345326064281));
#10492=CARTESIAN_POINT('',(-153.148965421493,118.,-41.2232263454269));
#10493=CARTESIAN_POINT('',(-154.749708382966,112.5,-34.7345326064281));
#10494=CARTESIAN_POINT('',(-154.749708382966,105.5,-34.7345326064281));
#10495=CARTESIAN_POINT('',(-154.749708382966,112.5,-34.7345326064281));
#10496=CARTESIAN_POINT('',(-144.685179817319,-100.,-65.0156503513797));
#10497=CARTESIAN_POINT('',(-141.800816594637,-100.,-71.0386402818502));
#10498=CARTESIAN_POINT('',(-141.800816594637,-100.,-71.0386402818502));
#10499=CARTESIAN_POINT('',(-141.800816594637,-118.,-71.0386402818502));
#10500=CARTESIAN_POINT('',(-144.685179817319,-118.,-65.0156503513797));
#10501=CARTESIAN_POINT('',(-141.800816594637,-118.,-71.0386402818502));
#10502=CARTESIAN_POINT('',(-141.800816594637,-100.,-71.0386402818502));
#10503=CARTESIAN_POINT('',(-138.68486028022,-100.,-76.9445873928491));
#10504=CARTESIAN_POINT('',(-138.68486028022,-100.,-76.9445873928491));
#10505=CARTESIAN_POINT('',(-138.68486028022,-118.,-76.9445873928491));
#10506=CARTESIAN_POINT('',(-141.800816594637,-118.,-71.0386402818502));
#10507=CARTESIAN_POINT('',(-138.68486028022,-118.,-76.9445873928491));
#10508=CARTESIAN_POINT('',(-138.68486028022,-100.,-76.9445873928491));
#10509=CARTESIAN_POINT('',(-135.323062992061,-100.,-82.7141379840643));
#10510=CARTESIAN_POINT('',(-135.323062992061,-100.,-82.7141379840643));
#10511=CARTESIAN_POINT('',(-135.323062992061,-118.,-82.7141379840643));
#10512=CARTESIAN_POINT('',(-138.68486028022,-118.,-76.9445873928491));
#10513=CARTESIAN_POINT('',(-135.323062992061,-118.,-82.7141379840643));
#10514=CARTESIAN_POINT('',(-135.323062992061,-100.,-82.7141379840643));
#10515=CARTESIAN_POINT('',(-131.718209594482,-105.5,-88.3417979284102));
#10516=CARTESIAN_POINT('',(-135.323062992061,-118.,-82.7141379840643));
#10517=CARTESIAN_POINT('',(-131.718209594482,-112.5,-88.3417979284102));
#10518=CARTESIAN_POINT('',(-131.718209594482,-105.5,-88.3417979284102));
#10519=CARTESIAN_POINT('',(-131.718209594482,-112.5,-88.3417979284102));
#10520=CARTESIAN_POINT('',(-146.755392041912,-100.,-60.1971008937099));
#10521=CARTESIAN_POINT('',(-149.138849952045,-100.,-53.9589050572895));
#10522=CARTESIAN_POINT('',(-149.138849952045,-100.,-53.9589050572895));
#10523=CARTESIAN_POINT('',(-149.138849952045,-118.,-53.9589050572895));
#10524=CARTESIAN_POINT('',(-146.755392041912,-118.,-60.1971008937099));
#10525=CARTESIAN_POINT('',(-149.138849952045,-118.,-53.9589050572895));
#10526=CARTESIAN_POINT('',(-149.138849952045,-100.,-53.9589050572895));
#10527=CARTESIAN_POINT('',(-151.277989836226,-100.,-47.6332844879562));
#10528=CARTESIAN_POINT('',(-151.277989836226,-100.,-47.6332844879562));
#10529=CARTESIAN_POINT('',(-151.277989836226,-118.,-47.6332844879562));
#10530=CARTESIAN_POINT('',(-149.138849952045,-118.,-53.9589050572895));
#10531=CARTESIAN_POINT('',(-151.277989836226,-118.,-47.6332844879562));
#10532=CARTESIAN_POINT('',(-151.277989836226,-100.,-47.6332844879562));
#10533=CARTESIAN_POINT('',(-153.148965421493,-100.,-41.2232263454269));
#10534=CARTESIAN_POINT('',(-153.148965421493,-100.,-41.2232263454269));
#10535=CARTESIAN_POINT('',(-153.148965421493,-118.,-41.2232263454269));
#10536=CARTESIAN_POINT('',(-151.277989836226,-118.,-47.6332844879562));
#10537=CARTESIAN_POINT('',(-153.148965421493,-118.,-41.2232263454269));
#10538=CARTESIAN_POINT('',(-153.148965421493,-100.,-41.2232263454269));
#10539=CARTESIAN_POINT('',(-154.749708382966,-105.5,-34.7345326064281));
#10540=CARTESIAN_POINT('',(-153.148965421493,-118.,-41.2232263454269));
#10541=CARTESIAN_POINT('',(-154.749708382966,-112.5,-34.7345326064281));
#10542=CARTESIAN_POINT('',(-154.749708382966,-105.5,-34.7345326064281));
#10543=CARTESIAN_POINT('',(-154.749708382966,-112.5,-34.7345326064281));
#10544=CARTESIAN_POINT('',(-95.6916932938813,-159.,-128.196286742439));
#10545=CARTESIAN_POINT('',(-108.791264057021,100.,-115.435249877402));
#10546=CARTESIAN_POINT('',(-103.821561451565,100.,-119.895968980442));
#10547=CARTESIAN_POINT('',(-98.682685076672,100.,-124.159927778887));
#10548=CARTESIAN_POINT('',(-93.368877946239,100.,-128.20379335675));
#10549=CARTESIAN_POINT('',(-112.54786980476,100.,-111.775726576899));
#10550=CARTESIAN_POINT('',(-117.13715197898,100.,-106.92449497778));
#10551=CARTESIAN_POINT('',(-121.534169726466,100.,-101.898996996528));
#10552=CARTESIAN_POINT('',(-125.715748827165,100.,-96.6928668352795));
#10553=CARTESIAN_POINT('',(-108.791264057021,-100.,-115.435249877402));
#10554=CARTESIAN_POINT('',(-103.821561451565,-100.,-119.895968980442));
#10555=CARTESIAN_POINT('',(-98.682685076672,-100.,-124.159927778887));
#10556=CARTESIAN_POINT('',(-93.368877946239,-100.,-128.20379335675));
#10557=CARTESIAN_POINT('',(-112.54786980476,-100.,-111.775726576899));
#10558=CARTESIAN_POINT('',(-117.13715197898,-100.,-106.92449497778));
#10559=CARTESIAN_POINT('',(-121.534169726466,-100.,-101.898996996528));
#10560=CARTESIAN_POINT('',(-125.715748827165,-100.,-96.6928668352795));
#10561=CARTESIAN_POINT('',(-108.791264057021,-100.,-115.435249877402));
#10562=CARTESIAN_POINT('',(-108.791264057021,-118.,-115.435249877402));
#10563=CARTESIAN_POINT('',(-112.54786980476,-100.,-111.775726576899));
#10564=CARTESIAN_POINT('',(-112.54786980476,-118.,-111.775726576899));
#10565=CARTESIAN_POINT('',(-112.54786980476,100.,-111.775726576899));
#10566=CARTESIAN_POINT('',(-112.54786980476,118.,-111.775726576899));
#10567=CARTESIAN_POINT('',(-108.791264057021,100.,-115.435249877402));
#10568=CARTESIAN_POINT('',(-108.791264057021,118.,-115.435249877402));
#10569=CARTESIAN_POINT('',(-108.791264057021,96.6,-115.435249877402));
#10570=CARTESIAN_POINT('',(-112.54786980476,96.6,-111.775726576899));
#10571=CARTESIAN_POINT('',(-112.54786980476,-96.6,-111.775726576899));
#10572=CARTESIAN_POINT('',(-108.791264057021,-96.6,-115.435249877402));
#10573=CARTESIAN_POINT('',(-122.130398025685,88.,-102.440840869683));
#10574=CARTESIAN_POINT('',(-122.130398025637,5.50000000018281,-102.440840869729));
#10575=CARTESIAN_POINT('',(-125.353756771048,5.50000000023424,-99.300783800442));
#10576=CARTESIAN_POINT('',(-125.353756771065,3.50000000023424,-99.300783800426));
#10577=CARTESIAN_POINT('',(-123.563001912503,3.50000000020567,-101.04525995003));
#10578=CARTESIAN_POINT('',(-123.563001912495,4.50000000020566,-101.045259950038));
#10579=CARTESIAN_POINT('',(-122.130398025646,4.50000000018291,-102.440840869722));
#10580=CARTESIAN_POINT('',(-118.190737336835,1.50000000011997,-106.278688398827));
#10581=CARTESIAN_POINT('',(-118.190737336849,-1.5,-106.278688398813));
#10582=CARTESIAN_POINT('',(-122.130398025685,-4.50000000000011,-102.440840869683));
#10583=CARTESIAN_POINT('',(-122.130398025685,-88.,-102.440840869683));
#10584=CARTESIAN_POINT('',(-99.208735836096,-88.,-124.770135584617));
#10585=CARTESIAN_POINT('',(-99.208735836096,-4.50000000000011,-124.770135584617));
#10586=CARTESIAN_POINT('',(-103.148396524932,-1.5,-120.932288055488));
#10587=CARTESIAN_POINT('',(-103.148396524932,1.5,-120.932288055488));
#10588=CARTESIAN_POINT('',(-99.208735836096,4.5000000000001,-124.770135584617));
#10589=CARTESIAN_POINT('',(-97.7761319492467,4.5,-126.1657165043));
#10590=CARTESIAN_POINT('',(-97.7761319492467,3.5,-126.1657165043));
#10591=CARTESIAN_POINT('',(-95.9853770906851,3.5,-127.910192653905));
#10592=CARTESIAN_POINT('',(-95.9853770906851,5.5,-127.910192653905));
#10593=CARTESIAN_POINT('',(-99.208735836096,5.5,-124.770135584617));
#10594=CARTESIAN_POINT('',(-99.208735836096,88.,-124.770135584617));
#10595=CARTESIAN_POINT('',(-111.385868874315,-5.,-112.907697767308));
#10596=CARTESIAN_POINT('',(-109.953264987466,-5.,-114.303278686992));
#10597=CARTESIAN_POINT('',(-109.953264987466,-4.50000000000006,-114.303278686992));
#10598=CARTESIAN_POINT('',(-106.01360429863,-1.5,-118.141126216121));
#10599=CARTESIAN_POINT('',(-106.01360429863,1.5,-118.141126216121));
#10600=CARTESIAN_POINT('',(-109.953264987466,4.50000000000006,-114.303278686992));
#10601=CARTESIAN_POINT('',(-109.953264987466,77.3320508075684,-114.303278686992));
#10602=CARTESIAN_POINT('',(-108.849915603512,80.0000000000073,-115.378114070398));
#10603=CARTESIAN_POINT('',(-109.759741267205,82.2000000000105,-114.49180114877));
#10604=CARTESIAN_POINT('',(-111.579392594583,82.2000000000033,-112.719175305524));
#10605=CARTESIAN_POINT('',(-112.489218258267,79.9999999999928,-111.832862383905));
#10606=CARTESIAN_POINT('',(-111.385868874315,77.3320508075685,-112.907697767309));
#10607=CARTESIAN_POINT('',(-111.385868874276,4.50000000001148,-112.907697767347));
#10608=CARTESIAN_POINT('',(-115.325529563136,1.50000000007427,-109.069850238194));
#10609=CARTESIAN_POINT('',(-115.325529563151,-1.5,-109.069850238179));
#10610=CARTESIAN_POINT('',(-111.385868874315,-4.50000000000006,-112.907697767309));
#10611=CARTESIAN_POINT('',(-111.579392594583,-82.2000000000033,-112.719175305524));
#10612=CARTESIAN_POINT('',(-109.759741267205,-82.2000000000105,-114.49180114877));
#10613=CARTESIAN_POINT('',(-108.849915603512,-80.0000000000073,-115.378114070398));
#10614=CARTESIAN_POINT('',(-109.953264987466,-77.3320508075684,-114.303278686992));
#10615=CARTESIAN_POINT('',(-109.953264987466,-6.,-114.303278686992));
#10616=CARTESIAN_POINT('',(-111.385868874315,-6.,-112.907697767309));
#10617=CARTESIAN_POINT('',(-111.385868874315,-77.3320508075684,-112.907697767309));
#10618=CARTESIAN_POINT('',(-112.489218258267,-79.9999999999928,-111.832862383905));
#10619=CARTESIAN_POINT('',(-103.821561451565,100.,-119.895968980442));
#10620=CARTESIAN_POINT('',(-103.821561451565,118.,-119.895968980442));
#10621=CARTESIAN_POINT('',(-98.682685076672,100.,-124.159927778887));
#10622=CARTESIAN_POINT('',(-98.682685076672,118.,-124.159927778887));
#10623=CARTESIAN_POINT('',(-93.368877946239,100.,-128.20379335675));
#10624=CARTESIAN_POINT('',(-93.368877946239,118.,-128.20379335675));
#10625=CARTESIAN_POINT('',(-87.8848154508268,105.5,-132.023555523907));
#10626=CARTESIAN_POINT('',(-87.8848154508268,112.5,-132.023555523907));
#10627=CARTESIAN_POINT('',(-117.13715197898,100.,-106.92449497778));
#10628=CARTESIAN_POINT('',(-117.13715197898,118.,-106.92449497778));
#10629=CARTESIAN_POINT('',(-121.534169726466,100.,-101.898996996528));
#10630=CARTESIAN_POINT('',(-121.534169726466,118.,-101.898996996528));
#10631=CARTESIAN_POINT('',(-125.715748827165,100.,-96.6928668352795));
#10632=CARTESIAN_POINT('',(-125.715748827165,118.,-96.6928668352795));
#10633=CARTESIAN_POINT('',(-129.677758077687,105.5,-91.3106733079149));
#10634=CARTESIAN_POINT('',(-129.677758077687,112.5,-91.3106733079149));
#10635=CARTESIAN_POINT('',(-103.821561451565,-100.,-119.895968980442));
#10636=CARTESIAN_POINT('',(-103.821561451565,-118.,-119.895968980442));
#10637=CARTESIAN_POINT('',(-98.682685076672,-100.,-124.159927778887));
#10638=CARTESIAN_POINT('',(-98.682685076672,-118.,-124.159927778887));
#10639=CARTESIAN_POINT('',(-93.368877946239,-100.,-128.20379335675));
#10640=CARTESIAN_POINT('',(-93.368877946239,-118.,-128.20379335675));
#10641=CARTESIAN_POINT('',(-87.8848154508268,-105.5,-132.023555523907));
#10642=CARTESIAN_POINT('',(-87.8848154508268,-112.5,-132.023555523907));
#10643=CARTESIAN_POINT('',(-117.13715197898,-100.,-106.92449497778));
#10644=CARTESIAN_POINT('',(-117.13715197898,-118.,-106.92449497778));
#10645=CARTESIAN_POINT('',(-121.534169726466,-100.,-101.898996996528));
#10646=CARTESIAN_POINT('',(-121.534169726466,-118.,-101.898996996528));
#10647=CARTESIAN_POINT('',(-125.715748827165,-100.,-96.6928668352795));
#10648=CARTESIAN_POINT('',(-125.715748827165,-118.,-96.6928668352795));
#10649=CARTESIAN_POINT('',(-129.677758077687,-105.5,-91.3106733079149));
#10650=CARTESIAN_POINT('',(-129.677758077687,-112.5,-91.3106733079149));
#10651=CARTESIAN_POINT('',(-108.791264057021,-100.,-115.435249877402));
#10652=CARTESIAN_POINT('',(-108.791264057021,-118.,-115.435249877402));
#10653=CARTESIAN_POINT('',(-112.54786980476,-100.,-111.775726576899));
#10654=CARTESIAN_POINT('',(-112.54786980476,-118.,-111.775726576899));
#10655=CARTESIAN_POINT('',(-112.54786980476,100.,-111.775726576899));
#10656=CARTESIAN_POINT('',(-112.54786980476,118.,-111.775726576899));
#10657=CARTESIAN_POINT('',(-108.791264057021,100.,-115.435249877402));
#10658=CARTESIAN_POINT('',(-108.791264057021,118.,-115.435249877402));
#10659=CARTESIAN_POINT('',(-112.54786980476,-118.,-111.775726576899));
#10660=CARTESIAN_POINT('',(-108.791264057021,-118.,-115.435249877402));
#10661=CARTESIAN_POINT('',(-112.54786980476,118.,-111.775726576899));
#10662=CARTESIAN_POINT('',(-108.791264057021,118.,-115.435249877402));
#10663=CARTESIAN_POINT('',(-108.791264057021,96.6,-115.435249877402));
#10664=CARTESIAN_POINT('',(-99.208735836096,88.,-124.770135584617));
#10665=CARTESIAN_POINT('',(-122.130398025685,88.,-102.440840869683));
#10666=CARTESIAN_POINT('',(-112.54786980476,96.6,-111.775726576899));
#10667=CARTESIAN_POINT('',(-122.130398025637,5.50000000018281,-102.440840869729));
#10668=CARTESIAN_POINT('',(-122.130398025685,88.,-102.440840869683));
#10669=CARTESIAN_POINT('',(-125.353756771048,5.50000000023424,-99.300783800442));
#10670=CARTESIAN_POINT('',(-122.130398025637,5.50000000018281,-102.440840869729));
#10671=CARTESIAN_POINT('',(-125.353756771065,3.50000000023424,-99.300783800426));
#10672=CARTESIAN_POINT('',(-125.353756771048,5.50000000023424,-99.300783800442));
#10673=CARTESIAN_POINT('',(-123.563001912503,3.50000000020567,-101.04525995003));
#10674=CARTESIAN_POINT('',(-125.353756771065,3.50000000023424,-99.300783800426));
#10675=CARTESIAN_POINT('',(-123.563001912495,4.50000000020566,-101.045259950038));
#10676=CARTESIAN_POINT('',(-123.563001912503,3.50000000020567,-101.04525995003));
#10677=CARTESIAN_POINT('',(-122.130398025646,4.50000000018291,-102.440840869722));
#10678=CARTESIAN_POINT('',(-123.563001912495,4.50000000020566,-101.045259950038));
#10679=CARTESIAN_POINT('',(-118.190737336835,1.50000000011997,-106.278688398827));
#10680=CARTESIAN_POINT('',(-122.130398025646,4.50000000018291,-102.440840869722));
#10681=CARTESIAN_POINT('',(-118.190737336849,-1.5,-106.278688398813));
#10682=CARTESIAN_POINT('',(-118.190737336835,1.50000000011997,-106.278688398827));
#10683=CARTESIAN_POINT('',(-122.130398025685,-4.50000000000011,-102.440840869683));
#10684=CARTESIAN_POINT('',(-118.190737336849,-1.5,-106.278688398813));
#10685=CARTESIAN_POINT('',(-122.130398025685,-88.,-102.440840869683));
#10686=CARTESIAN_POINT('',(-122.130398025685,-4.50000000000011,-102.440840869683));
#10687=CARTESIAN_POINT('',(-112.54786980476,-96.6,-111.775726576899));
#10688=CARTESIAN_POINT('',(-122.130398025685,-88.,-102.440840869683));
#10689=CARTESIAN_POINT('',(-99.208735836096,-88.,-124.770135584617));
#10690=CARTESIAN_POINT('',(-108.791264057021,-96.6,-115.435249877402));
#10691=CARTESIAN_POINT('',(-99.208735836096,-4.50000000000011,-124.770135584617));
#10692=CARTESIAN_POINT('',(-99.208735836096,-88.,-124.770135584617));
#10693=CARTESIAN_POINT('',(-103.148396524932,-1.5,-120.932288055488));
#10694=CARTESIAN_POINT('',(-99.208735836096,-4.50000000000011,-124.770135584617));
#10695=CARTESIAN_POINT('',(-103.148396524932,1.5,-120.932288055488));
#10696=CARTESIAN_POINT('',(-103.148396524932,-1.5,-120.932288055488));
#10697=CARTESIAN_POINT('',(-99.208735836096,4.5000000000001,-124.770135584617));
#10698=CARTESIAN_POINT('',(-103.148396524932,1.5,-120.932288055488));
#10699=CARTESIAN_POINT('',(-97.7761319492467,4.5,-126.1657165043));
#10700=CARTESIAN_POINT('',(-99.208735836096,4.5000000000001,-124.770135584617));
#10701=CARTESIAN_POINT('',(-97.7761319492467,3.5,-126.1657165043));
#10702=CARTESIAN_POINT('',(-97.7761319492467,4.5,-126.1657165043));
#10703=CARTESIAN_POINT('',(-95.9853770906851,3.5,-127.910192653905));
#10704=CARTESIAN_POINT('',(-97.7761319492467,3.5,-126.1657165043));
#10705=CARTESIAN_POINT('',(-95.9853770906851,5.5,-127.910192653905));
#10706=CARTESIAN_POINT('',(-95.9853770906851,3.5,-127.910192653905));
#10707=CARTESIAN_POINT('',(-99.208735836096,5.5,-124.770135584617));
#10708=CARTESIAN_POINT('',(-95.9853770906851,5.5,-127.910192653905));
#10709=CARTESIAN_POINT('',(-99.208735836096,88.,-124.770135584617));
#10710=CARTESIAN_POINT('',(-99.208735836096,5.5,-124.770135584617));
#10711=CARTESIAN_POINT('',(-111.385868874315,-5.,-112.907697767308));
#10712=CARTESIAN_POINT('',(-111.385868874315,-4.50000000000006,-112.907697767309));
#10713=CARTESIAN_POINT('',(-109.953264987466,-5.,-114.303278686992));
#10714=CARTESIAN_POINT('',(-111.385868874315,-5.,-112.907697767308));
#10715=CARTESIAN_POINT('',(-109.953264987466,-4.50000000000006,-114.303278686992));
#10716=CARTESIAN_POINT('',(-109.953264987466,-5.,-114.303278686992));
#10717=CARTESIAN_POINT('',(-106.01360429863,-1.5,-118.141126216121));
#10718=CARTESIAN_POINT('',(-109.953264987466,-4.50000000000006,-114.303278686992));
#10719=CARTESIAN_POINT('',(-106.01360429863,1.5,-118.141126216121));
#10720=CARTESIAN_POINT('',(-106.01360429863,-1.5,-118.141126216121));
#10721=CARTESIAN_POINT('',(-109.953264987466,4.50000000000006,-114.303278686992));
#10722=CARTESIAN_POINT('',(-106.01360429863,1.5,-118.141126216121));
#10723=CARTESIAN_POINT('',(-109.953264987466,77.3320508075684,-114.303278686992));
#10724=CARTESIAN_POINT('',(-109.953264987466,4.50000000000006,-114.303278686992));
#10725=CARTESIAN_POINT('',(-108.849915603512,80.0000000000073,-115.378114070398));
#10726=CARTESIAN_POINT('',(-109.953264987466,77.3320508075684,-114.303278686992));
#10727=CARTESIAN_POINT('',(-109.759741267205,82.2000000000105,-114.49180114877));
#10728=CARTESIAN_POINT('',(-108.849915603512,80.0000000000073,-115.378114070398));
#10729=CARTESIAN_POINT('',(-111.579392594583,82.2000000000033,-112.719175305524));
#10730=CARTESIAN_POINT('',(-109.759741267205,82.2000000000105,-114.49180114877));
#10731=CARTESIAN_POINT('',(-112.489218258267,79.9999999999928,-111.832862383905));
#10732=CARTESIAN_POINT('',(-111.579392594583,82.2000000000033,-112.719175305524));
#10733=CARTESIAN_POINT('',(-111.385868874315,77.3320508075685,-112.907697767309));
#10734=CARTESIAN_POINT('',(-112.489218258267,79.9999999999928,-111.832862383905));
#10735=CARTESIAN_POINT('',(-111.385868874276,4.50000000001148,-112.907697767347));
#10736=CARTESIAN_POINT('',(-111.385868874315,77.3320508075685,-112.907697767309));
#10737=CARTESIAN_POINT('',(-115.325529563136,1.50000000007427,-109.069850238194));
#10738=CARTESIAN_POINT('',(-111.385868874276,4.50000000001148,-112.907697767347));
#10739=CARTESIAN_POINT('',(-115.325529563151,-1.5,-109.069850238179));
#10740=CARTESIAN_POINT('',(-115.325529563136,1.50000000007427,-109.069850238194));
#10741=CARTESIAN_POINT('',(-111.385868874315,-4.50000000000006,-112.907697767309));
#10742=CARTESIAN_POINT('',(-115.325529563151,-1.5,-109.069850238179));
#10743=CARTESIAN_POINT('',(-111.579392594583,-82.2000000000033,-112.719175305524));
#10744=CARTESIAN_POINT('',(-112.489218258267,-79.9999999999928,-111.832862383905));
#10745=CARTESIAN_POINT('',(-109.759741267205,-82.2000000000105,-114.49180114877));
#10746=CARTESIAN_POINT('',(-111.579392594583,-82.2000000000033,-112.719175305524));
#10747=CARTESIAN_POINT('',(-108.849915603512,-80.0000000000073,-115.378114070398));
#10748=CARTESIAN_POINT('',(-109.759741267205,-82.2000000000105,-114.49180114877));
#10749=CARTESIAN_POINT('',(-109.953264987466,-77.3320508075684,-114.303278686992));
#10750=CARTESIAN_POINT('',(-108.849915603512,-80.0000000000073,-115.378114070398));
#10751=CARTESIAN_POINT('',(-109.953264987466,-6.,-114.303278686992));
#10752=CARTESIAN_POINT('',(-109.953264987466,-77.3320508075684,-114.303278686992));
#10753=CARTESIAN_POINT('',(-111.385868874315,-6.,-112.907697767309));
#10754=CARTESIAN_POINT('',(-109.953264987466,-6.,-114.303278686992));
#10755=CARTESIAN_POINT('',(-111.385868874315,-77.3320508075684,-112.907697767309));
#10756=CARTESIAN_POINT('',(-111.385868874315,-6.,-112.907697767309));
#10757=CARTESIAN_POINT('',(-112.489218258267,-79.9999999999928,-111.832862383905));
#10758=CARTESIAN_POINT('',(-111.385868874315,-77.3320508075684,-112.907697767309));
#10759=CARTESIAN_POINT('',(-112.54786980476,-96.6,-111.775726576899));
#10760=CARTESIAN_POINT('',(-112.54786980476,-100.,-111.775726576899));
#10761=CARTESIAN_POINT('',(-112.54786980476,96.6,-111.775726576899));
#10762=CARTESIAN_POINT('',(-112.54786980476,100.,-111.775726576899));
#10763=CARTESIAN_POINT('',(-108.791264057021,-100.,-115.435249877402));
#10764=CARTESIAN_POINT('',(-108.791264057021,-96.6,-115.435249877402));
#10765=CARTESIAN_POINT('',(-108.791264057021,100.,-115.435249877402));
#10766=CARTESIAN_POINT('',(-108.791264057021,96.6,-115.435249877402));
#10767=CARTESIAN_POINT('',(-108.791264057021,100.,-115.435249877402));
#10768=CARTESIAN_POINT('',(-103.821561451565,100.,-119.895968980442));
#10769=CARTESIAN_POINT('',(-103.821561451565,100.,-119.895968980442));
#10770=CARTESIAN_POINT('',(-103.821561451565,118.,-119.895968980442));
#10771=CARTESIAN_POINT('',(-108.791264057021,118.,-115.435249877402));
#10772=CARTESIAN_POINT('',(-103.821561451565,118.,-119.895968980442));
#10773=CARTESIAN_POINT('',(-103.821561451565,100.,-119.895968980442));
#10774=CARTESIAN_POINT('',(-98.682685076672,100.,-124.159927778887));
#10775=CARTESIAN_POINT('',(-98.682685076672,100.,-124.159927778887));
#10776=CARTESIAN_POINT('',(-98.682685076672,118.,-124.159927778887));
#10777=CARTESIAN_POINT('',(-103.821561451565,118.,-119.895968980442));
#10778=CARTESIAN_POINT('',(-98.682685076672,118.,-124.159927778887));
#10779=CARTESIAN_POINT('',(-98.682685076672,100.,-124.159927778887));
#10780=CARTESIAN_POINT('',(-93.368877946239,100.,-128.20379335675));
#10781=CARTESIAN_POINT('',(-93.368877946239,100.,-128.20379335675));
#10782=CARTESIAN_POINT('',(-93.368877946239,118.,-128.20379335675));
#10783=CARTESIAN_POINT('',(-98.682685076672,118.,-124.159927778887));
#10784=CARTESIAN_POINT('',(-93.368877946239,118.,-128.20379335675));
#10785=CARTESIAN_POINT('',(-93.368877946239,100.,-128.20379335675));
#10786=CARTESIAN_POINT('',(-87.8848154508268,105.5,-132.023555523907));
#10787=CARTESIAN_POINT('',(-93.368877946239,118.,-128.20379335675));
#10788=CARTESIAN_POINT('',(-87.8848154508268,112.5,-132.023555523907));
#10789=CARTESIAN_POINT('',(-87.8848154508268,105.5,-132.023555523907));
#10790=CARTESIAN_POINT('',(-87.8848154508268,112.5,-132.023555523907));
#10791=CARTESIAN_POINT('',(-112.54786980476,100.,-111.775726576899));
#10792=CARTESIAN_POINT('',(-117.13715197898,100.,-106.92449497778));
#10793=CARTESIAN_POINT('',(-117.13715197898,100.,-106.92449497778));
#10794=CARTESIAN_POINT('',(-117.13715197898,118.,-106.92449497778));
#10795=CARTESIAN_POINT('',(-112.54786980476,118.,-111.775726576899));
#10796=CARTESIAN_POINT('',(-117.13715197898,118.,-106.92449497778));
#10797=CARTESIAN_POINT('',(-117.13715197898,100.,-106.92449497778));
#10798=CARTESIAN_POINT('',(-121.534169726466,100.,-101.898996996528));
#10799=CARTESIAN_POINT('',(-121.534169726466,100.,-101.898996996528));
#10800=CARTESIAN_POINT('',(-121.534169726466,118.,-101.898996996528));
#10801=CARTESIAN_POINT('',(-117.13715197898,118.,-106.92449497778));
#10802=CARTESIAN_POINT('',(-121.534169726466,118.,-101.898996996528));
#10803=CARTESIAN_POINT('',(-121.534169726466,100.,-101.898996996528));
#10804=CARTESIAN_POINT('',(-125.715748827165,100.,-96.6928668352795));
#10805=CARTESIAN_POINT('',(-125.715748827165,100.,-96.6928668352795));
#10806=CARTESIAN_POINT('',(-125.715748827165,118.,-96.6928668352795));
#10807=CARTESIAN_POINT('',(-121.534169726466,118.,-101.898996996528));
#10808=CARTESIAN_POINT('',(-125.715748827165,118.,-96.6928668352795));
#10809=CARTESIAN_POINT('',(-125.715748827165,100.,-96.6928668352795));
#10810=CARTESIAN_POINT('',(-129.677758077687,105.5,-91.3106733079149));
#10811=CARTESIAN_POINT('',(-125.715748827165,118.,-96.6928668352795));
#10812=CARTESIAN_POINT('',(-129.677758077687,112.5,-91.3106733079149));
#10813=CARTESIAN_POINT('',(-129.677758077687,105.5,-91.3106733079149));
#10814=CARTESIAN_POINT('',(-129.677758077687,112.5,-91.3106733079149));
#10815=CARTESIAN_POINT('',(-108.791264057021,-100.,-115.435249877402));
#10816=CARTESIAN_POINT('',(-103.821561451565,-100.,-119.895968980442));
#10817=CARTESIAN_POINT('',(-103.821561451565,-100.,-119.895968980442));
#10818=CARTESIAN_POINT('',(-103.821561451565,-118.,-119.895968980442));
#10819=CARTESIAN_POINT('',(-108.791264057021,-118.,-115.435249877402));
#10820=CARTESIAN_POINT('',(-103.821561451565,-118.,-119.895968980442));
#10821=CARTESIAN_POINT('',(-103.821561451565,-100.,-119.895968980442));
#10822=CARTESIAN_POINT('',(-98.682685076672,-100.,-124.159927778887));
#10823=CARTESIAN_POINT('',(-98.682685076672,-100.,-124.159927778887));
#10824=CARTESIAN_POINT('',(-98.682685076672,-118.,-124.159927778887));
#10825=CARTESIAN_POINT('',(-103.821561451565,-118.,-119.895968980442));
#10826=CARTESIAN_POINT('',(-98.682685076672,-118.,-124.159927778887));
#10827=CARTESIAN_POINT('',(-98.682685076672,-100.,-124.159927778887));
#10828=CARTESIAN_POINT('',(-93.368877946239,-100.,-128.20379335675));
#10829=CARTESIAN_POINT('',(-93.368877946239,-100.,-128.20379335675));
#10830=CARTESIAN_POINT('',(-93.368877946239,-118.,-128.20379335675));
#10831=CARTESIAN_POINT('',(-98.682685076672,-118.,-124.159927778887));
#10832=CARTESIAN_POINT('',(-93.368877946239,-118.,-128.20379335675));
#10833=CARTESIAN_POINT('',(-93.368877946239,-100.,-128.20379335675));
#10834=CARTESIAN_POINT('',(-87.8848154508268,-105.5,-132.023555523907));
#10835=CARTESIAN_POINT('',(-93.368877946239,-118.,-128.20379335675));
#10836=CARTESIAN_POINT('',(-87.8848154508268,-112.5,-132.023555523907));
#10837=CARTESIAN_POINT('',(-87.8848154508268,-105.5,-132.023555523907));
#10838=CARTESIAN_POINT('',(-87.8848154508268,-112.5,-132.023555523907));
#10839=CARTESIAN_POINT('',(-112.54786980476,-100.,-111.775726576899));
#10840=CARTESIAN_POINT('',(-117.13715197898,-100.,-106.92449497778));
#10841=CARTESIAN_POINT('',(-117.13715197898,-100.,-106.92449497778));
#10842=CARTESIAN_POINT('',(-117.13715197898,-118.,-106.92449497778));
#10843=CARTESIAN_POINT('',(-112.54786980476,-118.,-111.775726576899));
#10844=CARTESIAN_POINT('',(-117.13715197898,-118.,-106.92449497778));
#10845=CARTESIAN_POINT('',(-117.13715197898,-100.,-106.92449497778));
#10846=CARTESIAN_POINT('',(-121.534169726466,-100.,-101.898996996528));
#10847=CARTESIAN_POINT('',(-121.534169726466,-100.,-101.898996996528));
#10848=CARTESIAN_POINT('',(-121.534169726466,-118.,-101.898996996528));
#10849=CARTESIAN_POINT('',(-117.13715197898,-118.,-106.92449497778));
#10850=CARTESIAN_POINT('',(-121.534169726466,-118.,-101.898996996528));
#10851=CARTESIAN_POINT('',(-121.534169726466,-100.,-101.898996996528));
#10852=CARTESIAN_POINT('',(-125.715748827165,-100.,-96.6928668352795));
#10853=CARTESIAN_POINT('',(-125.715748827165,-100.,-96.6928668352795));
#10854=CARTESIAN_POINT('',(-125.715748827165,-118.,-96.6928668352795));
#10855=CARTESIAN_POINT('',(-121.534169726466,-118.,-101.898996996528));
#10856=CARTESIAN_POINT('',(-125.715748827165,-118.,-96.6928668352795));
#10857=CARTESIAN_POINT('',(-125.715748827165,-100.,-96.6928668352795));
#10858=CARTESIAN_POINT('',(-129.677758077687,-105.5,-91.3106733079149));
#10859=CARTESIAN_POINT('',(-125.715748827165,-118.,-96.6928668352795));
#10860=CARTESIAN_POINT('',(-129.677758077687,-112.5,-91.3106733079149));
#10861=CARTESIAN_POINT('',(-129.677758077687,-105.5,-91.3106733079149));
#10862=CARTESIAN_POINT('',(-129.677758077687,-112.5,-91.3106733079149));
#10863=CARTESIAN_POINT('',(-39.3490018385085,-159.,-155.057551103818));
#10864=CARTESIAN_POINT('',(-56.334864539307,100.,-148.280879032735));
#10865=CARTESIAN_POINT('',(-50.0364147222898,100.,-150.500223261426));
#10866=CARTESIAN_POINT('',(-43.6569656309682,100.,-152.473044673137));
#10867=CARTESIAN_POINT('',(-37.2001276240887,100.,-154.175583361152));
#10868=CARTESIAN_POINT('',(-61.2059546388131,100.,-146.337511138239));
#10869=CARTESIAN_POINT('',(-67.3023844680433,100.,-143.611799810864));
#10870=CARTESIAN_POINT('',(-73.2878739858436,100.,-140.651510929087));
#10871=CARTESIAN_POINT('',(-79.1434490900026,100.,-137.441894872481));
#10872=CARTESIAN_POINT('',(-56.334864539307,-100.,-148.280879032735));
#10873=CARTESIAN_POINT('',(-50.0364147222898,-100.,-150.500223261426));
#10874=CARTESIAN_POINT('',(-43.6569656309682,-100.,-152.473044673137));
#10875=CARTESIAN_POINT('',(-37.2001276240887,-100.,-154.175583361152));
#10876=CARTESIAN_POINT('',(-61.2059546388131,-100.,-146.337511138239));
#10877=CARTESIAN_POINT('',(-67.3023844680433,-100.,-143.611799810864));
#10878=CARTESIAN_POINT('',(-73.2878739858436,-100.,-140.651510929087));
#10879=CARTESIAN_POINT('',(-79.1434490900026,-100.,-137.441894872481));
#10880=CARTESIAN_POINT('',(-56.334864539307,-100.,-148.280879032735));
#10881=CARTESIAN_POINT('',(-56.3348645393069,-118.,-148.280879032735));
#10882=CARTESIAN_POINT('',(-61.2059546388131,-100.,-146.337511138239));
#10883=CARTESIAN_POINT('',(-61.2059546388131,-118.,-146.337511138239));
#10884=CARTESIAN_POINT('',(-61.2059546388131,100.,-146.337511138239));
#10885=CARTESIAN_POINT('',(-61.2059546388131,118.,-146.337511138239));
#10886=CARTESIAN_POINT('',(-56.334864539307,100.,-148.280879032735));
#10887=CARTESIAN_POINT('',(-56.3348645393069,118.,-148.280879032735));
#10888=CARTESIAN_POINT('',(-56.3348645393069,96.6,-148.280879032735));
#10889=CARTESIAN_POINT('',(-61.2059546388131,96.6,-146.337511138239));
#10890=CARTESIAN_POINT('',(-61.2059546388131,-96.6,-146.337511138239));
#10891=CARTESIAN_POINT('',(-56.3348645393069,-96.6,-148.280879032735));
#10892=CARTESIAN_POINT('',(-73.6313624350109,88.,-141.38027608533));
#10893=CARTESIAN_POINT('',(-73.6313624349493,5.50000000018281,-141.380276085354));
#10894=CARTESIAN_POINT('',(-77.8110054228729,5.50000000023424,-139.71276761656));
#10895=CARTESIAN_POINT('',(-77.8110054228942,3.50000000023424,-139.712767616552));
#10896=CARTESIAN_POINT('',(-75.4889815407144,3.50000000020567,-140.639161210326));
#10897=CARTESIAN_POINT('',(-75.4889815407037,4.50000000020566,-140.63916121033));
#10898=CARTESIAN_POINT('',(-73.6313624349599,4.50000000018291,-141.38027608535));
#10899=CARTESIAN_POINT('',(-68.5229098941961,1.50000000011997,-143.418341991642));
#10900=CARTESIAN_POINT('',(-68.5229098942153,-1.5,-143.418341991634));
#10901=CARTESIAN_POINT('',(-73.6313624350109,-4.50000000000011,-141.38027608533));
#10902=CARTESIAN_POINT('',(-73.6313624350109,-88.,-141.38027608533));
#10903=CARTESIAN_POINT('',(-43.9094567431093,-88.,-153.238114085645));
#10904=CARTESIAN_POINT('',(-43.9094567431093,-4.50000000000011,-153.238114085645));
#10905=CARTESIAN_POINT('',(-49.0179092839048,-1.5,-151.20004817934));
#10906=CARTESIAN_POINT('',(-49.0179092839048,1.5,-151.20004817934));
#10907=CARTESIAN_POINT('',(-43.9094567431093,4.5000000000001,-153.238114085645));
#10908=CARTESIAN_POINT('',(-42.0518376373654,4.5,-153.979228960664));
#10909=CARTESIAN_POINT('',(-42.0518376373654,3.5,-153.979228960664));
#10910=CARTESIAN_POINT('',(-39.7298137551856,3.5,-154.905622554439));
#10911=CARTESIAN_POINT('',(-39.7298137551856,5.5,-154.905622554439));
#10912=CARTESIAN_POINT('',(-43.9094567431093,5.5,-153.238114085645));
#10913=CARTESIAN_POINT('',(-43.9094567431093,88.,-153.238114085645));
#10914=CARTESIAN_POINT('',(-59.699219141932,-5.,-146.938637647977));
#10915=CARTESIAN_POINT('',(-57.8416000361881,-5.,-147.679752522997));
#10916=CARTESIAN_POINT('',(-57.8416000361881,-4.50000000000006,-147.679752522997));
#10917=CARTESIAN_POINT('',(-52.7331474953926,-1.5,-149.717818429301));
#10918=CARTESIAN_POINT('',(-52.7331474953926,1.5,-149.717818429301));
#10919=CARTESIAN_POINT('',(-57.8416000361881,4.50000000000006,-147.679752522997));
#10920=CARTESIAN_POINT('',(-57.8416000361881,77.3320508075684,-147.679752522997));
#10921=CARTESIAN_POINT('',(-56.4109164293945,80.0000000000073,-148.250537405195));
#10922=CARTESIAN_POINT('',(-57.5906630092323,82.2000000000105,-147.779866245339));
#10923=CARTESIAN_POINT('',(-59.9501561688963,82.2000000000033,-146.838523925632));
#10924=CARTESIAN_POINT('',(-61.1299027487224,79.9999999999928,-146.36785276578));
#10925=CARTESIAN_POINT('',(-59.699219141932,77.3320508075685,-146.938637647977));
#10926=CARTESIAN_POINT('',(-59.699219141881,4.50000000001148,-146.938637647998));
#10927=CARTESIAN_POINT('',(-64.8076716827084,1.50000000007427,-144.900571741681));
#10928=CARTESIAN_POINT('',(-64.8076716827276,-1.5,-144.900571741673));
#10929=CARTESIAN_POINT('',(-59.699219141932,-4.50000000000006,-146.938637647977));
#10930=CARTESIAN_POINT('',(-59.9501561688963,-82.2000000000033,-146.838523925632));
#10931=CARTESIAN_POINT('',(-57.5906630092323,-82.2000000000105,-147.779866245339));
#10932=CARTESIAN_POINT('',(-56.4109164293945,-80.0000000000073,-148.250537405195));
#10933=CARTESIAN_POINT('',(-57.8416000361881,-77.3320508075684,-147.679752522997));
#10934=CARTESIAN_POINT('',(-57.8416000361881,-6.,-147.679752522997));
#10935=CARTESIAN_POINT('',(-59.699219141932,-6.,-146.938637647977));
#10936=CARTESIAN_POINT('',(-59.699219141932,-77.3320508075684,-146.938637647977));
#10937=CARTESIAN_POINT('',(-61.1299027487224,-79.9999999999928,-146.36785276578));
#10938=CARTESIAN_POINT('',(-50.0364147222898,100.,-150.500223261426));
#10939=CARTESIAN_POINT('',(-50.0364147222898,118.,-150.500223261426));
#10940=CARTESIAN_POINT('',(-43.6569656309682,100.,-152.473044673137));
#10941=CARTESIAN_POINT('',(-43.6569656309682,118.,-152.473044673137));
#10942=CARTESIAN_POINT('',(-37.2001276240887,100.,-154.175583361152));
#10943=CARTESIAN_POINT('',(-37.2001276240887,118.,-154.175583361152));
#10944=CARTESIAN_POINT('',(-30.6717548326188,105.5,-155.6059235874));
#10945=CARTESIAN_POINT('',(-30.6717548326188,112.5,-155.6059235874));
#10946=CARTESIAN_POINT('',(-67.3023844680433,100.,-143.611799810864));
#10947=CARTESIAN_POINT('',(-67.3023844680433,118.,-143.611799810864));
#10948=CARTESIAN_POINT('',(-73.2878739858436,100.,-140.651510929087));
#10949=CARTESIAN_POINT('',(-73.2878739858436,118.,-140.651510929087));
#10950=CARTESIAN_POINT('',(-79.1434490900026,100.,-137.441894872481));
#10951=CARTESIAN_POINT('',(-79.1434490900026,118.,-137.441894872481));
#10952=CARTESIAN_POINT('',(-84.8635446368854,105.5,-133.985591731586));
#10953=CARTESIAN_POINT('',(-84.8635446368854,112.5,-133.985591731586));
#10954=CARTESIAN_POINT('',(-50.0364147222898,-100.,-150.500223261426));
#10955=CARTESIAN_POINT('',(-50.0364147222898,-118.,-150.500223261426));
#10956=CARTESIAN_POINT('',(-43.6569656309682,-100.,-152.473044673137));
#10957=CARTESIAN_POINT('',(-43.6569656309682,-118.,-152.473044673137));
#10958=CARTESIAN_POINT('',(-37.2001276240887,-100.,-154.175583361152));
#10959=CARTESIAN_POINT('',(-37.2001276240887,-118.,-154.175583361152));
#10960=CARTESIAN_POINT('',(-30.6717548326188,-105.5,-155.6059235874));
#10961=CARTESIAN_POINT('',(-30.6717548326188,-112.5,-155.6059235874));
#10962=CARTESIAN_POINT('',(-67.3023844680433,-100.,-143.611799810864));
#10963=CARTESIAN_POINT('',(-67.3023844680433,-118.,-143.611799810864));
#10964=CARTESIAN_POINT('',(-73.2878739858436,-100.,-140.651510929087));
#10965=CARTESIAN_POINT('',(-73.2878739858436,-118.,-140.651510929087));
#10966=CARTESIAN_POINT('',(-79.1434490900026,-100.,-137.441894872481));
#10967=CARTESIAN_POINT('',(-79.1434490900026,-118.,-137.441894872481));
#10968=CARTESIAN_POINT('',(-84.8635446368854,-105.5,-133.985591731586));
#10969=CARTESIAN_POINT('',(-84.8635446368854,-112.5,-133.985591731586));
#10970=CARTESIAN_POINT('',(-56.334864539307,-100.,-148.280879032735));
#10971=CARTESIAN_POINT('',(-56.3348645393069,-118.,-148.280879032735));
#10972=CARTESIAN_POINT('',(-61.2059546388131,-100.,-146.337511138239));
#10973=CARTESIAN_POINT('',(-61.2059546388131,-118.,-146.337511138239));
#10974=CARTESIAN_POINT('',(-61.2059546388131,100.,-146.337511138239));
#10975=CARTESIAN_POINT('',(-61.2059546388131,118.,-146.337511138239));
#10976=CARTESIAN_POINT('',(-56.334864539307,100.,-148.280879032735));
#10977=CARTESIAN_POINT('',(-56.3348645393069,118.,-148.280879032735));
#10978=CARTESIAN_POINT('',(-61.2059546388131,-118.,-146.337511138239));
#10979=CARTESIAN_POINT('',(-56.3348645393069,-118.,-148.280879032735));
#10980=CARTESIAN_POINT('',(-61.2059546388131,118.,-146.337511138239));
#10981=CARTESIAN_POINT('',(-56.3348645393069,118.,-148.280879032735));
#10982=CARTESIAN_POINT('',(-56.3348645393069,96.6,-148.280879032735));
#10983=CARTESIAN_POINT('',(-43.9094567431093,88.,-153.238114085645));
#10984=CARTESIAN_POINT('',(-73.6313624350109,88.,-141.38027608533));
#10985=CARTESIAN_POINT('',(-61.2059546388131,96.6,-146.337511138239));
#10986=CARTESIAN_POINT('',(-73.6313624349493,5.50000000018281,-141.380276085354));
#10987=CARTESIAN_POINT('',(-73.6313624350109,88.,-141.38027608533));
#10988=CARTESIAN_POINT('',(-77.8110054228729,5.50000000023424,-139.71276761656));
#10989=CARTESIAN_POINT('',(-73.6313624349493,5.50000000018281,-141.380276085354));
#10990=CARTESIAN_POINT('',(-77.8110054228942,3.50000000023424,-139.712767616552));
#10991=CARTESIAN_POINT('',(-77.8110054228729,5.50000000023424,-139.71276761656));
#10992=CARTESIAN_POINT('',(-75.4889815407144,3.50000000020567,-140.639161210326));
#10993=CARTESIAN_POINT('',(-77.8110054228942,3.50000000023424,-139.712767616552));
#10994=CARTESIAN_POINT('',(-75.4889815407037,4.50000000020566,-140.63916121033));
#10995=CARTESIAN_POINT('',(-75.4889815407144,3.50000000020567,-140.639161210326));
#10996=CARTESIAN_POINT('',(-73.6313624349599,4.50000000018291,-141.38027608535));
#10997=CARTESIAN_POINT('',(-75.4889815407037,4.50000000020566,-140.63916121033));
#10998=CARTESIAN_POINT('',(-68.5229098941961,1.50000000011997,-143.418341991642));
#10999=CARTESIAN_POINT('',(-73.6313624349599,4.50000000018291,-141.38027608535));
#11000=CARTESIAN_POINT('',(-68.5229098942153,-1.5,-143.418341991634));
#11001=CARTESIAN_POINT('',(-68.5229098941961,1.50000000011997,-143.418341991642));
#11002=CARTESIAN_POINT('',(-73.6313624350109,-4.50000000000011,-141.38027608533));
#11003=CARTESIAN_POINT('',(-68.5229098942153,-1.5,-143.418341991634));
#11004=CARTESIAN_POINT('',(-73.6313624350109,-88.,-141.38027608533));
#11005=CARTESIAN_POINT('',(-73.6313624350109,-4.50000000000011,-141.38027608533));
#11006=CARTESIAN_POINT('',(-61.2059546388131,-96.6,-146.337511138239));
#11007=CARTESIAN_POINT('',(-73.6313624350109,-88.,-141.38027608533));
#11008=CARTESIAN_POINT('',(-43.9094567431093,-88.,-153.238114085645));
#11009=CARTESIAN_POINT('',(-56.3348645393069,-96.6,-148.280879032735));
#11010=CARTESIAN_POINT('',(-43.9094567431093,-4.50000000000011,-153.238114085645));
#11011=CARTESIAN_POINT('',(-43.9094567431093,-88.,-153.238114085645));
#11012=CARTESIAN_POINT('',(-49.0179092839048,-1.5,-151.20004817934));
#11013=CARTESIAN_POINT('',(-43.9094567431093,-4.50000000000011,-153.238114085645));
#11014=CARTESIAN_POINT('',(-49.0179092839048,1.5,-151.20004817934));
#11015=CARTESIAN_POINT('',(-49.0179092839048,-1.5,-151.20004817934));
#11016=CARTESIAN_POINT('',(-43.9094567431093,4.5000000000001,-153.238114085645));
#11017=CARTESIAN_POINT('',(-49.0179092839048,1.5,-151.20004817934));
#11018=CARTESIAN_POINT('',(-42.0518376373654,4.5,-153.979228960664));
#11019=CARTESIAN_POINT('',(-43.9094567431093,4.5000000000001,-153.238114085645));
#11020=CARTESIAN_POINT('',(-42.0518376373654,3.5,-153.979228960664));
#11021=CARTESIAN_POINT('',(-42.0518376373654,4.5,-153.979228960664));
#11022=CARTESIAN_POINT('',(-39.7298137551856,3.5,-154.905622554439));
#11023=CARTESIAN_POINT('',(-42.0518376373654,3.5,-153.979228960664));
#11024=CARTESIAN_POINT('',(-39.7298137551856,5.5,-154.905622554439));
#11025=CARTESIAN_POINT('',(-39.7298137551856,3.5,-154.905622554439));
#11026=CARTESIAN_POINT('',(-43.9094567431093,5.5,-153.238114085645));
#11027=CARTESIAN_POINT('',(-39.7298137551856,5.5,-154.905622554439));
#11028=CARTESIAN_POINT('',(-43.9094567431093,88.,-153.238114085645));
#11029=CARTESIAN_POINT('',(-43.9094567431093,5.5,-153.238114085645));
#11030=CARTESIAN_POINT('',(-59.699219141932,-5.,-146.938637647977));
#11031=CARTESIAN_POINT('',(-59.699219141932,-4.50000000000006,-146.938637647977));
#11032=CARTESIAN_POINT('',(-57.8416000361881,-5.,-147.679752522997));
#11033=CARTESIAN_POINT('',(-59.699219141932,-5.,-146.938637647977));
#11034=CARTESIAN_POINT('',(-57.8416000361881,-4.50000000000006,-147.679752522997));
#11035=CARTESIAN_POINT('',(-57.8416000361881,-5.,-147.679752522997));
#11036=CARTESIAN_POINT('',(-52.7331474953926,-1.5,-149.717818429301));
#11037=CARTESIAN_POINT('',(-57.8416000361881,-4.50000000000006,-147.679752522997));
#11038=CARTESIAN_POINT('',(-52.7331474953926,1.5,-149.717818429301));
#11039=CARTESIAN_POINT('',(-52.7331474953926,-1.5,-149.717818429301));
#11040=CARTESIAN_POINT('',(-57.8416000361881,4.50000000000006,-147.679752522997));
#11041=CARTESIAN_POINT('',(-52.7331474953926,1.5,-149.717818429301));
#11042=CARTESIAN_POINT('',(-57.8416000361881,77.3320508075684,-147.679752522997));
#11043=CARTESIAN_POINT('',(-57.8416000361881,4.50000000000006,-147.679752522997));
#11044=CARTESIAN_POINT('',(-56.4109164293945,80.0000000000073,-148.250537405195));
#11045=CARTESIAN_POINT('',(-57.8416000361881,77.3320508075684,-147.679752522997));
#11046=CARTESIAN_POINT('',(-57.5906630092323,82.2000000000105,-147.779866245339));
#11047=CARTESIAN_POINT('',(-56.4109164293945,80.0000000000073,-148.250537405195));
#11048=CARTESIAN_POINT('',(-59.9501561688963,82.2000000000033,-146.838523925632));
#11049=CARTESIAN_POINT('',(-57.5906630092323,82.2000000000105,-147.779866245339));
#11050=CARTESIAN_POINT('',(-61.1299027487224,79.9999999999928,-146.36785276578));
#11051=CARTESIAN_POINT('',(-59.9501561688963,82.2000000000033,-146.838523925632));
#11052=CARTESIAN_POINT('',(-59.699219141932,77.3320508075685,-146.938637647977));
#11053=CARTESIAN_POINT('',(-61.1299027487224,79.9999999999928,-146.36785276578));
#11054=CARTESIAN_POINT('',(-59.699219141881,4.50000000001148,-146.938637647998));
#11055=CARTESIAN_POINT('',(-59.699219141932,77.3320508075685,-146.938637647977));
#11056=CARTESIAN_POINT('',(-64.8076716827084,1.50000000007427,-144.900571741681));
#11057=CARTESIAN_POINT('',(-59.699219141881,4.50000000001148,-146.938637647998));
#11058=CARTESIAN_POINT('',(-64.8076716827276,-1.5,-144.900571741673));
#11059=CARTESIAN_POINT('',(-64.8076716827084,1.50000000007427,-144.900571741681));
#11060=CARTESIAN_POINT('',(-59.699219141932,-4.50000000000006,-146.938637647977));
#11061=CARTESIAN_POINT('',(-64.8076716827276,-1.5,-144.900571741673));
#11062=CARTESIAN_POINT('',(-59.9501561688963,-82.2000000000033,-146.838523925632));
#11063=CARTESIAN_POINT('',(-61.1299027487224,-79.9999999999928,-146.36785276578));
#11064=CARTESIAN_POINT('',(-57.5906630092323,-82.2000000000105,-147.779866245339));
#11065=CARTESIAN_POINT('',(-59.9501561688963,-82.2000000000033,-146.838523925632));
#11066=CARTESIAN_POINT('',(-56.4109164293945,-80.0000000000073,-148.250537405195));
#11067=CARTESIAN_POINT('',(-57.5906630092323,-82.2000000000105,-147.779866245339));
#11068=CARTESIAN_POINT('',(-57.8416000361881,-77.3320508075684,-147.679752522997));
#11069=CARTESIAN_POINT('',(-56.4109164293945,-80.0000000000073,-148.250537405195));
#11070=CARTESIAN_POINT('',(-57.8416000361881,-6.,-147.679752522997));
#11071=CARTESIAN_POINT('',(-57.8416000361881,-77.3320508075684,-147.679752522997));
#11072=CARTESIAN_POINT('',(-59.699219141932,-6.,-146.938637647977));
#11073=CARTESIAN_POINT('',(-57.8416000361881,-6.,-147.679752522997));
#11074=CARTESIAN_POINT('',(-59.699219141932,-77.3320508075684,-146.938637647977));
#11075=CARTESIAN_POINT('',(-59.699219141932,-6.,-146.938637647977));
#11076=CARTESIAN_POINT('',(-61.1299027487224,-79.9999999999928,-146.36785276578));
#11077=CARTESIAN_POINT('',(-59.699219141932,-77.3320508075684,-146.938637647977));
#11078=CARTESIAN_POINT('',(-61.2059546388131,-96.6,-146.337511138239));
#11079=CARTESIAN_POINT('',(-61.2059546388131,-100.,-146.337511138239));
#11080=CARTESIAN_POINT('',(-61.2059546388131,96.6,-146.337511138239));
#11081=CARTESIAN_POINT('',(-61.2059546388131,100.,-146.337511138239));
#11082=CARTESIAN_POINT('',(-56.334864539307,-100.,-148.280879032735));
#11083=CARTESIAN_POINT('',(-56.3348645393069,-96.6,-148.280879032735));
#11084=CARTESIAN_POINT('',(-56.334864539307,100.,-148.280879032735));
#11085=CARTESIAN_POINT('',(-56.3348645393069,96.6,-148.280879032735));
#11086=CARTESIAN_POINT('',(-56.334864539307,100.,-148.280879032735));
#11087=CARTESIAN_POINT('',(-50.0364147222898,100.,-150.500223261426));
#11088=CARTESIAN_POINT('',(-50.0364147222898,100.,-150.500223261426));
#11089=CARTESIAN_POINT('',(-50.0364147222898,118.,-150.500223261426));
#11090=CARTESIAN_POINT('',(-56.3348645393069,118.,-148.280879032735));
#11091=CARTESIAN_POINT('',(-50.0364147222898,118.,-150.500223261426));
#11092=CARTESIAN_POINT('',(-50.0364147222898,100.,-150.500223261426));
#11093=CARTESIAN_POINT('',(-43.6569656309682,100.,-152.473044673137));
#11094=CARTESIAN_POINT('',(-43.6569656309682,100.,-152.473044673137));
#11095=CARTESIAN_POINT('',(-43.6569656309682,118.,-152.473044673137));
#11096=CARTESIAN_POINT('',(-50.0364147222898,118.,-150.500223261426));
#11097=CARTESIAN_POINT('',(-43.6569656309682,118.,-152.473044673137));
#11098=CARTESIAN_POINT('',(-43.6569656309682,100.,-152.473044673137));
#11099=CARTESIAN_POINT('',(-37.2001276240887,100.,-154.175583361152));
#11100=CARTESIAN_POINT('',(-37.2001276240887,100.,-154.175583361152));
#11101=CARTESIAN_POINT('',(-37.2001276240887,118.,-154.175583361152));
#11102=CARTESIAN_POINT('',(-43.6569656309682,118.,-152.473044673137));
#11103=CARTESIAN_POINT('',(-37.2001276240887,118.,-154.175583361152));
#11104=CARTESIAN_POINT('',(-37.2001276240887,100.,-154.175583361152));
#11105=CARTESIAN_POINT('',(-30.6717548326188,105.5,-155.6059235874));
#11106=CARTESIAN_POINT('',(-37.2001276240887,118.,-154.175583361152));
#11107=CARTESIAN_POINT('',(-30.6717548326188,112.5,-155.6059235874));
#11108=CARTESIAN_POINT('',(-30.6717548326188,105.5,-155.6059235874));
#11109=CARTESIAN_POINT('',(-30.6717548326188,112.5,-155.6059235874));
#11110=CARTESIAN_POINT('',(-61.2059546388131,100.,-146.337511138239));
#11111=CARTESIAN_POINT('',(-67.3023844680433,100.,-143.611799810864));
#11112=CARTESIAN_POINT('',(-67.3023844680433,100.,-143.611799810864));
#11113=CARTESIAN_POINT('',(-67.3023844680433,118.,-143.611799810864));
#11114=CARTESIAN_POINT('',(-61.2059546388131,118.,-146.337511138239));
#11115=CARTESIAN_POINT('',(-67.3023844680433,118.,-143.611799810864));
#11116=CARTESIAN_POINT('',(-67.3023844680433,100.,-143.611799810864));
#11117=CARTESIAN_POINT('',(-73.2878739858436,100.,-140.651510929087));
#11118=CARTESIAN_POINT('',(-73.2878739858436,100.,-140.651510929087));
#11119=CARTESIAN_POINT('',(-73.2878739858436,118.,-140.651510929087));
#11120=CARTESIAN_POINT('',(-67.3023844680433,118.,-143.611799810864));
#11121=CARTESIAN_POINT('',(-73.2878739858436,118.,-140.651510929087));
#11122=CARTESIAN_POINT('',(-73.2878739858436,100.,-140.651510929087));
#11123=CARTESIAN_POINT('',(-79.1434490900026,100.,-137.441894872481));
#11124=CARTESIAN_POINT('',(-79.1434490900026,100.,-137.441894872481));
#11125=CARTESIAN_POINT('',(-79.1434490900026,118.,-137.441894872481));
#11126=CARTESIAN_POINT('',(-73.2878739858436,118.,-140.651510929087));
#11127=CARTESIAN_POINT('',(-79.1434490900026,118.,-137.441894872481));
#11128=CARTESIAN_POINT('',(-79.1434490900026,100.,-137.441894872481));
#11129=CARTESIAN_POINT('',(-84.8635446368854,105.5,-133.985591731586));
#11130=CARTESIAN_POINT('',(-79.1434490900026,118.,-137.441894872481));
#11131=CARTESIAN_POINT('',(-84.8635446368854,112.5,-133.985591731586));
#11132=CARTESIAN_POINT('',(-84.8635446368854,105.5,-133.985591731586));
#11133=CARTESIAN_POINT('',(-84.8635446368854,112.5,-133.985591731586));
#11134=CARTESIAN_POINT('',(-56.334864539307,-100.,-148.280879032735));
#11135=CARTESIAN_POINT('',(-50.0364147222898,-100.,-150.500223261426));
#11136=CARTESIAN_POINT('',(-50.0364147222898,-100.,-150.500223261426));
#11137=CARTESIAN_POINT('',(-50.0364147222898,-118.,-150.500223261426));
#11138=CARTESIAN_POINT('',(-56.3348645393069,-118.,-148.280879032735));
#11139=CARTESIAN_POINT('',(-50.0364147222898,-118.,-150.500223261426));
#11140=CARTESIAN_POINT('',(-50.0364147222898,-100.,-150.500223261426));
#11141=CARTESIAN_POINT('',(-43.6569656309682,-100.,-152.473044673137));
#11142=CARTESIAN_POINT('',(-43.6569656309682,-100.,-152.473044673137));
#11143=CARTESIAN_POINT('',(-43.6569656309682,-118.,-152.473044673137));
#11144=CARTESIAN_POINT('',(-50.0364147222898,-118.,-150.500223261426));
#11145=CARTESIAN_POINT('',(-43.6569656309682,-118.,-152.473044673137));
#11146=CARTESIAN_POINT('',(-43.6569656309682,-100.,-152.473044673137));
#11147=CARTESIAN_POINT('',(-37.2001276240887,-100.,-154.175583361152));
#11148=CARTESIAN_POINT('',(-37.2001276240887,-100.,-154.175583361152));
#11149=CARTESIAN_POINT('',(-37.2001276240887,-118.,-154.175583361152));
#11150=CARTESIAN_POINT('',(-43.6569656309682,-118.,-152.473044673137));
#11151=CARTESIAN_POINT('',(-37.2001276240887,-118.,-154.175583361152));
#11152=CARTESIAN_POINT('',(-37.2001276240887,-100.,-154.175583361152));
#11153=CARTESIAN_POINT('',(-30.6717548326188,-105.5,-155.6059235874));
#11154=CARTESIAN_POINT('',(-37.2001276240887,-118.,-154.175583361152));
#11155=CARTESIAN_POINT('',(-30.6717548326188,-112.5,-155.6059235874));
#11156=CARTESIAN_POINT('',(-30.6717548326188,-105.5,-155.6059235874));
#11157=CARTESIAN_POINT('',(-30.6717548326188,-112.5,-155.6059235874));
#11158=CARTESIAN_POINT('',(-61.2059546388131,-100.,-146.337511138239));
#11159=CARTESIAN_POINT('',(-67.3023844680433,-100.,-143.611799810864));
#11160=CARTESIAN_POINT('',(-67.3023844680433,-100.,-143.611799810864));
#11161=CARTESIAN_POINT('',(-67.3023844680433,-118.,-143.611799810864));
#11162=CARTESIAN_POINT('',(-61.2059546388131,-118.,-146.337511138239));
#11163=CARTESIAN_POINT('',(-67.3023844680433,-118.,-143.611799810864));
#11164=CARTESIAN_POINT('',(-67.3023844680433,-100.,-143.611799810864));
#11165=CARTESIAN_POINT('',(-73.2878739858436,-100.,-140.651510929087));
#11166=CARTESIAN_POINT('',(-73.2878739858436,-100.,-140.651510929087));
#11167=CARTESIAN_POINT('',(-73.2878739858436,-118.,-140.651510929087));
#11168=CARTESIAN_POINT('',(-67.3023844680433,-118.,-143.611799810864));
#11169=CARTESIAN_POINT('',(-73.2878739858436,-118.,-140.651510929087));
#11170=CARTESIAN_POINT('',(-73.2878739858436,-100.,-140.651510929087));
#11171=CARTESIAN_POINT('',(-79.1434490900026,-100.,-137.441894872481));
#11172=CARTESIAN_POINT('',(-79.1434490900026,-100.,-137.441894872481));
#11173=CARTESIAN_POINT('',(-79.1434490900026,-118.,-137.441894872481));
#11174=CARTESIAN_POINT('',(-73.2878739858436,-118.,-140.651510929087));
#11175=CARTESIAN_POINT('',(-79.1434490900026,-118.,-137.441894872481));
#11176=CARTESIAN_POINT('',(-79.1434490900026,-100.,-137.441894872481));
#11177=CARTESIAN_POINT('',(-84.8635446368854,-105.5,-133.985591731586));
#11178=CARTESIAN_POINT('',(-79.1434490900026,-118.,-137.441894872481));
#11179=CARTESIAN_POINT('',(-84.8635446368854,-112.5,-133.985591731586));
#11180=CARTESIAN_POINT('',(-84.8635446368854,-105.5,-133.985591731586));
#11181=CARTESIAN_POINT('',(-84.8635446368854,-112.5,-133.985591731586));
#11182=CARTESIAN_POINT('',(22.9842184471873,-159.,-158.312708909841));
#11183=CARTESIAN_POINT('',(4.69800742769821,100.,-158.55208852485));
#11184=CARTESIAN_POINT('',(11.3663225672249,100.,-158.19218283878));
#11185=CARTESIAN_POINT('',(18.0151310806716,100.,-157.573522687494));
#11186=CARTESIAN_POINT('',(24.6320049088324,100.,-156.675538403962));
#11187=CARTESIAN_POINT('',(-0.545987712467737,100.,-158.620736181625));
#11188=CARTESIAN_POINT('',(-7.22143901948099,100.,-158.435509966952));
#11189=CARTESIAN_POINT('',(-13.8841637871082,100.,-157.991107331814));
#11190=CARTESIAN_POINT('',(-20.5222766660395,100.,-157.266640329227));
#11191=CARTESIAN_POINT('',(4.69800742769821,-100.,-158.55208852485));
#11192=CARTESIAN_POINT('',(11.3663225672249,-100.,-158.19218283878));
#11193=CARTESIAN_POINT('',(18.0151310806716,-100.,-157.573522687494));
#11194=CARTESIAN_POINT('',(24.6320049088324,-100.,-156.675538403962));
#11195=CARTESIAN_POINT('',(-0.545987712467737,-100.,-158.620736181625));
#11196=CARTESIAN_POINT('',(-7.22143901948099,-100.,-158.435509966952));
#11197=CARTESIAN_POINT('',(-13.8841637871082,-100.,-157.991107331814));
#11198=CARTESIAN_POINT('',(-20.5222766660395,-100.,-157.266640329227));
#11199=CARTESIAN_POINT('',(4.69800742769821,-100.,-158.55208852485));
#11200=CARTESIAN_POINT('',(4.69800742769821,-118.,-158.55208852485));
#11201=CARTESIAN_POINT('',(-0.545987712467737,-100.,-158.620736181625));
#11202=CARTESIAN_POINT('',(-0.545987712467737,-118.,-158.620736181625));
#11203=CARTESIAN_POINT('',(-0.545987712467737,100.,-158.620736181625));
#11204=CARTESIAN_POINT('',(-0.545987712467737,118.,-158.620736181625));
#11205=CARTESIAN_POINT('',(4.69800742769821,100.,-158.55208852485));
#11206=CARTESIAN_POINT('',(4.69800742769821,118.,-158.55208852485));
#11207=CARTESIAN_POINT('',(4.69800742769822,96.6,-158.55208852485));
#11208=CARTESIAN_POINT('',(-0.54598771246773,96.6,-158.620736181625));
#11209=CARTESIAN_POINT('',(-0.54598771246773,-96.6,-158.620736181625));
#11210=CARTESIAN_POINT('',(4.69800742769822,-96.6,-158.55208852485));
#11211=CARTESIAN_POINT('',(-13.9226193835689,88.,-158.795845882379));
#11212=CARTESIAN_POINT('',(-13.9226193835026,5.50000000018281,-158.795845882378));
#11213=CARTESIAN_POINT('',(-18.4222338575856,5.50000000023424,-158.854749062449));
#11214=CARTESIAN_POINT('',(-18.4222338576085,3.50000000023424,-158.85474906245));
#11215=CARTESIAN_POINT('',(-15.9224480386735,3.50000000020567,-158.822025073521));
#11216=CARTESIAN_POINT('',(-15.9224480386621,4.50000000020566,-158.822025073521));
#11217=CARTESIAN_POINT('',(-13.922619383514,4.50000000018291,-158.795845882378));
#11218=CARTESIAN_POINT('',(-8.42309058189129,1.50000000011997,-158.723853106736));
#11219=CARTESIAN_POINT('',(-8.42309058191185,-1.5,-158.723853106737));
#11220=CARTESIAN_POINT('',(-13.9226193835689,-4.50000000000011,-158.795845882379));
#11221=CARTESIAN_POINT('',(-13.9226193835689,-88.,-158.795845882379));
#11222=CARTESIAN_POINT('',(18.0746390987994,-88.,-158.376978824096));
#11223=CARTESIAN_POINT('',(18.0746390987993,-4.50000000000011,-158.376978824096));
#11224=CARTESIAN_POINT('',(12.5751102971423,-1.5,-158.448971599738));
#11225=CARTESIAN_POINT('',(12.5751102971423,1.5,-158.448971599738));
#11226=CARTESIAN_POINT('',(18.0746390987993,4.5000000000001,-158.376978824096));
#11227=CARTESIAN_POINT('',(20.0744677539474,4.5,-158.350799632953));
#11228=CARTESIAN_POINT('',(20.0744677539474,3.5,-158.350799632953));
#11229=CARTESIAN_POINT('',(22.5742535728824,3.5,-158.318075644025));
#11230=CARTESIAN_POINT('',(22.5742535728824,5.5,-158.318075644025));
#11231=CARTESIAN_POINT('',(18.0746390987993,5.5,-158.376978824096));
#11232=CARTESIAN_POINT('',(18.0746390987993,88.,-158.376978824096));
#11233=CARTESIAN_POINT('',(1.07609553004123,-5.,-158.599501948809));
#11234=CARTESIAN_POINT('',(3.07592418518924,-5.,-158.573322757666));
#11235=CARTESIAN_POINT('',(3.07592418518924,-4.50000000000006,-158.573322757666));
#11236=CARTESIAN_POINT('',(8.57545298684627,-1.5,-158.501329982024));
#11237=CARTESIAN_POINT('',(8.57545298684627,1.5,-158.501329982024));
#11238=CARTESIAN_POINT('',(3.07592418518925,4.50000000000006,-158.573322757666));
#11239=CARTESIAN_POINT('',(3.07592418518922,77.3320508075684,-158.573322757666));
#11240=CARTESIAN_POINT('',(4.61613340486713,80.0000000000073,-158.55316031452));
#11241=CARTESIAN_POINT('',(3.34607163123575,82.2000000000105,-158.569786333879));
#11242=CARTESIAN_POINT('',(0.805948083985559,82.2000000000033,-158.603038372596));
#11243=CARTESIAN_POINT('',(-0.464113689633232,79.9999999999928,-158.619664391955));
#11244=CARTESIAN_POINT('',(1.07609553004123,77.3320508075685,-158.599501948809));
#11245=CARTESIAN_POINT('',(1.07609553009607,4.50000000001148,-158.599501948808));
#11246=CARTESIAN_POINT('',(-4.42343327159524,1.50000000007427,-158.671494724451));
#11247=CARTESIAN_POINT('',(-4.42343327161583,-1.5,-158.671494724451));
#11248=CARTESIAN_POINT('',(1.07609553004123,-4.50000000000006,-158.599501948809));
#11249=CARTESIAN_POINT('',(0.805948083985559,-82.2000000000033,-158.603038372596));
#11250=CARTESIAN_POINT('',(3.34607163123575,-82.2000000000105,-158.569786333879));
#11251=CARTESIAN_POINT('',(4.61613340486712,-80.0000000000073,-158.55316031452));
#11252=CARTESIAN_POINT('',(3.07592418518924,-77.3320508075684,-158.573322757666));
#11253=CARTESIAN_POINT('',(3.07592418518925,-6.,-158.573322757666));
#11254=CARTESIAN_POINT('',(1.07609553004123,-6.,-158.599501948809));
#11255=CARTESIAN_POINT('',(1.07609553004124,-77.3320508075684,-158.599501948809));
#11256=CARTESIAN_POINT('',(-0.464113689633232,-79.9999999999928,-158.619664391955));
#11257=CARTESIAN_POINT('',(11.3663225672249,100.,-158.19218283878));
#11258=CARTESIAN_POINT('',(11.3663225672249,118.,-158.19218283878));
#11259=CARTESIAN_POINT('',(18.0151310806716,100.,-157.573522687494));
#11260=CARTESIAN_POINT('',(18.0151310806716,118.,-157.573522687494));
#11261=CARTESIAN_POINT('',(24.6320049088324,100.,-156.675538403962));
#11262=CARTESIAN_POINT('',(24.6320049088324,118.,-156.675538403962));
#11263=CARTESIAN_POINT('',(31.2108024187054,105.5,-155.498700355921));
#11264=CARTESIAN_POINT('',(31.2108024187054,112.5,-155.498700355921));
#11265=CARTESIAN_POINT('',(-7.22143901948099,100.,-158.435509966952));
#11266=CARTESIAN_POINT('',(-7.22143901948099,118.,-158.435509966952));
#11267=CARTESIAN_POINT('',(-13.8841637871082,100.,-157.991107331814));
#11268=CARTESIAN_POINT('',(-13.8841637871082,118.,-157.991107331814));
#11269=CARTESIAN_POINT('',(-20.5222766660395,100.,-157.266640329227));
#11270=CARTESIAN_POINT('',(-20.5222766660395,118.,-157.266640329227));
#11271=CARTESIAN_POINT('',(-27.1296258150653,105.5,-156.262418396538));
#11272=CARTESIAN_POINT('',(-27.1296258150653,112.5,-156.262418396538));
#11273=CARTESIAN_POINT('',(11.3663225672249,-100.,-158.19218283878));
#11274=CARTESIAN_POINT('',(11.3663225672249,-118.,-158.19218283878));
#11275=CARTESIAN_POINT('',(18.0151310806716,-100.,-157.573522687494));
#11276=CARTESIAN_POINT('',(18.0151310806716,-118.,-157.573522687494));
#11277=CARTESIAN_POINT('',(24.6320049088324,-100.,-156.675538403962));
#11278=CARTESIAN_POINT('',(24.6320049088324,-118.,-156.675538403962));
#11279=CARTESIAN_POINT('',(31.2108024187054,-105.5,-155.498700355921));
#11280=CARTESIAN_POINT('',(31.2108024187054,-112.5,-155.498700355921));
#11281=CARTESIAN_POINT('',(-7.22143901948099,-100.,-158.435509966952));
#11282=CARTESIAN_POINT('',(-7.22143901948099,-118.,-158.435509966952));
#11283=CARTESIAN_POINT('',(-13.8841637871082,-100.,-157.991107331814));
#11284=CARTESIAN_POINT('',(-13.8841637871082,-118.,-157.991107331814));
#11285=CARTESIAN_POINT('',(-20.5222766660395,-100.,-157.266640329227));
#11286=CARTESIAN_POINT('',(-20.5222766660395,-118.,-157.266640329227));
#11287=CARTESIAN_POINT('',(-27.1296258150653,-105.5,-156.262418396538));
#11288=CARTESIAN_POINT('',(-27.1296258150653,-112.5,-156.262418396538));
#11289=CARTESIAN_POINT('',(4.69800742769821,-100.,-158.55208852485));
#11290=CARTESIAN_POINT('',(4.69800742769821,-118.,-158.55208852485));
#11291=CARTESIAN_POINT('',(-0.545987712467737,-100.,-158.620736181625));
#11292=CARTESIAN_POINT('',(-0.545987712467737,-118.,-158.620736181625));
#11293=CARTESIAN_POINT('',(-0.545987712467737,100.,-158.620736181625));
#11294=CARTESIAN_POINT('',(-0.545987712467737,118.,-158.620736181625));
#11295=CARTESIAN_POINT('',(4.69800742769821,100.,-158.55208852485));
#11296=CARTESIAN_POINT('',(4.69800742769821,118.,-158.55208852485));
#11297=CARTESIAN_POINT('',(-0.545987712467737,-118.,-158.620736181625));
#11298=CARTESIAN_POINT('',(4.69800742769821,-118.,-158.55208852485));
#11299=CARTESIAN_POINT('',(-0.545987712467737,118.,-158.620736181625));
#11300=CARTESIAN_POINT('',(4.69800742769821,118.,-158.55208852485));
#11301=CARTESIAN_POINT('',(4.69800742769822,96.6,-158.55208852485));
#11302=CARTESIAN_POINT('',(18.0746390987993,88.,-158.376978824096));
#11303=CARTESIAN_POINT('',(-13.9226193835689,88.,-158.795845882379));
#11304=CARTESIAN_POINT('',(-0.54598771246773,96.6,-158.620736181625));
#11305=CARTESIAN_POINT('',(-13.9226193835026,5.50000000018281,-158.795845882378));
#11306=CARTESIAN_POINT('',(-13.9226193835689,88.,-158.795845882379));
#11307=CARTESIAN_POINT('',(-18.4222338575856,5.50000000023424,-158.854749062449));
#11308=CARTESIAN_POINT('',(-13.9226193835026,5.50000000018281,-158.795845882378));
#11309=CARTESIAN_POINT('',(-18.4222338576085,3.50000000023424,-158.85474906245));
#11310=CARTESIAN_POINT('',(-18.4222338575856,5.50000000023424,-158.854749062449));
#11311=CARTESIAN_POINT('',(-15.9224480386735,3.50000000020567,-158.822025073521));
#11312=CARTESIAN_POINT('',(-18.4222338576085,3.50000000023424,-158.85474906245));
#11313=CARTESIAN_POINT('',(-15.9224480386621,4.50000000020566,-158.822025073521));
#11314=CARTESIAN_POINT('',(-15.9224480386735,3.50000000020567,-158.822025073521));
#11315=CARTESIAN_POINT('',(-13.922619383514,4.50000000018291,-158.795845882378));
#11316=CARTESIAN_POINT('',(-15.9224480386621,4.50000000020566,-158.822025073521));
#11317=CARTESIAN_POINT('',(-8.42309058189129,1.50000000011997,-158.723853106736));
#11318=CARTESIAN_POINT('',(-13.922619383514,4.50000000018291,-158.795845882378));
#11319=CARTESIAN_POINT('',(-8.42309058191185,-1.5,-158.723853106737));
#11320=CARTESIAN_POINT('',(-8.42309058189129,1.50000000011997,-158.723853106736));
#11321=CARTESIAN_POINT('',(-13.9226193835689,-4.50000000000011,-158.795845882379));
#11322=CARTESIAN_POINT('',(-8.42309058191185,-1.5,-158.723853106737));
#11323=CARTESIAN_POINT('',(-13.9226193835689,-88.,-158.795845882379));
#11324=CARTESIAN_POINT('',(-13.9226193835689,-4.50000000000011,-158.795845882379));
#11325=CARTESIAN_POINT('',(-0.54598771246773,-96.6,-158.620736181625));
#11326=CARTESIAN_POINT('',(-13.9226193835689,-88.,-158.795845882379));
#11327=CARTESIAN_POINT('',(18.0746390987994,-88.,-158.376978824096));
#11328=CARTESIAN_POINT('',(4.69800742769822,-96.6,-158.55208852485));
#11329=CARTESIAN_POINT('',(18.0746390987993,-4.50000000000011,-158.376978824096));
#11330=CARTESIAN_POINT('',(18.0746390987994,-88.,-158.376978824096));
#11331=CARTESIAN_POINT('',(12.5751102971423,-1.5,-158.448971599738));
#11332=CARTESIAN_POINT('',(18.0746390987993,-4.50000000000011,-158.376978824096));
#11333=CARTESIAN_POINT('',(12.5751102971423,1.5,-158.448971599738));
#11334=CARTESIAN_POINT('',(12.5751102971423,-1.5,-158.448971599738));
#11335=CARTESIAN_POINT('',(18.0746390987993,4.5000000000001,-158.376978824096));
#11336=CARTESIAN_POINT('',(12.5751102971423,1.5,-158.448971599738));
#11337=CARTESIAN_POINT('',(20.0744677539474,4.5,-158.350799632953));
#11338=CARTESIAN_POINT('',(18.0746390987993,4.5000000000001,-158.376978824096));
#11339=CARTESIAN_POINT('',(20.0744677539474,3.5,-158.350799632953));
#11340=CARTESIAN_POINT('',(20.0744677539474,4.5,-158.350799632953));
#11341=CARTESIAN_POINT('',(22.5742535728824,3.5,-158.318075644025));
#11342=CARTESIAN_POINT('',(20.0744677539474,3.5,-158.350799632953));
#11343=CARTESIAN_POINT('',(22.5742535728824,5.5,-158.318075644025));
#11344=CARTESIAN_POINT('',(22.5742535728824,3.5,-158.318075644025));
#11345=CARTESIAN_POINT('',(18.0746390987993,5.5,-158.376978824096));
#11346=CARTESIAN_POINT('',(22.5742535728824,5.5,-158.318075644025));
#11347=CARTESIAN_POINT('',(18.0746390987993,88.,-158.376978824096));
#11348=CARTESIAN_POINT('',(18.0746390987993,5.5,-158.376978824096));
#11349=CARTESIAN_POINT('',(1.07609553004123,-5.,-158.599501948809));
#11350=CARTESIAN_POINT('',(1.07609553004123,-4.50000000000006,-158.599501948809));
#11351=CARTESIAN_POINT('',(3.07592418518924,-5.,-158.573322757666));
#11352=CARTESIAN_POINT('',(1.07609553004123,-5.,-158.599501948809));
#11353=CARTESIAN_POINT('',(3.07592418518924,-4.50000000000006,-158.573322757666));
#11354=CARTESIAN_POINT('',(3.07592418518924,-5.,-158.573322757666));
#11355=CARTESIAN_POINT('',(8.57545298684627,-1.5,-158.501329982024));
#11356=CARTESIAN_POINT('',(3.07592418518924,-4.50000000000006,-158.573322757666));
#11357=CARTESIAN_POINT('',(8.57545298684627,1.5,-158.501329982024));
#11358=CARTESIAN_POINT('',(8.57545298684627,-1.5,-158.501329982024));
#11359=CARTESIAN_POINT('',(3.07592418518925,4.50000000000006,-158.573322757666));
#11360=CARTESIAN_POINT('',(8.57545298684627,1.5,-158.501329982024));
#11361=CARTESIAN_POINT('',(3.07592418518922,77.3320508075684,-158.573322757666));
#11362=CARTESIAN_POINT('',(3.07592418518925,4.50000000000006,-158.573322757666));
#11363=CARTESIAN_POINT('',(4.61613340486713,80.0000000000073,-158.55316031452));
#11364=CARTESIAN_POINT('',(3.07592418518922,77.3320508075684,-158.573322757666));
#11365=CARTESIAN_POINT('',(3.34607163123575,82.2000000000105,-158.569786333879));
#11366=CARTESIAN_POINT('',(4.61613340486713,80.0000000000073,-158.55316031452));
#11367=CARTESIAN_POINT('',(0.805948083985559,82.2000000000033,-158.603038372596));
#11368=CARTESIAN_POINT('',(3.34607163123575,82.2000000000105,-158.569786333879));
#11369=CARTESIAN_POINT('',(-0.464113689633232,79.9999999999928,-158.619664391955));
#11370=CARTESIAN_POINT('',(0.805948083985559,82.2000000000033,-158.603038372596));
#11371=CARTESIAN_POINT('',(1.07609553004123,77.3320508075685,-158.599501948809));
#11372=CARTESIAN_POINT('',(-0.464113689633232,79.9999999999928,-158.619664391955));
#11373=CARTESIAN_POINT('',(1.07609553009607,4.50000000001148,-158.599501948808));
#11374=CARTESIAN_POINT('',(1.07609553004123,77.3320508075685,-158.599501948809));
#11375=CARTESIAN_POINT('',(-4.42343327159524,1.50000000007427,-158.671494724451));
#11376=CARTESIAN_POINT('',(1.07609553009607,4.50000000001148,-158.599501948808));
#11377=CARTESIAN_POINT('',(-4.42343327161583,-1.5,-158.671494724451));
#11378=CARTESIAN_POINT('',(-4.42343327159524,1.50000000007427,-158.671494724451));
#11379=CARTESIAN_POINT('',(1.07609553004123,-4.50000000000006,-158.599501948809));
#11380=CARTESIAN_POINT('',(-4.42343327161583,-1.5,-158.671494724451));
#11381=CARTESIAN_POINT('',(0.805948083985559,-82.2000000000033,-158.603038372596));
#11382=CARTESIAN_POINT('',(-0.464113689633232,-79.9999999999928,-158.619664391955));
#11383=CARTESIAN_POINT('',(3.34607163123575,-82.2000000000105,-158.569786333879));
#11384=CARTESIAN_POINT('',(0.805948083985559,-82.2000000000033,-158.603038372596));
#11385=CARTESIAN_POINT('',(4.61613340486712,-80.0000000000073,-158.55316031452));
#11386=CARTESIAN_POINT('',(3.34607163123575,-82.2000000000105,-158.569786333879));
#11387=CARTESIAN_POINT('',(3.07592418518924,-77.3320508075684,-158.573322757666));
#11388=CARTESIAN_POINT('',(4.61613340486712,-80.0000000000073,-158.55316031452));
#11389=CARTESIAN_POINT('',(3.07592418518925,-6.,-158.573322757666));
#11390=CARTESIAN_POINT('',(3.07592418518924,-77.3320508075684,-158.573322757666));
#11391=CARTESIAN_POINT('',(1.07609553004123,-6.,-158.599501948809));
#11392=CARTESIAN_POINT('',(3.07592418518925,-6.,-158.573322757666));
#11393=CARTESIAN_POINT('',(1.07609553004124,-77.3320508075684,-158.599501948809));
#11394=CARTESIAN_POINT('',(1.07609553004123,-6.,-158.599501948809));
#11395=CARTESIAN_POINT('',(-0.464113689633232,-79.9999999999928,-158.619664391955));
#11396=CARTESIAN_POINT('',(1.07609553004124,-77.3320508075684,-158.599501948809));
#11397=CARTESIAN_POINT('',(-0.54598771246773,-96.6,-158.620736181625));
#11398=CARTESIAN_POINT('',(-0.545987712467737,-100.,-158.620736181625));
#11399=CARTESIAN_POINT('',(-0.54598771246773,96.6,-158.620736181625));
#11400=CARTESIAN_POINT('',(-0.545987712467737,100.,-158.620736181625));
#11401=CARTESIAN_POINT('',(4.69800742769821,-100.,-158.55208852485));
#11402=CARTESIAN_POINT('',(4.69800742769822,-96.6,-158.55208852485));
#11403=CARTESIAN_POINT('',(4.69800742769821,100.,-158.55208852485));
#11404=CARTESIAN_POINT('',(4.69800742769822,96.6,-158.55208852485));
#11405=CARTESIAN_POINT('',(4.69800742769821,100.,-158.55208852485));
#11406=CARTESIAN_POINT('',(11.3663225672249,100.,-158.19218283878));
#11407=CARTESIAN_POINT('',(11.3663225672249,100.,-158.19218283878));
#11408=CARTESIAN_POINT('',(11.3663225672249,118.,-158.19218283878));
#11409=CARTESIAN_POINT('',(4.69800742769821,118.,-158.55208852485));
#11410=CARTESIAN_POINT('',(11.3663225672249,118.,-158.19218283878));
#11411=CARTESIAN_POINT('',(11.3663225672249,100.,-158.19218283878));
#11412=CARTESIAN_POINT('',(18.0151310806716,100.,-157.573522687494));
#11413=CARTESIAN_POINT('',(18.0151310806716,100.,-157.573522687494));
#11414=CARTESIAN_POINT('',(18.0151310806716,118.,-157.573522687494));
#11415=CARTESIAN_POINT('',(11.3663225672249,118.,-158.19218283878));
#11416=CARTESIAN_POINT('',(18.0151310806716,118.,-157.573522687494));
#11417=CARTESIAN_POINT('',(18.0151310806716,100.,-157.573522687494));
#11418=CARTESIAN_POINT('',(24.6320049088324,100.,-156.675538403962));
#11419=CARTESIAN_POINT('',(24.6320049088324,100.,-156.675538403962));
#11420=CARTESIAN_POINT('',(24.6320049088324,118.,-156.675538403962));
#11421=CARTESIAN_POINT('',(18.0151310806716,118.,-157.573522687494));
#11422=CARTESIAN_POINT('',(24.6320049088324,118.,-156.675538403962));
#11423=CARTESIAN_POINT('',(24.6320049088324,100.,-156.675538403962));
#11424=CARTESIAN_POINT('',(31.2108024187054,105.5,-155.498700355921));
#11425=CARTESIAN_POINT('',(24.6320049088324,118.,-156.675538403962));
#11426=CARTESIAN_POINT('',(31.2108024187054,112.5,-155.498700355921));
#11427=CARTESIAN_POINT('',(31.2108024187054,105.5,-155.498700355921));
#11428=CARTESIAN_POINT('',(31.2108024187054,112.5,-155.498700355921));
#11429=CARTESIAN_POINT('',(-0.545987712467737,100.,-158.620736181625));
#11430=CARTESIAN_POINT('',(-7.22143901948099,100.,-158.435509966952));
#11431=CARTESIAN_POINT('',(-7.22143901948099,100.,-158.435509966952));
#11432=CARTESIAN_POINT('',(-7.22143901948099,118.,-158.435509966952));
#11433=CARTESIAN_POINT('',(-0.545987712467737,118.,-158.620736181625));
#11434=CARTESIAN_POINT('',(-7.22143901948099,118.,-158.435509966952));
#11435=CARTESIAN_POINT('',(-7.22143901948099,100.,-158.435509966952));
#11436=CARTESIAN_POINT('',(-13.8841637871082,100.,-157.991107331814));
#11437=CARTESIAN_POINT('',(-13.8841637871082,100.,-157.991107331814));
#11438=CARTESIAN_POINT('',(-13.8841637871082,118.,-157.991107331814));
#11439=CARTESIAN_POINT('',(-7.22143901948099,118.,-158.435509966952));
#11440=CARTESIAN_POINT('',(-13.8841637871082,118.,-157.991107331814));
#11441=CARTESIAN_POINT('',(-13.8841637871082,100.,-157.991107331814));
#11442=CARTESIAN_POINT('',(-20.5222766660395,100.,-157.266640329227));
#11443=CARTESIAN_POINT('',(-20.5222766660395,100.,-157.266640329227));
#11444=CARTESIAN_POINT('',(-20.5222766660395,118.,-157.266640329227));
#11445=CARTESIAN_POINT('',(-13.8841637871082,118.,-157.991107331814));
#11446=CARTESIAN_POINT('',(-20.5222766660395,118.,-157.266640329227));
#11447=CARTESIAN_POINT('',(-20.5222766660395,100.,-157.266640329227));
#11448=CARTESIAN_POINT('',(-27.1296258150653,105.5,-156.262418396538));
#11449=CARTESIAN_POINT('',(-20.5222766660395,118.,-157.266640329227));
#11450=CARTESIAN_POINT('',(-27.1296258150653,112.5,-156.262418396538));
#11451=CARTESIAN_POINT('',(-27.1296258150653,105.5,-156.262418396538));
#11452=CARTESIAN_POINT('',(-27.1296258150653,112.5,-156.262418396538));
#11453=CARTESIAN_POINT('',(4.69800742769821,-100.,-158.55208852485));
#11454=CARTESIAN_POINT('',(11.3663225672249,-100.,-158.19218283878));
#11455=CARTESIAN_POINT('',(11.3663225672249,-100.,-158.19218283878));
#11456=CARTESIAN_POINT('',(11.3663225672249,-118.,-158.19218283878));
#11457=CARTESIAN_POINT('',(4.69800742769821,-118.,-158.55208852485));
#11458=CARTESIAN_POINT('',(11.3663225672249,-118.,-158.19218283878));
#11459=CARTESIAN_POINT('',(11.3663225672249,-100.,-158.19218283878));
#11460=CARTESIAN_POINT('',(18.0151310806716,-100.,-157.573522687494));
#11461=CARTESIAN_POINT('',(18.0151310806716,-100.,-157.573522687494));
#11462=CARTESIAN_POINT('',(18.0151310806716,-118.,-157.573522687494));
#11463=CARTESIAN_POINT('',(11.3663225672249,-118.,-158.19218283878));
#11464=CARTESIAN_POINT('',(18.0151310806716,-118.,-157.573522687494));
#11465=CARTESIAN_POINT('',(18.0151310806716,-100.,-157.573522687494));
#11466=CARTESIAN_POINT('',(24.6320049088324,-100.,-156.675538403962));
#11467=CARTESIAN_POINT('',(24.6320049088324,-100.,-156.675538403962));
#11468=CARTESIAN_POINT('',(24.6320049088324,-118.,-156.675538403962));
#11469=CARTESIAN_POINT('',(18.0151310806716,-118.,-157.573522687494));
#11470=CARTESIAN_POINT('',(24.6320049088324,-118.,-156.675538403962));
#11471=CARTESIAN_POINT('',(24.6320049088324,-100.,-156.675538403962));
#11472=CARTESIAN_POINT('',(31.2108024187054,-105.5,-155.498700355921));
#11473=CARTESIAN_POINT('',(24.6320049088324,-118.,-156.675538403962));
#11474=CARTESIAN_POINT('',(31.2108024187054,-112.5,-155.498700355921));
#11475=CARTESIAN_POINT('',(31.2108024187054,-105.5,-155.498700355921));
#11476=CARTESIAN_POINT('',(31.2108024187054,-112.5,-155.498700355921));
#11477=CARTESIAN_POINT('',(-0.545987712467737,-100.,-158.620736181625));
#11478=CARTESIAN_POINT('',(-7.22143901948099,-100.,-158.435509966952));
#11479=CARTESIAN_POINT('',(-7.22143901948099,-100.,-158.435509966952));
#11480=CARTESIAN_POINT('',(-7.22143901948099,-118.,-158.435509966952));
#11481=CARTESIAN_POINT('',(-0.545987712467737,-118.,-158.620736181625));
#11482=CARTESIAN_POINT('',(-7.22143901948099,-118.,-158.435509966952));
#11483=CARTESIAN_POINT('',(-7.22143901948099,-100.,-158.435509966952));
#11484=CARTESIAN_POINT('',(-13.8841637871082,-100.,-157.991107331814));
#11485=CARTESIAN_POINT('',(-13.8841637871082,-100.,-157.991107331814));
#11486=CARTESIAN_POINT('',(-13.8841637871082,-118.,-157.991107331814));
#11487=CARTESIAN_POINT('',(-7.22143901948099,-118.,-158.435509966952));
#11488=CARTESIAN_POINT('',(-13.8841637871082,-118.,-157.991107331814));
#11489=CARTESIAN_POINT('',(-13.8841637871082,-100.,-157.991107331814));
#11490=CARTESIAN_POINT('',(-20.5222766660395,-100.,-157.266640329227));
#11491=CARTESIAN_POINT('',(-20.5222766660395,-100.,-157.266640329227));
#11492=CARTESIAN_POINT('',(-20.5222766660395,-118.,-157.266640329227));
#11493=CARTESIAN_POINT('',(-13.8841637871082,-118.,-157.991107331814));
#11494=CARTESIAN_POINT('',(-20.5222766660395,-118.,-157.266640329227));
#11495=CARTESIAN_POINT('',(-20.5222766660395,-100.,-157.266640329227));
#11496=CARTESIAN_POINT('',(-27.1296258150653,-105.5,-156.262418396538));
#11497=CARTESIAN_POINT('',(-20.5222766660395,-118.,-157.266640329227));
#11498=CARTESIAN_POINT('',(-27.1296258150653,-112.5,-156.262418396538));
#11499=CARTESIAN_POINT('',(-27.1296258150653,-105.5,-156.262418396538));
#11500=CARTESIAN_POINT('',(-27.1296258150653,-112.5,-156.262418396538));
#11501=CARTESIAN_POINT('',(81.8182998267578,-159.,-137.46619189262));
#11502=CARTESIAN_POINT('',(65.0156503513797,100.,-144.685179817319));
#11503=CARTESIAN_POINT('',(71.0386402818502,100.,-141.800816594637));
#11504=CARTESIAN_POINT('',(76.9445873928491,100.,-138.68486028022));
#11505=CARTESIAN_POINT('',(82.7141379840643,100.,-135.323062992061));
#11506=CARTESIAN_POINT('',(60.1971008937099,100.,-146.755392041912));
#11507=CARTESIAN_POINT('',(53.9589050572895,100.,-149.138849952045));
#11508=CARTESIAN_POINT('',(47.6332844879562,100.,-151.277989836226));
#11509=CARTESIAN_POINT('',(41.2232263454269,100.,-153.148965421493));
#11510=CARTESIAN_POINT('',(65.0156503513797,-100.,-144.685179817319));
#11511=CARTESIAN_POINT('',(71.0386402818502,-100.,-141.800816594637));
#11512=CARTESIAN_POINT('',(76.9445873928491,-100.,-138.68486028022));
#11513=CARTESIAN_POINT('',(82.7141379840643,-100.,-135.323062992061));
#11514=CARTESIAN_POINT('',(60.1971008937099,-100.,-146.755392041912));
#11515=CARTESIAN_POINT('',(53.9589050572895,-100.,-149.138849952045));
#11516=CARTESIAN_POINT('',(47.6332844879562,-100.,-151.277989836226));
#11517=CARTESIAN_POINT('',(41.2232263454269,-100.,-153.148965421493));
#11518=CARTESIAN_POINT('',(65.0156503513797,-100.,-144.685179817319));
#11519=CARTESIAN_POINT('',(65.0156503513797,-118.,-144.685179817319));
#11520=CARTESIAN_POINT('',(60.1971008937099,-100.,-146.755392041912));
#11521=CARTESIAN_POINT('',(60.1971008937099,-118.,-146.755392041912));
#11522=CARTESIAN_POINT('',(60.1971008937099,100.,-146.755392041912));
#11523=CARTESIAN_POINT('',(60.1971008937099,118.,-146.755392041912));
#11524=CARTESIAN_POINT('',(65.0156503513797,100.,-144.685179817319));
#11525=CARTESIAN_POINT('',(65.0156503513797,118.,-144.685179817319));
#11526=CARTESIAN_POINT('',(65.0156503513797,96.6,-144.685179817319));
#11527=CARTESIAN_POINT('',(60.1971008937099,96.6,-146.755392041912));
#11528=CARTESIAN_POINT('',(60.1971008937099,-96.6,-146.755392041912));
#11529=CARTESIAN_POINT('',(65.0156503513797,-96.6,-144.685179817319));
#11530=CARTESIAN_POINT('',(47.9057162601624,88.,-152.036187631764));
#11531=CARTESIAN_POINT('',(47.9057162602233,5.50000000018281,-152.036187631737));
#11532=CARTESIAN_POINT('',(43.7711558145533,5.50000000023424,-153.812534985467));
#11533=CARTESIAN_POINT('',(43.7711558145323,3.50000000023424,-153.812534985476));
#11534=CARTESIAN_POINT('',(46.0681338399045,3.50000000020567,-152.825675344515));
#11535=CARTESIAN_POINT('',(46.068133839915,4.50000000020566,-152.82567534451));
#11536=CARTESIAN_POINT('',(47.9057162602128,4.50000000018291,-152.036187631742));
#11537=CARTESIAN_POINT('',(52.9590679160002,1.50000000011997,-149.865096421642));
#11538=CARTESIAN_POINT('',(52.9590679159814,-1.5,-149.86509642165));
#11539=CARTESIAN_POINT('',(47.9057162601624,-4.50000000000011,-152.036187631764));
#11540=CARTESIAN_POINT('',(47.9057162601624,-88.,-152.036187631764));
#11541=CARTESIAN_POINT('',(77.3070349849272,-88.,-139.404384227467));
#11542=CARTESIAN_POINT('',(77.3070349849271,-4.50000000000011,-139.404384227467));
#11543=CARTESIAN_POINT('',(72.2536833291082,-1.5,-141.57547543758));
#11544=CARTESIAN_POINT('',(72.2536833291082,1.5,-141.57547543758));
#11545=CARTESIAN_POINT('',(77.3070349849271,4.5000000000001,-139.404384227467));
#11546=CARTESIAN_POINT('',(79.1446174052249,4.5,-138.614896514698));
#11547=CARTESIAN_POINT('',(79.1446174052249,3.5,-138.614896514698));
#11548=CARTESIAN_POINT('',(81.4415954305972,3.5,-137.628036873738));
#11549=CARTESIAN_POINT('',(81.4415954305972,5.5,-137.628036873738));
#11550=CARTESIAN_POINT('',(77.3070349849271,5.5,-139.404384227467));
#11551=CARTESIAN_POINT('',(77.3070349849271,88.,-139.404384227467));
#11552=CARTESIAN_POINT('',(61.6875844123959,-5.,-146.115029786));
#11553=CARTESIAN_POINT('',(63.5251668326937,-5.,-145.325542073231));
#11554=CARTESIAN_POINT('',(63.5251668326937,-4.50000000000006,-145.325542073231));
#11555=CARTESIAN_POINT('',(68.5785184885126,-1.5,-143.154450863118));
#11556=CARTESIAN_POINT('',(68.5785184885126,1.5,-143.154450863118));
#11557=CARTESIAN_POINT('',(63.5251668326937,4.50000000000006,-145.325542073231));
#11558=CARTESIAN_POINT('',(63.5251668326937,77.3320508075684,-145.325542073231));
#11559=CARTESIAN_POINT('',(64.9404187735912,80.0000000000073,-144.717501853936));
#11560=CARTESIAN_POINT('',(63.773397198063,82.2000000000105,-145.218893891778));
#11561=CARTESIAN_POINT('',(61.4393540470182,82.2000000000033,-146.221677967456));
#11562=CARTESIAN_POINT('',(60.2723324715015,79.9999999999928,-146.723070005293));
#11563=CARTESIAN_POINT('',(61.6875844123959,77.3320508075685,-146.115029786));
#11564=CARTESIAN_POINT('',(61.6875844124463,4.50000000001148,-146.115029785978));
#11565=CARTESIAN_POINT('',(56.6342327565958,1.50000000007427,-148.286120996105));
#11566=CARTESIAN_POINT('',(56.634232756577,-1.5,-148.286120996113));
#11567=CARTESIAN_POINT('',(61.6875844123959,-4.50000000000006,-146.115029786));
#11568=CARTESIAN_POINT('',(61.4393540470182,-82.2000000000033,-146.221677967456));
#11569=CARTESIAN_POINT('',(63.773397198063,-82.2000000000105,-145.218893891778));
#11570=CARTESIAN_POINT('',(64.9404187735912,-80.0000000000073,-144.717501853936));
#11571=CARTESIAN_POINT('',(63.5251668326937,-77.3320508075684,-145.325542073231));
#11572=CARTESIAN_POINT('',(63.5251668326937,-6.,-145.325542073231));
#11573=CARTESIAN_POINT('',(61.6875844123959,-6.,-146.115029786));
#11574=CARTESIAN_POINT('',(61.6875844123959,-77.3320508075684,-146.115029786));
#11575=CARTESIAN_POINT('',(60.2723324715015,-79.9999999999928,-146.723070005293));
#11576=CARTESIAN_POINT('',(71.0386402818502,100.,-141.800816594637));
#11577=CARTESIAN_POINT('',(71.0386402818502,118.,-141.800816594637));
#11578=CARTESIAN_POINT('',(76.9445873928491,100.,-138.68486028022));
#11579=CARTESIAN_POINT('',(76.9445873928491,118.,-138.68486028022));
#11580=CARTESIAN_POINT('',(82.7141379840643,100.,-135.323062992061));
#11581=CARTESIAN_POINT('',(82.7141379840643,118.,-135.323062992061));
#11582=CARTESIAN_POINT('',(88.3417979284102,105.5,-131.718209594482));
#11583=CARTESIAN_POINT('',(88.3417979284102,112.5,-131.718209594482));
#11584=CARTESIAN_POINT('',(53.9589050572895,100.,-149.138849952045));
#11585=CARTESIAN_POINT('',(53.9589050572895,118.,-149.138849952045));
#11586=CARTESIAN_POINT('',(47.6332844879562,100.,-151.277989836226));
#11587=CARTESIAN_POINT('',(47.6332844879562,118.,-151.277989836226));
#11588=CARTESIAN_POINT('',(41.2232263454269,100.,-153.148965421493));
#11589=CARTESIAN_POINT('',(41.2232263454269,118.,-153.148965421493));
#11590=CARTESIAN_POINT('',(34.7345326064281,105.5,-154.749708382966));
#11591=CARTESIAN_POINT('',(34.7345326064281,112.5,-154.749708382966));
#11592=CARTESIAN_POINT('',(71.0386402818502,-100.,-141.800816594637));
#11593=CARTESIAN_POINT('',(71.0386402818502,-118.,-141.800816594637));
#11594=CARTESIAN_POINT('',(76.9445873928491,-100.,-138.68486028022));
#11595=CARTESIAN_POINT('',(76.9445873928491,-118.,-138.68486028022));
#11596=CARTESIAN_POINT('',(82.7141379840643,-100.,-135.323062992061));
#11597=CARTESIAN_POINT('',(82.7141379840643,-118.,-135.323062992061));
#11598=CARTESIAN_POINT('',(88.3417979284102,-105.5,-131.718209594482));
#11599=CARTESIAN_POINT('',(88.3417979284102,-112.5,-131.718209594482));
#11600=CARTESIAN_POINT('',(53.9589050572895,-100.,-149.138849952045));
#11601=CARTESIAN_POINT('',(53.9589050572895,-118.,-149.138849952045));
#11602=CARTESIAN_POINT('',(47.6332844879562,-100.,-151.277989836226));
#11603=CARTESIAN_POINT('',(47.6332844879562,-118.,-151.277989836226));
#11604=CARTESIAN_POINT('',(41.2232263454269,-100.,-153.148965421493));
#11605=CARTESIAN_POINT('',(41.2232263454269,-118.,-153.148965421493));
#11606=CARTESIAN_POINT('',(34.7345326064281,-105.5,-154.749708382966));
#11607=CARTESIAN_POINT('',(34.7345326064281,-112.5,-154.749708382966));
#11608=CARTESIAN_POINT('',(65.0156503513797,-100.,-144.685179817319));
#11609=CARTESIAN_POINT('',(65.0156503513797,-118.,-144.685179817319));
#11610=CARTESIAN_POINT('',(60.1971008937099,-100.,-146.755392041912));
#11611=CARTESIAN_POINT('',(60.1971008937099,-118.,-146.755392041912));
#11612=CARTESIAN_POINT('',(60.1971008937099,100.,-146.755392041912));
#11613=CARTESIAN_POINT('',(60.1971008937099,118.,-146.755392041912));
#11614=CARTESIAN_POINT('',(65.0156503513797,100.,-144.685179817319));
#11615=CARTESIAN_POINT('',(65.0156503513797,118.,-144.685179817319));
#11616=CARTESIAN_POINT('',(60.1971008937099,-118.,-146.755392041912));
#11617=CARTESIAN_POINT('',(65.0156503513797,-118.,-144.685179817319));
#11618=CARTESIAN_POINT('',(60.1971008937099,118.,-146.755392041912));
#11619=CARTESIAN_POINT('',(65.0156503513797,118.,-144.685179817319));
#11620=CARTESIAN_POINT('',(65.0156503513797,96.6,-144.685179817319));
#11621=CARTESIAN_POINT('',(77.3070349849271,88.,-139.404384227467));
#11622=CARTESIAN_POINT('',(47.9057162601624,88.,-152.036187631764));
#11623=CARTESIAN_POINT('',(60.1971008937099,96.6,-146.755392041912));
#11624=CARTESIAN_POINT('',(47.9057162602233,5.50000000018281,-152.036187631737));
#11625=CARTESIAN_POINT('',(47.9057162601624,88.,-152.036187631764));
#11626=CARTESIAN_POINT('',(43.7711558145533,5.50000000023424,-153.812534985467));
#11627=CARTESIAN_POINT('',(47.9057162602233,5.50000000018281,-152.036187631737));
#11628=CARTESIAN_POINT('',(43.7711558145323,3.50000000023424,-153.812534985476));
#11629=CARTESIAN_POINT('',(43.7711558145533,5.50000000023424,-153.812534985467));
#11630=CARTESIAN_POINT('',(46.0681338399045,3.50000000020567,-152.825675344515));
#11631=CARTESIAN_POINT('',(43.7711558145323,3.50000000023424,-153.812534985476));
#11632=CARTESIAN_POINT('',(46.068133839915,4.50000000020566,-152.82567534451));
#11633=CARTESIAN_POINT('',(46.0681338399045,3.50000000020567,-152.825675344515));
#11634=CARTESIAN_POINT('',(47.9057162602128,4.50000000018291,-152.036187631742));
#11635=CARTESIAN_POINT('',(46.068133839915,4.50000000020566,-152.82567534451));
#11636=CARTESIAN_POINT('',(52.9590679160002,1.50000000011997,-149.865096421642));
#11637=CARTESIAN_POINT('',(47.9057162602128,4.50000000018291,-152.036187631742));
#11638=CARTESIAN_POINT('',(52.9590679159814,-1.5,-149.86509642165));
#11639=CARTESIAN_POINT('',(52.9590679160002,1.50000000011997,-149.865096421642));
#11640=CARTESIAN_POINT('',(47.9057162601624,-4.50000000000011,-152.036187631764));
#11641=CARTESIAN_POINT('',(52.9590679159814,-1.5,-149.86509642165));
#11642=CARTESIAN_POINT('',(47.9057162601624,-88.,-152.036187631764));
#11643=CARTESIAN_POINT('',(47.9057162601624,-4.50000000000011,-152.036187631764));
#11644=CARTESIAN_POINT('',(60.1971008937099,-96.6,-146.755392041912));
#11645=CARTESIAN_POINT('',(47.9057162601624,-88.,-152.036187631764));
#11646=CARTESIAN_POINT('',(77.3070349849272,-88.,-139.404384227467));
#11647=CARTESIAN_POINT('',(65.0156503513797,-96.6,-144.685179817319));
#11648=CARTESIAN_POINT('',(77.3070349849271,-4.50000000000011,-139.404384227467));
#11649=CARTESIAN_POINT('',(77.3070349849272,-88.,-139.404384227467));
#11650=CARTESIAN_POINT('',(72.2536833291082,-1.5,-141.57547543758));
#11651=CARTESIAN_POINT('',(77.3070349849271,-4.50000000000011,-139.404384227467));
#11652=CARTESIAN_POINT('',(72.2536833291082,1.5,-141.57547543758));
#11653=CARTESIAN_POINT('',(72.2536833291082,-1.5,-141.57547543758));
#11654=CARTESIAN_POINT('',(77.3070349849271,4.5000000000001,-139.404384227467));
#11655=CARTESIAN_POINT('',(72.2536833291082,1.5,-141.57547543758));
#11656=CARTESIAN_POINT('',(79.1446174052249,4.5,-138.614896514698));
#11657=CARTESIAN_POINT('',(77.3070349849271,4.5000000000001,-139.404384227467));
#11658=CARTESIAN_POINT('',(79.1446174052249,3.5,-138.614896514698));
#11659=CARTESIAN_POINT('',(79.1446174052249,4.5,-138.614896514698));
#11660=CARTESIAN_POINT('',(81.4415954305972,3.5,-137.628036873738));
#11661=CARTESIAN_POINT('',(79.1446174052249,3.5,-138.614896514698));
#11662=CARTESIAN_POINT('',(81.4415954305972,5.5,-137.628036873738));
#11663=CARTESIAN_POINT('',(81.4415954305972,3.5,-137.628036873738));
#11664=CARTESIAN_POINT('',(77.3070349849271,5.5,-139.404384227467));
#11665=CARTESIAN_POINT('',(81.4415954305972,5.5,-137.628036873738));
#11666=CARTESIAN_POINT('',(77.3070349849271,88.,-139.404384227467));
#11667=CARTESIAN_POINT('',(77.3070349849271,5.5,-139.404384227467));
#11668=CARTESIAN_POINT('',(61.6875844123959,-5.,-146.115029786));
#11669=CARTESIAN_POINT('',(61.6875844123959,-4.50000000000006,-146.115029786));
#11670=CARTESIAN_POINT('',(63.5251668326937,-5.,-145.325542073231));
#11671=CARTESIAN_POINT('',(61.6875844123959,-5.,-146.115029786));
#11672=CARTESIAN_POINT('',(63.5251668326937,-4.50000000000006,-145.325542073231));
#11673=CARTESIAN_POINT('',(63.5251668326937,-5.,-145.325542073231));
#11674=CARTESIAN_POINT('',(68.5785184885126,-1.5,-143.154450863118));
#11675=CARTESIAN_POINT('',(63.5251668326937,-4.50000000000006,-145.325542073231));
#11676=CARTESIAN_POINT('',(68.5785184885126,1.5,-143.154450863118));
#11677=CARTESIAN_POINT('',(68.5785184885126,-1.5,-143.154450863118));
#11678=CARTESIAN_POINT('',(63.5251668326937,4.50000000000006,-145.325542073231));
#11679=CARTESIAN_POINT('',(68.5785184885126,1.5,-143.154450863118));
#11680=CARTESIAN_POINT('',(63.5251668326937,77.3320508075684,-145.325542073231));
#11681=CARTESIAN_POINT('',(63.5251668326937,4.50000000000006,-145.325542073231));
#11682=CARTESIAN_POINT('',(64.9404187735912,80.0000000000073,-144.717501853936));
#11683=CARTESIAN_POINT('',(63.5251668326937,77.3320508075684,-145.325542073231));
#11684=CARTESIAN_POINT('',(63.773397198063,82.2000000000105,-145.218893891778));
#11685=CARTESIAN_POINT('',(64.9404187735912,80.0000000000073,-144.717501853936));
#11686=CARTESIAN_POINT('',(61.4393540470182,82.2000000000033,-146.221677967456));
#11687=CARTESIAN_POINT('',(63.773397198063,82.2000000000105,-145.218893891778));
#11688=CARTESIAN_POINT('',(60.2723324715015,79.9999999999928,-146.723070005293));
#11689=CARTESIAN_POINT('',(61.4393540470182,82.2000000000033,-146.221677967456));
#11690=CARTESIAN_POINT('',(61.6875844123959,77.3320508075685,-146.115029786));
#11691=CARTESIAN_POINT('',(60.2723324715015,79.9999999999928,-146.723070005293));
#11692=CARTESIAN_POINT('',(61.6875844124463,4.50000000001148,-146.115029785978));
#11693=CARTESIAN_POINT('',(61.6875844123959,77.3320508075685,-146.115029786));
#11694=CARTESIAN_POINT('',(56.6342327565958,1.50000000007427,-148.286120996105));
#11695=CARTESIAN_POINT('',(61.6875844124463,4.50000000001148,-146.115029785978));
#11696=CARTESIAN_POINT('',(56.634232756577,-1.5,-148.286120996113));
#11697=CARTESIAN_POINT('',(56.6342327565958,1.50000000007427,-148.286120996105));
#11698=CARTESIAN_POINT('',(61.6875844123959,-4.50000000000006,-146.115029786));
#11699=CARTESIAN_POINT('',(56.634232756577,-1.5,-148.286120996113));
#11700=CARTESIAN_POINT('',(61.4393540470182,-82.2000000000033,-146.221677967456));
#11701=CARTESIAN_POINT('',(60.2723324715015,-79.9999999999928,-146.723070005293));
#11702=CARTESIAN_POINT('',(63.773397198063,-82.2000000000105,-145.218893891778));
#11703=CARTESIAN_POINT('',(61.4393540470182,-82.2000000000033,-146.221677967456));
#11704=CARTESIAN_POINT('',(64.9404187735912,-80.0000000000073,-144.717501853936));
#11705=CARTESIAN_POINT('',(63.773397198063,-82.2000000000105,-145.218893891778));
#11706=CARTESIAN_POINT('',(63.5251668326937,-77.3320508075684,-145.325542073231));
#11707=CARTESIAN_POINT('',(64.9404187735912,-80.0000000000073,-144.717501853936));
#11708=CARTESIAN_POINT('',(63.5251668326937,-6.,-145.325542073231));
#11709=CARTESIAN_POINT('',(63.5251668326937,-77.3320508075684,-145.325542073231));
#11710=CARTESIAN_POINT('',(61.6875844123959,-6.,-146.115029786));
#11711=CARTESIAN_POINT('',(63.5251668326937,-6.,-145.325542073231));
#11712=CARTESIAN_POINT('',(61.6875844123959,-77.3320508075684,-146.115029786));
#11713=CARTESIAN_POINT('',(61.6875844123959,-6.,-146.115029786));
#11714=CARTESIAN_POINT('',(60.2723324715015,-79.9999999999928,-146.723070005293));
#11715=CARTESIAN_POINT('',(61.6875844123959,-77.3320508075684,-146.115029786));
#11716=CARTESIAN_POINT('',(60.1971008937099,-96.6,-146.755392041912));
#11717=CARTESIAN_POINT('',(60.1971008937099,-100.,-146.755392041912));
#11718=CARTESIAN_POINT('',(60.1971008937099,96.6,-146.755392041912));
#11719=CARTESIAN_POINT('',(60.1971008937099,100.,-146.755392041912));
#11720=CARTESIAN_POINT('',(65.0156503513797,-100.,-144.685179817319));
#11721=CARTESIAN_POINT('',(65.0156503513797,-96.6,-144.685179817319));
#11722=CARTESIAN_POINT('',(65.0156503513797,100.,-144.685179817319));
#11723=CARTESIAN_POINT('',(65.0156503513797,96.6,-144.685179817319));
#11724=CARTESIAN_POINT('',(65.0156503513797,100.,-144.685179817319));
#11725=CARTESIAN_POINT('',(71.0386402818502,100.,-141.800816594637));
#11726=CARTESIAN_POINT('',(71.0386402818502,100.,-141.800816594637));
#11727=CARTESIAN_POINT('',(71.0386402818502,118.,-141.800816594637));
#11728=CARTESIAN_POINT('',(65.0156503513797,118.,-144.685179817319));
#11729=CARTESIAN_POINT('',(71.0386402818502,118.,-141.800816594637));
#11730=CARTESIAN_POINT('',(71.0386402818502,100.,-141.800816594637));
#11731=CARTESIAN_POINT('',(76.9445873928491,100.,-138.68486028022));
#11732=CARTESIAN_POINT('',(76.9445873928491,100.,-138.68486028022));
#11733=CARTESIAN_POINT('',(76.9445873928491,118.,-138.68486028022));
#11734=CARTESIAN_POINT('',(71.0386402818502,118.,-141.800816594637));
#11735=CARTESIAN_POINT('',(76.9445873928491,118.,-138.68486028022));
#11736=CARTESIAN_POINT('',(76.9445873928491,100.,-138.68486028022));
#11737=CARTESIAN_POINT('',(82.7141379840643,100.,-135.323062992061));
#11738=CARTESIAN_POINT('',(82.7141379840643,100.,-135.323062992061));
#11739=CARTESIAN_POINT('',(82.7141379840643,118.,-135.323062992061));
#11740=CARTESIAN_POINT('',(76.9445873928491,118.,-138.68486028022));
#11741=CARTESIAN_POINT('',(82.7141379840643,118.,-135.323062992061));
#11742=CARTESIAN_POINT('',(82.7141379840643,100.,-135.323062992061));
#11743=CARTESIAN_POINT('',(88.3417979284102,105.5,-131.718209594482));
#11744=CARTESIAN_POINT('',(82.7141379840643,118.,-135.323062992061));
#11745=CARTESIAN_POINT('',(88.3417979284102,112.5,-131.718209594482));
#11746=CARTESIAN_POINT('',(88.3417979284102,105.5,-131.718209594482));
#11747=CARTESIAN_POINT('',(88.3417979284102,112.5,-131.718209594482));
#11748=CARTESIAN_POINT('',(60.1971008937099,100.,-146.755392041912));
#11749=CARTESIAN_POINT('',(53.9589050572895,100.,-149.138849952045));
#11750=CARTESIAN_POINT('',(53.9589050572895,100.,-149.138849952045));
#11751=CARTESIAN_POINT('',(53.9589050572895,118.,-149.138849952045));
#11752=CARTESIAN_POINT('',(60.1971008937099,118.,-146.755392041912));
#11753=CARTESIAN_POINT('',(53.9589050572895,118.,-149.138849952045));
#11754=CARTESIAN_POINT('',(53.9589050572895,100.,-149.138849952045));
#11755=CARTESIAN_POINT('',(47.6332844879562,100.,-151.277989836226));
#11756=CARTESIAN_POINT('',(47.6332844879562,100.,-151.277989836226));
#11757=CARTESIAN_POINT('',(47.6332844879562,118.,-151.277989836226));
#11758=CARTESIAN_POINT('',(53.9589050572895,118.,-149.138849952045));
#11759=CARTESIAN_POINT('',(47.6332844879562,118.,-151.277989836226));
#11760=CARTESIAN_POINT('',(47.6332844879562,100.,-151.277989836226));
#11761=CARTESIAN_POINT('',(41.2232263454269,100.,-153.148965421493));
#11762=CARTESIAN_POINT('',(41.2232263454269,100.,-153.148965421493));
#11763=CARTESIAN_POINT('',(41.2232263454269,118.,-153.148965421493));
#11764=CARTESIAN_POINT('',(47.6332844879562,118.,-151.277989836226));
#11765=CARTESIAN_POINT('',(41.2232263454269,118.,-153.148965421493));
#11766=CARTESIAN_POINT('',(41.2232263454269,100.,-153.148965421493));
#11767=CARTESIAN_POINT('',(34.7345326064281,105.5,-154.749708382966));
#11768=CARTESIAN_POINT('',(41.2232263454269,118.,-153.148965421493));
#11769=CARTESIAN_POINT('',(34.7345326064281,112.5,-154.749708382966));
#11770=CARTESIAN_POINT('',(34.7345326064281,105.5,-154.749708382966));
#11771=CARTESIAN_POINT('',(34.7345326064281,112.5,-154.749708382966));
#11772=CARTESIAN_POINT('',(65.0156503513797,-100.,-144.685179817319));
#11773=CARTESIAN_POINT('',(71.0386402818502,-100.,-141.800816594637));
#11774=CARTESIAN_POINT('',(71.0386402818502,-100.,-141.800816594637));
#11775=CARTESIAN_POINT('',(71.0386402818502,-118.,-141.800816594637));
#11776=CARTESIAN_POINT('',(65.0156503513797,-118.,-144.685179817319));
#11777=CARTESIAN_POINT('',(71.0386402818502,-118.,-141.800816594637));
#11778=CARTESIAN_POINT('',(71.0386402818502,-100.,-141.800816594637));
#11779=CARTESIAN_POINT('',(76.9445873928491,-100.,-138.68486028022));
#11780=CARTESIAN_POINT('',(76.9445873928491,-100.,-138.68486028022));
#11781=CARTESIAN_POINT('',(76.9445873928491,-118.,-138.68486028022));
#11782=CARTESIAN_POINT('',(71.0386402818502,-118.,-141.800816594637));
#11783=CARTESIAN_POINT('',(76.9445873928491,-118.,-138.68486028022));
#11784=CARTESIAN_POINT('',(76.9445873928491,-100.,-138.68486028022));
#11785=CARTESIAN_POINT('',(82.7141379840643,-100.,-135.323062992061));
#11786=CARTESIAN_POINT('',(82.7141379840643,-100.,-135.323062992061));
#11787=CARTESIAN_POINT('',(82.7141379840643,-118.,-135.323062992061));
#11788=CARTESIAN_POINT('',(76.9445873928491,-118.,-138.68486028022));
#11789=CARTESIAN_POINT('',(82.7141379840643,-118.,-135.323062992061));
#11790=CARTESIAN_POINT('',(82.7141379840643,-100.,-135.323062992061));
#11791=CARTESIAN_POINT('',(88.3417979284102,-105.5,-131.718209594482));
#11792=CARTESIAN_POINT('',(82.7141379840643,-118.,-135.323062992061));
#11793=CARTESIAN_POINT('',(88.3417979284102,-112.5,-131.718209594482));
#11794=CARTESIAN_POINT('',(88.3417979284102,-105.5,-131.718209594482));
#11795=CARTESIAN_POINT('',(88.3417979284102,-112.5,-131.718209594482));
#11796=CARTESIAN_POINT('',(60.1971008937099,-100.,-146.755392041912));
#11797=CARTESIAN_POINT('',(53.9589050572895,-100.,-149.138849952045));
#11798=CARTESIAN_POINT('',(53.9589050572895,-100.,-149.138849952045));
#11799=CARTESIAN_POINT('',(53.9589050572895,-118.,-149.138849952045));
#11800=CARTESIAN_POINT('',(60.1971008937099,-118.,-146.755392041912));
#11801=CARTESIAN_POINT('',(53.9589050572895,-118.,-149.138849952045));
#11802=CARTESIAN_POINT('',(53.9589050572895,-100.,-149.138849952045));
#11803=CARTESIAN_POINT('',(47.6332844879562,-100.,-151.277989836226));
#11804=CARTESIAN_POINT('',(47.6332844879562,-100.,-151.277989836226));
#11805=CARTESIAN_POINT('',(47.6332844879562,-118.,-151.277989836226));
#11806=CARTESIAN_POINT('',(53.9589050572895,-118.,-149.138849952045));
#11807=CARTESIAN_POINT('',(47.6332844879562,-118.,-151.277989836226));
#11808=CARTESIAN_POINT('',(47.6332844879562,-100.,-151.277989836226));
#11809=CARTESIAN_POINT('',(41.2232263454269,-100.,-153.148965421493));
#11810=CARTESIAN_POINT('',(41.2232263454269,-100.,-153.148965421493));
#11811=CARTESIAN_POINT('',(41.2232263454269,-118.,-153.148965421493));
#11812=CARTESIAN_POINT('',(47.6332844879562,-118.,-151.277989836226));
#11813=CARTESIAN_POINT('',(41.2232263454269,-118.,-153.148965421493));
#11814=CARTESIAN_POINT('',(41.2232263454269,-100.,-153.148965421493));
#11815=CARTESIAN_POINT('',(34.7345326064281,-105.5,-154.749708382966));
#11816=CARTESIAN_POINT('',(41.2232263454269,-118.,-153.148965421493));
#11817=CARTESIAN_POINT('',(34.7345326064281,-112.5,-154.749708382966));
#11818=CARTESIAN_POINT('',(34.7345326064281,-105.5,-154.749708382966));
#11819=CARTESIAN_POINT('',(34.7345326064281,-112.5,-154.749708382966));
#11820=CARTESIAN_POINT('',(128.196286742439,-159.,-95.6916932938813));
#11821=CARTESIAN_POINT('',(115.435249877402,100.,-108.791264057021));
#11822=CARTESIAN_POINT('',(119.895968980442,100.,-103.821561451565));
#11823=CARTESIAN_POINT('',(124.159927778887,100.,-98.682685076672));
#11824=CARTESIAN_POINT('',(128.20379335675,100.,-93.368877946239));
#11825=CARTESIAN_POINT('',(111.775726576899,100.,-112.54786980476));
#11826=CARTESIAN_POINT('',(106.92449497778,100.,-117.13715197898));
#11827=CARTESIAN_POINT('',(101.898996996528,100.,-121.534169726466));
#11828=CARTESIAN_POINT('',(96.6928668352794,100.,-125.715748827165));
#11829=CARTESIAN_POINT('',(115.435249877402,-100.,-108.791264057021));
#11830=CARTESIAN_POINT('',(119.895968980442,-100.,-103.821561451565));
#11831=CARTESIAN_POINT('',(124.159927778887,-100.,-98.682685076672));
#11832=CARTESIAN_POINT('',(128.20379335675,-100.,-93.368877946239));
#11833=CARTESIAN_POINT('',(111.775726576899,-100.,-112.54786980476));
#11834=CARTESIAN_POINT('',(106.92449497778,-100.,-117.13715197898));
#11835=CARTESIAN_POINT('',(101.898996996528,-100.,-121.534169726466));
#11836=CARTESIAN_POINT('',(96.6928668352794,-100.,-125.715748827165));
#11837=CARTESIAN_POINT('',(115.435249877402,-100.,-108.791264057021));
#11838=CARTESIAN_POINT('',(115.435249877402,-118.,-108.791264057021));
#11839=CARTESIAN_POINT('',(111.775726576899,-100.,-112.54786980476));
#11840=CARTESIAN_POINT('',(111.775726576899,-118.,-112.54786980476));
#11841=CARTESIAN_POINT('',(111.775726576899,100.,-112.54786980476));
#11842=CARTESIAN_POINT('',(111.775726576899,118.,-112.54786980476));
#11843=CARTESIAN_POINT('',(115.435249877402,100.,-108.791264057021));
#11844=CARTESIAN_POINT('',(115.435249877402,118.,-108.791264057021));
#11845=CARTESIAN_POINT('',(115.435249877402,96.6,-108.791264057021));
#11846=CARTESIAN_POINT('',(111.775726576899,96.6,-112.54786980476));
#11847=CARTESIAN_POINT('',(111.775726576899,-96.6,-112.54786980476));
#11848=CARTESIAN_POINT('',(115.435249877402,-96.6,-108.791264057021));
#11849=CARTESIAN_POINT('',(102.440840869683,88.,-122.130398025685));
#11850=CARTESIAN_POINT('',(102.440840869729,5.50000000018281,-122.130398025638));
#11851=CARTESIAN_POINT('',(99.300783800442,5.50000000023424,-125.353756771048));
#11852=CARTESIAN_POINT('',(99.300783800426,3.50000000023424,-125.353756771065));
#11853=CARTESIAN_POINT('',(101.04525995003,3.50000000020567,-123.563001912503));
#11854=CARTESIAN_POINT('',(101.045259950038,4.50000000020566,-123.563001912495));
#11855=CARTESIAN_POINT('',(102.440840869722,4.50000000018291,-122.130398025646));
#11856=CARTESIAN_POINT('',(106.278688398827,1.50000000011997,-118.190737336835));
#11857=CARTESIAN_POINT('',(106.278688398813,-1.5,-118.190737336849));
#11858=CARTESIAN_POINT('',(102.440840869683,-4.50000000000011,-122.130398025685));
#11859=CARTESIAN_POINT('',(102.440840869683,-88.,-122.130398025685));
#11860=CARTESIAN_POINT('',(124.770135584617,-88.,-99.2087358360961));
#11861=CARTESIAN_POINT('',(124.770135584617,-4.50000000000011,-99.2087358360961));
#11862=CARTESIAN_POINT('',(120.932288055488,-1.5,-103.148396524932));
#11863=CARTESIAN_POINT('',(120.932288055488,1.5,-103.148396524932));
#11864=CARTESIAN_POINT('',(124.770135584617,4.5000000000001,-99.2087358360961));
#11865=CARTESIAN_POINT('',(126.1657165043,4.5,-97.7761319492467));
#11866=CARTESIAN_POINT('',(126.1657165043,3.5,-97.7761319492467));
#11867=CARTESIAN_POINT('',(127.910192653905,3.5,-95.9853770906851));
#11868=CARTESIAN_POINT('',(127.910192653905,5.5,-95.9853770906851));
#11869=CARTESIAN_POINT('',(124.770135584617,5.5,-99.2087358360961));
#11870=CARTESIAN_POINT('',(124.770135584617,88.,-99.2087358360961));
#11871=CARTESIAN_POINT('',(112.907697767308,-5.,-111.385868874315));
#11872=CARTESIAN_POINT('',(114.303278686992,-5.,-109.953264987466));
#11873=CARTESIAN_POINT('',(114.303278686992,-4.50000000000006,-109.953264987466));
#11874=CARTESIAN_POINT('',(118.141126216121,-1.5,-106.01360429863));
#11875=CARTESIAN_POINT('',(118.141126216121,1.5,-106.01360429863));
#11876=CARTESIAN_POINT('',(114.303278686992,4.50000000000006,-109.953264987466));
#11877=CARTESIAN_POINT('',(114.303278686992,77.3320508075684,-109.953264987466));
#11878=CARTESIAN_POINT('',(115.378114070398,80.0000000000073,-108.849915603512));
#11879=CARTESIAN_POINT('',(114.49180114877,82.2000000000105,-109.759741267205));
#11880=CARTESIAN_POINT('',(112.719175305524,82.2000000000033,-111.579392594583));
#11881=CARTESIAN_POINT('',(111.832862383905,79.9999999999928,-112.489218258267));
#11882=CARTESIAN_POINT('',(112.907697767309,77.3320508075685,-111.385868874315));
#11883=CARTESIAN_POINT('',(112.907697767347,4.50000000001148,-111.385868874276));
#11884=CARTESIAN_POINT('',(109.069850238194,1.50000000007427,-115.325529563136));
#11885=CARTESIAN_POINT('',(109.069850238179,-1.5,-115.325529563151));
#11886=CARTESIAN_POINT('',(112.907697767309,-4.50000000000006,-111.385868874315));
#11887=CARTESIAN_POINT('',(112.719175305524,-82.2000000000033,-111.579392594583));
#11888=CARTESIAN_POINT('',(114.49180114877,-82.2000000000105,-109.759741267205));
#11889=CARTESIAN_POINT('',(115.378114070398,-80.0000000000073,-108.849915603512));
#11890=CARTESIAN_POINT('',(114.303278686992,-77.3320508075684,-109.953264987466));
#11891=CARTESIAN_POINT('',(114.303278686992,-6.,-109.953264987466));
#11892=CARTESIAN_POINT('',(112.907697767309,-6.,-111.385868874315));
#11893=CARTESIAN_POINT('',(112.907697767309,-77.3320508075684,-111.385868874315));
#11894=CARTESIAN_POINT('',(111.832862383905,-79.9999999999928,-112.489218258267));
#11895=CARTESIAN_POINT('',(119.895968980442,100.,-103.821561451565));
#11896=CARTESIAN_POINT('',(119.895968980442,118.,-103.821561451565));
#11897=CARTESIAN_POINT('',(124.159927778887,100.,-98.682685076672));
#11898=CARTESIAN_POINT('',(124.159927778887,118.,-98.682685076672));
#11899=CARTESIAN_POINT('',(128.20379335675,100.,-93.368877946239));
#11900=CARTESIAN_POINT('',(128.20379335675,118.,-93.368877946239));
#11901=CARTESIAN_POINT('',(132.023555523907,105.5,-87.8848154508268));
#11902=CARTESIAN_POINT('',(132.023555523907,112.5,-87.8848154508268));
#11903=CARTESIAN_POINT('',(106.92449497778,100.,-117.13715197898));
#11904=CARTESIAN_POINT('',(106.92449497778,118.,-117.13715197898));
#11905=CARTESIAN_POINT('',(101.898996996528,100.,-121.534169726466));
#11906=CARTESIAN_POINT('',(101.898996996528,118.,-121.534169726466));
#11907=CARTESIAN_POINT('',(96.6928668352794,100.,-125.715748827165));
#11908=CARTESIAN_POINT('',(96.6928668352794,118.,-125.715748827165));
#11909=CARTESIAN_POINT('',(91.3106733079149,105.5,-129.677758077687));
#11910=CARTESIAN_POINT('',(91.3106733079149,112.5,-129.677758077687));
#11911=CARTESIAN_POINT('',(119.895968980442,-100.,-103.821561451565));
#11912=CARTESIAN_POINT('',(119.895968980442,-118.,-103.821561451565));
#11913=CARTESIAN_POINT('',(124.159927778887,-100.,-98.682685076672));
#11914=CARTESIAN_POINT('',(124.159927778887,-118.,-98.682685076672));
#11915=CARTESIAN_POINT('',(128.20379335675,-100.,-93.368877946239));
#11916=CARTESIAN_POINT('',(128.20379335675,-118.,-93.368877946239));
#11917=CARTESIAN_POINT('',(132.023555523907,-105.5,-87.8848154508268));
#11918=CARTESIAN_POINT('',(132.023555523907,-112.5,-87.8848154508268));
#11919=CARTESIAN_POINT('',(106.92449497778,-100.,-117.13715197898));
#11920=CARTESIAN_POINT('',(106.92449497778,-118.,-117.13715197898));
#11921=CARTESIAN_POINT('',(101.898996996528,-100.,-121.534169726466));
#11922=CARTESIAN_POINT('',(101.898996996528,-118.,-121.534169726466));
#11923=CARTESIAN_POINT('',(96.6928668352794,-100.,-125.715748827165));
#11924=CARTESIAN_POINT('',(96.6928668352794,-118.,-125.715748827165));
#11925=CARTESIAN_POINT('',(91.3106733079149,-105.5,-129.677758077687));
#11926=CARTESIAN_POINT('',(91.3106733079149,-112.5,-129.677758077687));
#11927=CARTESIAN_POINT('',(115.435249877402,-100.,-108.791264057021));
#11928=CARTESIAN_POINT('',(115.435249877402,-118.,-108.791264057021));
#11929=CARTESIAN_POINT('',(111.775726576899,-100.,-112.54786980476));
#11930=CARTESIAN_POINT('',(111.775726576899,-118.,-112.54786980476));
#11931=CARTESIAN_POINT('',(111.775726576899,100.,-112.54786980476));
#11932=CARTESIAN_POINT('',(111.775726576899,118.,-112.54786980476));
#11933=CARTESIAN_POINT('',(115.435249877402,100.,-108.791264057021));
#11934=CARTESIAN_POINT('',(115.435249877402,118.,-108.791264057021));
#11935=CARTESIAN_POINT('',(111.775726576899,-118.,-112.54786980476));
#11936=CARTESIAN_POINT('',(115.435249877402,-118.,-108.791264057021));
#11937=CARTESIAN_POINT('',(111.775726576899,118.,-112.54786980476));
#11938=CARTESIAN_POINT('',(115.435249877402,118.,-108.791264057021));
#11939=CARTESIAN_POINT('',(115.435249877402,96.6,-108.791264057021));
#11940=CARTESIAN_POINT('',(124.770135584617,88.,-99.2087358360961));
#11941=CARTESIAN_POINT('',(102.440840869683,88.,-122.130398025685));
#11942=CARTESIAN_POINT('',(111.775726576899,96.6,-112.54786980476));
#11943=CARTESIAN_POINT('',(102.440840869729,5.50000000018281,-122.130398025638));
#11944=CARTESIAN_POINT('',(102.440840869683,88.,-122.130398025685));
#11945=CARTESIAN_POINT('',(99.300783800442,5.50000000023424,-125.353756771048));
#11946=CARTESIAN_POINT('',(102.440840869729,5.50000000018281,-122.130398025638));
#11947=CARTESIAN_POINT('',(99.300783800426,3.50000000023424,-125.353756771065));
#11948=CARTESIAN_POINT('',(99.300783800442,5.50000000023424,-125.353756771048));
#11949=CARTESIAN_POINT('',(101.04525995003,3.50000000020567,-123.563001912503));
#11950=CARTESIAN_POINT('',(99.300783800426,3.50000000023424,-125.353756771065));
#11951=CARTESIAN_POINT('',(101.045259950038,4.50000000020566,-123.563001912495));
#11952=CARTESIAN_POINT('',(101.04525995003,3.50000000020567,-123.563001912503));
#11953=CARTESIAN_POINT('',(102.440840869722,4.50000000018291,-122.130398025646));
#11954=CARTESIAN_POINT('',(101.045259950038,4.50000000020566,-123.563001912495));
#11955=CARTESIAN_POINT('',(106.278688398827,1.50000000011997,-118.190737336835));
#11956=CARTESIAN_POINT('',(102.440840869722,4.50000000018291,-122.130398025646));
#11957=CARTESIAN_POINT('',(106.278688398813,-1.5,-118.190737336849));
#11958=CARTESIAN_POINT('',(106.278688398827,1.50000000011997,-118.190737336835));
#11959=CARTESIAN_POINT('',(102.440840869683,-4.50000000000011,-122.130398025685));
#11960=CARTESIAN_POINT('',(106.278688398813,-1.5,-118.190737336849));
#11961=CARTESIAN_POINT('',(102.440840869683,-88.,-122.130398025685));
#11962=CARTESIAN_POINT('',(102.440840869683,-4.50000000000011,-122.130398025685));
#11963=CARTESIAN_POINT('',(111.775726576899,-96.6,-112.54786980476));
#11964=CARTESIAN_POINT('',(102.440840869683,-88.,-122.130398025685));
#11965=CARTESIAN_POINT('',(124.770135584617,-88.,-99.2087358360961));
#11966=CARTESIAN_POINT('',(115.435249877402,-96.6,-108.791264057021));
#11967=CARTESIAN_POINT('',(124.770135584617,-4.50000000000011,-99.2087358360961));
#11968=CARTESIAN_POINT('',(124.770135584617,-88.,-99.2087358360961));
#11969=CARTESIAN_POINT('',(120.932288055488,-1.5,-103.148396524932));
#11970=CARTESIAN_POINT('',(124.770135584617,-4.50000000000011,-99.2087358360961));
#11971=CARTESIAN_POINT('',(120.932288055488,1.5,-103.148396524932));
#11972=CARTESIAN_POINT('',(120.932288055488,-1.5,-103.148396524932));
#11973=CARTESIAN_POINT('',(124.770135584617,4.5000000000001,-99.2087358360961));
#11974=CARTESIAN_POINT('',(120.932288055488,1.5,-103.148396524932));
#11975=CARTESIAN_POINT('',(126.1657165043,4.5,-97.7761319492467));
#11976=CARTESIAN_POINT('',(124.770135584617,4.5000000000001,-99.2087358360961));
#11977=CARTESIAN_POINT('',(126.1657165043,3.5,-97.7761319492467));
#11978=CARTESIAN_POINT('',(126.1657165043,4.5,-97.7761319492467));
#11979=CARTESIAN_POINT('',(127.910192653905,3.5,-95.9853770906851));
#11980=CARTESIAN_POINT('',(126.1657165043,3.5,-97.7761319492467));
#11981=CARTESIAN_POINT('',(127.910192653905,5.5,-95.9853770906851));
#11982=CARTESIAN_POINT('',(127.910192653905,3.5,-95.9853770906851));
#11983=CARTESIAN_POINT('',(124.770135584617,5.5,-99.2087358360961));
#11984=CARTESIAN_POINT('',(127.910192653905,5.5,-95.9853770906851));
#11985=CARTESIAN_POINT('',(124.770135584617,88.,-99.2087358360961));
#11986=CARTESIAN_POINT('',(124.770135584617,5.5,-99.2087358360961));
#11987=CARTESIAN_POINT('',(112.907697767308,-5.,-111.385868874315));
#11988=CARTESIAN_POINT('',(112.907697767309,-4.50000000000006,-111.385868874315));
#11989=CARTESIAN_POINT('',(114.303278686992,-5.,-109.953264987466));
#11990=CARTESIAN_POINT('',(112.907697767308,-5.,-111.385868874315));
#11991=CARTESIAN_POINT('',(114.303278686992,-4.50000000000006,-109.953264987466));
#11992=CARTESIAN_POINT('',(114.303278686992,-5.,-109.953264987466));
#11993=CARTESIAN_POINT('',(118.141126216121,-1.5,-106.01360429863));
#11994=CARTESIAN_POINT('',(114.303278686992,-4.50000000000006,-109.953264987466));
#11995=CARTESIAN_POINT('',(118.141126216121,1.5,-106.01360429863));
#11996=CARTESIAN_POINT('',(118.141126216121,-1.5,-106.01360429863));
#11997=CARTESIAN_POINT('',(114.303278686992,4.50000000000006,-109.953264987466));
#11998=CARTESIAN_POINT('',(118.141126216121,1.5,-106.01360429863));
#11999=CARTESIAN_POINT('',(114.303278686992,77.3320508075684,-109.953264987466));
#12000=CARTESIAN_POINT('',(114.303278686992,4.50000000000006,-109.953264987466));
#12001=CARTESIAN_POINT('',(115.378114070398,80.0000000000073,-108.849915603512));
#12002=CARTESIAN_POINT('',(114.303278686992,77.3320508075684,-109.953264987466));
#12003=CARTESIAN_POINT('',(114.49180114877,82.2000000000105,-109.759741267205));
#12004=CARTESIAN_POINT('',(115.378114070398,80.0000000000073,-108.849915603512));
#12005=CARTESIAN_POINT('',(112.719175305524,82.2000000000033,-111.579392594583));
#12006=CARTESIAN_POINT('',(114.49180114877,82.2000000000105,-109.759741267205));
#12007=CARTESIAN_POINT('',(111.832862383905,79.9999999999928,-112.489218258267));
#12008=CARTESIAN_POINT('',(112.719175305524,82.2000000000033,-111.579392594583));
#12009=CARTESIAN_POINT('',(112.907697767309,77.3320508075685,-111.385868874315));
#12010=CARTESIAN_POINT('',(111.832862383905,79.9999999999928,-112.489218258267));
#12011=CARTESIAN_POINT('',(112.907697767347,4.50000000001148,-111.385868874276));
#12012=CARTESIAN_POINT('',(112.907697767309,77.3320508075685,-111.385868874315));
#12013=CARTESIAN_POINT('',(109.069850238194,1.50000000007427,-115.325529563136));
#12014=CARTESIAN_POINT('',(112.907697767347,4.50000000001148,-111.385868874276));
#12015=CARTESIAN_POINT('',(109.069850238179,-1.5,-115.325529563151));
#12016=CARTESIAN_POINT('',(109.069850238194,1.50000000007427,-115.325529563136));
#12017=CARTESIAN_POINT('',(112.907697767309,-4.50000000000006,-111.385868874315));
#12018=CARTESIAN_POINT('',(109.069850238179,-1.5,-115.325529563151));
#12019=CARTESIAN_POINT('',(112.719175305524,-82.2000000000033,-111.579392594583));
#12020=CARTESIAN_POINT('',(111.832862383905,-79.9999999999928,-112.489218258267));
#12021=CARTESIAN_POINT('',(114.49180114877,-82.2000000000105,-109.759741267205));
#12022=CARTESIAN_POINT('',(112.719175305524,-82.2000000000033,-111.579392594583));
#12023=CARTESIAN_POINT('',(115.378114070398,-80.0000000000073,-108.849915603512));
#12024=CARTESIAN_POINT('',(114.49180114877,-82.2000000000105,-109.759741267205));
#12025=CARTESIAN_POINT('',(114.303278686992,-77.3320508075684,-109.953264987466));
#12026=CARTESIAN_POINT('',(115.378114070398,-80.0000000000073,-108.849915603512));
#12027=CARTESIAN_POINT('',(114.303278686992,-6.,-109.953264987466));
#12028=CARTESIAN_POINT('',(114.303278686992,-77.3320508075684,-109.953264987466));
#12029=CARTESIAN_POINT('',(112.907697767309,-6.,-111.385868874315));
#12030=CARTESIAN_POINT('',(114.303278686992,-6.,-109.953264987466));
#12031=CARTESIAN_POINT('',(112.907697767309,-77.3320508075684,-111.385868874315));
#12032=CARTESIAN_POINT('',(112.907697767309,-6.,-111.385868874315));
#12033=CARTESIAN_POINT('',(111.832862383905,-79.9999999999928,-112.489218258267));
#12034=CARTESIAN_POINT('',(112.907697767309,-77.3320508075684,-111.385868874315));
#12035=CARTESIAN_POINT('',(111.775726576899,-96.6,-112.54786980476));
#12036=CARTESIAN_POINT('',(111.775726576899,-100.,-112.54786980476));
#12037=CARTESIAN_POINT('',(111.775726576899,96.6,-112.54786980476));
#12038=CARTESIAN_POINT('',(111.775726576899,100.,-112.54786980476));
#12039=CARTESIAN_POINT('',(115.435249877402,-100.,-108.791264057021));
#12040=CARTESIAN_POINT('',(115.435249877402,-96.6,-108.791264057021));
#12041=CARTESIAN_POINT('',(115.435249877402,100.,-108.791264057021));
#12042=CARTESIAN_POINT('',(115.435249877402,96.6,-108.791264057021));
#12043=CARTESIAN_POINT('',(115.435249877402,100.,-108.791264057021));
#12044=CARTESIAN_POINT('',(119.895968980442,100.,-103.821561451565));
#12045=CARTESIAN_POINT('',(119.895968980442,100.,-103.821561451565));
#12046=CARTESIAN_POINT('',(119.895968980442,118.,-103.821561451565));
#12047=CARTESIAN_POINT('',(115.435249877402,118.,-108.791264057021));
#12048=CARTESIAN_POINT('',(119.895968980442,118.,-103.821561451565));
#12049=CARTESIAN_POINT('',(119.895968980442,100.,-103.821561451565));
#12050=CARTESIAN_POINT('',(124.159927778887,100.,-98.682685076672));
#12051=CARTESIAN_POINT('',(124.159927778887,100.,-98.682685076672));
#12052=CARTESIAN_POINT('',(124.159927778887,118.,-98.682685076672));
#12053=CARTESIAN_POINT('',(119.895968980442,118.,-103.821561451565));
#12054=CARTESIAN_POINT('',(124.159927778887,118.,-98.682685076672));
#12055=CARTESIAN_POINT('',(124.159927778887,100.,-98.682685076672));
#12056=CARTESIAN_POINT('',(128.20379335675,100.,-93.368877946239));
#12057=CARTESIAN_POINT('',(128.20379335675,100.,-93.368877946239));
#12058=CARTESIAN_POINT('',(128.20379335675,118.,-93.368877946239));
#12059=CARTESIAN_POINT('',(124.159927778887,118.,-98.682685076672));
#12060=CARTESIAN_POINT('',(128.20379335675,118.,-93.368877946239));
#12061=CARTESIAN_POINT('',(128.20379335675,100.,-93.368877946239));
#12062=CARTESIAN_POINT('',(132.023555523907,105.5,-87.8848154508268));
#12063=CARTESIAN_POINT('',(128.20379335675,118.,-93.368877946239));
#12064=CARTESIAN_POINT('',(132.023555523907,112.5,-87.8848154508268));
#12065=CARTESIAN_POINT('',(132.023555523907,105.5,-87.8848154508268));
#12066=CARTESIAN_POINT('',(132.023555523907,112.5,-87.8848154508268));
#12067=CARTESIAN_POINT('',(111.775726576899,100.,-112.54786980476));
#12068=CARTESIAN_POINT('',(106.92449497778,100.,-117.13715197898));
#12069=CARTESIAN_POINT('',(106.92449497778,100.,-117.13715197898));
#12070=CARTESIAN_POINT('',(106.92449497778,118.,-117.13715197898));
#12071=CARTESIAN_POINT('',(111.775726576899,118.,-112.54786980476));
#12072=CARTESIAN_POINT('',(106.92449497778,118.,-117.13715197898));
#12073=CARTESIAN_POINT('',(106.92449497778,100.,-117.13715197898));
#12074=CARTESIAN_POINT('',(101.898996996528,100.,-121.534169726466));
#12075=CARTESIAN_POINT('',(101.898996996528,100.,-121.534169726466));
#12076=CARTESIAN_POINT('',(101.898996996528,118.,-121.534169726466));
#12077=CARTESIAN_POINT('',(106.92449497778,118.,-117.13715197898));
#12078=CARTESIAN_POINT('',(101.898996996528,118.,-121.534169726466));
#12079=CARTESIAN_POINT('',(101.898996996528,100.,-121.534169726466));
#12080=CARTESIAN_POINT('',(96.6928668352794,100.,-125.715748827165));
#12081=CARTESIAN_POINT('',(96.6928668352794,100.,-125.715748827165));
#12082=CARTESIAN_POINT('',(96.6928668352794,118.,-125.715748827165));
#12083=CARTESIAN_POINT('',(101.898996996528,118.,-121.534169726466));
#12084=CARTESIAN_POINT('',(96.6928668352794,118.,-125.715748827165));
#12085=CARTESIAN_POINT('',(96.6928668352794,100.,-125.715748827165));
#12086=CARTESIAN_POINT('',(91.3106733079149,105.5,-129.677758077687));
#12087=CARTESIAN_POINT('',(96.6928668352794,118.,-125.715748827165));
#12088=CARTESIAN_POINT('',(91.3106733079149,112.5,-129.677758077687));
#12089=CARTESIAN_POINT('',(91.3106733079149,105.5,-129.677758077687));
#12090=CARTESIAN_POINT('',(91.3106733079149,112.5,-129.677758077687));
#12091=CARTESIAN_POINT('',(115.435249877402,-100.,-108.791264057021));
#12092=CARTESIAN_POINT('',(119.895968980442,-100.,-103.821561451565));
#12093=CARTESIAN_POINT('',(119.895968980442,-100.,-103.821561451565));
#12094=CARTESIAN_POINT('',(119.895968980442,-118.,-103.821561451565));
#12095=CARTESIAN_POINT('',(115.435249877402,-118.,-108.791264057021));
#12096=CARTESIAN_POINT('',(119.895968980442,-118.,-103.821561451565));
#12097=CARTESIAN_POINT('',(119.895968980442,-100.,-103.821561451565));
#12098=CARTESIAN_POINT('',(124.159927778887,-100.,-98.682685076672));
#12099=CARTESIAN_POINT('',(124.159927778887,-100.,-98.682685076672));
#12100=CARTESIAN_POINT('',(124.159927778887,-118.,-98.682685076672));
#12101=CARTESIAN_POINT('',(119.895968980442,-118.,-103.821561451565));
#12102=CARTESIAN_POINT('',(124.159927778887,-118.,-98.682685076672));
#12103=CARTESIAN_POINT('',(124.159927778887,-100.,-98.682685076672));
#12104=CARTESIAN_POINT('',(128.20379335675,-100.,-93.368877946239));
#12105=CARTESIAN_POINT('',(128.20379335675,-100.,-93.368877946239));
#12106=CARTESIAN_POINT('',(128.20379335675,-118.,-93.368877946239));
#12107=CARTESIAN_POINT('',(124.159927778887,-118.,-98.682685076672));
#12108=CARTESIAN_POINT('',(128.20379335675,-118.,-93.368877946239));
#12109=CARTESIAN_POINT('',(128.20379335675,-100.,-93.368877946239));
#12110=CARTESIAN_POINT('',(132.023555523907,-105.5,-87.8848154508268));
#12111=CARTESIAN_POINT('',(128.20379335675,-118.,-93.368877946239));
#12112=CARTESIAN_POINT('',(132.023555523907,-112.5,-87.8848154508268));
#12113=CARTESIAN_POINT('',(132.023555523907,-105.5,-87.8848154508268));
#12114=CARTESIAN_POINT('',(132.023555523907,-112.5,-87.8848154508268));
#12115=CARTESIAN_POINT('',(111.775726576899,-100.,-112.54786980476));
#12116=CARTESIAN_POINT('',(106.92449497778,-100.,-117.13715197898));
#12117=CARTESIAN_POINT('',(106.92449497778,-100.,-117.13715197898));
#12118=CARTESIAN_POINT('',(106.92449497778,-118.,-117.13715197898));
#12119=CARTESIAN_POINT('',(111.775726576899,-118.,-112.54786980476));
#12120=CARTESIAN_POINT('',(106.92449497778,-118.,-117.13715197898));
#12121=CARTESIAN_POINT('',(106.92449497778,-100.,-117.13715197898));
#12122=CARTESIAN_POINT('',(101.898996996528,-100.,-121.534169726466));
#12123=CARTESIAN_POINT('',(101.898996996528,-100.,-121.534169726466));
#12124=CARTESIAN_POINT('',(101.898996996528,-118.,-121.534169726466));
#12125=CARTESIAN_POINT('',(106.92449497778,-118.,-117.13715197898));
#12126=CARTESIAN_POINT('',(101.898996996528,-118.,-121.534169726466));
#12127=CARTESIAN_POINT('',(101.898996996528,-100.,-121.534169726466));
#12128=CARTESIAN_POINT('',(96.6928668352794,-100.,-125.715748827165));
#12129=CARTESIAN_POINT('',(96.6928668352794,-100.,-125.715748827165));
#12130=CARTESIAN_POINT('',(96.6928668352794,-118.,-125.715748827165));
#12131=CARTESIAN_POINT('',(101.898996996528,-118.,-121.534169726466));
#12132=CARTESIAN_POINT('',(96.6928668352794,-118.,-125.715748827165));
#12133=CARTESIAN_POINT('',(96.6928668352794,-100.,-125.715748827165));
#12134=CARTESIAN_POINT('',(91.3106733079149,-105.5,-129.677758077687));
#12135=CARTESIAN_POINT('',(96.6928668352794,-118.,-125.715748827165));
#12136=CARTESIAN_POINT('',(91.3106733079149,-112.5,-129.677758077687));
#12137=CARTESIAN_POINT('',(91.3106733079149,-105.5,-129.677758077687));
#12138=CARTESIAN_POINT('',(91.3106733079149,-112.5,-129.677758077687));
#12139=CARTESIAN_POINT('',(158.312708909841,-159.,22.9842184471873));
#12140=CARTESIAN_POINT('',(158.55208852485,100.,4.69800742769821));
#12141=CARTESIAN_POINT('',(158.19218283878,100.,11.3663225672249));
#12142=CARTESIAN_POINT('',(157.573522687494,100.,18.0151310806716));
#12143=CARTESIAN_POINT('',(156.675538403962,100.,24.6320049088324));
#12144=CARTESIAN_POINT('',(158.620736181625,100.,-0.545987712467739));
#12145=CARTESIAN_POINT('',(158.435509966952,100.,-7.22143901948099));
#12146=CARTESIAN_POINT('',(157.991107331814,100.,-13.8841637871082));
#12147=CARTESIAN_POINT('',(157.266640329227,100.,-20.5222766660395));
#12148=CARTESIAN_POINT('',(158.55208852485,-100.,4.69800742769821));
#12149=CARTESIAN_POINT('',(158.19218283878,-100.,11.3663225672249));
#12150=CARTESIAN_POINT('',(157.573522687494,-100.,18.0151310806716));
#12151=CARTESIAN_POINT('',(156.675538403962,-100.,24.6320049088324));
#12152=CARTESIAN_POINT('',(158.620736181625,-100.,-0.545987712467739));
#12153=CARTESIAN_POINT('',(158.435509966952,-100.,-7.22143901948099));
#12154=CARTESIAN_POINT('',(157.991107331814,-100.,-13.8841637871082));
#12155=CARTESIAN_POINT('',(157.266640329227,-100.,-20.5222766660395));
#12156=CARTESIAN_POINT('',(158.55208852485,-100.,4.69800742769821));
#12157=CARTESIAN_POINT('',(158.55208852485,-118.,4.69800742769821));
#12158=CARTESIAN_POINT('',(158.620736181625,-100.,-0.545987712467739));
#12159=CARTESIAN_POINT('',(158.620736181625,-118.,-0.545987712467739));
#12160=CARTESIAN_POINT('',(158.620736181625,100.,-0.545987712467739));
#12161=CARTESIAN_POINT('',(158.620736181625,118.,-0.545987712467739));
#12162=CARTESIAN_POINT('',(158.55208852485,100.,4.69800742769821));
#12163=CARTESIAN_POINT('',(158.55208852485,118.,4.69800742769821));
#12164=CARTESIAN_POINT('',(158.55208852485,96.6,4.69800742769822));
#12165=CARTESIAN_POINT('',(158.620736181625,96.6,-0.545987712467732));
#12166=CARTESIAN_POINT('',(158.620736181625,-96.6,-0.545987712467732));
#12167=CARTESIAN_POINT('',(158.55208852485,-96.6,4.69800742769822));
#12168=CARTESIAN_POINT('',(158.795845882379,88.,-13.9226193835689));
#12169=CARTESIAN_POINT('',(158.795845882378,5.50000000018281,-13.9226193835026));
#12170=CARTESIAN_POINT('',(158.854749062449,5.50000000023424,-18.4222338575856));
#12171=CARTESIAN_POINT('',(158.85474906245,3.50000000023424,-18.4222338576085));
#12172=CARTESIAN_POINT('',(158.822025073521,3.50000000020567,-15.9224480386735));
#12173=CARTESIAN_POINT('',(158.822025073521,4.50000000020566,-15.9224480386621));
#12174=CARTESIAN_POINT('',(158.795845882378,4.50000000018291,-13.922619383514));
#12175=CARTESIAN_POINT('',(158.723853106736,1.50000000011997,-8.42309058189129));
#12176=CARTESIAN_POINT('',(158.723853106737,-1.5,-8.42309058191185));
#12177=CARTESIAN_POINT('',(158.795845882379,-4.50000000000011,-13.9226193835689));
#12178=CARTESIAN_POINT('',(158.795845882379,-88.,-13.9226193835689));
#12179=CARTESIAN_POINT('',(158.376978824096,-88.,18.0746390987994));
#12180=CARTESIAN_POINT('',(158.376978824096,-4.50000000000011,18.0746390987993));
#12181=CARTESIAN_POINT('',(158.448971599738,-1.5,12.5751102971423));
#12182=CARTESIAN_POINT('',(158.448971599738,1.5,12.5751102971423));
#12183=CARTESIAN_POINT('',(158.376978824096,4.5000000000001,18.0746390987993));
#12184=CARTESIAN_POINT('',(158.350799632953,4.5,20.0744677539474));
#12185=CARTESIAN_POINT('',(158.350799632953,3.5,20.0744677539474));
#12186=CARTESIAN_POINT('',(158.318075644025,3.5,22.5742535728824));
#12187=CARTESIAN_POINT('',(158.318075644025,5.5,22.5742535728824));
#12188=CARTESIAN_POINT('',(158.376978824096,5.5,18.0746390987993));
#12189=CARTESIAN_POINT('',(158.376978824096,88.,18.0746390987993));
#12190=CARTESIAN_POINT('',(158.599501948809,-5.,1.07609553004122));
#12191=CARTESIAN_POINT('',(158.573322757666,-5.,3.07592418518924));
#12192=CARTESIAN_POINT('',(158.573322757666,-4.50000000000006,3.07592418518924));
#12193=CARTESIAN_POINT('',(158.501329982024,-1.5,8.57545298684627));
#12194=CARTESIAN_POINT('',(158.501329982024,1.5,8.57545298684627));
#12195=CARTESIAN_POINT('',(158.573322757666,4.50000000000006,3.07592418518924));
#12196=CARTESIAN_POINT('',(158.573322757666,77.3320508075684,3.07592418518922));
#12197=CARTESIAN_POINT('',(158.55316031452,80.0000000000073,4.61613340486712));
#12198=CARTESIAN_POINT('',(158.569786333879,82.2000000000105,3.34607163123574));
#12199=CARTESIAN_POINT('',(158.603038372596,82.2000000000033,0.805948083985558));
#12200=CARTESIAN_POINT('',(158.619664391955,79.9999999999928,-0.464113689633234));
#12201=CARTESIAN_POINT('',(158.599501948809,77.3320508075685,1.07609553004123));
#12202=CARTESIAN_POINT('',(158.599501948808,4.50000000001148,1.07609553009607));
#12203=CARTESIAN_POINT('',(158.671494724451,1.50000000007427,-4.42343327159524));
#12204=CARTESIAN_POINT('',(158.671494724451,-1.5,-4.42343327161583));
#12205=CARTESIAN_POINT('',(158.599501948809,-4.50000000000006,1.07609553004122));
#12206=CARTESIAN_POINT('',(158.603038372596,-82.2000000000033,0.805948083985558));
#12207=CARTESIAN_POINT('',(158.569786333879,-82.2000000000105,3.34607163123574));
#12208=CARTESIAN_POINT('',(158.55316031452,-80.0000000000073,4.61613340486712));
#12209=CARTESIAN_POINT('',(158.573322757666,-77.3320508075684,3.07592418518924));
#12210=CARTESIAN_POINT('',(158.573322757666,-6.,3.07592418518924));
#12211=CARTESIAN_POINT('',(158.599501948809,-6.,1.07609553004122));
#12212=CARTESIAN_POINT('',(158.599501948809,-77.3320508075684,1.07609553004124));
#12213=CARTESIAN_POINT('',(158.619664391955,-79.9999999999928,-0.464113689633234));
#12214=CARTESIAN_POINT('',(158.19218283878,100.,11.3663225672249));
#12215=CARTESIAN_POINT('',(158.19218283878,118.,11.3663225672249));
#12216=CARTESIAN_POINT('',(157.573522687494,100.,18.0151310806716));
#12217=CARTESIAN_POINT('',(157.573522687494,118.,18.0151310806716));
#12218=CARTESIAN_POINT('',(156.675538403962,100.,24.6320049088324));
#12219=CARTESIAN_POINT('',(156.675538403962,118.,24.6320049088324));
#12220=CARTESIAN_POINT('',(155.498700355921,105.5,31.2108024187054));
#12221=CARTESIAN_POINT('',(155.498700355921,112.5,31.2108024187054));
#12222=CARTESIAN_POINT('',(158.435509966952,100.,-7.22143901948099));
#12223=CARTESIAN_POINT('',(158.435509966952,118.,-7.22143901948099));
#12224=CARTESIAN_POINT('',(157.991107331814,100.,-13.8841637871082));
#12225=CARTESIAN_POINT('',(157.991107331814,118.,-13.8841637871082));
#12226=CARTESIAN_POINT('',(157.266640329227,100.,-20.5222766660395));
#12227=CARTESIAN_POINT('',(157.266640329227,118.,-20.5222766660395));
#12228=CARTESIAN_POINT('',(156.262418396538,105.5,-27.1296258150653));
#12229=CARTESIAN_POINT('',(156.262418396538,112.5,-27.1296258150653));
#12230=CARTESIAN_POINT('',(158.19218283878,-100.,11.3663225672249));
#12231=CARTESIAN_POINT('',(158.19218283878,-118.,11.3663225672249));
#12232=CARTESIAN_POINT('',(157.573522687494,-100.,18.0151310806716));
#12233=CARTESIAN_POINT('',(157.573522687494,-118.,18.0151310806716));
#12234=CARTESIAN_POINT('',(156.675538403962,-100.,24.6320049088324));
#12235=CARTESIAN_POINT('',(156.675538403962,-118.,24.6320049088324));
#12236=CARTESIAN_POINT('',(155.498700355921,-105.5,31.2108024187054));
#12237=CARTESIAN_POINT('',(155.498700355921,-112.5,31.2108024187054));
#12238=CARTESIAN_POINT('',(158.435509966952,-100.,-7.22143901948099));
#12239=CARTESIAN_POINT('',(158.435509966952,-118.,-7.22143901948099));
#12240=CARTESIAN_POINT('',(157.991107331814,-100.,-13.8841637871082));
#12241=CARTESIAN_POINT('',(157.991107331814,-118.,-13.8841637871082));
#12242=CARTESIAN_POINT('',(157.266640329227,-100.,-20.5222766660395));
#12243=CARTESIAN_POINT('',(157.266640329227,-118.,-20.5222766660395));
#12244=CARTESIAN_POINT('',(156.262418396538,-105.5,-27.1296258150653));
#12245=CARTESIAN_POINT('',(156.262418396538,-112.5,-27.1296258150653));
#12246=CARTESIAN_POINT('',(158.55208852485,-100.,4.69800742769821));
#12247=CARTESIAN_POINT('',(158.55208852485,-118.,4.69800742769821));
#12248=CARTESIAN_POINT('',(158.620736181625,-100.,-0.545987712467739));
#12249=CARTESIAN_POINT('',(158.620736181625,-118.,-0.545987712467739));
#12250=CARTESIAN_POINT('',(158.620736181625,100.,-0.545987712467739));
#12251=CARTESIAN_POINT('',(158.620736181625,118.,-0.545987712467739));
#12252=CARTESIAN_POINT('',(158.55208852485,100.,4.69800742769821));
#12253=CARTESIAN_POINT('',(158.55208852485,118.,4.69800742769821));
#12254=CARTESIAN_POINT('',(158.620736181625,-118.,-0.545987712467739));
#12255=CARTESIAN_POINT('',(158.55208852485,-118.,4.69800742769821));
#12256=CARTESIAN_POINT('',(158.620736181625,118.,-0.545987712467739));
#12257=CARTESIAN_POINT('',(158.55208852485,118.,4.69800742769821));
#12258=CARTESIAN_POINT('',(158.55208852485,96.6,4.69800742769822));
#12259=CARTESIAN_POINT('',(158.376978824096,88.,18.0746390987993));
#12260=CARTESIAN_POINT('',(158.795845882379,88.,-13.9226193835689));
#12261=CARTESIAN_POINT('',(158.620736181625,96.6,-0.545987712467732));
#12262=CARTESIAN_POINT('',(158.795845882378,5.50000000018281,-13.9226193835026));
#12263=CARTESIAN_POINT('',(158.795845882379,88.,-13.9226193835689));
#12264=CARTESIAN_POINT('',(158.854749062449,5.50000000023424,-18.4222338575856));
#12265=CARTESIAN_POINT('',(158.795845882378,5.50000000018281,-13.9226193835026));
#12266=CARTESIAN_POINT('',(158.85474906245,3.50000000023424,-18.4222338576085));
#12267=CARTESIAN_POINT('',(158.854749062449,5.50000000023424,-18.4222338575856));
#12268=CARTESIAN_POINT('',(158.822025073521,3.50000000020567,-15.9224480386735));
#12269=CARTESIAN_POINT('',(158.85474906245,3.50000000023424,-18.4222338576085));
#12270=CARTESIAN_POINT('',(158.822025073521,4.50000000020566,-15.9224480386621));
#12271=CARTESIAN_POINT('',(158.822025073521,3.50000000020567,-15.9224480386735));
#12272=CARTESIAN_POINT('',(158.795845882378,4.50000000018291,-13.922619383514));
#12273=CARTESIAN_POINT('',(158.822025073521,4.50000000020566,-15.9224480386621));
#12274=CARTESIAN_POINT('',(158.723853106736,1.50000000011997,-8.42309058189129));
#12275=CARTESIAN_POINT('',(158.795845882378,4.50000000018291,-13.922619383514));
#12276=CARTESIAN_POINT('',(158.723853106737,-1.5,-8.42309058191185));
#12277=CARTESIAN_POINT('',(158.723853106736,1.50000000011997,-8.42309058189129));
#12278=CARTESIAN_POINT('',(158.795845882379,-4.50000000000011,-13.9226193835689));
#12279=CARTESIAN_POINT('',(158.723853106737,-1.5,-8.42309058191185));
#12280=CARTESIAN_POINT('',(158.795845882379,-88.,-13.9226193835689));
#12281=CARTESIAN_POINT('',(158.795845882379,-4.50000000000011,-13.9226193835689));
#12282=CARTESIAN_POINT('',(158.620736181625,-96.6,-0.545987712467732));
#12283=CARTESIAN_POINT('',(158.795845882379,-88.,-13.9226193835689));
#12284=CARTESIAN_POINT('',(158.376978824096,-88.,18.0746390987994));
#12285=CARTESIAN_POINT('',(158.55208852485,-96.6,4.69800742769822));
#12286=CARTESIAN_POINT('',(158.376978824096,-4.50000000000011,18.0746390987993));
#12287=CARTESIAN_POINT('',(158.376978824096,-88.,18.0746390987994));
#12288=CARTESIAN_POINT('',(158.448971599738,-1.5,12.5751102971423));
#12289=CARTESIAN_POINT('',(158.376978824096,-4.50000000000011,18.0746390987993));
#12290=CARTESIAN_POINT('',(158.448971599738,1.5,12.5751102971423));
#12291=CARTESIAN_POINT('',(158.448971599738,-1.5,12.5751102971423));
#12292=CARTESIAN_POINT('',(158.376978824096,4.5000000000001,18.0746390987993));
#12293=CARTESIAN_POINT('',(158.448971599738,1.5,12.5751102971423));
#12294=CARTESIAN_POINT('',(158.350799632953,4.5,20.0744677539474));
#12295=CARTESIAN_POINT('',(158.376978824096,4.5000000000001,18.0746390987993));
#12296=CARTESIAN_POINT('',(158.350799632953,3.5,20.0744677539474));
#12297=CARTESIAN_POINT('',(158.350799632953,4.5,20.0744677539474));
#12298=CARTESIAN_POINT('',(158.318075644025,3.5,22.5742535728824));
#12299=CARTESIAN_POINT('',(158.350799632953,3.5,20.0744677539474));
#12300=CARTESIAN_POINT('',(158.318075644025,5.5,22.5742535728824));
#12301=CARTESIAN_POINT('',(158.318075644025,3.5,22.5742535728824));
#12302=CARTESIAN_POINT('',(158.376978824096,5.5,18.0746390987993));
#12303=CARTESIAN_POINT('',(158.318075644025,5.5,22.5742535728824));
#12304=CARTESIAN_POINT('',(158.376978824096,88.,18.0746390987993));
#12305=CARTESIAN_POINT('',(158.376978824096,5.5,18.0746390987993));
#12306=CARTESIAN_POINT('',(158.599501948809,-5.,1.07609553004122));
#12307=CARTESIAN_POINT('',(158.599501948809,-4.50000000000006,1.07609553004122));
#12308=CARTESIAN_POINT('',(158.573322757666,-5.,3.07592418518924));
#12309=CARTESIAN_POINT('',(158.599501948809,-5.,1.07609553004122));
#12310=CARTESIAN_POINT('',(158.573322757666,-4.50000000000006,3.07592418518924));
#12311=CARTESIAN_POINT('',(158.573322757666,-5.,3.07592418518924));
#12312=CARTESIAN_POINT('',(158.501329982024,-1.5,8.57545298684627));
#12313=CARTESIAN_POINT('',(158.573322757666,-4.50000000000006,3.07592418518924));
#12314=CARTESIAN_POINT('',(158.501329982024,1.5,8.57545298684627));
#12315=CARTESIAN_POINT('',(158.501329982024,-1.5,8.57545298684627));
#12316=CARTESIAN_POINT('',(158.573322757666,4.50000000000006,3.07592418518924));
#12317=CARTESIAN_POINT('',(158.501329982024,1.5,8.57545298684627));
#12318=CARTESIAN_POINT('',(158.573322757666,77.3320508075684,3.07592418518922));
#12319=CARTESIAN_POINT('',(158.573322757666,4.50000000000006,3.07592418518924));
#12320=CARTESIAN_POINT('',(158.55316031452,80.0000000000073,4.61613340486712));
#12321=CARTESIAN_POINT('',(158.573322757666,77.3320508075684,3.07592418518922));
#12322=CARTESIAN_POINT('',(158.569786333879,82.2000000000105,3.34607163123574));
#12323=CARTESIAN_POINT('',(158.55316031452,80.0000000000073,4.61613340486712));
#12324=CARTESIAN_POINT('',(158.603038372596,82.2000000000033,0.805948083985558));
#12325=CARTESIAN_POINT('',(158.569786333879,82.2000000000105,3.34607163123574));
#12326=CARTESIAN_POINT('',(158.619664391955,79.9999999999928,-0.464113689633234));
#12327=CARTESIAN_POINT('',(158.603038372596,82.2000000000033,0.805948083985558));
#12328=CARTESIAN_POINT('',(158.599501948809,77.3320508075685,1.07609553004123));
#12329=CARTESIAN_POINT('',(158.619664391955,79.9999999999928,-0.464113689633234));
#12330=CARTESIAN_POINT('',(158.599501948808,4.50000000001148,1.07609553009607));
#12331=CARTESIAN_POINT('',(158.599501948809,77.3320508075685,1.07609553004123));
#12332=CARTESIAN_POINT('',(158.671494724451,1.50000000007427,-4.42343327159524));
#12333=CARTESIAN_POINT('',(158.599501948808,4.50000000001148,1.07609553009607));
#12334=CARTESIAN_POINT('',(158.671494724451,-1.5,-4.42343327161583));
#12335=CARTESIAN_POINT('',(158.671494724451,1.50000000007427,-4.42343327159524));
#12336=CARTESIAN_POINT('',(158.599501948809,-4.50000000000006,1.07609553004122));
#12337=CARTESIAN_POINT('',(158.671494724451,-1.5,-4.42343327161583));
#12338=CARTESIAN_POINT('',(158.603038372596,-82.2000000000033,0.805948083985558));
#12339=CARTESIAN_POINT('',(158.619664391955,-79.9999999999928,-0.464113689633234));
#12340=CARTESIAN_POINT('',(158.569786333879,-82.2000000000105,3.34607163123574));
#12341=CARTESIAN_POINT('',(158.603038372596,-82.2000000000033,0.805948083985558));
#12342=CARTESIAN_POINT('',(158.55316031452,-80.0000000000073,4.61613340486712));
#12343=CARTESIAN_POINT('',(158.569786333879,-82.2000000000105,3.34607163123574));
#12344=CARTESIAN_POINT('',(158.573322757666,-77.3320508075684,3.07592418518924));
#12345=CARTESIAN_POINT('',(158.55316031452,-80.0000000000073,4.61613340486712));
#12346=CARTESIAN_POINT('',(158.573322757666,-6.,3.07592418518924));
#12347=CARTESIAN_POINT('',(158.573322757666,-77.3320508075684,3.07592418518924));
#12348=CARTESIAN_POINT('',(158.599501948809,-6.,1.07609553004122));
#12349=CARTESIAN_POINT('',(158.573322757666,-6.,3.07592418518924));
#12350=CARTESIAN_POINT('',(158.599501948809,-77.3320508075684,1.07609553004124));
#12351=CARTESIAN_POINT('',(158.599501948809,-6.,1.07609553004122));
#12352=CARTESIAN_POINT('',(158.619664391955,-79.9999999999928,-0.464113689633234));
#12353=CARTESIAN_POINT('',(158.599501948809,-77.3320508075684,1.07609553004124));
#12354=CARTESIAN_POINT('',(158.620736181625,-96.6,-0.545987712467732));
#12355=CARTESIAN_POINT('',(158.620736181625,-100.,-0.545987712467739));
#12356=CARTESIAN_POINT('',(158.620736181625,96.6,-0.545987712467732));
#12357=CARTESIAN_POINT('',(158.620736181625,100.,-0.545987712467739));
#12358=CARTESIAN_POINT('',(158.55208852485,-100.,4.69800742769821));
#12359=CARTESIAN_POINT('',(158.55208852485,-96.6,4.69800742769822));
#12360=CARTESIAN_POINT('',(158.55208852485,100.,4.69800742769821));
#12361=CARTESIAN_POINT('',(158.55208852485,96.6,4.69800742769822));
#12362=CARTESIAN_POINT('',(158.55208852485,100.,4.69800742769821));
#12363=CARTESIAN_POINT('',(158.19218283878,100.,11.3663225672249));
#12364=CARTESIAN_POINT('',(158.19218283878,100.,11.3663225672249));
#12365=CARTESIAN_POINT('',(158.19218283878,118.,11.3663225672249));
#12366=CARTESIAN_POINT('',(158.55208852485,118.,4.69800742769821));
#12367=CARTESIAN_POINT('',(158.19218283878,118.,11.3663225672249));
#12368=CARTESIAN_POINT('',(158.19218283878,100.,11.3663225672249));
#12369=CARTESIAN_POINT('',(157.573522687494,100.,18.0151310806716));
#12370=CARTESIAN_POINT('',(157.573522687494,100.,18.0151310806716));
#12371=CARTESIAN_POINT('',(157.573522687494,118.,18.0151310806716));
#12372=CARTESIAN_POINT('',(158.19218283878,118.,11.3663225672249));
#12373=CARTESIAN_POINT('',(157.573522687494,118.,18.0151310806716));
#12374=CARTESIAN_POINT('',(157.573522687494,100.,18.0151310806716));
#12375=CARTESIAN_POINT('',(156.675538403962,100.,24.6320049088324));
#12376=CARTESIAN_POINT('',(156.675538403962,100.,24.6320049088324));
#12377=CARTESIAN_POINT('',(156.675538403962,118.,24.6320049088324));
#12378=CARTESIAN_POINT('',(157.573522687494,118.,18.0151310806716));
#12379=CARTESIAN_POINT('',(156.675538403962,118.,24.6320049088324));
#12380=CARTESIAN_POINT('',(156.675538403962,100.,24.6320049088324));
#12381=CARTESIAN_POINT('',(155.498700355921,105.5,31.2108024187054));
#12382=CARTESIAN_POINT('',(156.675538403962,118.,24.6320049088324));
#12383=CARTESIAN_POINT('',(155.498700355921,112.5,31.2108024187054));
#12384=CARTESIAN_POINT('',(155.498700355921,105.5,31.2108024187054));
#12385=CARTESIAN_POINT('',(155.498700355921,112.5,31.2108024187054));
#12386=CARTESIAN_POINT('',(158.620736181625,100.,-0.545987712467739));
#12387=CARTESIAN_POINT('',(158.435509966952,100.,-7.22143901948099));
#12388=CARTESIAN_POINT('',(158.435509966952,100.,-7.22143901948099));
#12389=CARTESIAN_POINT('',(158.435509966952,118.,-7.22143901948099));
#12390=CARTESIAN_POINT('',(158.620736181625,118.,-0.545987712467739));
#12391=CARTESIAN_POINT('',(158.435509966952,118.,-7.22143901948099));
#12392=CARTESIAN_POINT('',(158.435509966952,100.,-7.22143901948099));
#12393=CARTESIAN_POINT('',(157.991107331814,100.,-13.8841637871082));
#12394=CARTESIAN_POINT('',(157.991107331814,100.,-13.8841637871082));
#12395=CARTESIAN_POINT('',(157.991107331814,118.,-13.8841637871082));
#12396=CARTESIAN_POINT('',(158.435509966952,118.,-7.22143901948099));
#12397=CARTESIAN_POINT('',(157.991107331814,118.,-13.8841637871082));
#12398=CARTESIAN_POINT('',(157.991107331814,100.,-13.8841637871082));
#12399=CARTESIAN_POINT('',(157.266640329227,100.,-20.5222766660395));
#12400=CARTESIAN_POINT('',(157.266640329227,100.,-20.5222766660395));
#12401=CARTESIAN_POINT('',(157.266640329227,118.,-20.5222766660395));
#12402=CARTESIAN_POINT('',(157.991107331814,118.,-13.8841637871082));
#12403=CARTESIAN_POINT('',(157.266640329227,118.,-20.5222766660395));
#12404=CARTESIAN_POINT('',(157.266640329227,100.,-20.5222766660395));
#12405=CARTESIAN_POINT('',(156.262418396538,105.5,-27.1296258150653));
#12406=CARTESIAN_POINT('',(157.266640329227,118.,-20.5222766660395));
#12407=CARTESIAN_POINT('',(156.262418396538,112.5,-27.1296258150653));
#12408=CARTESIAN_POINT('',(156.262418396538,105.5,-27.1296258150653));
#12409=CARTESIAN_POINT('',(156.262418396538,112.5,-27.1296258150653));
#12410=CARTESIAN_POINT('',(158.55208852485,-100.,4.69800742769821));
#12411=CARTESIAN_POINT('',(158.19218283878,-100.,11.3663225672249));
#12412=CARTESIAN_POINT('',(158.19218283878,-100.,11.3663225672249));
#12413=CARTESIAN_POINT('',(158.19218283878,-118.,11.3663225672249));
#12414=CARTESIAN_POINT('',(158.55208852485,-118.,4.69800742769821));
#12415=CARTESIAN_POINT('',(158.19218283878,-118.,11.3663225672249));
#12416=CARTESIAN_POINT('',(158.19218283878,-100.,11.3663225672249));
#12417=CARTESIAN_POINT('',(157.573522687494,-100.,18.0151310806716));
#12418=CARTESIAN_POINT('',(157.573522687494,-100.,18.0151310806716));
#12419=CARTESIAN_POINT('',(157.573522687494,-118.,18.0151310806716));
#12420=CARTESIAN_POINT('',(158.19218283878,-118.,11.3663225672249));
#12421=CARTESIAN_POINT('',(157.573522687494,-118.,18.0151310806716));
#12422=CARTESIAN_POINT('',(157.573522687494,-100.,18.0151310806716));
#12423=CARTESIAN_POINT('',(156.675538403962,-100.,24.6320049088324));
#12424=CARTESIAN_POINT('',(156.675538403962,-100.,24.6320049088324));
#12425=CARTESIAN_POINT('',(156.675538403962,-118.,24.6320049088324));
#12426=CARTESIAN_POINT('',(157.573522687494,-118.,18.0151310806716));
#12427=CARTESIAN_POINT('',(156.675538403962,-118.,24.6320049088324));
#12428=CARTESIAN_POINT('',(156.675538403962,-100.,24.6320049088324));
#12429=CARTESIAN_POINT('',(155.498700355921,-105.5,31.2108024187054));
#12430=CARTESIAN_POINT('',(156.675538403962,-118.,24.6320049088324));
#12431=CARTESIAN_POINT('',(155.498700355921,-112.5,31.2108024187054));
#12432=CARTESIAN_POINT('',(155.498700355921,-105.5,31.2108024187054));
#12433=CARTESIAN_POINT('',(155.498700355921,-112.5,31.2108024187054));
#12434=CARTESIAN_POINT('',(158.620736181625,-100.,-0.545987712467739));
#12435=CARTESIAN_POINT('',(158.435509966952,-100.,-7.22143901948099));
#12436=CARTESIAN_POINT('',(158.435509966952,-100.,-7.22143901948099));
#12437=CARTESIAN_POINT('',(158.435509966952,-118.,-7.22143901948099));
#12438=CARTESIAN_POINT('',(158.620736181625,-118.,-0.545987712467739));
#12439=CARTESIAN_POINT('',(158.435509966952,-118.,-7.22143901948099));
#12440=CARTESIAN_POINT('',(158.435509966952,-100.,-7.22143901948099));
#12441=CARTESIAN_POINT('',(157.991107331814,-100.,-13.8841637871082));
#12442=CARTESIAN_POINT('',(157.991107331814,-100.,-13.8841637871082));
#12443=CARTESIAN_POINT('',(157.991107331814,-118.,-13.8841637871082));
#12444=CARTESIAN_POINT('',(158.435509966952,-118.,-7.22143901948099));
#12445=CARTESIAN_POINT('',(157.991107331814,-118.,-13.8841637871082));
#12446=CARTESIAN_POINT('',(157.991107331814,-100.,-13.8841637871082));
#12447=CARTESIAN_POINT('',(157.266640329227,-100.,-20.5222766660395));
#12448=CARTESIAN_POINT('',(157.266640329227,-100.,-20.5222766660395));
#12449=CARTESIAN_POINT('',(157.266640329227,-118.,-20.5222766660395));
#12450=CARTESIAN_POINT('',(157.991107331814,-118.,-13.8841637871082));
#12451=CARTESIAN_POINT('',(157.266640329227,-118.,-20.5222766660395));
#12452=CARTESIAN_POINT('',(157.266640329227,-100.,-20.5222766660395));
#12453=CARTESIAN_POINT('',(156.262418396538,-105.5,-27.1296258150653));
#12454=CARTESIAN_POINT('',(157.266640329227,-118.,-20.5222766660395));
#12455=CARTESIAN_POINT('',(156.262418396538,-112.5,-27.1296258150653));
#12456=CARTESIAN_POINT('',(156.262418396538,-105.5,-27.1296258150653));
#12457=CARTESIAN_POINT('',(156.262418396538,-112.5,-27.1296258150653));
#12458=CARTESIAN_POINT('',(137.46619189262,-159.,81.8182998267579));
#12459=CARTESIAN_POINT('',(144.685179817319,100.,65.0156503513797));
#12460=CARTESIAN_POINT('',(141.800816594637,100.,71.0386402818503));
#12461=CARTESIAN_POINT('',(138.68486028022,100.,76.9445873928491));
#12462=CARTESIAN_POINT('',(135.32306299206,100.,82.7141379840643));
#12463=CARTESIAN_POINT('',(146.755392041912,100.,60.1971008937099));
#12464=CARTESIAN_POINT('',(149.138849952045,100.,53.9589050572896));
#12465=CARTESIAN_POINT('',(151.277989836226,100.,47.6332844879563));
#12466=CARTESIAN_POINT('',(153.148965421493,100.,41.223226345427));
#12467=CARTESIAN_POINT('',(144.685179817319,-100.,65.0156503513797));
#12468=CARTESIAN_POINT('',(141.800816594637,-100.,71.0386402818503));
#12469=CARTESIAN_POINT('',(138.68486028022,-100.,76.9445873928491));
#12470=CARTESIAN_POINT('',(135.32306299206,-100.,82.7141379840643));
#12471=CARTESIAN_POINT('',(146.755392041912,-100.,60.1971008937099));
#12472=CARTESIAN_POINT('',(149.138849952045,-100.,53.9589050572896));
#12473=CARTESIAN_POINT('',(151.277989836226,-100.,47.6332844879563));
#12474=CARTESIAN_POINT('',(153.148965421493,-100.,41.223226345427));
#12475=CARTESIAN_POINT('',(144.685179817319,-100.,65.0156503513797));
#12476=CARTESIAN_POINT('',(144.685179817319,-118.,65.0156503513797));
#12477=CARTESIAN_POINT('',(146.755392041912,-100.,60.1971008937099));
#12478=CARTESIAN_POINT('',(146.755392041912,-118.,60.1971008937099));
#12479=CARTESIAN_POINT('',(146.755392041912,100.,60.1971008937099));
#12480=CARTESIAN_POINT('',(146.755392041912,118.,60.1971008937099));
#12481=CARTESIAN_POINT('',(144.685179817319,100.,65.0156503513797));
#12482=CARTESIAN_POINT('',(144.685179817319,118.,65.0156503513797));
#12483=CARTESIAN_POINT('',(144.685179817319,96.6,65.0156503513797));
#12484=CARTESIAN_POINT('',(146.755392041912,96.6,60.1971008937099));
#12485=CARTESIAN_POINT('',(146.755392041912,-96.6,60.1971008937099));
#12486=CARTESIAN_POINT('',(144.685179817319,-96.6,65.0156503513797));
#12487=CARTESIAN_POINT('',(152.036187631764,88.,47.9057162601624));
#12488=CARTESIAN_POINT('',(152.036187631737,5.50000000018281,47.9057162602233));
#12489=CARTESIAN_POINT('',(153.812534985467,5.50000000023424,43.7711558145533));
#12490=CARTESIAN_POINT('',(153.812534985476,3.50000000023424,43.7711558145323));
#12491=CARTESIAN_POINT('',(152.825675344515,3.50000000020567,46.0681338399046));
#12492=CARTESIAN_POINT('',(152.82567534451,4.50000000020566,46.068133839915));
#12493=CARTESIAN_POINT('',(152.036187631742,4.50000000018291,47.9057162602129));
#12494=CARTESIAN_POINT('',(149.865096421642,1.50000000011997,52.9590679160003));
#12495=CARTESIAN_POINT('',(149.86509642165,-1.5,52.9590679159814));
#12496=CARTESIAN_POINT('',(152.036187631764,-4.50000000000011,47.9057162601624));
#12497=CARTESIAN_POINT('',(152.036187631764,-88.,47.9057162601624));
#12498=CARTESIAN_POINT('',(139.404384227467,-88.,77.3070349849272));
#12499=CARTESIAN_POINT('',(139.404384227467,-4.50000000000011,77.3070349849272));
#12500=CARTESIAN_POINT('',(141.57547543758,-1.5,72.2536833291083));
#12501=CARTESIAN_POINT('',(141.57547543758,1.5,72.2536833291083));
#12502=CARTESIAN_POINT('',(139.404384227467,4.5000000000001,77.3070349849272));
#12503=CARTESIAN_POINT('',(138.614896514698,4.5,79.144617405225));
#12504=CARTESIAN_POINT('',(138.614896514698,3.5,79.144617405225));
#12505=CARTESIAN_POINT('',(137.628036873738,3.5,81.4415954305972));
#12506=CARTESIAN_POINT('',(137.628036873738,5.5,81.4415954305972));
#12507=CARTESIAN_POINT('',(139.404384227467,5.5,77.3070349849272));
#12508=CARTESIAN_POINT('',(139.404384227467,88.,77.3070349849272));
#12509=CARTESIAN_POINT('',(146.115029786,-5.,61.6875844123959));
#12510=CARTESIAN_POINT('',(145.325542073231,-5.,63.5251668326937));
#12511=CARTESIAN_POINT('',(145.325542073231,-4.50000000000006,63.5251668326937));
#12512=CARTESIAN_POINT('',(143.154450863118,-1.5,68.5785184885127));
#12513=CARTESIAN_POINT('',(143.154450863117,1.5,68.5785184885127));
#12514=CARTESIAN_POINT('',(145.325542073231,4.50000000000006,63.5251668326937));
#12515=CARTESIAN_POINT('',(145.325542073231,77.3320508075684,63.5251668326937));
#12516=CARTESIAN_POINT('',(144.717501853936,80.0000000000073,64.9404187735912));
#12517=CARTESIAN_POINT('',(145.218893891778,82.2000000000105,63.7733971980631));
#12518=CARTESIAN_POINT('',(146.221677967456,82.2000000000033,61.4393540470182));
#12519=CARTESIAN_POINT('',(146.723070005293,79.9999999999928,60.2723324715016));
#12520=CARTESIAN_POINT('',(146.115029786,77.3320508075685,61.6875844123959));
#12521=CARTESIAN_POINT('',(146.115029785978,4.50000000001148,61.6875844124463));
#12522=CARTESIAN_POINT('',(148.286120996105,1.50000000007427,56.6342327565959));
#12523=CARTESIAN_POINT('',(148.286120996113,-1.5,56.634232756577));
#12524=CARTESIAN_POINT('',(146.115029786,-4.50000000000006,61.6875844123959));
#12525=CARTESIAN_POINT('',(146.221677967456,-82.2000000000033,61.4393540470182));
#12526=CARTESIAN_POINT('',(145.218893891778,-82.2000000000105,63.7733971980631));
#12527=CARTESIAN_POINT('',(144.717501853936,-80.0000000000073,64.9404187735912));
#12528=CARTESIAN_POINT('',(145.325542073231,-77.3320508075684,63.5251668326937));
#12529=CARTESIAN_POINT('',(145.325542073231,-6.,63.5251668326937));
#12530=CARTESIAN_POINT('',(146.115029786,-6.,61.6875844123959));
#12531=CARTESIAN_POINT('',(146.115029786,-77.3320508075684,61.6875844123959));
#12532=CARTESIAN_POINT('',(146.723070005293,-79.9999999999928,60.2723324715016));
#12533=CARTESIAN_POINT('',(141.800816594637,100.,71.0386402818503));
#12534=CARTESIAN_POINT('',(141.800816594637,118.,71.0386402818503));
#12535=CARTESIAN_POINT('',(138.68486028022,100.,76.9445873928491));
#12536=CARTESIAN_POINT('',(138.68486028022,118.,76.9445873928491));
#12537=CARTESIAN_POINT('',(135.32306299206,100.,82.7141379840643));
#12538=CARTESIAN_POINT('',(135.32306299206,118.,82.7141379840643));
#12539=CARTESIAN_POINT('',(131.718209594482,105.5,88.3417979284102));
#12540=CARTESIAN_POINT('',(131.718209594482,112.5,88.3417979284102));
#12541=CARTESIAN_POINT('',(149.138849952045,100.,53.9589050572896));
#12542=CARTESIAN_POINT('',(149.138849952045,118.,53.9589050572896));
#12543=CARTESIAN_POINT('',(151.277989836226,100.,47.6332844879563));
#12544=CARTESIAN_POINT('',(151.277989836226,118.,47.6332844879563));
#12545=CARTESIAN_POINT('',(153.148965421493,100.,41.223226345427));
#12546=CARTESIAN_POINT('',(153.148965421493,118.,41.223226345427));
#12547=CARTESIAN_POINT('',(154.749708382966,105.5,34.7345326064281));
#12548=CARTESIAN_POINT('',(154.749708382966,112.5,34.7345326064281));
#12549=CARTESIAN_POINT('',(141.800816594637,-100.,71.0386402818503));
#12550=CARTESIAN_POINT('',(141.800816594637,-118.,71.0386402818503));
#12551=CARTESIAN_POINT('',(138.68486028022,-100.,76.9445873928491));
#12552=CARTESIAN_POINT('',(138.68486028022,-118.,76.9445873928491));
#12553=CARTESIAN_POINT('',(135.32306299206,-100.,82.7141379840643));
#12554=CARTESIAN_POINT('',(135.32306299206,-118.,82.7141379840643));
#12555=CARTESIAN_POINT('',(131.718209594482,-105.5,88.3417979284102));
#12556=CARTESIAN_POINT('',(131.718209594482,-112.5,88.3417979284102));
#12557=CARTESIAN_POINT('',(149.138849952045,-100.,53.9589050572896));
#12558=CARTESIAN_POINT('',(149.138849952045,-118.,53.9589050572896));
#12559=CARTESIAN_POINT('',(151.277989836226,-100.,47.6332844879563));
#12560=CARTESIAN_POINT('',(151.277989836226,-118.,47.6332844879563));
#12561=CARTESIAN_POINT('',(153.148965421493,-100.,41.223226345427));
#12562=CARTESIAN_POINT('',(153.148965421493,-118.,41.223226345427));
#12563=CARTESIAN_POINT('',(154.749708382966,-105.5,34.7345326064281));
#12564=CARTESIAN_POINT('',(154.749708382966,-112.5,34.7345326064281));
#12565=CARTESIAN_POINT('',(144.685179817319,-100.,65.0156503513797));
#12566=CARTESIAN_POINT('',(144.685179817319,-118.,65.0156503513797));
#12567=CARTESIAN_POINT('',(146.755392041912,-100.,60.1971008937099));
#12568=CARTESIAN_POINT('',(146.755392041912,-118.,60.1971008937099));
#12569=CARTESIAN_POINT('',(146.755392041912,100.,60.1971008937099));
#12570=CARTESIAN_POINT('',(146.755392041912,118.,60.1971008937099));
#12571=CARTESIAN_POINT('',(144.685179817319,100.,65.0156503513797));
#12572=CARTESIAN_POINT('',(144.685179817319,118.,65.0156503513797));
#12573=CARTESIAN_POINT('',(146.755392041912,-118.,60.1971008937099));
#12574=CARTESIAN_POINT('',(144.685179817319,-118.,65.0156503513797));
#12575=CARTESIAN_POINT('',(146.755392041912,118.,60.1971008937099));
#12576=CARTESIAN_POINT('',(144.685179817319,118.,65.0156503513797));
#12577=CARTESIAN_POINT('',(144.685179817319,96.6,65.0156503513797));
#12578=CARTESIAN_POINT('',(139.404384227467,88.,77.3070349849272));
#12579=CARTESIAN_POINT('',(152.036187631764,88.,47.9057162601624));
#12580=CARTESIAN_POINT('',(146.755392041912,96.6,60.1971008937099));
#12581=CARTESIAN_POINT('',(152.036187631737,5.50000000018281,47.9057162602233));
#12582=CARTESIAN_POINT('',(152.036187631764,88.,47.9057162601624));
#12583=CARTESIAN_POINT('',(153.812534985467,5.50000000023424,43.7711558145533));
#12584=CARTESIAN_POINT('',(152.036187631737,5.50000000018281,47.9057162602233));
#12585=CARTESIAN_POINT('',(153.812534985476,3.50000000023424,43.7711558145323));
#12586=CARTESIAN_POINT('',(153.812534985467,5.50000000023424,43.7711558145533));
#12587=CARTESIAN_POINT('',(152.825675344515,3.50000000020567,46.0681338399046));
#12588=CARTESIAN_POINT('',(153.812534985476,3.50000000023424,43.7711558145323));
#12589=CARTESIAN_POINT('',(152.82567534451,4.50000000020566,46.068133839915));
#12590=CARTESIAN_POINT('',(152.825675344515,3.50000000020567,46.0681338399046));
#12591=CARTESIAN_POINT('',(152.036187631742,4.50000000018291,47.9057162602129));
#12592=CARTESIAN_POINT('',(152.82567534451,4.50000000020566,46.068133839915));
#12593=CARTESIAN_POINT('',(149.865096421642,1.50000000011997,52.9590679160003));
#12594=CARTESIAN_POINT('',(152.036187631742,4.50000000018291,47.9057162602129));
#12595=CARTESIAN_POINT('',(149.86509642165,-1.5,52.9590679159814));
#12596=CARTESIAN_POINT('',(149.865096421642,1.50000000011997,52.9590679160003));
#12597=CARTESIAN_POINT('',(152.036187631764,-4.50000000000011,47.9057162601624));
#12598=CARTESIAN_POINT('',(149.86509642165,-1.5,52.9590679159814));
#12599=CARTESIAN_POINT('',(152.036187631764,-88.,47.9057162601624));
#12600=CARTESIAN_POINT('',(152.036187631764,-4.50000000000011,47.9057162601624));
#12601=CARTESIAN_POINT('',(146.755392041912,-96.6,60.1971008937099));
#12602=CARTESIAN_POINT('',(152.036187631764,-88.,47.9057162601624));
#12603=CARTESIAN_POINT('',(139.404384227467,-88.,77.3070349849272));
#12604=CARTESIAN_POINT('',(144.685179817319,-96.6,65.0156503513797));
#12605=CARTESIAN_POINT('',(139.404384227467,-4.50000000000011,77.3070349849272));
#12606=CARTESIAN_POINT('',(139.404384227467,-88.,77.3070349849272));
#12607=CARTESIAN_POINT('',(141.57547543758,-1.5,72.2536833291083));
#12608=CARTESIAN_POINT('',(139.404384227467,-4.50000000000011,77.3070349849272));
#12609=CARTESIAN_POINT('',(141.57547543758,1.5,72.2536833291083));
#12610=CARTESIAN_POINT('',(141.57547543758,-1.5,72.2536833291083));
#12611=CARTESIAN_POINT('',(139.404384227467,4.5000000000001,77.3070349849272));
#12612=CARTESIAN_POINT('',(141.57547543758,1.5,72.2536833291083));
#12613=CARTESIAN_POINT('',(138.614896514698,4.5,79.144617405225));
#12614=CARTESIAN_POINT('',(139.404384227467,4.5000000000001,77.3070349849272));
#12615=CARTESIAN_POINT('',(138.614896514698,3.5,79.144617405225));
#12616=CARTESIAN_POINT('',(138.614896514698,4.5,79.144617405225));
#12617=CARTESIAN_POINT('',(137.628036873738,3.5,81.4415954305972));
#12618=CARTESIAN_POINT('',(138.614896514698,3.5,79.144617405225));
#12619=CARTESIAN_POINT('',(137.628036873738,5.5,81.4415954305972));
#12620=CARTESIAN_POINT('',(137.628036873738,3.5,81.4415954305972));
#12621=CARTESIAN_POINT('',(139.404384227467,5.5,77.3070349849272));
#12622=CARTESIAN_POINT('',(137.628036873738,5.5,81.4415954305972));
#12623=CARTESIAN_POINT('',(139.404384227467,88.,77.3070349849272));
#12624=CARTESIAN_POINT('',(139.404384227467,5.5,77.3070349849272));
#12625=CARTESIAN_POINT('',(146.115029786,-5.,61.6875844123959));
#12626=CARTESIAN_POINT('',(146.115029786,-4.50000000000006,61.6875844123959));
#12627=CARTESIAN_POINT('',(145.325542073231,-5.,63.5251668326937));
#12628=CARTESIAN_POINT('',(146.115029786,-5.,61.6875844123959));
#12629=CARTESIAN_POINT('',(145.325542073231,-4.50000000000006,63.5251668326937));
#12630=CARTESIAN_POINT('',(145.325542073231,-5.,63.5251668326937));
#12631=CARTESIAN_POINT('',(143.154450863118,-1.5,68.5785184885127));
#12632=CARTESIAN_POINT('',(145.325542073231,-4.50000000000006,63.5251668326937));
#12633=CARTESIAN_POINT('',(143.154450863117,1.5,68.5785184885127));
#12634=CARTESIAN_POINT('',(143.154450863118,-1.5,68.5785184885127));
#12635=CARTESIAN_POINT('',(145.325542073231,4.50000000000006,63.5251668326937));
#12636=CARTESIAN_POINT('',(143.154450863117,1.5,68.5785184885127));
#12637=CARTESIAN_POINT('',(145.325542073231,77.3320508075684,63.5251668326937));
#12638=CARTESIAN_POINT('',(145.325542073231,4.50000000000006,63.5251668326937));
#12639=CARTESIAN_POINT('',(144.717501853936,80.0000000000073,64.9404187735912));
#12640=CARTESIAN_POINT('',(145.325542073231,77.3320508075684,63.5251668326937));
#12641=CARTESIAN_POINT('',(145.218893891778,82.2000000000105,63.7733971980631));
#12642=CARTESIAN_POINT('',(144.717501853936,80.0000000000073,64.9404187735912));
#12643=CARTESIAN_POINT('',(146.221677967456,82.2000000000033,61.4393540470182));
#12644=CARTESIAN_POINT('',(145.218893891778,82.2000000000105,63.7733971980631));
#12645=CARTESIAN_POINT('',(146.723070005293,79.9999999999928,60.2723324715016));
#12646=CARTESIAN_POINT('',(146.221677967456,82.2000000000033,61.4393540470182));
#12647=CARTESIAN_POINT('',(146.115029786,77.3320508075685,61.6875844123959));
#12648=CARTESIAN_POINT('',(146.723070005293,79.9999999999928,60.2723324715016));
#12649=CARTESIAN_POINT('',(146.115029785978,4.50000000001148,61.6875844124463));
#12650=CARTESIAN_POINT('',(146.115029786,77.3320508075685,61.6875844123959));
#12651=CARTESIAN_POINT('',(148.286120996105,1.50000000007427,56.6342327565959));
#12652=CARTESIAN_POINT('',(146.115029785978,4.50000000001148,61.6875844124463));
#12653=CARTESIAN_POINT('',(148.286120996113,-1.5,56.634232756577));
#12654=CARTESIAN_POINT('',(148.286120996105,1.50000000007427,56.6342327565959));
#12655=CARTESIAN_POINT('',(146.115029786,-4.50000000000006,61.6875844123959));
#12656=CARTESIAN_POINT('',(148.286120996113,-1.5,56.634232756577));
#12657=CARTESIAN_POINT('',(146.221677967456,-82.2000000000033,61.4393540470182));
#12658=CARTESIAN_POINT('',(146.723070005293,-79.9999999999928,60.2723324715016));
#12659=CARTESIAN_POINT('',(145.218893891778,-82.2000000000105,63.7733971980631));
#12660=CARTESIAN_POINT('',(146.221677967456,-82.2000000000033,61.4393540470182));
#12661=CARTESIAN_POINT('',(144.717501853936,-80.0000000000073,64.9404187735912));
#12662=CARTESIAN_POINT('',(145.218893891778,-82.2000000000105,63.7733971980631));
#12663=CARTESIAN_POINT('',(145.325542073231,-77.3320508075684,63.5251668326937));
#12664=CARTESIAN_POINT('',(144.717501853936,-80.0000000000073,64.9404187735912));
#12665=CARTESIAN_POINT('',(145.325542073231,-6.,63.5251668326937));
#12666=CARTESIAN_POINT('',(145.325542073231,-77.3320508075684,63.5251668326937));
#12667=CARTESIAN_POINT('',(146.115029786,-6.,61.6875844123959));
#12668=CARTESIAN_POINT('',(145.325542073231,-6.,63.5251668326937));
#12669=CARTESIAN_POINT('',(146.115029786,-77.3320508075684,61.6875844123959));
#12670=CARTESIAN_POINT('',(146.115029786,-6.,61.6875844123959));
#12671=CARTESIAN_POINT('',(146.723070005293,-79.9999999999928,60.2723324715016));
#12672=CARTESIAN_POINT('',(146.115029786,-77.3320508075684,61.6875844123959));
#12673=CARTESIAN_POINT('',(146.755392041912,-96.6,60.1971008937099));
#12674=CARTESIAN_POINT('',(146.755392041912,-100.,60.1971008937099));
#12675=CARTESIAN_POINT('',(146.755392041912,96.6,60.1971008937099));
#12676=CARTESIAN_POINT('',(146.755392041912,100.,60.1971008937099));
#12677=CARTESIAN_POINT('',(144.685179817319,-100.,65.0156503513797));
#12678=CARTESIAN_POINT('',(144.685179817319,-96.6,65.0156503513797));
#12679=CARTESIAN_POINT('',(144.685179817319,100.,65.0156503513797));
#12680=CARTESIAN_POINT('',(144.685179817319,96.6,65.0156503513797));
#12681=CARTESIAN_POINT('',(144.685179817319,100.,65.0156503513797));
#12682=CARTESIAN_POINT('',(141.800816594637,100.,71.0386402818503));
#12683=CARTESIAN_POINT('',(141.800816594637,100.,71.0386402818503));
#12684=CARTESIAN_POINT('',(141.800816594637,118.,71.0386402818503));
#12685=CARTESIAN_POINT('',(144.685179817319,118.,65.0156503513797));
#12686=CARTESIAN_POINT('',(141.800816594637,118.,71.0386402818503));
#12687=CARTESIAN_POINT('',(141.800816594637,100.,71.0386402818503));
#12688=CARTESIAN_POINT('',(138.68486028022,100.,76.9445873928491));
#12689=CARTESIAN_POINT('',(138.68486028022,100.,76.9445873928491));
#12690=CARTESIAN_POINT('',(138.68486028022,118.,76.9445873928491));
#12691=CARTESIAN_POINT('',(141.800816594637,118.,71.0386402818503));
#12692=CARTESIAN_POINT('',(138.68486028022,118.,76.9445873928491));
#12693=CARTESIAN_POINT('',(138.68486028022,100.,76.9445873928491));
#12694=CARTESIAN_POINT('',(135.32306299206,100.,82.7141379840643));
#12695=CARTESIAN_POINT('',(135.32306299206,100.,82.7141379840643));
#12696=CARTESIAN_POINT('',(135.32306299206,118.,82.7141379840643));
#12697=CARTESIAN_POINT('',(138.68486028022,118.,76.9445873928491));
#12698=CARTESIAN_POINT('',(135.32306299206,118.,82.7141379840643));
#12699=CARTESIAN_POINT('',(135.32306299206,100.,82.7141379840643));
#12700=CARTESIAN_POINT('',(131.718209594482,105.5,88.3417979284102));
#12701=CARTESIAN_POINT('',(135.32306299206,118.,82.7141379840643));
#12702=CARTESIAN_POINT('',(131.718209594482,112.5,88.3417979284102));
#12703=CARTESIAN_POINT('',(131.718209594482,105.5,88.3417979284102));
#12704=CARTESIAN_POINT('',(131.718209594482,112.5,88.3417979284102));
#12705=CARTESIAN_POINT('',(146.755392041912,100.,60.1971008937099));
#12706=CARTESIAN_POINT('',(149.138849952045,100.,53.9589050572896));
#12707=CARTESIAN_POINT('',(149.138849952045,100.,53.9589050572896));
#12708=CARTESIAN_POINT('',(149.138849952045,118.,53.9589050572896));
#12709=CARTESIAN_POINT('',(146.755392041912,118.,60.1971008937099));
#12710=CARTESIAN_POINT('',(149.138849952045,118.,53.9589050572896));
#12711=CARTESIAN_POINT('',(149.138849952045,100.,53.9589050572896));
#12712=CARTESIAN_POINT('',(151.277989836226,100.,47.6332844879563));
#12713=CARTESIAN_POINT('',(151.277989836226,100.,47.6332844879563));
#12714=CARTESIAN_POINT('',(151.277989836226,118.,47.6332844879563));
#12715=CARTESIAN_POINT('',(149.138849952045,118.,53.9589050572896));
#12716=CARTESIAN_POINT('',(151.277989836226,118.,47.6332844879563));
#12717=CARTESIAN_POINT('',(151.277989836226,100.,47.6332844879563));
#12718=CARTESIAN_POINT('',(153.148965421493,100.,41.223226345427));
#12719=CARTESIAN_POINT('',(153.148965421493,100.,41.223226345427));
#12720=CARTESIAN_POINT('',(153.148965421493,118.,41.223226345427));
#12721=CARTESIAN_POINT('',(151.277989836226,118.,47.6332844879563));
#12722=CARTESIAN_POINT('',(153.148965421493,118.,41.223226345427));
#12723=CARTESIAN_POINT('',(153.148965421493,100.,41.223226345427));
#12724=CARTESIAN_POINT('',(154.749708382966,105.5,34.7345326064281));
#12725=CARTESIAN_POINT('',(153.148965421493,118.,41.223226345427));
#12726=CARTESIAN_POINT('',(154.749708382966,112.5,34.7345326064281));
#12727=CARTESIAN_POINT('',(154.749708382966,105.5,34.7345326064281));
#12728=CARTESIAN_POINT('',(154.749708382966,112.5,34.7345326064281));
#12729=CARTESIAN_POINT('',(144.685179817319,-100.,65.0156503513797));
#12730=CARTESIAN_POINT('',(141.800816594637,-100.,71.0386402818503));
#12731=CARTESIAN_POINT('',(141.800816594637,-100.,71.0386402818503));
#12732=CARTESIAN_POINT('',(141.800816594637,-118.,71.0386402818503));
#12733=CARTESIAN_POINT('',(144.685179817319,-118.,65.0156503513797));
#12734=CARTESIAN_POINT('',(141.800816594637,-118.,71.0386402818503));
#12735=CARTESIAN_POINT('',(141.800816594637,-100.,71.0386402818503));
#12736=CARTESIAN_POINT('',(138.68486028022,-100.,76.9445873928491));
#12737=CARTESIAN_POINT('',(138.68486028022,-100.,76.9445873928491));
#12738=CARTESIAN_POINT('',(138.68486028022,-118.,76.9445873928491));
#12739=CARTESIAN_POINT('',(141.800816594637,-118.,71.0386402818503));
#12740=CARTESIAN_POINT('',(138.68486028022,-118.,76.9445873928491));
#12741=CARTESIAN_POINT('',(138.68486028022,-100.,76.9445873928491));
#12742=CARTESIAN_POINT('',(135.32306299206,-100.,82.7141379840643));
#12743=CARTESIAN_POINT('',(135.32306299206,-100.,82.7141379840643));
#12744=CARTESIAN_POINT('',(135.32306299206,-118.,82.7141379840643));
#12745=CARTESIAN_POINT('',(138.68486028022,-118.,76.9445873928491));
#12746=CARTESIAN_POINT('',(135.32306299206,-118.,82.7141379840643));
#12747=CARTESIAN_POINT('',(135.32306299206,-100.,82.7141379840643));
#12748=CARTESIAN_POINT('',(131.718209594482,-105.5,88.3417979284102));
#12749=CARTESIAN_POINT('',(135.32306299206,-118.,82.7141379840643));
#12750=CARTESIAN_POINT('',(131.718209594482,-112.5,88.3417979284102));
#12751=CARTESIAN_POINT('',(131.718209594482,-105.5,88.3417979284102));
#12752=CARTESIAN_POINT('',(131.718209594482,-112.5,88.3417979284102));
#12753=CARTESIAN_POINT('',(146.755392041912,-100.,60.1971008937099));
#12754=CARTESIAN_POINT('',(149.138849952045,-100.,53.9589050572896));
#12755=CARTESIAN_POINT('',(149.138849952045,-100.,53.9589050572896));
#12756=CARTESIAN_POINT('',(149.138849952045,-118.,53.9589050572896));
#12757=CARTESIAN_POINT('',(146.755392041912,-118.,60.1971008937099));
#12758=CARTESIAN_POINT('',(149.138849952045,-118.,53.9589050572896));
#12759=CARTESIAN_POINT('',(149.138849952045,-100.,53.9589050572896));
#12760=CARTESIAN_POINT('',(151.277989836226,-100.,47.6332844879563));
#12761=CARTESIAN_POINT('',(151.277989836226,-100.,47.6332844879563));
#12762=CARTESIAN_POINT('',(151.277989836226,-118.,47.6332844879563));
#12763=CARTESIAN_POINT('',(149.138849952045,-118.,53.9589050572896));
#12764=CARTESIAN_POINT('',(151.277989836226,-118.,47.6332844879563));
#12765=CARTESIAN_POINT('',(151.277989836226,-100.,47.6332844879563));
#12766=CARTESIAN_POINT('',(153.148965421493,-100.,41.223226345427));
#12767=CARTESIAN_POINT('',(153.148965421493,-100.,41.223226345427));
#12768=CARTESIAN_POINT('',(153.148965421493,-118.,41.223226345427));
#12769=CARTESIAN_POINT('',(151.277989836226,-118.,47.6332844879563));
#12770=CARTESIAN_POINT('',(153.148965421493,-118.,41.223226345427));
#12771=CARTESIAN_POINT('',(153.148965421493,-100.,41.223226345427));
#12772=CARTESIAN_POINT('',(154.749708382966,-105.5,34.7345326064281));
#12773=CARTESIAN_POINT('',(153.148965421493,-118.,41.223226345427));
#12774=CARTESIAN_POINT('',(154.749708382966,-112.5,34.7345326064281));
#12775=CARTESIAN_POINT('',(154.749708382966,-105.5,34.7345326064281));
#12776=CARTESIAN_POINT('',(154.749708382966,-112.5,34.7345326064281));
#12777=CARTESIAN_POINT('',(95.6916932938813,-159.,128.196286742439));
#12778=CARTESIAN_POINT('',(108.791264057021,100.,115.435249877402));
#12779=CARTESIAN_POINT('',(103.821561451565,100.,119.895968980442));
#12780=CARTESIAN_POINT('',(98.682685076672,100.,124.159927778887));
#12781=CARTESIAN_POINT('',(93.368877946239,100.,128.20379335675));
#12782=CARTESIAN_POINT('',(112.54786980476,100.,111.775726576899));
#12783=CARTESIAN_POINT('',(117.13715197898,100.,106.92449497778));
#12784=CARTESIAN_POINT('',(121.534169726466,100.,101.898996996528));
#12785=CARTESIAN_POINT('',(125.715748827165,100.,96.6928668352794));
#12786=CARTESIAN_POINT('',(108.791264057021,-100.,115.435249877402));
#12787=CARTESIAN_POINT('',(103.821561451565,-100.,119.895968980442));
#12788=CARTESIAN_POINT('',(98.682685076672,-100.,124.159927778887));
#12789=CARTESIAN_POINT('',(93.368877946239,-100.,128.20379335675));
#12790=CARTESIAN_POINT('',(112.54786980476,-100.,111.775726576899));
#12791=CARTESIAN_POINT('',(117.13715197898,-100.,106.92449497778));
#12792=CARTESIAN_POINT('',(121.534169726466,-100.,101.898996996528));
#12793=CARTESIAN_POINT('',(125.715748827165,-100.,96.6928668352794));
#12794=CARTESIAN_POINT('',(108.791264057021,-100.,115.435249877402));
#12795=CARTESIAN_POINT('',(108.791264057021,-118.,115.435249877402));
#12796=CARTESIAN_POINT('',(112.54786980476,-100.,111.775726576899));
#12797=CARTESIAN_POINT('',(112.54786980476,-118.,111.775726576899));
#12798=CARTESIAN_POINT('',(112.54786980476,100.,111.775726576899));
#12799=CARTESIAN_POINT('',(112.54786980476,118.,111.775726576899));
#12800=CARTESIAN_POINT('',(108.791264057021,100.,115.435249877402));
#12801=CARTESIAN_POINT('',(108.791264057021,118.,115.435249877402));
#12802=CARTESIAN_POINT('',(108.791264057021,96.6,115.435249877402));
#12803=CARTESIAN_POINT('',(112.54786980476,96.6,111.775726576899));
#12804=CARTESIAN_POINT('',(112.54786980476,-96.6,111.775726576899));
#12805=CARTESIAN_POINT('',(108.791264057021,-96.6,115.435249877402));
#12806=CARTESIAN_POINT('',(122.130398025685,88.,102.440840869683));
#12807=CARTESIAN_POINT('',(122.130398025638,5.50000000018281,102.440840869729));
#12808=CARTESIAN_POINT('',(125.353756771048,5.50000000023424,99.300783800442));
#12809=CARTESIAN_POINT('',(125.353756771065,3.50000000023424,99.300783800426));
#12810=CARTESIAN_POINT('',(123.563001912503,3.50000000020567,101.04525995003));
#12811=CARTESIAN_POINT('',(123.563001912495,4.50000000020566,101.045259950038));
#12812=CARTESIAN_POINT('',(122.130398025646,4.50000000018291,102.440840869722));
#12813=CARTESIAN_POINT('',(118.190737336835,1.50000000011997,106.278688398827));
#12814=CARTESIAN_POINT('',(118.190737336849,-1.5,106.278688398813));
#12815=CARTESIAN_POINT('',(122.130398025685,-4.50000000000011,102.440840869683));
#12816=CARTESIAN_POINT('',(122.130398025685,-88.,102.440840869683));
#12817=CARTESIAN_POINT('',(99.2087358360961,-88.,124.770135584617));
#12818=CARTESIAN_POINT('',(99.2087358360961,-4.50000000000011,124.770135584617));
#12819=CARTESIAN_POINT('',(103.148396524932,-1.5,120.932288055488));
#12820=CARTESIAN_POINT('',(103.148396524932,1.5,120.932288055488));
#12821=CARTESIAN_POINT('',(99.2087358360961,4.5000000000001,124.770135584617));
#12822=CARTESIAN_POINT('',(97.7761319492467,4.5,126.1657165043));
#12823=CARTESIAN_POINT('',(97.7761319492467,3.5,126.1657165043));
#12824=CARTESIAN_POINT('',(95.9853770906851,3.5,127.910192653905));
#12825=CARTESIAN_POINT('',(95.9853770906851,5.5,127.910192653905));
#12826=CARTESIAN_POINT('',(99.2087358360961,5.5,124.770135584617));
#12827=CARTESIAN_POINT('',(99.2087358360961,88.,124.770135584617));
#12828=CARTESIAN_POINT('',(111.385868874315,-5.,112.907697767308));
#12829=CARTESIAN_POINT('',(109.953264987466,-5.,114.303278686992));
#12830=CARTESIAN_POINT('',(109.953264987466,-4.50000000000006,114.303278686992));
#12831=CARTESIAN_POINT('',(106.01360429863,-1.5,118.141126216121));
#12832=CARTESIAN_POINT('',(106.01360429863,1.5,118.141126216121));
#12833=CARTESIAN_POINT('',(109.953264987466,4.50000000000006,114.303278686992));
#12834=CARTESIAN_POINT('',(109.953264987466,77.3320508075684,114.303278686992));
#12835=CARTESIAN_POINT('',(108.849915603512,80.0000000000073,115.378114070398));
#12836=CARTESIAN_POINT('',(109.759741267205,82.2000000000105,114.49180114877));
#12837=CARTESIAN_POINT('',(111.579392594583,82.2000000000033,112.719175305524));
#12838=CARTESIAN_POINT('',(112.489218258267,79.9999999999928,111.832862383905));
#12839=CARTESIAN_POINT('',(111.385868874315,77.3320508075685,112.907697767309));
#12840=CARTESIAN_POINT('',(111.385868874276,4.50000000001148,112.907697767347));
#12841=CARTESIAN_POINT('',(115.325529563136,1.50000000007427,109.069850238194));
#12842=CARTESIAN_POINT('',(115.325529563151,-1.5,109.069850238179));
#12843=CARTESIAN_POINT('',(111.385868874315,-4.50000000000006,112.907697767309));
#12844=CARTESIAN_POINT('',(111.579392594583,-82.2000000000033,112.719175305524));
#12845=CARTESIAN_POINT('',(109.759741267205,-82.2000000000105,114.49180114877));
#12846=CARTESIAN_POINT('',(108.849915603512,-80.0000000000073,115.378114070398));
#12847=CARTESIAN_POINT('',(109.953264987466,-77.3320508075684,114.303278686992));
#12848=CARTESIAN_POINT('',(109.953264987466,-6.,114.303278686992));
#12849=CARTESIAN_POINT('',(111.385868874315,-6.,112.907697767309));
#12850=CARTESIAN_POINT('',(111.385868874315,-77.3320508075684,112.907697767309));
#12851=CARTESIAN_POINT('',(112.489218258267,-79.9999999999928,111.832862383905));
#12852=CARTESIAN_POINT('',(103.821561451565,100.,119.895968980442));
#12853=CARTESIAN_POINT('',(103.821561451565,118.,119.895968980442));
#12854=CARTESIAN_POINT('',(98.682685076672,100.,124.159927778887));
#12855=CARTESIAN_POINT('',(98.682685076672,118.,124.159927778887));
#12856=CARTESIAN_POINT('',(93.368877946239,100.,128.20379335675));
#12857=CARTESIAN_POINT('',(93.368877946239,118.,128.20379335675));
#12858=CARTESIAN_POINT('',(87.8848154508268,105.5,132.023555523907));
#12859=CARTESIAN_POINT('',(87.8848154508268,112.5,132.023555523907));
#12860=CARTESIAN_POINT('',(117.13715197898,100.,106.92449497778));
#12861=CARTESIAN_POINT('',(117.13715197898,118.,106.92449497778));
#12862=CARTESIAN_POINT('',(121.534169726466,100.,101.898996996528));
#12863=CARTESIAN_POINT('',(121.534169726466,118.,101.898996996528));
#12864=CARTESIAN_POINT('',(125.715748827165,100.,96.6928668352794));
#12865=CARTESIAN_POINT('',(125.715748827165,118.,96.6928668352794));
#12866=CARTESIAN_POINT('',(129.677758077687,105.5,91.3106733079149));
#12867=CARTESIAN_POINT('',(129.677758077687,112.5,91.3106733079149));
#12868=CARTESIAN_POINT('',(103.821561451565,-100.,119.895968980442));
#12869=CARTESIAN_POINT('',(103.821561451565,-118.,119.895968980442));
#12870=CARTESIAN_POINT('',(98.682685076672,-100.,124.159927778887));
#12871=CARTESIAN_POINT('',(98.682685076672,-118.,124.159927778887));
#12872=CARTESIAN_POINT('',(93.368877946239,-100.,128.20379335675));
#12873=CARTESIAN_POINT('',(93.368877946239,-118.,128.20379335675));
#12874=CARTESIAN_POINT('',(87.8848154508268,-105.5,132.023555523907));
#12875=CARTESIAN_POINT('',(87.8848154508268,-112.5,132.023555523907));
#12876=CARTESIAN_POINT('',(117.13715197898,-100.,106.92449497778));
#12877=CARTESIAN_POINT('',(117.13715197898,-118.,106.92449497778));
#12878=CARTESIAN_POINT('',(121.534169726466,-100.,101.898996996528));
#12879=CARTESIAN_POINT('',(121.534169726466,-118.,101.898996996528));
#12880=CARTESIAN_POINT('',(125.715748827165,-100.,96.6928668352794));
#12881=CARTESIAN_POINT('',(125.715748827165,-118.,96.6928668352794));
#12882=CARTESIAN_POINT('',(129.677758077687,-105.5,91.3106733079149));
#12883=CARTESIAN_POINT('',(129.677758077687,-112.5,91.3106733079149));
#12884=CARTESIAN_POINT('',(108.791264057021,-100.,115.435249877402));
#12885=CARTESIAN_POINT('',(108.791264057021,-118.,115.435249877402));
#12886=CARTESIAN_POINT('',(112.54786980476,-100.,111.775726576899));
#12887=CARTESIAN_POINT('',(112.54786980476,-118.,111.775726576899));
#12888=CARTESIAN_POINT('',(112.54786980476,100.,111.775726576899));
#12889=CARTESIAN_POINT('',(112.54786980476,118.,111.775726576899));
#12890=CARTESIAN_POINT('',(108.791264057021,100.,115.435249877402));
#12891=CARTESIAN_POINT('',(108.791264057021,118.,115.435249877402));
#12892=CARTESIAN_POINT('',(112.54786980476,-118.,111.775726576899));
#12893=CARTESIAN_POINT('',(108.791264057021,-118.,115.435249877402));
#12894=CARTESIAN_POINT('',(112.54786980476,118.,111.775726576899));
#12895=CARTESIAN_POINT('',(108.791264057021,118.,115.435249877402));
#12896=CARTESIAN_POINT('',(108.791264057021,96.6,115.435249877402));
#12897=CARTESIAN_POINT('',(99.2087358360961,88.,124.770135584617));
#12898=CARTESIAN_POINT('',(122.130398025685,88.,102.440840869683));
#12899=CARTESIAN_POINT('',(112.54786980476,96.6,111.775726576899));
#12900=CARTESIAN_POINT('',(122.130398025638,5.50000000018281,102.440840869729));
#12901=CARTESIAN_POINT('',(122.130398025685,88.,102.440840869683));
#12902=CARTESIAN_POINT('',(125.353756771048,5.50000000023424,99.300783800442));
#12903=CARTESIAN_POINT('',(122.130398025638,5.50000000018281,102.440840869729));
#12904=CARTESIAN_POINT('',(125.353756771065,3.50000000023424,99.300783800426));
#12905=CARTESIAN_POINT('',(125.353756771048,5.50000000023424,99.300783800442));
#12906=CARTESIAN_POINT('',(123.563001912503,3.50000000020567,101.04525995003));
#12907=CARTESIAN_POINT('',(125.353756771065,3.50000000023424,99.300783800426));
#12908=CARTESIAN_POINT('',(123.563001912495,4.50000000020566,101.045259950038));
#12909=CARTESIAN_POINT('',(123.563001912503,3.50000000020567,101.04525995003));
#12910=CARTESIAN_POINT('',(122.130398025646,4.50000000018291,102.440840869722));
#12911=CARTESIAN_POINT('',(123.563001912495,4.50000000020566,101.045259950038));
#12912=CARTESIAN_POINT('',(118.190737336835,1.50000000011997,106.278688398827));
#12913=CARTESIAN_POINT('',(122.130398025646,4.50000000018291,102.440840869722));
#12914=CARTESIAN_POINT('',(118.190737336849,-1.5,106.278688398813));
#12915=CARTESIAN_POINT('',(118.190737336835,1.50000000011997,106.278688398827));
#12916=CARTESIAN_POINT('',(122.130398025685,-4.50000000000011,102.440840869683));
#12917=CARTESIAN_POINT('',(118.190737336849,-1.5,106.278688398813));
#12918=CARTESIAN_POINT('',(122.130398025685,-88.,102.440840869683));
#12919=CARTESIAN_POINT('',(122.130398025685,-4.50000000000011,102.440840869683));
#12920=CARTESIAN_POINT('',(112.54786980476,-96.6,111.775726576899));
#12921=CARTESIAN_POINT('',(122.130398025685,-88.,102.440840869683));
#12922=CARTESIAN_POINT('',(99.2087358360961,-88.,124.770135584617));
#12923=CARTESIAN_POINT('',(108.791264057021,-96.6,115.435249877402));
#12924=CARTESIAN_POINT('',(99.2087358360961,-4.50000000000011,124.770135584617));
#12925=CARTESIAN_POINT('',(99.2087358360961,-88.,124.770135584617));
#12926=CARTESIAN_POINT('',(103.148396524932,-1.5,120.932288055488));
#12927=CARTESIAN_POINT('',(99.2087358360961,-4.50000000000011,124.770135584617));
#12928=CARTESIAN_POINT('',(103.148396524932,1.5,120.932288055488));
#12929=CARTESIAN_POINT('',(103.148396524932,-1.5,120.932288055488));
#12930=CARTESIAN_POINT('',(99.2087358360961,4.5000000000001,124.770135584617));
#12931=CARTESIAN_POINT('',(103.148396524932,1.5,120.932288055488));
#12932=CARTESIAN_POINT('',(97.7761319492467,4.5,126.1657165043));
#12933=CARTESIAN_POINT('',(99.2087358360961,4.5000000000001,124.770135584617));
#12934=CARTESIAN_POINT('',(97.7761319492467,3.5,126.1657165043));
#12935=CARTESIAN_POINT('',(97.7761319492467,4.5,126.1657165043));
#12936=CARTESIAN_POINT('',(95.9853770906851,3.5,127.910192653905));
#12937=CARTESIAN_POINT('',(97.7761319492467,3.5,126.1657165043));
#12938=CARTESIAN_POINT('',(95.9853770906851,5.5,127.910192653905));
#12939=CARTESIAN_POINT('',(95.9853770906851,3.5,127.910192653905));
#12940=CARTESIAN_POINT('',(99.2087358360961,5.5,124.770135584617));
#12941=CARTESIAN_POINT('',(95.9853770906851,5.5,127.910192653905));
#12942=CARTESIAN_POINT('',(99.2087358360961,88.,124.770135584617));
#12943=CARTESIAN_POINT('',(99.2087358360961,5.5,124.770135584617));
#12944=CARTESIAN_POINT('',(111.385868874315,-5.,112.907697767308));
#12945=CARTESIAN_POINT('',(111.385868874315,-4.50000000000006,112.907697767309));
#12946=CARTESIAN_POINT('',(109.953264987466,-5.,114.303278686992));
#12947=CARTESIAN_POINT('',(111.385868874315,-5.,112.907697767308));
#12948=CARTESIAN_POINT('',(109.953264987466,-4.50000000000006,114.303278686992));
#12949=CARTESIAN_POINT('',(109.953264987466,-5.,114.303278686992));
#12950=CARTESIAN_POINT('',(106.01360429863,-1.5,118.141126216121));
#12951=CARTESIAN_POINT('',(109.953264987466,-4.50000000000006,114.303278686992));
#12952=CARTESIAN_POINT('',(106.01360429863,1.5,118.141126216121));
#12953=CARTESIAN_POINT('',(106.01360429863,-1.5,118.141126216121));
#12954=CARTESIAN_POINT('',(109.953264987466,4.50000000000006,114.303278686992));
#12955=CARTESIAN_POINT('',(106.01360429863,1.5,118.141126216121));
#12956=CARTESIAN_POINT('',(109.953264987466,77.3320508075684,114.303278686992));
#12957=CARTESIAN_POINT('',(109.953264987466,4.50000000000006,114.303278686992));
#12958=CARTESIAN_POINT('',(108.849915603512,80.0000000000073,115.378114070398));
#12959=CARTESIAN_POINT('',(109.953264987466,77.3320508075684,114.303278686992));
#12960=CARTESIAN_POINT('',(109.759741267205,82.2000000000105,114.49180114877));
#12961=CARTESIAN_POINT('',(108.849915603512,80.0000000000073,115.378114070398));
#12962=CARTESIAN_POINT('',(111.579392594583,82.2000000000033,112.719175305524));
#12963=CARTESIAN_POINT('',(109.759741267205,82.2000000000105,114.49180114877));
#12964=CARTESIAN_POINT('',(112.489218258267,79.9999999999928,111.832862383905));
#12965=CARTESIAN_POINT('',(111.579392594583,82.2000000000033,112.719175305524));
#12966=CARTESIAN_POINT('',(111.385868874315,77.3320508075685,112.907697767309));
#12967=CARTESIAN_POINT('',(112.489218258267,79.9999999999928,111.832862383905));
#12968=CARTESIAN_POINT('',(111.385868874276,4.50000000001148,112.907697767347));
#12969=CARTESIAN_POINT('',(111.385868874315,77.3320508075685,112.907697767309));
#12970=CARTESIAN_POINT('',(115.325529563136,1.50000000007427,109.069850238194));
#12971=CARTESIAN_POINT('',(111.385868874276,4.50000000001148,112.907697767347));
#12972=CARTESIAN_POINT('',(115.325529563151,-1.5,109.069850238179));
#12973=CARTESIAN_POINT('',(115.325529563136,1.50000000007427,109.069850238194));
#12974=CARTESIAN_POINT('',(111.385868874315,-4.50000000000006,112.907697767309));
#12975=CARTESIAN_POINT('',(115.325529563151,-1.5,109.069850238179));
#12976=CARTESIAN_POINT('',(111.579392594583,-82.2000000000033,112.719175305524));
#12977=CARTESIAN_POINT('',(112.489218258267,-79.9999999999928,111.832862383905));
#12978=CARTESIAN_POINT('',(109.759741267205,-82.2000000000105,114.49180114877));
#12979=CARTESIAN_POINT('',(111.579392594583,-82.2000000000033,112.719175305524));
#12980=CARTESIAN_POINT('',(108.849915603512,-80.0000000000073,115.378114070398));
#12981=CARTESIAN_POINT('',(109.759741267205,-82.2000000000105,114.49180114877));
#12982=CARTESIAN_POINT('',(109.953264987466,-77.3320508075684,114.303278686992));
#12983=CARTESIAN_POINT('',(108.849915603512,-80.0000000000073,115.378114070398));
#12984=CARTESIAN_POINT('',(109.953264987466,-6.,114.303278686992));
#12985=CARTESIAN_POINT('',(109.953264987466,-77.3320508075684,114.303278686992));
#12986=CARTESIAN_POINT('',(111.385868874315,-6.,112.907697767309));
#12987=CARTESIAN_POINT('',(109.953264987466,-6.,114.303278686992));
#12988=CARTESIAN_POINT('',(111.385868874315,-77.3320508075684,112.907697767309));
#12989=CARTESIAN_POINT('',(111.385868874315,-6.,112.907697767309));
#12990=CARTESIAN_POINT('',(112.489218258267,-79.9999999999928,111.832862383905));
#12991=CARTESIAN_POINT('',(111.385868874315,-77.3320508075684,112.907697767309));
#12992=CARTESIAN_POINT('',(112.54786980476,-96.6,111.775726576899));
#12993=CARTESIAN_POINT('',(112.54786980476,-100.,111.775726576899));
#12994=CARTESIAN_POINT('',(112.54786980476,96.6,111.775726576899));
#12995=CARTESIAN_POINT('',(112.54786980476,100.,111.775726576899));
#12996=CARTESIAN_POINT('',(108.791264057021,-100.,115.435249877402));
#12997=CARTESIAN_POINT('',(108.791264057021,-96.6,115.435249877402));
#12998=CARTESIAN_POINT('',(108.791264057021,100.,115.435249877402));
#12999=CARTESIAN_POINT('',(108.791264057021,96.6,115.435249877402));
#13000=CARTESIAN_POINT('',(108.791264057021,100.,115.435249877402));
#13001=CARTESIAN_POINT('',(103.821561451565,100.,119.895968980442));
#13002=CARTESIAN_POINT('',(103.821561451565,100.,119.895968980442));
#13003=CARTESIAN_POINT('',(103.821561451565,118.,119.895968980442));
#13004=CARTESIAN_POINT('',(108.791264057021,118.,115.435249877402));
#13005=CARTESIAN_POINT('',(103.821561451565,118.,119.895968980442));
#13006=CARTESIAN_POINT('',(103.821561451565,100.,119.895968980442));
#13007=CARTESIAN_POINT('',(98.682685076672,100.,124.159927778887));
#13008=CARTESIAN_POINT('',(98.682685076672,100.,124.159927778887));
#13009=CARTESIAN_POINT('',(98.682685076672,118.,124.159927778887));
#13010=CARTESIAN_POINT('',(103.821561451565,118.,119.895968980442));
#13011=CARTESIAN_POINT('',(98.682685076672,118.,124.159927778887));
#13012=CARTESIAN_POINT('',(98.682685076672,100.,124.159927778887));
#13013=CARTESIAN_POINT('',(93.368877946239,100.,128.20379335675));
#13014=CARTESIAN_POINT('',(93.368877946239,100.,128.20379335675));
#13015=CARTESIAN_POINT('',(93.368877946239,118.,128.20379335675));
#13016=CARTESIAN_POINT('',(98.682685076672,118.,124.159927778887));
#13017=CARTESIAN_POINT('',(93.368877946239,118.,128.20379335675));
#13018=CARTESIAN_POINT('',(93.368877946239,100.,128.20379335675));
#13019=CARTESIAN_POINT('',(87.8848154508268,105.5,132.023555523907));
#13020=CARTESIAN_POINT('',(93.368877946239,118.,128.20379335675));
#13021=CARTESIAN_POINT('',(87.8848154508268,112.5,132.023555523907));
#13022=CARTESIAN_POINT('',(87.8848154508268,105.5,132.023555523907));
#13023=CARTESIAN_POINT('',(87.8848154508268,112.5,132.023555523907));
#13024=CARTESIAN_POINT('',(112.54786980476,100.,111.775726576899));
#13025=CARTESIAN_POINT('',(117.13715197898,100.,106.92449497778));
#13026=CARTESIAN_POINT('',(117.13715197898,100.,106.92449497778));
#13027=CARTESIAN_POINT('',(117.13715197898,118.,106.92449497778));
#13028=CARTESIAN_POINT('',(112.54786980476,118.,111.775726576899));
#13029=CARTESIAN_POINT('',(117.13715197898,118.,106.92449497778));
#13030=CARTESIAN_POINT('',(117.13715197898,100.,106.92449497778));
#13031=CARTESIAN_POINT('',(121.534169726466,100.,101.898996996528));
#13032=CARTESIAN_POINT('',(121.534169726466,100.,101.898996996528));
#13033=CARTESIAN_POINT('',(121.534169726466,118.,101.898996996528));
#13034=CARTESIAN_POINT('',(117.13715197898,118.,106.92449497778));
#13035=CARTESIAN_POINT('',(121.534169726466,118.,101.898996996528));
#13036=CARTESIAN_POINT('',(121.534169726466,100.,101.898996996528));
#13037=CARTESIAN_POINT('',(125.715748827165,100.,96.6928668352794));
#13038=CARTESIAN_POINT('',(125.715748827165,100.,96.6928668352794));
#13039=CARTESIAN_POINT('',(125.715748827165,118.,96.6928668352794));
#13040=CARTESIAN_POINT('',(121.534169726466,118.,101.898996996528));
#13041=CARTESIAN_POINT('',(125.715748827165,118.,96.6928668352794));
#13042=CARTESIAN_POINT('',(125.715748827165,100.,96.6928668352794));
#13043=CARTESIAN_POINT('',(129.677758077687,105.5,91.3106733079149));
#13044=CARTESIAN_POINT('',(125.715748827165,118.,96.6928668352794));
#13045=CARTESIAN_POINT('',(129.677758077687,112.5,91.3106733079149));
#13046=CARTESIAN_POINT('',(129.677758077687,105.5,91.3106733079149));
#13047=CARTESIAN_POINT('',(129.677758077687,112.5,91.3106733079149));
#13048=CARTESIAN_POINT('',(108.791264057021,-100.,115.435249877402));
#13049=CARTESIAN_POINT('',(103.821561451565,-100.,119.895968980442));
#13050=CARTESIAN_POINT('',(103.821561451565,-100.,119.895968980442));
#13051=CARTESIAN_POINT('',(103.821561451565,-118.,119.895968980442));
#13052=CARTESIAN_POINT('',(108.791264057021,-118.,115.435249877402));
#13053=CARTESIAN_POINT('',(103.821561451565,-118.,119.895968980442));
#13054=CARTESIAN_POINT('',(103.821561451565,-100.,119.895968980442));
#13055=CARTESIAN_POINT('',(98.682685076672,-100.,124.159927778887));
#13056=CARTESIAN_POINT('',(98.682685076672,-100.,124.159927778887));
#13057=CARTESIAN_POINT('',(98.682685076672,-118.,124.159927778887));
#13058=CARTESIAN_POINT('',(103.821561451565,-118.,119.895968980442));
#13059=CARTESIAN_POINT('',(98.682685076672,-118.,124.159927778887));
#13060=CARTESIAN_POINT('',(98.682685076672,-100.,124.159927778887));
#13061=CARTESIAN_POINT('',(93.368877946239,-100.,128.20379335675));
#13062=CARTESIAN_POINT('',(93.368877946239,-100.,128.20379335675));
#13063=CARTESIAN_POINT('',(93.368877946239,-118.,128.20379335675));
#13064=CARTESIAN_POINT('',(98.682685076672,-118.,124.159927778887));
#13065=CARTESIAN_POINT('',(93.368877946239,-118.,128.20379335675));
#13066=CARTESIAN_POINT('',(93.368877946239,-100.,128.20379335675));
#13067=CARTESIAN_POINT('',(87.8848154508268,-105.5,132.023555523907));
#13068=CARTESIAN_POINT('',(93.368877946239,-118.,128.20379335675));
#13069=CARTESIAN_POINT('',(87.8848154508268,-112.5,132.023555523907));
#13070=CARTESIAN_POINT('',(87.8848154508268,-105.5,132.023555523907));
#13071=CARTESIAN_POINT('',(87.8848154508268,-112.5,132.023555523907));
#13072=CARTESIAN_POINT('',(112.54786980476,-100.,111.775726576899));
#13073=CARTESIAN_POINT('',(117.13715197898,-100.,106.92449497778));
#13074=CARTESIAN_POINT('',(117.13715197898,-100.,106.92449497778));
#13075=CARTESIAN_POINT('',(117.13715197898,-118.,106.92449497778));
#13076=CARTESIAN_POINT('',(112.54786980476,-118.,111.775726576899));
#13077=CARTESIAN_POINT('',(117.13715197898,-118.,106.92449497778));
#13078=CARTESIAN_POINT('',(117.13715197898,-100.,106.92449497778));
#13079=CARTESIAN_POINT('',(121.534169726466,-100.,101.898996996528));
#13080=CARTESIAN_POINT('',(121.534169726466,-100.,101.898996996528));
#13081=CARTESIAN_POINT('',(121.534169726466,-118.,101.898996996528));
#13082=CARTESIAN_POINT('',(117.13715197898,-118.,106.92449497778));
#13083=CARTESIAN_POINT('',(121.534169726466,-118.,101.898996996528));
#13084=CARTESIAN_POINT('',(121.534169726466,-100.,101.898996996528));
#13085=CARTESIAN_POINT('',(125.715748827165,-100.,96.6928668352794));
#13086=CARTESIAN_POINT('',(125.715748827165,-100.,96.6928668352794));
#13087=CARTESIAN_POINT('',(125.715748827165,-118.,96.6928668352794));
#13088=CARTESIAN_POINT('',(121.534169726466,-118.,101.898996996528));
#13089=CARTESIAN_POINT('',(125.715748827165,-118.,96.6928668352794));
#13090=CARTESIAN_POINT('',(125.715748827165,-100.,96.6928668352794));
#13091=CARTESIAN_POINT('',(129.677758077687,-105.5,91.3106733079149));
#13092=CARTESIAN_POINT('',(125.715748827165,-118.,96.6928668352794));
#13093=CARTESIAN_POINT('',(129.677758077687,-112.5,91.3106733079149));
#13094=CARTESIAN_POINT('',(129.677758077687,-105.5,91.3106733079149));
#13095=CARTESIAN_POINT('',(129.677758077687,-112.5,91.3106733079149));
#13096=CARTESIAN_POINT('',(39.3490018385085,-159.,155.057551103818));
#13097=CARTESIAN_POINT('',(56.3348645393069,100.,148.280879032735));
#13098=CARTESIAN_POINT('',(50.0364147222897,100.,150.500223261426));
#13099=CARTESIAN_POINT('',(43.6569656309681,100.,152.473044673137));
#13100=CARTESIAN_POINT('',(37.2001276240887,100.,154.175583361152));
#13101=CARTESIAN_POINT('',(61.205954638813,100.,146.337511138239));
#13102=CARTESIAN_POINT('',(67.3023844680432,100.,143.611799810864));
#13103=CARTESIAN_POINT('',(73.2878739858435,100.,140.651510929087));
#13104=CARTESIAN_POINT('',(79.1434490900026,100.,137.441894872481));
#13105=CARTESIAN_POINT('',(56.3348645393069,-100.,148.280879032735));
#13106=CARTESIAN_POINT('',(50.0364147222897,-100.,150.500223261426));
#13107=CARTESIAN_POINT('',(43.6569656309681,-100.,152.473044673137));
#13108=CARTESIAN_POINT('',(37.2001276240887,-100.,154.175583361152));
#13109=CARTESIAN_POINT('',(61.205954638813,-100.,146.337511138239));
#13110=CARTESIAN_POINT('',(67.3023844680432,-100.,143.611799810864));
#13111=CARTESIAN_POINT('',(73.2878739858435,-100.,140.651510929087));
#13112=CARTESIAN_POINT('',(79.1434490900026,-100.,137.441894872481));
#13113=CARTESIAN_POINT('',(56.3348645393069,-100.,148.280879032735));
#13114=CARTESIAN_POINT('',(56.3348645393069,-118.,148.280879032735));
#13115=CARTESIAN_POINT('',(61.205954638813,-100.,146.337511138239));
#13116=CARTESIAN_POINT('',(61.205954638813,-118.,146.337511138239));
#13117=CARTESIAN_POINT('',(61.205954638813,100.,146.337511138239));
#13118=CARTESIAN_POINT('',(61.205954638813,118.,146.337511138239));
#13119=CARTESIAN_POINT('',(56.3348645393069,100.,148.280879032735));
#13120=CARTESIAN_POINT('',(56.3348645393069,118.,148.280879032735));
#13121=CARTESIAN_POINT('',(56.3348645393069,96.6,148.280879032735));
#13122=CARTESIAN_POINT('',(61.205954638813,96.6,146.337511138239));
#13123=CARTESIAN_POINT('',(61.205954638813,-96.6,146.337511138239));
#13124=CARTESIAN_POINT('',(56.3348645393069,-96.6,148.280879032735));
#13125=CARTESIAN_POINT('',(73.6313624350108,88.,141.38027608533));
#13126=CARTESIAN_POINT('',(73.6313624349492,5.50000000018281,141.380276085354));
#13127=CARTESIAN_POINT('',(77.8110054228729,5.50000000023424,139.71276761656));
#13128=CARTESIAN_POINT('',(77.8110054228941,3.50000000023424,139.712767616552));
#13129=CARTESIAN_POINT('',(75.4889815407143,3.50000000020567,140.639161210326));
#13130=CARTESIAN_POINT('',(75.4889815407037,4.50000000020566,140.639161210331));
#13131=CARTESIAN_POINT('',(73.6313624349598,4.50000000018291,141.38027608535));
#13132=CARTESIAN_POINT('',(68.5229098941961,1.50000000011997,143.418341991642));
#13133=CARTESIAN_POINT('',(68.5229098942152,-1.5,143.418341991634));
#13134=CARTESIAN_POINT('',(73.6313624350108,-4.50000000000011,141.38027608533));
#13135=CARTESIAN_POINT('',(73.6313624350108,-88.,141.38027608533));
#13136=CARTESIAN_POINT('',(43.9094567431092,-88.,153.238114085645));
#13137=CARTESIAN_POINT('',(43.9094567431092,-4.50000000000011,153.238114085645));
#13138=CARTESIAN_POINT('',(49.0179092839048,-1.5,151.20004817934));
#13139=CARTESIAN_POINT('',(49.0179092839048,1.5,151.20004817934));
#13140=CARTESIAN_POINT('',(43.9094567431092,4.5000000000001,153.238114085645));
#13141=CARTESIAN_POINT('',(42.0518376373654,4.5,153.979228960664));
#13142=CARTESIAN_POINT('',(42.0518376373654,3.5,153.979228960664));
#13143=CARTESIAN_POINT('',(39.7298137551856,3.5,154.905622554439));
#13144=CARTESIAN_POINT('',(39.7298137551856,5.5,154.905622554439));
#13145=CARTESIAN_POINT('',(43.9094567431092,5.5,153.238114085645));
#13146=CARTESIAN_POINT('',(43.9094567431092,88.,153.238114085645));
#13147=CARTESIAN_POINT('',(59.6992191419319,-5.,146.938637647977));
#13148=CARTESIAN_POINT('',(57.8416000361881,-5.,147.679752522997));
#13149=CARTESIAN_POINT('',(57.8416000361881,-4.50000000000006,147.679752522997));
#13150=CARTESIAN_POINT('',(52.7331474953925,-1.5,149.717818429301));
#13151=CARTESIAN_POINT('',(52.7331474953925,1.5,149.717818429301));
#13152=CARTESIAN_POINT('',(57.8416000361881,4.50000000000006,147.679752522997));
#13153=CARTESIAN_POINT('',(57.8416000361881,77.3320508075684,147.679752522997));
#13154=CARTESIAN_POINT('',(56.4109164293944,80.0000000000073,148.250537405196));
#13155=CARTESIAN_POINT('',(57.5906630092323,82.2000000000105,147.779866245339));
#13156=CARTESIAN_POINT('',(59.9501561688962,82.2000000000033,146.838523925632));
#13157=CARTESIAN_POINT('',(61.1299027487224,79.9999999999928,146.36785276578));
#13158=CARTESIAN_POINT('',(59.6992191419319,77.3320508075685,146.938637647977));
#13159=CARTESIAN_POINT('',(59.699219141881,4.50000000001148,146.938637647998));
#13160=CARTESIAN_POINT('',(64.8076716827084,1.50000000007427,144.900571741681));
#13161=CARTESIAN_POINT('',(64.8076716827275,-1.5,144.900571741673));
#13162=CARTESIAN_POINT('',(59.6992191419319,-4.50000000000006,146.938637647977));
#13163=CARTESIAN_POINT('',(59.9501561688962,-82.2000000000033,146.838523925632));
#13164=CARTESIAN_POINT('',(57.5906630092323,-82.2000000000105,147.779866245339));
#13165=CARTESIAN_POINT('',(56.4109164293944,-80.0000000000073,148.250537405196));
#13166=CARTESIAN_POINT('',(57.8416000361881,-77.3320508075684,147.679752522997));
#13167=CARTESIAN_POINT('',(57.8416000361881,-6.,147.679752522997));
#13168=CARTESIAN_POINT('',(59.6992191419319,-6.,146.938637647977));
#13169=CARTESIAN_POINT('',(59.6992191419319,-77.3320508075684,146.938637647977));
#13170=CARTESIAN_POINT('',(61.1299027487224,-79.9999999999928,146.36785276578));
#13171=CARTESIAN_POINT('',(50.0364147222897,100.,150.500223261426));
#13172=CARTESIAN_POINT('',(50.0364147222897,118.,150.500223261426));
#13173=CARTESIAN_POINT('',(43.6569656309681,100.,152.473044673137));
#13174=CARTESIAN_POINT('',(43.6569656309681,118.,152.473044673137));
#13175=CARTESIAN_POINT('',(37.2001276240887,100.,154.175583361152));
#13176=CARTESIAN_POINT('',(37.2001276240887,118.,154.175583361152));
#13177=CARTESIAN_POINT('',(30.6717548326188,105.5,155.6059235874));
#13178=CARTESIAN_POINT('',(30.6717548326188,112.5,155.6059235874));
#13179=CARTESIAN_POINT('',(67.3023844680432,100.,143.611799810864));
#13180=CARTESIAN_POINT('',(67.3023844680432,118.,143.611799810864));
#13181=CARTESIAN_POINT('',(73.2878739858435,100.,140.651510929087));
#13182=CARTESIAN_POINT('',(73.2878739858435,118.,140.651510929087));
#13183=CARTESIAN_POINT('',(79.1434490900026,100.,137.441894872481));
#13184=CARTESIAN_POINT('',(79.1434490900026,118.,137.441894872481));
#13185=CARTESIAN_POINT('',(84.8635446368854,105.5,133.985591731587));
#13186=CARTESIAN_POINT('',(84.8635446368854,112.5,133.985591731587));
#13187=CARTESIAN_POINT('',(50.0364147222897,-100.,150.500223261426));
#13188=CARTESIAN_POINT('',(50.0364147222897,-118.,150.500223261426));
#13189=CARTESIAN_POINT('',(43.6569656309681,-100.,152.473044673137));
#13190=CARTESIAN_POINT('',(43.6569656309681,-118.,152.473044673137));
#13191=CARTESIAN_POINT('',(37.2001276240887,-100.,154.175583361152));
#13192=CARTESIAN_POINT('',(37.2001276240887,-118.,154.175583361152));
#13193=CARTESIAN_POINT('',(30.6717548326188,-105.5,155.6059235874));
#13194=CARTESIAN_POINT('',(30.6717548326188,-112.5,155.6059235874));
#13195=CARTESIAN_POINT('',(67.3023844680432,-100.,143.611799810864));
#13196=CARTESIAN_POINT('',(67.3023844680432,-118.,143.611799810864));
#13197=CARTESIAN_POINT('',(73.2878739858435,-100.,140.651510929087));
#13198=CARTESIAN_POINT('',(73.2878739858435,-118.,140.651510929087));
#13199=CARTESIAN_POINT('',(79.1434490900026,-100.,137.441894872481));
#13200=CARTESIAN_POINT('',(79.1434490900026,-118.,137.441894872481));
#13201=CARTESIAN_POINT('',(84.8635446368854,-105.5,133.985591731587));
#13202=CARTESIAN_POINT('',(84.8635446368854,-112.5,133.985591731587));
#13203=CARTESIAN_POINT('',(56.3348645393069,-100.,148.280879032735));
#13204=CARTESIAN_POINT('',(56.3348645393069,-118.,148.280879032735));
#13205=CARTESIAN_POINT('',(61.205954638813,-100.,146.337511138239));
#13206=CARTESIAN_POINT('',(61.205954638813,-118.,146.337511138239));
#13207=CARTESIAN_POINT('',(61.205954638813,100.,146.337511138239));
#13208=CARTESIAN_POINT('',(61.205954638813,118.,146.337511138239));
#13209=CARTESIAN_POINT('',(56.3348645393069,100.,148.280879032735));
#13210=CARTESIAN_POINT('',(56.3348645393069,118.,148.280879032735));
#13211=CARTESIAN_POINT('',(61.205954638813,-118.,146.337511138239));
#13212=CARTESIAN_POINT('',(56.3348645393069,-118.,148.280879032735));
#13213=CARTESIAN_POINT('',(61.205954638813,118.,146.337511138239));
#13214=CARTESIAN_POINT('',(56.3348645393069,118.,148.280879032735));
#13215=CARTESIAN_POINT('',(56.3348645393069,96.6,148.280879032735));
#13216=CARTESIAN_POINT('',(43.9094567431092,88.,153.238114085645));
#13217=CARTESIAN_POINT('',(73.6313624350108,88.,141.38027608533));
#13218=CARTESIAN_POINT('',(61.205954638813,96.6,146.337511138239));
#13219=CARTESIAN_POINT('',(73.6313624349492,5.50000000018281,141.380276085354));
#13220=CARTESIAN_POINT('',(73.6313624350108,88.,141.38027608533));
#13221=CARTESIAN_POINT('',(77.8110054228729,5.50000000023424,139.71276761656));
#13222=CARTESIAN_POINT('',(73.6313624349492,5.50000000018281,141.380276085354));
#13223=CARTESIAN_POINT('',(77.8110054228941,3.50000000023424,139.712767616552));
#13224=CARTESIAN_POINT('',(77.8110054228729,5.50000000023424,139.71276761656));
#13225=CARTESIAN_POINT('',(75.4889815407143,3.50000000020567,140.639161210326));
#13226=CARTESIAN_POINT('',(77.8110054228941,3.50000000023424,139.712767616552));
#13227=CARTESIAN_POINT('',(75.4889815407037,4.50000000020566,140.639161210331));
#13228=CARTESIAN_POINT('',(75.4889815407143,3.50000000020567,140.639161210326));
#13229=CARTESIAN_POINT('',(73.6313624349598,4.50000000018291,141.38027608535));
#13230=CARTESIAN_POINT('',(75.4889815407037,4.50000000020566,140.639161210331));
#13231=CARTESIAN_POINT('',(68.5229098941961,1.50000000011997,143.418341991642));
#13232=CARTESIAN_POINT('',(73.6313624349598,4.50000000018291,141.38027608535));
#13233=CARTESIAN_POINT('',(68.5229098942152,-1.5,143.418341991634));
#13234=CARTESIAN_POINT('',(68.5229098941961,1.50000000011997,143.418341991642));
#13235=CARTESIAN_POINT('',(73.6313624350108,-4.50000000000011,141.38027608533));
#13236=CARTESIAN_POINT('',(68.5229098942152,-1.5,143.418341991634));
#13237=CARTESIAN_POINT('',(73.6313624350108,-88.,141.38027608533));
#13238=CARTESIAN_POINT('',(73.6313624350108,-4.50000000000011,141.38027608533));
#13239=CARTESIAN_POINT('',(61.205954638813,-96.6,146.337511138239));
#13240=CARTESIAN_POINT('',(73.6313624350108,-88.,141.38027608533));
#13241=CARTESIAN_POINT('',(43.9094567431092,-88.,153.238114085645));
#13242=CARTESIAN_POINT('',(56.3348645393069,-96.6,148.280879032735));
#13243=CARTESIAN_POINT('',(43.9094567431092,-4.50000000000011,153.238114085645));
#13244=CARTESIAN_POINT('',(43.9094567431092,-88.,153.238114085645));
#13245=CARTESIAN_POINT('',(49.0179092839048,-1.5,151.20004817934));
#13246=CARTESIAN_POINT('',(43.9094567431092,-4.50000000000011,153.238114085645));
#13247=CARTESIAN_POINT('',(49.0179092839048,1.5,151.20004817934));
#13248=CARTESIAN_POINT('',(49.0179092839048,-1.5,151.20004817934));
#13249=CARTESIAN_POINT('',(43.9094567431092,4.5000000000001,153.238114085645));
#13250=CARTESIAN_POINT('',(49.0179092839048,1.5,151.20004817934));
#13251=CARTESIAN_POINT('',(42.0518376373654,4.5,153.979228960664));
#13252=CARTESIAN_POINT('',(43.9094567431092,4.5000000000001,153.238114085645));
#13253=CARTESIAN_POINT('',(42.0518376373654,3.5,153.979228960664));
#13254=CARTESIAN_POINT('',(42.0518376373654,4.5,153.979228960664));
#13255=CARTESIAN_POINT('',(39.7298137551856,3.5,154.905622554439));
#13256=CARTESIAN_POINT('',(42.0518376373654,3.5,153.979228960664));
#13257=CARTESIAN_POINT('',(39.7298137551856,5.5,154.905622554439));
#13258=CARTESIAN_POINT('',(39.7298137551856,3.5,154.905622554439));
#13259=CARTESIAN_POINT('',(43.9094567431092,5.5,153.238114085645));
#13260=CARTESIAN_POINT('',(39.7298137551856,5.5,154.905622554439));
#13261=CARTESIAN_POINT('',(43.9094567431092,88.,153.238114085645));
#13262=CARTESIAN_POINT('',(43.9094567431092,5.5,153.238114085645));
#13263=CARTESIAN_POINT('',(59.6992191419319,-5.,146.938637647977));
#13264=CARTESIAN_POINT('',(59.6992191419319,-4.50000000000006,146.938637647977));
#13265=CARTESIAN_POINT('',(57.8416000361881,-5.,147.679752522997));
#13266=CARTESIAN_POINT('',(59.6992191419319,-5.,146.938637647977));
#13267=CARTESIAN_POINT('',(57.8416000361881,-4.50000000000006,147.679752522997));
#13268=CARTESIAN_POINT('',(57.8416000361881,-5.,147.679752522997));
#13269=CARTESIAN_POINT('',(52.7331474953925,-1.5,149.717818429301));
#13270=CARTESIAN_POINT('',(57.8416000361881,-4.50000000000006,147.679752522997));
#13271=CARTESIAN_POINT('',(52.7331474953925,1.5,149.717818429301));
#13272=CARTESIAN_POINT('',(52.7331474953925,-1.5,149.717818429301));
#13273=CARTESIAN_POINT('',(57.8416000361881,4.50000000000006,147.679752522997));
#13274=CARTESIAN_POINT('',(52.7331474953925,1.5,149.717818429301));
#13275=CARTESIAN_POINT('',(57.8416000361881,77.3320508075684,147.679752522997));
#13276=CARTESIAN_POINT('',(57.8416000361881,4.50000000000006,147.679752522997));
#13277=CARTESIAN_POINT('',(56.4109164293944,80.0000000000073,148.250537405196));
#13278=CARTESIAN_POINT('',(57.8416000361881,77.3320508075684,147.679752522997));
#13279=CARTESIAN_POINT('',(57.5906630092323,82.2000000000105,147.779866245339));
#13280=CARTESIAN_POINT('',(56.4109164293944,80.0000000000073,148.250537405196));
#13281=CARTESIAN_POINT('',(59.9501561688962,82.2000000000033,146.838523925632));
#13282=CARTESIAN_POINT('',(57.5906630092323,82.2000000000105,147.779866245339));
#13283=CARTESIAN_POINT('',(61.1299027487224,79.9999999999928,146.36785276578));
#13284=CARTESIAN_POINT('',(59.9501561688962,82.2000000000033,146.838523925632));
#13285=CARTESIAN_POINT('',(59.6992191419319,77.3320508075685,146.938637647977));
#13286=CARTESIAN_POINT('',(61.1299027487224,79.9999999999928,146.36785276578));
#13287=CARTESIAN_POINT('',(59.699219141881,4.50000000001148,146.938637647998));
#13288=CARTESIAN_POINT('',(59.6992191419319,77.3320508075685,146.938637647977));
#13289=CARTESIAN_POINT('',(64.8076716827084,1.50000000007427,144.900571741681));
#13290=CARTESIAN_POINT('',(59.699219141881,4.50000000001148,146.938637647998));
#13291=CARTESIAN_POINT('',(64.8076716827275,-1.5,144.900571741673));
#13292=CARTESIAN_POINT('',(64.8076716827084,1.50000000007427,144.900571741681));
#13293=CARTESIAN_POINT('',(59.6992191419319,-4.50000000000006,146.938637647977));
#13294=CARTESIAN_POINT('',(64.8076716827275,-1.5,144.900571741673));
#13295=CARTESIAN_POINT('',(59.9501561688962,-82.2000000000033,146.838523925632));
#13296=CARTESIAN_POINT('',(61.1299027487224,-79.9999999999928,146.36785276578));
#13297=CARTESIAN_POINT('',(57.5906630092323,-82.2000000000105,147.779866245339));
#13298=CARTESIAN_POINT('',(59.9501561688962,-82.2000000000033,146.838523925632));
#13299=CARTESIAN_POINT('',(56.4109164293944,-80.0000000000073,148.250537405196));
#13300=CARTESIAN_POINT('',(57.5906630092323,-82.2000000000105,147.779866245339));
#13301=CARTESIAN_POINT('',(57.8416000361881,-77.3320508075684,147.679752522997));
#13302=CARTESIAN_POINT('',(56.4109164293944,-80.0000000000073,148.250537405196));
#13303=CARTESIAN_POINT('',(57.8416000361881,-6.,147.679752522997));
#13304=CARTESIAN_POINT('',(57.8416000361881,-77.3320508075684,147.679752522997));
#13305=CARTESIAN_POINT('',(59.6992191419319,-6.,146.938637647977));
#13306=CARTESIAN_POINT('',(57.8416000361881,-6.,147.679752522997));
#13307=CARTESIAN_POINT('',(59.6992191419319,-77.3320508075684,146.938637647977));
#13308=CARTESIAN_POINT('',(59.6992191419319,-6.,146.938637647977));
#13309=CARTESIAN_POINT('',(61.1299027487224,-79.9999999999928,146.36785276578));
#13310=CARTESIAN_POINT('',(59.6992191419319,-77.3320508075684,146.938637647977));
#13311=CARTESIAN_POINT('',(61.205954638813,-96.6,146.337511138239));
#13312=CARTESIAN_POINT('',(61.205954638813,-100.,146.337511138239));
#13313=CARTESIAN_POINT('',(61.205954638813,96.6,146.337511138239));
#13314=CARTESIAN_POINT('',(61.205954638813,100.,146.337511138239));
#13315=CARTESIAN_POINT('',(56.3348645393069,-100.,148.280879032735));
#13316=CARTESIAN_POINT('',(56.3348645393069,-96.6,148.280879032735));
#13317=CARTESIAN_POINT('',(56.3348645393069,100.,148.280879032735));
#13318=CARTESIAN_POINT('',(56.3348645393069,96.6,148.280879032735));
#13319=CARTESIAN_POINT('',(56.3348645393069,100.,148.280879032735));
#13320=CARTESIAN_POINT('',(50.0364147222897,100.,150.500223261426));
#13321=CARTESIAN_POINT('',(50.0364147222897,100.,150.500223261426));
#13322=CARTESIAN_POINT('',(50.0364147222897,118.,150.500223261426));
#13323=CARTESIAN_POINT('',(56.3348645393069,118.,148.280879032735));
#13324=CARTESIAN_POINT('',(50.0364147222897,118.,150.500223261426));
#13325=CARTESIAN_POINT('',(50.0364147222897,100.,150.500223261426));
#13326=CARTESIAN_POINT('',(43.6569656309681,100.,152.473044673137));
#13327=CARTESIAN_POINT('',(43.6569656309681,100.,152.473044673137));
#13328=CARTESIAN_POINT('',(43.6569656309681,118.,152.473044673137));
#13329=CARTESIAN_POINT('',(50.0364147222897,118.,150.500223261426));
#13330=CARTESIAN_POINT('',(43.6569656309681,118.,152.473044673137));
#13331=CARTESIAN_POINT('',(43.6569656309681,100.,152.473044673137));
#13332=CARTESIAN_POINT('',(37.2001276240887,100.,154.175583361152));
#13333=CARTESIAN_POINT('',(37.2001276240887,100.,154.175583361152));
#13334=CARTESIAN_POINT('',(37.2001276240887,118.,154.175583361152));
#13335=CARTESIAN_POINT('',(43.6569656309681,118.,152.473044673137));
#13336=CARTESIAN_POINT('',(37.2001276240887,118.,154.175583361152));
#13337=CARTESIAN_POINT('',(37.2001276240887,100.,154.175583361152));
#13338=CARTESIAN_POINT('',(30.6717548326188,105.5,155.6059235874));
#13339=CARTESIAN_POINT('',(37.2001276240887,118.,154.175583361152));
#13340=CARTESIAN_POINT('',(30.6717548326188,112.5,155.6059235874));
#13341=CARTESIAN_POINT('',(30.6717548326188,105.5,155.6059235874));
#13342=CARTESIAN_POINT('',(30.6717548326188,112.5,155.6059235874));
#13343=CARTESIAN_POINT('',(61.205954638813,100.,146.337511138239));
#13344=CARTESIAN_POINT('',(67.3023844680432,100.,143.611799810864));
#13345=CARTESIAN_POINT('',(67.3023844680432,100.,143.611799810864));
#13346=CARTESIAN_POINT('',(67.3023844680432,118.,143.611799810864));
#13347=CARTESIAN_POINT('',(61.205954638813,118.,146.337511138239));
#13348=CARTESIAN_POINT('',(67.3023844680432,118.,143.611799810864));
#13349=CARTESIAN_POINT('',(67.3023844680432,100.,143.611799810864));
#13350=CARTESIAN_POINT('',(73.2878739858435,100.,140.651510929087));
#13351=CARTESIAN_POINT('',(73.2878739858435,100.,140.651510929087));
#13352=CARTESIAN_POINT('',(73.2878739858435,118.,140.651510929087));
#13353=CARTESIAN_POINT('',(67.3023844680432,118.,143.611799810864));
#13354=CARTESIAN_POINT('',(73.2878739858435,118.,140.651510929087));
#13355=CARTESIAN_POINT('',(73.2878739858435,100.,140.651510929087));
#13356=CARTESIAN_POINT('',(79.1434490900026,100.,137.441894872481));
#13357=CARTESIAN_POINT('',(79.1434490900026,100.,137.441894872481));
#13358=CARTESIAN_POINT('',(79.1434490900026,118.,137.441894872481));
#13359=CARTESIAN_POINT('',(73.2878739858435,118.,140.651510929087));
#13360=CARTESIAN_POINT('',(79.1434490900026,118.,137.441894872481));
#13361=CARTESIAN_POINT('',(79.1434490900026,100.,137.441894872481));
#13362=CARTESIAN_POINT('',(84.8635446368854,105.5,133.985591731587));
#13363=CARTESIAN_POINT('',(79.1434490900026,118.,137.441894872481));
#13364=CARTESIAN_POINT('',(84.8635446368854,112.5,133.985591731587));
#13365=CARTESIAN_POINT('',(84.8635446368854,105.5,133.985591731587));
#13366=CARTESIAN_POINT('',(84.8635446368854,112.5,133.985591731587));
#13367=CARTESIAN_POINT('',(56.3348645393069,-100.,148.280879032735));
#13368=CARTESIAN_POINT('',(50.0364147222897,-100.,150.500223261426));
#13369=CARTESIAN_POINT('',(50.0364147222897,-100.,150.500223261426));
#13370=CARTESIAN_POINT('',(50.0364147222897,-118.,150.500223261426));
#13371=CARTESIAN_POINT('',(56.3348645393069,-118.,148.280879032735));
#13372=CARTESIAN_POINT('',(50.0364147222897,-118.,150.500223261426));
#13373=CARTESIAN_POINT('',(50.0364147222897,-100.,150.500223261426));
#13374=CARTESIAN_POINT('',(43.6569656309681,-100.,152.473044673137));
#13375=CARTESIAN_POINT('',(43.6569656309681,-100.,152.473044673137));
#13376=CARTESIAN_POINT('',(43.6569656309681,-118.,152.473044673137));
#13377=CARTESIAN_POINT('',(50.0364147222897,-118.,150.500223261426));
#13378=CARTESIAN_POINT('',(43.6569656309681,-118.,152.473044673137));
#13379=CARTESIAN_POINT('',(43.6569656309681,-100.,152.473044673137));
#13380=CARTESIAN_POINT('',(37.2001276240887,-100.,154.175583361152));
#13381=CARTESIAN_POINT('',(37.2001276240887,-100.,154.175583361152));
#13382=CARTESIAN_POINT('',(37.2001276240887,-118.,154.175583361152));
#13383=CARTESIAN_POINT('',(43.6569656309681,-118.,152.473044673137));
#13384=CARTESIAN_POINT('',(37.2001276240887,-118.,154.175583361152));
#13385=CARTESIAN_POINT('',(37.2001276240887,-100.,154.175583361152));
#13386=CARTESIAN_POINT('',(30.6717548326188,-105.5,155.6059235874));
#13387=CARTESIAN_POINT('',(37.2001276240887,-118.,154.175583361152));
#13388=CARTESIAN_POINT('',(30.6717548326188,-112.5,155.6059235874));
#13389=CARTESIAN_POINT('',(30.6717548326188,-105.5,155.6059235874));
#13390=CARTESIAN_POINT('',(30.6717548326188,-112.5,155.6059235874));
#13391=CARTESIAN_POINT('',(61.205954638813,-100.,146.337511138239));
#13392=CARTESIAN_POINT('',(67.3023844680432,-100.,143.611799810864));
#13393=CARTESIAN_POINT('',(67.3023844680432,-100.,143.611799810864));
#13394=CARTESIAN_POINT('',(67.3023844680432,-118.,143.611799810864));
#13395=CARTESIAN_POINT('',(61.205954638813,-118.,146.337511138239));
#13396=CARTESIAN_POINT('',(67.3023844680432,-118.,143.611799810864));
#13397=CARTESIAN_POINT('',(67.3023844680432,-100.,143.611799810864));
#13398=CARTESIAN_POINT('',(73.2878739858435,-100.,140.651510929087));
#13399=CARTESIAN_POINT('',(73.2878739858435,-100.,140.651510929087));
#13400=CARTESIAN_POINT('',(73.2878739858435,-118.,140.651510929087));
#13401=CARTESIAN_POINT('',(67.3023844680432,-118.,143.611799810864));
#13402=CARTESIAN_POINT('',(73.2878739858435,-118.,140.651510929087));
#13403=CARTESIAN_POINT('',(73.2878739858435,-100.,140.651510929087));
#13404=CARTESIAN_POINT('',(79.1434490900026,-100.,137.441894872481));
#13405=CARTESIAN_POINT('',(79.1434490900026,-100.,137.441894872481));
#13406=CARTESIAN_POINT('',(79.1434490900026,-118.,137.441894872481));
#13407=CARTESIAN_POINT('',(73.2878739858435,-118.,140.651510929087));
#13408=CARTESIAN_POINT('',(79.1434490900026,-118.,137.441894872481));
#13409=CARTESIAN_POINT('',(79.1434490900026,-100.,137.441894872481));
#13410=CARTESIAN_POINT('',(84.8635446368854,-105.5,133.985591731587));
#13411=CARTESIAN_POINT('',(79.1434490900026,-118.,137.441894872481));
#13412=CARTESIAN_POINT('',(84.8635446368854,-112.5,133.985591731587));
#13413=CARTESIAN_POINT('',(84.8635446368854,-105.5,133.985591731587));
#13414=CARTESIAN_POINT('',(84.8635446368854,-112.5,133.985591731587));
#13415=CARTESIAN_POINT('',(155.057551103818,-159.,-39.3490018385084));
#13416=CARTESIAN_POINT('',(148.280879032735,100.,-56.3348645393069));
#13417=CARTESIAN_POINT('',(150.500223261426,100.,-50.0364147222897));
#13418=CARTESIAN_POINT('',(152.473044673137,100.,-43.6569656309681));
#13419=CARTESIAN_POINT('',(154.175583361152,100.,-37.2001276240887));
#13420=CARTESIAN_POINT('',(146.337511138239,100.,-61.205954638813));
#13421=CARTESIAN_POINT('',(143.611799810864,100.,-67.3023844680432));
#13422=CARTESIAN_POINT('',(140.651510929087,100.,-73.2878739858435));
#13423=CARTESIAN_POINT('',(137.441894872481,100.,-79.1434490900026));
#13424=CARTESIAN_POINT('',(148.280879032735,-100.,-56.3348645393069));
#13425=CARTESIAN_POINT('',(150.500223261426,-100.,-50.0364147222897));
#13426=CARTESIAN_POINT('',(152.473044673137,-100.,-43.6569656309681));
#13427=CARTESIAN_POINT('',(154.175583361152,-100.,-37.2001276240887));
#13428=CARTESIAN_POINT('',(146.337511138239,-100.,-61.205954638813));
#13429=CARTESIAN_POINT('',(143.611799810864,-100.,-67.3023844680432));
#13430=CARTESIAN_POINT('',(140.651510929087,-100.,-73.2878739858435));
#13431=CARTESIAN_POINT('',(137.441894872481,-100.,-79.1434490900026));
#13432=CARTESIAN_POINT('',(148.280879032735,-100.,-56.3348645393069));
#13433=CARTESIAN_POINT('',(148.280879032735,-118.,-56.3348645393069));
#13434=CARTESIAN_POINT('',(146.337511138239,-100.,-61.205954638813));
#13435=CARTESIAN_POINT('',(146.337511138239,-118.,-61.205954638813));
#13436=CARTESIAN_POINT('',(146.337511138239,100.,-61.205954638813));
#13437=CARTESIAN_POINT('',(146.337511138239,118.,-61.205954638813));
#13438=CARTESIAN_POINT('',(148.280879032735,100.,-56.3348645393069));
#13439=CARTESIAN_POINT('',(148.280879032735,118.,-56.3348645393069));
#13440=CARTESIAN_POINT('',(148.280879032735,96.6,-56.3348645393069));
#13441=CARTESIAN_POINT('',(146.337511138239,96.6,-61.205954638813));
#13442=CARTESIAN_POINT('',(146.337511138239,-96.6,-61.205954638813));
#13443=CARTESIAN_POINT('',(148.280879032735,-96.6,-56.3348645393069));
#13444=CARTESIAN_POINT('',(141.38027608533,88.,-73.6313624350108));
#13445=CARTESIAN_POINT('',(141.380276085354,5.50000000018281,-73.6313624349492));
#13446=CARTESIAN_POINT('',(139.71276761656,5.50000000023424,-77.8110054228729));
#13447=CARTESIAN_POINT('',(139.712767616552,3.50000000023424,-77.8110054228941));
#13448=CARTESIAN_POINT('',(140.639161210326,3.50000000020567,-75.4889815407143));
#13449=CARTESIAN_POINT('',(140.639161210331,4.50000000020566,-75.4889815407037));
#13450=CARTESIAN_POINT('',(141.38027608535,4.50000000018291,-73.6313624349598));
#13451=CARTESIAN_POINT('',(143.418341991642,1.50000000011997,-68.5229098941961));
#13452=CARTESIAN_POINT('',(143.418341991634,-1.5,-68.5229098942152));
#13453=CARTESIAN_POINT('',(141.38027608533,-4.50000000000011,-73.6313624350108));
#13454=CARTESIAN_POINT('',(141.38027608533,-88.,-73.6313624350108));
#13455=CARTESIAN_POINT('',(153.238114085645,-88.,-43.9094567431092));
#13456=CARTESIAN_POINT('',(153.238114085645,-4.50000000000011,-43.9094567431092));
#13457=CARTESIAN_POINT('',(151.20004817934,-1.5,-49.0179092839048));
#13458=CARTESIAN_POINT('',(151.20004817934,1.5,-49.0179092839048));
#13459=CARTESIAN_POINT('',(153.238114085645,4.5000000000001,-43.9094567431092));
#13460=CARTESIAN_POINT('',(153.979228960664,4.5,-42.0518376373654));
#13461=CARTESIAN_POINT('',(153.979228960664,3.5,-42.0518376373654));
#13462=CARTESIAN_POINT('',(154.905622554439,3.5,-39.7298137551855));
#13463=CARTESIAN_POINT('',(154.905622554439,5.5,-39.7298137551855));
#13464=CARTESIAN_POINT('',(153.238114085645,5.5,-43.9094567431092));
#13465=CARTESIAN_POINT('',(153.238114085645,88.,-43.9094567431092));
#13466=CARTESIAN_POINT('',(146.938637647977,-5.,-59.6992191419319));
#13467=CARTESIAN_POINT('',(147.679752522997,-5.,-57.8416000361881));
#13468=CARTESIAN_POINT('',(147.679752522997,-4.50000000000006,-57.8416000361881));
#13469=CARTESIAN_POINT('',(149.717818429301,-1.5,-52.7331474953925));
#13470=CARTESIAN_POINT('',(149.717818429301,1.5,-52.7331474953925));
#13471=CARTESIAN_POINT('',(147.679752522997,4.50000000000006,-57.8416000361881));
#13472=CARTESIAN_POINT('',(147.679752522997,77.3320508075684,-57.8416000361881));
#13473=CARTESIAN_POINT('',(148.250537405196,80.0000000000073,-56.4109164293944));
#13474=CARTESIAN_POINT('',(147.779866245339,82.2000000000105,-57.5906630092323));
#13475=CARTESIAN_POINT('',(146.838523925632,82.2000000000033,-59.9501561688962));
#13476=CARTESIAN_POINT('',(146.36785276578,79.9999999999928,-61.1299027487224));
#13477=CARTESIAN_POINT('',(146.938637647977,77.3320508075685,-59.6992191419319));
#13478=CARTESIAN_POINT('',(146.938637647998,4.50000000001148,-59.699219141881));
#13479=CARTESIAN_POINT('',(144.900571741681,1.50000000007427,-64.8076716827084));
#13480=CARTESIAN_POINT('',(144.900571741673,-1.5,-64.8076716827275));
#13481=CARTESIAN_POINT('',(146.938637647977,-4.50000000000006,-59.6992191419319));
#13482=CARTESIAN_POINT('',(146.838523925632,-82.2000000000033,-59.9501561688962));
#13483=CARTESIAN_POINT('',(147.779866245339,-82.2000000000105,-57.5906630092323));
#13484=CARTESIAN_POINT('',(148.250537405196,-80.0000000000073,-56.4109164293944));
#13485=CARTESIAN_POINT('',(147.679752522997,-77.3320508075684,-57.8416000361881));
#13486=CARTESIAN_POINT('',(147.679752522997,-6.,-57.8416000361881));
#13487=CARTESIAN_POINT('',(146.938637647977,-6.,-59.6992191419319));
#13488=CARTESIAN_POINT('',(146.938637647977,-77.3320508075684,-59.6992191419319));
#13489=CARTESIAN_POINT('',(146.36785276578,-79.9999999999928,-61.1299027487224));
#13490=CARTESIAN_POINT('',(150.500223261426,100.,-50.0364147222897));
#13491=CARTESIAN_POINT('',(150.500223261426,118.,-50.0364147222897));
#13492=CARTESIAN_POINT('',(152.473044673137,100.,-43.6569656309681));
#13493=CARTESIAN_POINT('',(152.473044673137,118.,-43.6569656309681));
#13494=CARTESIAN_POINT('',(154.175583361152,100.,-37.2001276240887));
#13495=CARTESIAN_POINT('',(154.175583361152,118.,-37.2001276240887));
#13496=CARTESIAN_POINT('',(155.6059235874,105.5,-30.6717548326188));
#13497=CARTESIAN_POINT('',(155.6059235874,112.5,-30.6717548326188));
#13498=CARTESIAN_POINT('',(143.611799810864,100.,-67.3023844680432));
#13499=CARTESIAN_POINT('',(143.611799810864,118.,-67.3023844680432));
#13500=CARTESIAN_POINT('',(140.651510929087,100.,-73.2878739858435));
#13501=CARTESIAN_POINT('',(140.651510929087,118.,-73.2878739858435));
#13502=CARTESIAN_POINT('',(137.441894872481,100.,-79.1434490900026));
#13503=CARTESIAN_POINT('',(137.441894872481,118.,-79.1434490900026));
#13504=CARTESIAN_POINT('',(133.985591731587,105.5,-84.8635446368854));
#13505=CARTESIAN_POINT('',(133.985591731587,112.5,-84.8635446368854));
#13506=CARTESIAN_POINT('',(150.500223261426,-100.,-50.0364147222897));
#13507=CARTESIAN_POINT('',(150.500223261426,-118.,-50.0364147222897));
#13508=CARTESIAN_POINT('',(152.473044673137,-100.,-43.6569656309681));
#13509=CARTESIAN_POINT('',(152.473044673137,-118.,-43.6569656309681));
#13510=CARTESIAN_POINT('',(154.175583361152,-100.,-37.2001276240887));
#13511=CARTESIAN_POINT('',(154.175583361152,-118.,-37.2001276240887));
#13512=CARTESIAN_POINT('',(155.6059235874,-105.5,-30.6717548326188));
#13513=CARTESIAN_POINT('',(155.6059235874,-112.5,-30.6717548326188));
#13514=CARTESIAN_POINT('',(143.611799810864,-100.,-67.3023844680432));
#13515=CARTESIAN_POINT('',(143.611799810864,-118.,-67.3023844680432));
#13516=CARTESIAN_POINT('',(140.651510929087,-100.,-73.2878739858435));
#13517=CARTESIAN_POINT('',(140.651510929087,-118.,-73.2878739858435));
#13518=CARTESIAN_POINT('',(137.441894872481,-100.,-79.1434490900026));
#13519=CARTESIAN_POINT('',(137.441894872481,-118.,-79.1434490900026));
#13520=CARTESIAN_POINT('',(133.985591731587,-105.5,-84.8635446368854));
#13521=CARTESIAN_POINT('',(133.985591731587,-112.5,-84.8635446368854));
#13522=CARTESIAN_POINT('',(148.280879032735,-100.,-56.3348645393069));
#13523=CARTESIAN_POINT('',(148.280879032735,-118.,-56.3348645393069));
#13524=CARTESIAN_POINT('',(146.337511138239,-100.,-61.205954638813));
#13525=CARTESIAN_POINT('',(146.337511138239,-118.,-61.205954638813));
#13526=CARTESIAN_POINT('',(146.337511138239,100.,-61.205954638813));
#13527=CARTESIAN_POINT('',(146.337511138239,118.,-61.205954638813));
#13528=CARTESIAN_POINT('',(148.280879032735,100.,-56.3348645393069));
#13529=CARTESIAN_POINT('',(148.280879032735,118.,-56.3348645393069));
#13530=CARTESIAN_POINT('',(146.337511138239,-118.,-61.205954638813));
#13531=CARTESIAN_POINT('',(148.280879032735,-118.,-56.3348645393069));
#13532=CARTESIAN_POINT('',(146.337511138239,118.,-61.205954638813));
#13533=CARTESIAN_POINT('',(148.280879032735,118.,-56.3348645393069));
#13534=CARTESIAN_POINT('',(148.280879032735,96.6,-56.3348645393069));
#13535=CARTESIAN_POINT('',(153.238114085645,88.,-43.9094567431092));
#13536=CARTESIAN_POINT('',(141.38027608533,88.,-73.6313624350108));
#13537=CARTESIAN_POINT('',(146.337511138239,96.6,-61.205954638813));
#13538=CARTESIAN_POINT('',(141.380276085354,5.50000000018281,-73.6313624349492));
#13539=CARTESIAN_POINT('',(141.38027608533,88.,-73.6313624350108));
#13540=CARTESIAN_POINT('',(139.71276761656,5.50000000023424,-77.8110054228729));
#13541=CARTESIAN_POINT('',(141.380276085354,5.50000000018281,-73.6313624349492));
#13542=CARTESIAN_POINT('',(139.712767616552,3.50000000023424,-77.8110054228941));
#13543=CARTESIAN_POINT('',(139.71276761656,5.50000000023424,-77.8110054228729));
#13544=CARTESIAN_POINT('',(140.639161210326,3.50000000020567,-75.4889815407143));
#13545=CARTESIAN_POINT('',(139.712767616552,3.50000000023424,-77.8110054228941));
#13546=CARTESIAN_POINT('',(140.639161210331,4.50000000020566,-75.4889815407037));
#13547=CARTESIAN_POINT('',(140.639161210326,3.50000000020567,-75.4889815407143));
#13548=CARTESIAN_POINT('',(141.38027608535,4.50000000018291,-73.6313624349598));
#13549=CARTESIAN_POINT('',(140.639161210331,4.50000000020566,-75.4889815407037));
#13550=CARTESIAN_POINT('',(143.418341991642,1.50000000011997,-68.5229098941961));
#13551=CARTESIAN_POINT('',(141.38027608535,4.50000000018291,-73.6313624349598));
#13552=CARTESIAN_POINT('',(143.418341991634,-1.5,-68.5229098942152));
#13553=CARTESIAN_POINT('',(143.418341991642,1.50000000011997,-68.5229098941961));
#13554=CARTESIAN_POINT('',(141.38027608533,-4.50000000000011,-73.6313624350108));
#13555=CARTESIAN_POINT('',(143.418341991634,-1.5,-68.5229098942152));
#13556=CARTESIAN_POINT('',(141.38027608533,-88.,-73.6313624350108));
#13557=CARTESIAN_POINT('',(141.38027608533,-4.50000000000011,-73.6313624350108));
#13558=CARTESIAN_POINT('',(146.337511138239,-96.6,-61.205954638813));
#13559=CARTESIAN_POINT('',(141.38027608533,-88.,-73.6313624350108));
#13560=CARTESIAN_POINT('',(153.238114085645,-88.,-43.9094567431092));
#13561=CARTESIAN_POINT('',(148.280879032735,-96.6,-56.3348645393069));
#13562=CARTESIAN_POINT('',(153.238114085645,-4.50000000000011,-43.9094567431092));
#13563=CARTESIAN_POINT('',(153.238114085645,-88.,-43.9094567431092));
#13564=CARTESIAN_POINT('',(151.20004817934,-1.5,-49.0179092839048));
#13565=CARTESIAN_POINT('',(153.238114085645,-4.50000000000011,-43.9094567431092));
#13566=CARTESIAN_POINT('',(151.20004817934,1.5,-49.0179092839048));
#13567=CARTESIAN_POINT('',(151.20004817934,-1.5,-49.0179092839048));
#13568=CARTESIAN_POINT('',(153.238114085645,4.5000000000001,-43.9094567431092));
#13569=CARTESIAN_POINT('',(151.20004817934,1.5,-49.0179092839048));
#13570=CARTESIAN_POINT('',(153.979228960664,4.5,-42.0518376373654));
#13571=CARTESIAN_POINT('',(153.238114085645,4.5000000000001,-43.9094567431092));
#13572=CARTESIAN_POINT('',(153.979228960664,3.5,-42.0518376373654));
#13573=CARTESIAN_POINT('',(153.979228960664,4.5,-42.0518376373654));
#13574=CARTESIAN_POINT('',(154.905622554439,3.5,-39.7298137551855));
#13575=CARTESIAN_POINT('',(153.979228960664,3.5,-42.0518376373654));
#13576=CARTESIAN_POINT('',(154.905622554439,5.5,-39.7298137551855));
#13577=CARTESIAN_POINT('',(154.905622554439,3.5,-39.7298137551855));
#13578=CARTESIAN_POINT('',(153.238114085645,5.5,-43.9094567431092));
#13579=CARTESIAN_POINT('',(154.905622554439,5.5,-39.7298137551855));
#13580=CARTESIAN_POINT('',(153.238114085645,88.,-43.9094567431092));
#13581=CARTESIAN_POINT('',(153.238114085645,5.5,-43.9094567431092));
#13582=CARTESIAN_POINT('',(146.938637647977,-5.,-59.6992191419319));
#13583=CARTESIAN_POINT('',(146.938637647977,-4.50000000000006,-59.6992191419319));
#13584=CARTESIAN_POINT('',(147.679752522997,-5.,-57.8416000361881));
#13585=CARTESIAN_POINT('',(146.938637647977,-5.,-59.6992191419319));
#13586=CARTESIAN_POINT('',(147.679752522997,-4.50000000000006,-57.8416000361881));
#13587=CARTESIAN_POINT('',(147.679752522997,-5.,-57.8416000361881));
#13588=CARTESIAN_POINT('',(149.717818429301,-1.5,-52.7331474953925));
#13589=CARTESIAN_POINT('',(147.679752522997,-4.50000000000006,-57.8416000361881));
#13590=CARTESIAN_POINT('',(149.717818429301,1.5,-52.7331474953925));
#13591=CARTESIAN_POINT('',(149.717818429301,-1.5,-52.7331474953925));
#13592=CARTESIAN_POINT('',(147.679752522997,4.50000000000006,-57.8416000361881));
#13593=CARTESIAN_POINT('',(149.717818429301,1.5,-52.7331474953925));
#13594=CARTESIAN_POINT('',(147.679752522997,77.3320508075684,-57.8416000361881));
#13595=CARTESIAN_POINT('',(147.679752522997,4.50000000000006,-57.8416000361881));
#13596=CARTESIAN_POINT('',(148.250537405196,80.0000000000073,-56.4109164293944));
#13597=CARTESIAN_POINT('',(147.679752522997,77.3320508075684,-57.8416000361881));
#13598=CARTESIAN_POINT('',(147.779866245339,82.2000000000105,-57.5906630092323));
#13599=CARTESIAN_POINT('',(148.250537405196,80.0000000000073,-56.4109164293944));
#13600=CARTESIAN_POINT('',(146.838523925632,82.2000000000033,-59.9501561688962));
#13601=CARTESIAN_POINT('',(147.779866245339,82.2000000000105,-57.5906630092323));
#13602=CARTESIAN_POINT('',(146.36785276578,79.9999999999928,-61.1299027487224));
#13603=CARTESIAN_POINT('',(146.838523925632,82.2000000000033,-59.9501561688962));
#13604=CARTESIAN_POINT('',(146.938637647977,77.3320508075685,-59.6992191419319));
#13605=CARTESIAN_POINT('',(146.36785276578,79.9999999999928,-61.1299027487224));
#13606=CARTESIAN_POINT('',(146.938637647998,4.50000000001148,-59.699219141881));
#13607=CARTESIAN_POINT('',(146.938637647977,77.3320508075685,-59.6992191419319));
#13608=CARTESIAN_POINT('',(144.900571741681,1.50000000007427,-64.8076716827084));
#13609=CARTESIAN_POINT('',(146.938637647998,4.50000000001148,-59.699219141881));
#13610=CARTESIAN_POINT('',(144.900571741673,-1.5,-64.8076716827275));
#13611=CARTESIAN_POINT('',(144.900571741681,1.50000000007427,-64.8076716827084));
#13612=CARTESIAN_POINT('',(146.938637647977,-4.50000000000006,-59.6992191419319));
#13613=CARTESIAN_POINT('',(144.900571741673,-1.5,-64.8076716827275));
#13614=CARTESIAN_POINT('',(146.838523925632,-82.2000000000033,-59.9501561688962));
#13615=CARTESIAN_POINT('',(146.36785276578,-79.9999999999928,-61.1299027487224));
#13616=CARTESIAN_POINT('',(147.779866245339,-82.2000000000105,-57.5906630092323));
#13617=CARTESIAN_POINT('',(146.838523925632,-82.2000000000033,-59.9501561688962));
#13618=CARTESIAN_POINT('',(148.250537405196,-80.0000000000073,-56.4109164293944));
#13619=CARTESIAN_POINT('',(147.779866245339,-82.2000000000105,-57.5906630092323));
#13620=CARTESIAN_POINT('',(147.679752522997,-77.3320508075684,-57.8416000361881));
#13621=CARTESIAN_POINT('',(148.250537405196,-80.0000000000073,-56.4109164293944));
#13622=CARTESIAN_POINT('',(147.679752522997,-6.,-57.8416000361881));
#13623=CARTESIAN_POINT('',(147.679752522997,-77.3320508075684,-57.8416000361881));
#13624=CARTESIAN_POINT('',(146.938637647977,-6.,-59.6992191419319));
#13625=CARTESIAN_POINT('',(147.679752522997,-6.,-57.8416000361881));
#13626=CARTESIAN_POINT('',(146.938637647977,-77.3320508075684,-59.6992191419319));
#13627=CARTESIAN_POINT('',(146.938637647977,-6.,-59.6992191419319));
#13628=CARTESIAN_POINT('',(146.36785276578,-79.9999999999928,-61.1299027487224));
#13629=CARTESIAN_POINT('',(146.938637647977,-77.3320508075684,-59.6992191419319));
#13630=CARTESIAN_POINT('',(146.337511138239,-96.6,-61.205954638813));
#13631=CARTESIAN_POINT('',(146.337511138239,-100.,-61.205954638813));
#13632=CARTESIAN_POINT('',(146.337511138239,96.6,-61.205954638813));
#13633=CARTESIAN_POINT('',(146.337511138239,100.,-61.205954638813));
#13634=CARTESIAN_POINT('',(148.280879032735,-100.,-56.3348645393069));
#13635=CARTESIAN_POINT('',(148.280879032735,-96.6,-56.3348645393069));
#13636=CARTESIAN_POINT('',(148.280879032735,100.,-56.3348645393069));
#13637=CARTESIAN_POINT('',(148.280879032735,96.6,-56.3348645393069));
#13638=CARTESIAN_POINT('',(148.280879032735,100.,-56.3348645393069));
#13639=CARTESIAN_POINT('',(150.500223261426,100.,-50.0364147222897));
#13640=CARTESIAN_POINT('',(150.500223261426,100.,-50.0364147222897));
#13641=CARTESIAN_POINT('',(150.500223261426,118.,-50.0364147222897));
#13642=CARTESIAN_POINT('',(148.280879032735,118.,-56.3348645393069));
#13643=CARTESIAN_POINT('',(150.500223261426,118.,-50.0364147222897));
#13644=CARTESIAN_POINT('',(150.500223261426,100.,-50.0364147222897));
#13645=CARTESIAN_POINT('',(152.473044673137,100.,-43.6569656309681));
#13646=CARTESIAN_POINT('',(152.473044673137,100.,-43.6569656309681));
#13647=CARTESIAN_POINT('',(152.473044673137,118.,-43.6569656309681));
#13648=CARTESIAN_POINT('',(150.500223261426,118.,-50.0364147222897));
#13649=CARTESIAN_POINT('',(152.473044673137,118.,-43.6569656309681));
#13650=CARTESIAN_POINT('',(152.473044673137,100.,-43.6569656309681));
#13651=CARTESIAN_POINT('',(154.175583361152,100.,-37.2001276240887));
#13652=CARTESIAN_POINT('',(154.175583361152,100.,-37.2001276240887));
#13653=CARTESIAN_POINT('',(154.175583361152,118.,-37.2001276240887));
#13654=CARTESIAN_POINT('',(152.473044673137,118.,-43.6569656309681));
#13655=CARTESIAN_POINT('',(154.175583361152,118.,-37.2001276240887));
#13656=CARTESIAN_POINT('',(154.175583361152,100.,-37.2001276240887));
#13657=CARTESIAN_POINT('',(155.6059235874,105.5,-30.6717548326188));
#13658=CARTESIAN_POINT('',(154.175583361152,118.,-37.2001276240887));
#13659=CARTESIAN_POINT('',(155.6059235874,112.5,-30.6717548326188));
#13660=CARTESIAN_POINT('',(155.6059235874,105.5,-30.6717548326188));
#13661=CARTESIAN_POINT('',(155.6059235874,112.5,-30.6717548326188));
#13662=CARTESIAN_POINT('',(146.337511138239,100.,-61.205954638813));
#13663=CARTESIAN_POINT('',(143.611799810864,100.,-67.3023844680432));
#13664=CARTESIAN_POINT('',(143.611799810864,100.,-67.3023844680432));
#13665=CARTESIAN_POINT('',(143.611799810864,118.,-67.3023844680432));
#13666=CARTESIAN_POINT('',(146.337511138239,118.,-61.205954638813));
#13667=CARTESIAN_POINT('',(143.611799810864,118.,-67.3023844680432));
#13668=CARTESIAN_POINT('',(143.611799810864,100.,-67.3023844680432));
#13669=CARTESIAN_POINT('',(140.651510929087,100.,-73.2878739858435));
#13670=CARTESIAN_POINT('',(140.651510929087,100.,-73.2878739858435));
#13671=CARTESIAN_POINT('',(140.651510929087,118.,-73.2878739858435));
#13672=CARTESIAN_POINT('',(143.611799810864,118.,-67.3023844680432));
#13673=CARTESIAN_POINT('',(140.651510929087,118.,-73.2878739858435));
#13674=CARTESIAN_POINT('',(140.651510929087,100.,-73.2878739858435));
#13675=CARTESIAN_POINT('',(137.441894872481,100.,-79.1434490900026));
#13676=CARTESIAN_POINT('',(137.441894872481,100.,-79.1434490900026));
#13677=CARTESIAN_POINT('',(137.441894872481,118.,-79.1434490900026));
#13678=CARTESIAN_POINT('',(140.651510929087,118.,-73.2878739858435));
#13679=CARTESIAN_POINT('',(137.441894872481,118.,-79.1434490900026));
#13680=CARTESIAN_POINT('',(137.441894872481,100.,-79.1434490900026));
#13681=CARTESIAN_POINT('',(133.985591731587,105.5,-84.8635446368854));
#13682=CARTESIAN_POINT('',(137.441894872481,118.,-79.1434490900026));
#13683=CARTESIAN_POINT('',(133.985591731587,112.5,-84.8635446368854));
#13684=CARTESIAN_POINT('',(133.985591731587,105.5,-84.8635446368854));
#13685=CARTESIAN_POINT('',(133.985591731587,112.5,-84.8635446368854));
#13686=CARTESIAN_POINT('',(148.280879032735,-100.,-56.3348645393069));
#13687=CARTESIAN_POINT('',(150.500223261426,-100.,-50.0364147222897));
#13688=CARTESIAN_POINT('',(150.500223261426,-100.,-50.0364147222897));
#13689=CARTESIAN_POINT('',(150.500223261426,-118.,-50.0364147222897));
#13690=CARTESIAN_POINT('',(148.280879032735,-118.,-56.3348645393069));
#13691=CARTESIAN_POINT('',(150.500223261426,-118.,-50.0364147222897));
#13692=CARTESIAN_POINT('',(150.500223261426,-100.,-50.0364147222897));
#13693=CARTESIAN_POINT('',(152.473044673137,-100.,-43.6569656309681));
#13694=CARTESIAN_POINT('',(152.473044673137,-100.,-43.6569656309681));
#13695=CARTESIAN_POINT('',(152.473044673137,-118.,-43.6569656309681));
#13696=CARTESIAN_POINT('',(150.500223261426,-118.,-50.0364147222897));
#13697=CARTESIAN_POINT('',(152.473044673137,-118.,-43.6569656309681));
#13698=CARTESIAN_POINT('',(152.473044673137,-100.,-43.6569656309681));
#13699=CARTESIAN_POINT('',(154.175583361152,-100.,-37.2001276240887));
#13700=CARTESIAN_POINT('',(154.175583361152,-100.,-37.2001276240887));
#13701=CARTESIAN_POINT('',(154.175583361152,-118.,-37.2001276240887));
#13702=CARTESIAN_POINT('',(152.473044673137,-118.,-43.6569656309681));
#13703=CARTESIAN_POINT('',(154.175583361152,-118.,-37.2001276240887));
#13704=CARTESIAN_POINT('',(154.175583361152,-100.,-37.2001276240887));
#13705=CARTESIAN_POINT('',(155.6059235874,-105.5,-30.6717548326188));
#13706=CARTESIAN_POINT('',(154.175583361152,-118.,-37.2001276240887));
#13707=CARTESIAN_POINT('',(155.6059235874,-112.5,-30.6717548326188));
#13708=CARTESIAN_POINT('',(155.6059235874,-105.5,-30.6717548326188));
#13709=CARTESIAN_POINT('',(155.6059235874,-112.5,-30.6717548326188));
#13710=CARTESIAN_POINT('',(146.337511138239,-100.,-61.205954638813));
#13711=CARTESIAN_POINT('',(143.611799810864,-100.,-67.3023844680432));
#13712=CARTESIAN_POINT('',(143.611799810864,-100.,-67.3023844680432));
#13713=CARTESIAN_POINT('',(143.611799810864,-118.,-67.3023844680432));
#13714=CARTESIAN_POINT('',(146.337511138239,-118.,-61.205954638813));
#13715=CARTESIAN_POINT('',(143.611799810864,-118.,-67.3023844680432));
#13716=CARTESIAN_POINT('',(143.611799810864,-100.,-67.3023844680432));
#13717=CARTESIAN_POINT('',(140.651510929087,-100.,-73.2878739858435));
#13718=CARTESIAN_POINT('',(140.651510929087,-100.,-73.2878739858435));
#13719=CARTESIAN_POINT('',(140.651510929087,-118.,-73.2878739858435));
#13720=CARTESIAN_POINT('',(143.611799810864,-118.,-67.3023844680432));
#13721=CARTESIAN_POINT('',(140.651510929087,-118.,-73.2878739858435));
#13722=CARTESIAN_POINT('',(140.651510929087,-100.,-73.2878739858435));
#13723=CARTESIAN_POINT('',(137.441894872481,-100.,-79.1434490900026));
#13724=CARTESIAN_POINT('',(137.441894872481,-100.,-79.1434490900026));
#13725=CARTESIAN_POINT('',(137.441894872481,-118.,-79.1434490900026));
#13726=CARTESIAN_POINT('',(140.651510929087,-118.,-73.2878739858435));
#13727=CARTESIAN_POINT('',(137.441894872481,-118.,-79.1434490900026));
#13728=CARTESIAN_POINT('',(137.441894872481,-100.,-79.1434490900026));
#13729=CARTESIAN_POINT('',(133.985591731587,-105.5,-84.8635446368854));
#13730=CARTESIAN_POINT('',(137.441894872481,-118.,-79.1434490900026));
#13731=CARTESIAN_POINT('',(133.985591731587,-112.5,-84.8635446368854));
#13732=CARTESIAN_POINT('',(133.985591731587,-105.5,-84.8635446368854));
#13733=CARTESIAN_POINT('',(133.985591731587,-112.5,-84.8635446368854));
#13734=CARTESIAN_POINT('',(0.,0.,0.));
#13735=CARTESIAN_POINT('',(0.,0.,0.));
ENDSEC;
END-ISO-10303-21;
